ID,Name,w_MeOH,w_PBE0_SMD_DCM,w_B3LYP_SMD_DCM,w_SMD_MeCN,w_SMD_H2O,w_SMD_DMSO,w_SMD_DCM,w_SMD_THF,fA_N_SMD_DCM_NBO,fA_N_SMD_DCM_Mulliken,fKN_QZVP-B3,fKN_def2SVP,fKN_PBE0,fKM_PBE0,fKN_B3LYP,fKM_B3LYP,fKN_def2QZVP,fKM_def2QZVP,fkM_SMD_MeCN,fkN_SMD_MeCN,fkM_SMD_MeOH,fkN_SMD_MeOH,fkM_SMD_THF,fkN_SMD_THF,fkM_SMD_DMSO,fkN_SMD_DMSO,fkM_SMD_H2O,fkN_SMD_H2O,fkM_SMD_DCM,fkN_SMD_DCM,fkM_PCM_DCM,fkN_PCM_DCM,w_DCM,w_DMSO,w_MeCN,w_H2O,w_B3LYP,w_M062X,w_PBE0,w_wB97XD,w_SMD,fk-M,fk-N,MaxEStateIndex,MinEStateIndex,MaxAbsEStateIndex,MinAbsEStateIndex,qed,MolWt,HeavyAtomMolWt,ExactMolWt,NumValenceElectrons,NumRadicalElectrons,MaxPartialCharge,MinPartialCharge,MaxAbsPartialCharge,MinAbsPartialCharge,FpDensityMorgan1,FpDensityMorgan2,FpDensityMorgan3,BCUT2D_MWHI,BCUT2D_MWLOW,BCUT2D_CHGHI,BCUT2D_CHGLO,BCUT2D_LOGPHI,BCUT2D_LOGPLOW,BCUT2D_MRHI,BCUT2D_MRLOW,BalabanJ,BertzCT,Chi0,Chi0n,Chi0v,Chi1,Chi1n,Chi1v,Chi2n,Chi2v,Chi3n,Chi3v,Chi4n,Chi4v,HallKierAlpha,Ipc,Kappa1,Kappa2,Kappa3,LabuteASA,PEOE_VSA1,PEOE_VSA10,PEOE_VSA11,PEOE_VSA12,PEOE_VSA13,PEOE_VSA14,PEOE_VSA2,PEOE_VSA3,PEOE_VSA4,PEOE_VSA5,PEOE_VSA6,PEOE_VSA7,PEOE_VSA8,PEOE_VSA9,SMR_VSA1,SMR_VSA10,SMR_VSA2,SMR_VSA3,SMR_VSA4,SMR_VSA5,SMR_VSA6,SMR_VSA7,SMR_VSA8,SMR_VSA9,SlogP_VSA1,SlogP_VSA10,SlogP_VSA11,SlogP_VSA12,SlogP_VSA2,SlogP_VSA3,SlogP_VSA4,SlogP_VSA5,SlogP_VSA6,SlogP_VSA7,SlogP_VSA8,SlogP_VSA9,TPSA,EState_VSA1,EState_VSA10,EState_VSA11,EState_VSA2,EState_VSA3,EState_VSA4,EState_VSA5,EState_VSA6,EState_VSA7,EState_VSA8,EState_VSA9,VSA_EState1,VSA_EState10,VSA_EState2,VSA_EState3,VSA_EState4,VSA_EState5,VSA_EState6,VSA_EState7,VSA_EState8,VSA_EState9,FractionCSP3,HeavyAtomCount,NHOHCount,NOCount,NumAliphaticCarbocycles,NumAliphaticHeterocycles,NumAliphaticRings,NumAromaticCarbocycles,NumAromaticHeterocycles,NumAromaticRings,NumHAcceptors,NumHDonors,NumHeteroatoms,NumRotatableBonds,NumSaturatedCarbocycles,NumSaturatedHeterocycles,NumSaturatedRings,RingCount,MolLogP,MolMR,fr_Al_COO,fr_Al_OH,fr_Al_OH_noTert,fr_ArN,fr_Ar_COO,fr_Ar_N,fr_Ar_NH,fr_Ar_OH,fr_COO,fr_COO2,fr_C_O,fr_C_O_noCOO,fr_C_S,fr_HOCCN,fr_Imine,fr_NH0,fr_NH1,fr_NH2,fr_N_O,fr_Ndealkylation1,fr_Ndealkylation2,fr_Nhpyrrole,fr_SH,fr_aldehyde,fr_alkyl_carbamate,fr_alkyl_halide,fr_allylic_oxid,fr_amide,fr_amidine,fr_aniline,fr_aryl_methyl,fr_azide,fr_azo,fr_barbitur,fr_benzene,fr_benzodiazepine,fr_bicyclic,fr_diazo,fr_dihydropyridine,fr_epoxide,fr_ester,fr_ether,fr_furan,fr_guanido,fr_halogen,fr_hdrzine,fr_hdrzone,fr_imidazole,fr_imide,fr_isocyan,fr_isothiocyan,fr_ketone,fr_ketone_Topliss,fr_lactam,fr_lactone,fr_methoxy,fr_morpholine,fr_nitrile,fr_nitro,fr_nitro_arom,fr_nitro_arom_nonortho,fr_nitroso,fr_oxazole,fr_oxime,fr_para_hydroxylation,fr_phenol,fr_phenol_noOrthoHbond,fr_phos_acid,fr_phos_ester,fr_piperdine,fr_piperzine,fr_priamide,fr_prisulfonamd,fr_pyridine,fr_quatN,fr_sulfide,fr_sulfonamd,fr_sulfone,fr_term_acetylene,fr_tetrazole,fr_thiazole,fr_thiocyan,fr_thiophene,fr_unbrch_alkane,fr_urea,Charge,AR,AN,AW,EA,DP,EV,EN,Density,sasa,disp,homo,lumo,Atom,Ato_num1,Ato_num2,Ato_num3,Ele1,Ele2,Ele3,ANN,ENN,spin,BV
2,"__2R,3S,4R,5R_-3,4-dihydroxy-5-_hydroxymethyl_oxolan-2-yl_aminyl_N_CH.log:",4.092,3.285,3.439,3.926,4.188,3.917,3.589,3.472,0.783,0.639,0.267,0.39,0.281,0.219,0.261,0.193,0.421,0.333,0.373,0.433,0.372,0.429,0.355,0.414,0.376,0.437,0.375,0.432,0.358,0.416,0.341,0.397,3.5,3.86,3.83,3.9,1.92,2.06,1.87,1.93,3.44,-0.114,-0.176,7.73375,-3.4875,7.73375,2.505294785,0.389821533,148.138,138.058,148.0609828,59,0,0.0,0.0,0.0,0.0,-666,-666,-666,-2.77e-17,-0.166353547,-0.112546042,-2.52187587,-0.022824467,-2.728465661,-1.38e-16,-1.031366325,3.59090553,386.6594517,16.03553391,14.58020676,4.580206757,8.949747468,6.916185991,2.244227524,1.496649145,1.496649145,0.898134786,0.898134786,0.456790315,0.456790315,-0.2,13821.92307,1.935802469,2.811342155,1.138341119,72.39709792,0,0.0,0,0,0,70.72296427,0,0,0,0.0,0,0,0.0,0,29.69968094,0.0,4.293598972,5.726692226,0.0,24.44400689,6.558985243,0.0,0,0.0,5.726692226,0.0,0,0.0,50.62301568,4.736862954,0.0,8.224551337,0.0,1.411842078,0.0,0,-666,31.00299213,0.0,0,0.0,0.0,0.0,0.0,0.0,0.0,25.78997975,13.92999239,76.62313917,0.0,0.0,11.21121882,2.505294785,0.0,0.0,-13.62548611,-3.464166667,0.0,1.0,10,4,5,0,0,0,0,0,0,4,3,5,-666,0,0,0,-666,-2.2917,30.8571,0,3,0,0,0,0,0,0,0,0,0,0,0,0,0,0,1,0,0,0,0,0,0,0,0,0,0,0,0,0,0,0,0,0,0,0,-666,0,0,0,0,1,0,0,0,0,0,0,0,0,0,0,0,0,-666,0,0,0,0,0,0,0,0,0,0,0,0,0,0,0,0,0,0,0,0,0,0,0,0,0,0,0,0,-666,0,0,65,7,14.007,-1.4,7.4,5,3.04,0.001145,295.6,15.3,-0.408421025,-0.397882277,N,6,1,0,2.55,2.1,0.0,7,4.65,0.984,39.091
11,__methylamino__phenyl_methylidene_aminyl_N_C.log:,3.448,2.797,2.889,3.463,3.552,3.501,3.049,2.956,0.65,0.495,0.4,0.463,0.418,0.3,0.398,0.277,0.493,0.355,0.351,0.503,0.351,0.502,0.341,0.491,0.352,0.504,0.353,0.505,0.342,0.494,0.332,0.488,2.79,3.16,3.13,3.2,1.38,1.43,1.34,1.35,2.89,-0.242,-0.369,9.653301682,-3.02085282,9.653301682,0.276872638,0.437845581,133.174,124.102,133.0765733,51,0,0.0,0.0,0.0,0.0,-666,-666,-666,10.18192252,-0.244003902,-2.54e-17,-2.368905966,-4.16e-17,-2.573438134,1.666059002,-0.944513344,3.3975448,519.3181478,15.11880215,13.89442719,4.894427191,8.496793686,6.868033989,2.420820393,1.435410197,1.435410197,0.829508497,0.829508497,0.417705098,0.417705098,-0.08,8079.136356,2.204951884,3.937882077,1.957306778,73.1572099,0,0.0,0,0,0,71.74191743,0,0,0,0.0,0,0,0.0,0,12.37791053,5.835619786,0.0,10.71909696,0.0,0.0,6.9758269,35.83346326,0,0.0,10.71909696,0.0,0,0.0,12.81144669,0.0,0.0,10.96606845,35.83346326,1.411842078,0.0,0,-666,48.64490995,5.409283606,0,5.309813353,0.0,0.0,0.0,0.0,0.0,0.0,12.37791053,65.1684303,0.0,0.0,9.376429044,-0.724884259,-1.225,-3.657455593,0.0,-3.02085282,0.0,0.125,10,1,2,0,0,0,0,0,0,-666,1,2,-666,0,0,0,-666,0.4568,42.5637,0,0,0,0,0,0,0,0,0,0,0,0,0,0,0,1,1,0,0,1,-666,0,0,0,0,0,4,0,1,0,0,0,0,0,0,0,-666,0,0,0,0,0,0,0,0,0,0,0,0,0,0,0,0,0,-666,0,0,0,0,0,0,0,0,0,0,0,0,0,0,0,0,0,0,0,0,0,0,0,0,0,0,0,0,-666,0,0,65,7,14.007,-1.4,7.4,5,3.04,0.001145,321.9,16.8,-0.377413565,-0.351954908,N,6,0,0,2.55,0.0,0.0,6,2.55,1.054,38.054
12,__methylsulfanyl__phenyl_methylidene_aminyl_N_C.log:,4.13,3.395,3.502,4.146,4.246,4.189,3.679,3.573,0.574,0.426,0.37,0.418,0.384,0.283,0.367,0.262,0.44,0.318,0.332,0.449,0.331,0.448,0.321,0.437,0.332,0.449,0.333,0.451,0.323,0.439,0.308,0.428,3.46,3.9,3.86,3.94,1.69,1.76,1.66,1.68,3.5,-0.226,-0.334,9.6093202,-2.562519487,9.6093202,0.06574452,0.44004097,150.226,142.162,150.0377453,51,0,0.0,0.0,0.0,0.0,-666,-666,-666,10.73063371,-2.087502031,2.9e-17,-2.27017337,0.000595744,-2.18389873,2.049849899,-2.094980892,3.287418235,492.2068,14.24855867,12.85546189,5.671958467,8.05923663,6.381855088,3.198351669,1.407214637,1.998037113,0.810540054,1.208013365,0.407963772,0.612087917,0.31,4799.239468,2.665516275,4.242634534,2.168485438,76.2674306,0,0.0,0,0,0,75.19834135,0,0,0,0.0,0,0,0.0,0,10.96606845,16.80560194,0.0,5.409283606,0.0,0.0,6.183924101,35.83346326,0,0.0,5.409283606,0.0,0,11.76188495,11.22764109,0.0,0.0,10.96606845,35.83346326,0.0,0.0,0,-666,47.06110435,5.409283606,0,11.76188495,0.0,0.0,0.0,0.0,0.0,0.0,10.96606845,58.04723037,0.06574452,0.0,8.796357237,-0.498032407,0.0,-3.098780234,-2.562519487,0.0,0.0,0.125,10,0,1,0,0,0,0,0,0,1,0,2,-666,0,0,0,-666,1.6004,47.019,0,0,0,0,0,0,0,0,0,0,0,0,0,0,0,1,0,0,0,0,0,0,0,0,0,0,5,0,0,0,0,0,0,0,0,0,-666,0,0,0,0,0,0,0,0,0,0,0,0,0,0,0,0,0,-666,0,0,0,0,0,0,0,0,0,0,0,0,0,0,0,0,0,0,0,0,1,0,0,0,0,0,0,0,-666,0,0,65,7,14.007,-1.4,7.4,5,3.04,0.001145,331.2,17.6,-0.382878082,-0.369120028,N,6,0,0,2.55,0.0,0.0,6,2.55,0.998,40.223
13,__tert-butoxy_carbonyl__butyl_aminyl_N_CC.log:,4.214,3.168,3.267,3.869,4.34,3.836,3.489,3.327,0.668,0.439,0.349,0.39,0.345,0.252,0.336,0.238,0.433,0.258,0.318,0.425,0.321,0.424,0.313,0.419,0.317,0.424,0.322,0.425,0.315,0.421,0.314,0.423,3.31,3.71,3.67,3.75,1.71,1.83,1.67,1.71,3.26,-0.198,-0.288,12.02897959,-4.195017243,12.02897959,2.442916667,0.612827163,172.248,154.104,172.1337538,71,0,0.0,0.0,0.0,0.0,-666,-666,-666,2.44e-17,-1.841467976,-0.013131797,-2.598100176,-7.77e-17,-2.668284982,1.36e-16,-2.09451192,6.275587075,599.9642941,24.99156383,23.76371018,5.763710176,12.60095363,11.55958603,2.559586031,1.522762607,1.522762607,0.505993814,0.505993814,0.255332339,0.255332339,-0.12,263408.0517,1.686086509,5.512693569,7.981214575,99.77318646,0,0.0,0,0,0,97.86641159,0,0,0,0.0,0,0,0.0,0,34.20505415,6.093240071,0.0,5.316788604,0.0,45.75446908,6.496859684,0.0,0,0.0,5.316788604,4.794537184,0,0.0,18.19115057,4.736862954,0.0,64.82707228,0.0,0.0,0.0,0,-666,58.34456884,4.794537184,0,0.0,0.0,0.0,0.0,0.0,0.0,10.05365156,24.67365401,135.2573334,0.0,12.02897959,2.442916667,-4.195017243,0.0,0.0,-10.5105689,-19.8569768,0.0,0.888888889,12,0,3,0,0,0,0,0,0,-666,0,3,-666,0,0,0,-666,2.326,48.143,0,0,0,0,0,0,0,0,0,0,1,1,0,0,0,1,0,0,0,0,0,0,0,0,0,0,0,1,0,0,0,0,0,0,0,0,-666,0,0,0,0,1,0,0,0,0,0,0,0,0,0,0,0,0,-666,0,0,0,0,0,0,0,0,0,0,0,0,0,0,0,0,0,0,0,0,0,0,0,0,0,0,0,0,-666,0,0,65,7,14.007,-1.4,7.4,5,3.04,0.001145,413.2,15.8,-0.39586986,-0.381312429,N,6,6,0,2.55,0.0,0.0,12,2.55,0.948,51.586
14,__tert-butoxy_carbonyl__methyl_aminyl_N_CC.log:,4.426,3.338,3.448,4.051,4.556,4.018,3.657,3.486,0.658,0.467,0.383,0.418,0.38,0.284,0.37,0.269,0.465,0.289,0.349,0.456,0.348,0.454,0.344,0.45,0.35,0.456,0.349,0.454,0.345,0.452,0.343,0.453,3.48,3.91,3.87,3.95,1.75,1.86,1.71,1.75,3.44,-0.22,-0.317,11.31541667,-3.890046296,11.31541667,2.112615741,0.49325699,130.167,118.071,130.0868036,53,0,0.0,0.0,0.0,0.0,-666,-666,-666,2.01e-16,-0.246856001,-2.89e-17,-2.595445305,-1.24e-16,-2.610805916,8.13e-18,-1.102282564,5.911297252,350.4736319,17.49156383,16.26371018,4.263710176,8.850953631,7.809586031,1.809586031,1.160959209,1.160959209,0.331690415,0.331690415,0.153787093,0.153787093,-0.12,6157.454408,1.395187706,3.150977509,5.755777447,72.24853711,0,0.0,0,0,0,70.52308555,0,0,0,0.0,0,0,0.0,0,25.98050281,6.093240071,0.0,5.316788604,0.0,26.15672716,6.9758269,0.0,0,0.0,5.316788604,4.794537184,0,0.0,18.67011778,4.736862954,0.0,37.00477903,0.0,0.0,0.0,0,-666,39.22579413,4.794537184,0,0.0,0.0,0.0,0.0,0.0,0.0,10.05365156,16.44910267,88.23859269,0.0,11.31541667,2.423541667,-3.890046296,0.0,0.0,-2.112615741,-14.55822232,0.0,0.833333333,9,0,3,0,0,0,0,0,0,-666,0,3,-666,0,0,0,-666,1.1557,34.292,0,0,0,0,0,0,0,0,0,0,1,1,0,0,0,1,0,0,0,0,0,0,0,0,0,0,0,1,0,0,0,0,0,0,0,0,-666,0,0,0,0,1,0,0,0,0,0,0,0,0,0,0,0,0,-666,0,0,0,0,0,0,0,0,0,0,0,0,0,0,0,0,0,0,0,0,0,0,0,0,0,0,0,0,-666,0,0,65,7,14.007,-1.4,7.4,5,3.04,0.001145,320.4,15.2,-0.400510742,-0.391102573,N,6,6,0,2.55,0.0,0.0,12,2.55,0.93,42.036
15,__trimethylsilyl_oxy_aminyl_N_OH.log:,2.573,1.893,1.975,2.404,2.658,2.386,2.137,2.03,0.721,0.64,0.447,0.477,0.457,0.399,0.449,0.386,0.494,0.481,0.455,0.505,0.437,0.492,0.441,0.493,0.456,0.506,0.439,0.493,0.443,0.495,0.426,0.482,1.96,2.23,2.2,2.26,0.94,1.0,0.9,0.93,1.97,-0.314,-0.386,7.058395062,-5.254436728,7.058395062,2.23929784,0.36113628,104.205,94.125,104.0531655,37,0,0.0,0.0,0.0,0.0,-666,-666,-666,-7.27e-18,-1.028797652,-0.084793363,-2.567331824,-0.300685924,-2.633048113,-8.29e-17,-1.257489283,5.820567972,203.8802719,13.41421356,12.85546189,3.855461886,6.810660172,6.083911927,3.044946622,0.772473311,2.317419932,0.136930639,0.410791918,0.0,0.0,0.136883117,887.5299233,0.706763813,1.725953205,4.136883117,53.48868709,0,0.0,0,0,0,51.90829203,0,0,0,0.0,0,0,0.0,0,18.27539974,8.317393253,0.0,5.890000221,0.0,19.42549881,0.0,0.0,0,0.0,5.890000221,0.0,0,0.0,8.317393253,4.526730656,0.0,12.33682701,0.0,20.83734089,0.0,0,-666,27.74289207,0.0,0,0.0,0.0,0.0,0.0,0.0,0.0,10.41673088,13.74866908,73.97729167,0.0,0.0,0.0,0.0,2.23929784,0.0,0.0,-10.01770833,-5.254436728,1.0,6,1,2,0,0,0,0,0,0,1,0,3,-666,0,0,0,-666,1.0358,27.5277,0,0,0,0,0,0,0,0,0,0,0,0,0,0,0,0,1,0,0,0,0,0,0,0,0,0,0,0,0,0,0,0,0,0,0,0,-666,0,0,0,0,0,0,0,0,0,0,0,0,0,0,0,0,0,-666,0,0,0,0,0,0,0,0,0,0,0,0,0,0,0,0,0,0,0,0,0,0,0,0,0,0,0,0,-666,0,0,65,7,14.007,-1.4,7.4,5,3.04,0.001145,284.2,15.5,-0.382905797,-0.344918994,N,8,1,0,3.44,2.1,0.0,9,5.54,0.89,30.169
17,"_1,1,1-trichloropropan-2-ylidene_aminyl_N_C.log:",4.031,3.399,3.515,4.044,4.127,4.08,3.654,3.564,0.626,0.444,0.441,0.472,0.447,0.327,0.435,0.313,0.491,0.352,0.368,0.496,0.367,0.496,0.359,0.486,0.368,0.497,0.369,0.498,0.361,0.488,0.351,0.478,3.49,3.86,3.83,3.9,1.87,1.92,1.83,1.84,3.51,-0.263,-0.382,8.680555556,-2.730902778,8.680555556,1.134259259,0.378569946,159.423,156.399,157.9331071,41,0,0.0,0.0,0.0,0.0,-666,-666,-666,14.34920879,-0.243431296,7.95e-17,-2.231643673,0.6885,-2.311961616,5.605539867,-0.922161981,4.39899054,130.0523685,8.577350269,6.081107015,5.348893853,4.154700538,2.790553507,2.424446926,0.846365867,3.127598291,0.268509816,0.805529447,0.0,0.0,0.83,63.57980789,3.780037722,2.402430194,3.415651537,61.27919644,0,0.0,0,0,0,60.680492,0,0,0,0.0,0,0,0.0,0,4.112275669,40.51450467,0.0,5.409283606,0.0,10.64442805,0.0,0.0,0,0.0,5.409283606,0.0,0,34.80281967,9.504220938,0.0,0.0,10.96416779,0.0,0.0,0.0,0,-666,16.35611306,0.0,0,0.0,0.0,0.0,0.0,0.0,0.0,0.0,44.32437894,17.52833333,15.15627315,0.0,8.680555556,-1.134259259,0.0,0.0,0.0,-2.730902778,0.0,0.666666667,7,0,1,0,0,0,0,0,0,0,0,4,-666,0,0,0,-666,1.6176,33.105,0,0,0,0,0,0,0,0,0,0,0,0,0,0,0,1,0,0,0,0,0,0,0,0,0,3,0,0,0,0,0,0,0,0,0,0,-666,0,0,0,0,0,0,0,3,0,0,0,0,0,0,0,0,0,-666,0,0,0,0,0,0,0,0,0,0,0,0,0,0,0,0,0,0,0,0,0,0,0,0,0,0,0,0,-666,0,0,65,7,14.007,-1.4,7.4,5,3.04,0.001145,277.5,17.0,-0.44436771,-0.401577624,N,6,0,0,2.55,0.0,0.0,6,2.55,1.024,39.09
19,"_1,3-dioxo-2,3-dihydro-1H-isoindol-2-yl_aminyl_N_NH.log:",4.311,3.444,3.593,4.032,4.457,4.024,3.555,3.39,0.549,0.527,0.33,0.372,0.336,0.319,0.332,0.31,0.375,0.346,0.382,0.385,0.373,0.38,0.373,0.376,0.384,0.385,0.374,0.381,0.373,0.377,0.367,0.373,3.66,4.17,4.12,4.22,1.76,1.7,1.71,1.61,3.59,-0.27,-0.302,11.61822373,-1.007407407,11.61822373,0.207962963,0.519338224,161.14,156.1,161.0351024,59,0,0.0,0.0,0.0,0.0,-666,-666,-666,13.18991752,-0.093103378,0.857346328,-2.183411703,0.78831145,-2.348683339,3.004660106,-0.47910993,2.719717874,502.1187926,12.9032592,10.71092377,5.710923772,7.91279002,5.502675481,3.055461886,2.172108528,2.172108528,1.499971093,1.499971093,0.937329902,0.937329902,-0.16,6743.524104,4.371400189,2.957043288,1.067418205,75.68918815,0,0.0,0,0,0,74.49741372,0,0,0,0.0,0,0,0.0,0,16.48395067,11.81435946,0.0,10.84460754,0.0,0.0,0.0,35.35449604,0,0.0,5.83569502,0.0,0,0.0,16.82327198,9.589074368,0.0,5.483034225,35.35449604,1.411842078,0.0,0,-666,47.1688555,9.589074368,0,5.008912524,0.0,0.0,0.0,0.0,0.0,5.83569502,6.894876303,36.44494331,0.0,23.23644747,0.207962963,-0.866666667,0.686145125,-2.375498866,0.0,0.0,0.0,0.0,12,1,4,0,0,0,0,0,0,-666,0,4,-666,0,0,0,-666,-0.0243,40.2557,0,0,0,0,0,0,0,0,0,0,2,2,0,0,0,1,1,0,0,0,-666,0,0,0,0,0,2,2,0,0,0,0,0,0,0,0,-666,0,0,0,0,0,0,0,0,0,0,0,1,0,0,0,0,0,-666,0,0,0,0,0,0,0,0,0,0,0,0,0,0,0,0,0,0,0,0,0,0,0,0,0,0,0,0,-666,0,0,65,7,14.007,-1.4,7.4,5,3.04,0.001145,316.5,17.7,-0.41236818,-0.368579015,N,7,1,0,3.04,2.1,0.0,8,5.14,0.829,31.831
22,_1-methoxyethylidene_aminyl_N_C.log:,3.702,2.972,3.075,3.627,3.804,3.646,3.237,3.129,0.696,0.538,0.569,0.56,0.573,0.437,0.568,0.427,0.592,0.471,0.454,0.6,0.446,0.591,0.446,0.593,0.457,0.602,0.447,0.592,0.445,0.593,0.435,0.588,3.0,3.35,3.32,3.39,1.52,1.57,1.48,1.49,3.07,-0.378,-0.532,8.493263889,-2.918171296,8.493263889,1.460648148,0.289054653,72.087,66.039,72.04493881,29,0,0.0,0.0,0.0,0.0,-666,-666,-666,-1.54e-33,-0.245843409,-5.77e-17,-2.272450597,-8.02e-17,-2.327769677,0.0,-0.958777688,4.107833962,156.1907808,9.28445705,8.355461886,2.355461886,4.627827085,3.881855088,0.881855088,0.407214637,0.407214637,0.096674583,0.096674583,0.0,0.0,-0.08,95.43558191,0.768270031,2.175102041,3.92,39.69785449,0,0.0,0,0,0,38.15828782,0,0,0,0.0,0,0,0.0,0,12.96141429,5.897745344,0.0,5.409283606,0.0,6.851892117,7.037952459,0.0,0,0.0,5.409283606,0.0,0,0.0,12.9356978,4.736862954,0.0,15.07644345,0.0,0.0,0.0,0,-666,19.78758992,0.0,0,0.0,0.0,0.0,0.0,0.0,0.0,4.736862954,13.63383494,42.44666667,0.0,0.0,8.493263889,0.0,-1.460648148,0.0,0.0,-2.894444444,-2.918171296,0.666666667,5,0,2,0,0,0,0,0,0,1,0,2,-666,0,0,0,-666,-0.1487,19.824,0,0,0,0,0,0,0,0,0,0,0,0,0,0,0,1,0,0,0,0,0,0,0,0,0,0,0,0,0,0,0,0,0,0,0,0,-666,0,0,0,0,1,0,0,0,0,0,0,0,0,0,0,0,0,-666,1,0,0,0,0,0,0,0,0,0,0,0,0,0,0,0,0,0,0,0,0,0,0,0,0,0,0,0,-666,0,0,65,7,14.007,-1.4,7.4,5,3.04,0.001145,229.5,13.4,-0.418539086,-0.380975896,N,6,0,0,2.55,0.0,0.0,6,2.55,1.026,34.079
23,_1-phenylethylidene_aminyl_N_C.log:,3.289,2.679,2.763,3.303,3.383,3.337,2.928,2.843,0.638,0.434,0.482,0.479,0.48,0.34,0.478,0.327,0.499,0.376,0.361,0.505,0.361,0.505,0.352,0.496,0.362,0.505,0.363,0.506,0.354,0.497,0.345,0.497,2.7,3.02,2.99,3.05,1.38,1.43,1.35,1.36,2.76,-0.277,-0.436,9.444760015,-2.922595427,9.444760015,0.636952003,0.495799313,118.159,110.095,118.0656743,45,0,0.0,0.0,0.0,0.0,-666,-666,-666,10.1491156,-0.243496138,-1.62e-16,-2.291369791,-3.46e-16,-2.25213829,1.801924464,-0.921774022,3.499347878,472.734097,13.54145188,12.4472136,4.447213595,7.586110083,6.223606798,2.223606798,1.348606798,1.348606798,0.736803399,0.736803399,0.368401699,0.368401699,-0.04,3222.694509,1.973705945,3.21003996,1.976711222,66.14432058,0,0.0,0,0,0,64.77239244,0,0,0,0.0,0,0,0.0,0,10.96606845,5.711685003,0.0,5.409283606,0.0,6.851892117,0.0,35.83346326,0,0.0,5.409283606,0.0,0,0.0,5.711685003,0.0,0.0,17.81796057,35.83346326,0.0,0.0,0,-666,48.39704038,5.409283606,0,0.0,0.0,0.0,0.0,0.0,0.0,0.0,10.96606845,57.74594482,0.0,0.0,9.444760015,-1.883796296,0.0,-3.467646447,0.0,-2.922595427,0.0,0.125,9,0,1,0,0,0,0,0,0,0,0,1,-666,0,0,0,-666,1.2998,39.178,0,0,0,0,0,0,0,0,0,0,0,0,0,0,0,1,0,0,0,0,0,0,0,0,0,0,6,0,0,0,0,0,0,0,0,0,-666,0,0,0,0,0,0,0,0,0,0,0,0,0,0,0,0,0,-666,0,0,0,0,0,0,0,0,0,0,0,0,0,0,0,0,0,0,0,0,0,0,0,0,0,0,0,0,-666,0,0,65,7,14.007,-1.4,7.4,5,3.04,0.001145,295.6,16.7,-0.405038277,-0.357013357,N,6,0,0,2.55,0.0,0.0,6,2.55,1.06,34.83
24,"_2,2,2-trichloro-1-methoxyethylidene_aminyl_N_C.log:",4.615,3.865,3.987,4.551,4.721,4.576,4.143,4.033,0.646,0.46,0.425,0.485,0.444,0.318,0.425,0.3,0.518,0.385,0.373,0.531,0.366,0.525,0.362,0.516,0.375,0.533,0.368,0.528,0.362,0.519,0.343,0.495,3.97,4.39,4.35,4.43,2.11,2.22,2.08,2.11,3.98,-0.243,-0.362,8.659930556,-2.81150463,8.659930556,1.164351852,0.309212205,175.422,172.398,173.9280218,47,0,0.0,0.0,0.0,0.0,-666,-666,-666,16.47969526,-0.243032421,2.52e-18,-2.23534144,0.6885,-2.3362042,5.496485573,-0.945995837,4.107833962,162.1907808,9.28445705,6.489355305,5.757142143,4.627827085,2.948801798,2.582695217,0.904973706,3.18620613,0.339175233,0.824176535,0.057863756,0.173591269,0.79,95.43558191,4.58163936,3.084850465,2.946111312,66.39274167,0,0.0,0,0,0,65.78947564,0,0,0,0.0,0,0,0.0,0,8.849138622,40.70056502,0.0,5.409283606,0.0,3.792535936,7.037952459,0.0,0,0.0,5.409283606,0.0,0,34.80281967,16.72823374,4.736862954,0.0,4.112275669,0.0,0.0,0.0,0,-666,16.72823374,0.0,0,0.0,0.0,0.0,0.0,0.0,0.0,4.736862954,44.32437894,21.14041667,15.17550926,0.0,8.659930556,0.0,-1.164351852,0.0,0.0,0.0,-2.81150463,0.666666667,8,0,2,0,0,0,0,0,0,1,0,5,-666,0,0,0,-666,1.2016,34.44,0,0,0,0,0,0,0,0,0,0,0,0,0,0,0,1,0,0,0,0,0,0,0,0,0,3,0,0,0,0,0,0,0,0,0,0,-666,0,0,0,0,1,0,0,3,0,0,0,0,0,0,0,0,0,-666,1,0,0,0,0,0,0,0,0,0,0,0,0,0,0,0,0,0,0,0,0,0,0,0,0,0,0,0,-666,0,0,65,7,14.007,-1.4,7.4,5,3.04,0.001145,299.9,16.8,-0.447222351,-0.415772492,N,6,0,0,2.55,0.0,0.0,6,2.55,1.021,42.317
102,_bis__methoxycarbonyl_amino_methylidene_aminyl_N_C.log:,4.011,3.133,3.234,3.781,4.119,3.784,3.41,3.283,0.653,0.421,0.435,0.498,0.444,0.302,0.429,0.284,0.538,0.394,0.384,0.547,0.389,0.546,0.37,0.532,0.385,0.549,0.392,0.549,0.373,0.535,0.362,0.524,3.26,3.64,3.61,3.69,1.62,1.72,1.59,1.6,3.23,-0.223,-0.363,11.01453621,-3.219524754,11.01453621,0.652631803,0.357643104,174.136,166.072,174.0514807,67,0,0.0,0.0,0.0,0.0,-666,-666,-666,12.07260413,-0.245535215,1.77e-17,-2.293601357,0.146571863,-2.636165836,0.733992521,-0.948373207,4.73172755,369.8969749,16.30096491,13.47463395,5.474633948,8.743688041,6.237206051,2.34277886,1.259545981,1.259545981,0.557194612,0.557194612,0.233942863,0.233942863,-0.28,6844.953411,3.843310687,6.259693841,5.380764831,79.89010678,0,0.0,0,0,0,78.36188571,0,0,0,0.0,0,0,0.0,0,30.11103577,18.14603471,0.0,16.02891031,0.0,0.0,14.07590492,0.0,0,0.0,16.02891031,9.589074368,0,0.0,32.22193963,9.473725908,0.0,8.224551337,0.0,2.823684157,0.0,0,-666,42.84156633,9.589074368,0,0.0,0.0,0.0,0.0,0.0,0.0,9.473725908,16.4575191,60.67059973,0.0,22.02907242,7.839963152,0.0,-1.74212963,0.0,-3.85845616,0.0,-6.439049509,0.4,12,2,7,0,0,0,0,0,0,-666,2,7,-666,0,0,0,-666,-1.1455,38.2224,0,0,0,0,0,0,0,0,0,0,2,2,0,0,0,1,2,0,0,0,-666,0,0,0,2,0,0,2,0,0,0,0,0,0,0,0,-666,0,0,0,0,2,0,1,0,0,0,0,0,0,0,0,0,0,-666,2,0,0,0,0,0,0,0,0,0,0,0,0,0,0,0,0,0,0,0,0,0,0,0,0,0,0,0,-666,0,0,65,7,14.007,-1.4,7.4,5,3.04,0.001145,358.1,15.8,-0.416048771,-0.391490767,N,6,0,0,2.55,0.0,0.0,6,2.55,1.041,35.195
103,_diaminomethylidene_aminyl_N_C.log:,3.466,2.759,2.878,3.481,3.57,3.519,3.064,2.968,0.704,0.496,0.515,0.531,0.525,0.395,0.515,0.378,0.566,0.431,0.432,0.573,0.432,0.573,0.424,0.566,0.432,0.573,0.433,0.574,0.426,0.567,0.421,0.567,2.8,3.16,3.13,3.2,1.33,1.39,1.29,1.3,2.88,-0.35,-0.497,8.222222222,-1.064814815,8.222222222,0.236111111,0.250994698,58.064,54.032,58.04052213,23,0,0.0,0.0,0.0,0.0,-666,-666,-666,0.0,-0.141089235,-1.11e-16,-2.197925105,3.9e-19,-2.681683581,4.34e-18,-0.750307236,3.651233579,79.28421252,6.732050808,5.841640786,1.841640786,3.553418013,2.459674775,0.670820393,0.3,0.3,0.0,0.0,0.0,0.0,-0.12,39.36806555,0.679891833,1.227222222,101.1022222,29.95649195,0,0.0,0,0,0,28.45564044,0,0,0,0.0,0,0,0.0,0,5.647368313,5.959554569,0.0,5.409283606,11.43943395,0.0,0.0,0.0,0,0.0,16.84871756,0.0,0,0.0,5.959554569,0.0,0.0,0.0,0.0,5.647368313,0.0,0,-666,5.959554569,0.0,0,11.43943395,0.0,0.0,0.0,0.0,0.0,0.0,11.05665192,24.98148148,0.0,0.0,8.222222222,-0.472222222,-1.064814815,0.0,0.0,0.0,0.0,0.0,4,4,3,0,0,0,0,0,0,-666,2,3,-666,0,0,0,-666,-1.9401,15.5158,0,0,0,0,0,0,0,0,0,0,0,0,0,0,0,1,0,2,0,0,-666,0,0,0,0,0,0,0,0,0,0,0,0,0,0,0,-666,0,0,0,0,0,0,1,0,0,0,0,0,0,0,0,0,0,-666,0,0,0,0,0,0,0,0,0,0,0,0,0,0,0,0,0,0,0,0,0,0,0,0,0,0,0,0,-666,0,0,65,7,14.007,-1.4,7.4,5,3.04,0.001145,195.4,12.8,-0.390210222,-0.369185395,N,6,0,0,2.55,0.0,0.0,6,2.55,1.023,27.227
104,_diethoxyphosphoryl__methyl_aminyl_N_CP.log:,5.026,3.827,3.939,4.674,5.17,4.637,4.219,4.019,0.686,0.524,0.352,0.391,0.345,0.28,0.337,0.27,0.438,0.293,0.357,0.43,0.357,0.434,0.347,0.419,0.358,0.43,0.358,0.436,0.349,0.422,0.338,0.415,3.97,4.45,4.41,4.51,1.98,2.14,1.94,1.99,3.93,-0.217,-0.284,12.20229167,-5.684328704,12.20229167,2.469305556,0.579798407,166.137,153.033,166.0633049,61,0,0.0,0.0,0.0,0.0,-666,-666,-666,4.29e-18,-0.249073853,-4.17e-16,-2.455775772,-1.12e-16,-2.448911302,7.35e-18,-1.055627897,5.75553238,431.7011246,19.12132034,17.61917206,5.513599253,9.621320344,8.379577646,3.375022761,0.955254103,2.457514019,0.444482437,1.33344731,0.174819157,0.524457471,0.27,12839.73195,1.779465113,4.991636149,3.441331416,79.75973842,0,0.0,0,0,0,78.06376895,0,0,0,0.0,0,0,0.0,0,31.43240384,7.746488431,0.0,5.087295063,0.0,13.70378423,20.09379739,0.0,0,0.0,5.087295063,0.0,0,7.746488431,20.09379739,13.61254261,0.0,31.52364546,0.0,0.0,0.0,0,-666,41.54407005,4.565048285,0,0.0,0.0,0.0,0.0,0.0,0.0,14.13478939,17.81986123,110.366486,0.0,0.0,2.469305556,0.0,0.0,0.0,0.0,-18.09590727,-5.684328704,1.0,10,0,4,0,0,0,0,0,0,-666,0,5,-666,0,0,0,-666,1.4017,38.9165,0,0,0,0,0,0,0,0,0,0,0,0,0,0,0,1,0,0,0,0,0,0,0,0,0,0,0,0,0,0,0,0,0,0,0,0,-666,0,0,0,0,0,0,0,0,0,0,0,0,0,0,0,0,0,-666,0,0,0,0,0,0,0,0,0,0,0,0,0,0,0,0,0,0,0,0,0,0,0,0,0,0,0,0,-666,0,0,65,7,14.007,-1.4,7.4,5,3.04,0.001145,365.7,16.4,-0.392991492,-0.38764348,N,15,6,0,2.19,2.55,0.0,21,4.74,0.884,51.553
107,_dimethoxymethylidene_aminyl_N_C.log:,4.068,3.254,3.356,3.922,4.174,3.928,3.536,3.409,0.725,0.555,0.611,0.611,0.627,0.482,0.618,0.469,0.649,0.532,0.497,0.665,0.481,0.648,0.487,0.656,0.502,0.669,0.483,0.65,0.485,0.655,0.468,0.641,3.3,3.66,3.64,3.7,1.71,1.78,1.67,1.68,3.35,-0.41,-0.568,8.472638889,-2.921296296,8.472638889,1.490740741,0.293827373,88.086,82.038,88.03985343,35,0,0.0,0.0,0.0,0.0,-666,-666,-666,1.27e-15,-0.24552904,-1.81e-16,-2.257159487,-1.27e-16,-2.341822797,2.65e-16,-0.9556501,3.92428624,152.6124613,9.991563832,8.763710176,2.763710176,5.100953631,4.040103379,1.040103379,0.470031664,0.470031664,0.174620426,0.174620426,0.020833333,0.020833333,-0.12,133.9146616,1.182930363,3.084918033,2.137731959,44.81139972,0,0.0,0,0,0,43.26727145,0,0,0,0.0,0,0,0.0,0,17.69827724,6.083805686,0.0,5.409283606,0.0,0.0,14.07590492,0.0,0,0.0,5.409283606,0.0,0,0.0,20.1597106,9.473725908,0.0,8.224551337,0.0,0.0,0.0,0,-666,20.1597106,0.0,0,0.0,0.0,0.0,0.0,0.0,0.0,9.473725908,13.63383494,46.02736111,0.0,0.0,8.472638889,0.0,0.0,0.0,-1.490740741,0.0,-5.842592593,0.666666667,6,0,3,0,0,0,0,0,0,2,0,3,-666,0,0,0,-666,-0.5647,21.159,0,0,0,0,0,0,0,0,0,0,0,0,0,0,0,1,0,0,0,0,0,0,0,0,0,0,0,0,0,0,0,0,0,0,0,0,-666,0,0,0,0,2,0,0,0,0,0,0,0,0,0,0,0,0,-666,2,0,0,0,0,0,0,0,0,0,0,0,0,0,0,0,0,0,0,0,0,0,0,0,0,0,0,0,-666,0,0,65,7,14.007,-1.4,7.4,5,3.04,0.001145,245.7,13.6,-0.417596179,-0.403461595,N,6,0,0,2.55,0.0,0.0,6,2.55,1.01,37.67
113,_diphenylmethylidene_aminyl_N_C.log:,3.639,2.964,3.051,3.654,3.745,3.693,3.233,3.138,0.614,0.45,0.349,0.415,0.364,0.258,0.344,0.235,0.437,0.312,0.312,0.445,0.311,0.444,0.302,0.432,0.312,0.445,0.313,0.447,0.304,0.435,0.294,0.43,2.97,3.34,3.31,3.38,1.49,1.56,1.46,1.48,3.05,-0.202,-0.312,10.37563114,-0.968518519,10.37563114,0.625434618,0.632821442,180.23,170.15,180.0813243,67,0,0.0,0.0,0.0,0.0,-666,-666,-666,11.17992939,-0.094148367,0.496904984,-2.291998215,0.526354699,-2.211554804,2.593482154,-0.446981755,2.755716773,784.1637529,18.5055535,16.9472136,6.947213595,11.01751963,8.723606798,3.723606798,2.348606798,2.348606798,1.473606798,1.473606798,0.861803399,0.861803399,-0.04,132395.3558,3.76362426,5.15692357,2.502526359,97.7043319,0,0.0,0,0,0,96.49548069,0,0,0,0.0,0,0,0.0,0,13.70758556,5.711685003,0.0,5.409283606,0.0,0.0,0.0,71.66692652,0,0.0,5.409283606,0.0,0,0.0,5.711685003,0.0,0.0,13.70758556,71.66692652,0.0,0.0,0,-666,77.37861152,5.409283606,0,0.0,0.0,0.0,0.0,0.0,0.0,0.0,13.70758556,76.5788175,0.0,0.0,10.37563114,-2.219387755,0.0,-7.068394222,0.0,0.0,0.0,0.0,14,0,1,0,0,0,0,0,0,0,0,1,-666,0,0,0,-666,2.3323,59.867,0,0,0,0,0,0,0,0,0,0,0,0,0,0,0,1,0,0,0,0,0,0,0,0,0,0,12,0,0,0,0,0,0,0,0,0,-666,0,0,0,0,0,0,0,0,0,0,0,0,0,0,0,0,0,-666,0,0,0,0,0,0,0,0,0,0,0,0,0,0,0,0,0,0,0,0,0,0,0,0,0,0,0,0,-666,0,0,65,7,14.007,-1.4,7.4,5,3.04,0.001145,382.6,18.5,-0.400027312,-0.353499337,N,6,0,0,2.55,0.0,0.0,6,2.55,1.058,38.702
114,_diphenylphosphoroso__methyl_aminyl_N_CP.log:,4.94,3.971,4.108,4.784,5.083,4.805,4.275,4.128,0.647,0.48,0.213,0.323,0.216,0.172,0.196,0.156,0.341,0.192,0.289,0.334,0.284,0.33,0.275,0.317,0.291,0.336,0.287,0.333,0.277,0.32,0.26,0.301,4.1,4.62,4.57,4.67,2.06,2.19,2.02,2.06,4.1,-0.117,-0.156,13.88443358,-5.177692901,13.88443358,0.84236594,0.743136295,230.227,217.123,230.0734757,81,0,0.0,0.0,0.0,0.0,-666,-666,-666,11.14532709,-0.243317067,2.78e-17,-2.377137583,1.2600000000000002e-31,-2.422492046,2.108072194,-0.902672271,3.03365333,956.3972368,22.63531001,20.80267548,8.697102672,13.05795974,10.55339458,5.712970142,2.623240838,4.869722515,1.72061261,3.661837831,1.00169729,2.255091869,0.35,850707.234,4.18231872,5.797468694,2.602192029,114.1295639,0,0.0,0,0,0,112.8897536,0,0,0,0.0,0,0,0.0,0,22.38490952,7.292618838,0.0,5.087295063,0.0,0.0,6.9758269,71.14910333,0,0.0,5.087295063,0.0,0,7.292618838,6.9758269,4.565048285,0.0,17.81986123,71.14910333,0.0,0.0,0,-666,85.41754907,4.565048285,0,0.0,0.0,0.0,0.0,0.0,0.0,5.087295063,17.81986123,114.0816128,0.0,0.0,1.081433296,0.0,0.0,-9.597775678,0.0,-3.332021999,-5.177692901,0.076923077,16,0,2,0,0,0,0,0,0,-666,0,3,-666,0,0,0,-666,3.5185,68.3905,0,0,0,0,0,0,0,0,0,0,0,0,0,0,0,1,0,0,0,0,0,0,0,0,0,0,12,0,0,0,0,0,0,0,0,0,-666,0,0,0,0,0,0,0,0,0,0,0,0,0,0,0,0,0,-666,0,0,0,0,0,0,0,0,0,0,0,0,0,0,0,0,0,0,0,0,0,0,0,0,0,0,0,0,-666,0,0,65,7,14.007,-1.4,7.4,5,3.04,0.001145,436.4,19.5,-0.379723093,-0.370726813,N,15,6,0,2.19,2.55,0.0,21,4.74,0.898,55.317
116,_methanesulfonyloxy__methyl_aminyl_N_OC.log:,3.132,2.391,2.497,2.928,3.212,2.897,2.674,2.554,0.654,0.539,0.432,0.428,0.423,0.335,0.421,0.33,0.459,0.351,0.374,0.452,0.367,0.446,0.365,0.447,0.374,0.453,0.368,0.446,0.367,0.447,0.359,0.442,2.56,2.83,2.81,2.86,1.4,1.47,1.35,1.37,2.5,-0.288,-0.39,10.57027778,-4.957592593,10.57027778,2.246689815,0.484530546,124.141,118.093,124.0068391,43,0,0.0,0.0,0.0,0.0,-666,-666,-666,11.76638963,-0.245343707,-6.07e-19,-2.340174632,-1.07e-17,-2.364312329,0.219943848,-0.914750883,4.206154772,175.6986276,10.91421356,9.080206757,3.896703338,5.457106781,4.110305129,2.518553419,0.619946837,1.677266326,0.135393661,0.406180984,0.049062931,0.147188792,0.19,245.8549096,1.85397032,2.485750647,6.19,52.42613794,0,0.0,0,0,0,51.12440747,0,0,0,0.0,0,0,0.0,0,21.61386215,10.87069772,0.0,5.480096598,0.0,0.0,13.159751,0.0,0,0.0,5.480096598,0.0,0,10.87069772,13.159751,13.38931081,0.0,8.224551337,0.0,0.0,0.0,0,-666,24.03044872,9.105499747,0,0.0,0.0,0.0,0.0,0.0,0.0,9.763907661,8.224551337,63.05805556,0.0,0.0,0.0,2.246689815,0.0,0.0,-3.428819444,-3.001666667,-4.957592593,1.0,7,0,4,0,0,0,0,0,0,1,0,5,-666,0,0,0,-666,0.1926,24.031,0,0,0,0,0,0,0,0,0,0,0,0,0,0,0,1,0,0,1,0,0,0,0,0,0,0,0,0,0,0,0,0,0,0,0,0,-666,0,0,0,0,0,0,0,0,0,0,0,0,0,0,0,0,0,-666,0,0,0,0,0,0,0,0,0,0,0,0,0,0,0,0,0,0,0,0,0,0,0,0,0,0,0,0,-666,0,0,65,7,14.007,-1.4,7.4,5,3.04,0.001145,275.5,15.6,-0.421278104,-0.369180887,N,8,6,0,3.44,2.55,0.0,14,5.99,0.895,43.991
117,_methoxy_phenyl_methylidene_aminyl_N_C.log:,4.005,3.28,3.387,3.937,4.111,3.96,3.532,3.421,0.655,0.481,0.359,0.467,0.386,0.277,0.358,0.251,0.502,0.386,0.362,0.517,0.359,0.515,0.348,0.5,0.364,0.518,0.362,0.518,0.35,0.504,0.336,0.495,3.3,3.68,3.65,3.73,1.68,1.77,1.65,1.68,3.38,-0.229,-0.347,9.424135015,-2.979186154,9.424135015,0.643116969,0.414096633,134.158,126.094,134.0605889,51,0,0.0,0.0,0.0,0.0,-666,-666,-666,10.84175938,-0.243095011,-7.81e-17,-2.278264285,3.97e-17,-2.295455331,1.898809197,-0.945877317,3.287418235,492.2068,14.24855867,12.85546189,4.855461886,8.05923663,6.381855088,2.381855088,1.407214637,1.407214637,0.810540054,0.810540054,0.407963772,0.407963772,-0.08,4799.239468,2.457906569,3.937882077,1.957306778,71.25786581,0,0.0,0,0,0,69.88137607,0,0,0,0.0,0,0,0.0,0,15.7029314,5.897745344,0.0,5.409283606,0.0,0.0,7.037952459,35.83346326,0,0.0,5.409283606,0.0,0,0.0,12.9356978,4.736862954,0.0,10.96606845,35.83346326,0.0,0.0,0,-666,48.76916106,5.409283606,0,0.0,0.0,0.0,0.0,0.0,0.0,4.736862954,10.96606845,61.37130822,0.0,0.0,9.424135015,-0.683217593,-1.22962963,-3.486743197,0.0,0.0,-2.979186154,0.125,10,0,2,0,0,0,0,0,0,1,0,2,-666,0,0,0,-666,0.8838,40.513,0,0,0,0,0,0,0,0,0,0,0,0,0,0,0,1,0,0,0,0,0,0,0,0,0,0,4,0,0,0,0,0,0,0,0,0,-666,0,0,0,0,1,0,0,0,0,0,0,0,0,0,0,0,0,-666,1,0,0,0,0,0,0,0,0,0,0,0,0,0,0,0,0,0,0,0,0,0,0,0,0,0,0,0,-666,0,0,65,7,14.007,-1.4,7.4,5,3.04,0.001145,315.4,16.7,-0.406452552,-0.375823798,N,6,0,0,2.55,0.0,0.0,6,2.55,1.049,38.19
118,"_methoxycarbonyl__2,2,2-trifluoroethyl_aminyl_N_CC.log:",5.303,4.094,4.231,4.91,5.436,4.862,4.502,4.308,0.675,0.473,0.382,0.42,0.379,0.289,0.373,0.277,0.458,0.295,0.356,0.455,0.35,0.448,0.346,0.447,0.356,0.455,0.351,0.449,0.349,0.449,0.341,0.443,4.31,4.77,4.73,4.82,2.29,2.46,2.25,2.29,4.23,-0.238,-0.339,11.80949121,-5.415911281,11.80949121,1.952708333,0.565866035,156.083,151.043,156.0272381,59,0,0.0,0.0,0.0,0.0,-666,-666,-666,14.71660526,-0.243086616,9.73e-18,-2.279083121,0.4192,-2.516683522,1.107,-0.946693861,4.429302721,249.6421463,12.49156383,9.397603595,4.397603595,6.350953631,4.376532741,1.876532741,1.089335459,1.089335459,0.361272144,0.361272144,0.131851889,0.131851889,-0.33,531.5426268,3.889803295,3.745140485,5.800378096,62.18046559,0,0.0,0,0,0,60.6775774,0,0,0,0.0,0,0,0.0,0,29.55643806,6.093240071,0.0,5.316788604,0.0,6.176298517,13.53481214,0.0,0,0.0,5.316788604,17.96578233,0,0.0,25.80435073,4.736862954,0.0,6.853792781,0.0,0.0,0.0,0,-666,25.80435073,17.96578233,0,0.0,0.0,0.0,0.0,0.0,5.316788604,4.736862954,6.853792781,70.52209325,0.0,10.43208333,1.952708333,0.0,0.0,0.0,-7.557277022,-4.171296296,-3.261644936,0.75,10,0,3,0,0,0,0,0,0,-666,0,6,-666,0,0,0,-666,0.9195,25.461,0,0,0,0,0,0,0,0,0,0,1,1,0,0,0,1,0,0,0,0,0,0,0,0,0,3,0,1,0,0,0,0,0,0,0,0,-666,0,0,0,0,1,0,0,3,0,0,0,0,0,0,0,0,0,-666,1,0,0,0,0,0,0,0,0,0,0,0,0,0,0,0,0,0,0,0,0,0,0,0,0,0,0,0,-666,0,0,65,7,14.007,-1.4,7.4,5,3.04,0.001145,296.7,14.6,-0.440919265,-0.433922941,N,6,6,0,2.55,2.55,0.0,12,5.1,0.944,50.608
119,_methoxycarbonyl__methyl_aminyl_N_CC.log:,5.27,3.959,4.083,4.797,5.414,4.755,4.36,4.162,0.607,0.445,0.39,0.399,0.382,0.289,0.378,0.282,0.439,0.29,0.331,0.43,0.325,0.422,0.327,0.426,0.333,0.43,0.326,0.423,0.327,0.427,0.32,0.424,4.13,4.6,4.56,4.65,2.12,2.26,2.08,2.12,4.08,-0.246,-0.349,10.36541667,-2.952546296,10.36541667,1.615740741,0.41742346,88.086,82.038,88.03985343,35,0,0.0,0.0,0.0,0.0,-666,-666,-666,6.86e-16,-0.245615318,-1.11e-16,-2.229359058,-1.14e-16,-2.397357327,2.83e-16,-0.947223103,3.92428624,152.6124613,9.991563832,8.763710176,2.763710176,5.100953631,4.059586031,1.059586031,0.479772991,0.479772991,0.178597306,0.178597306,0.022821773,0.022821773,-0.12,133.9146616,1.182930363,3.084918033,2.137731959,44.72388777,0,0.0,0,0,0,43.17975951,0,0,0,0.0,0,0,0.0,0,17.75595147,6.093240071,0.0,5.316788604,0.0,0.0,14.01377936,0.0,0,0.0,5.316788604,4.794537184,0,0.0,20.10701943,4.736862954,0.0,8.224551337,0.0,0.0,0.0,0,-666,20.10701943,4.794537184,0,0.0,0.0,0.0,0.0,0.0,0.0,10.05365156,8.224551337,42.25479167,0.0,10.36541667,2.473541667,0.0,0.0,0.0,-1.615740741,-2.858796296,-2.952546296,0.666666667,6,0,3,0,0,0,0,0,0,-666,0,3,-666,0,0,0,-666,-0.013,20.463,0,0,0,0,0,0,0,0,0,0,1,1,0,0,0,1,0,0,0,0,0,0,0,0,0,0,0,1,0,0,0,0,0,0,0,0,-666,0,0,0,0,1,0,0,0,0,0,0,0,0,0,0,0,0,-666,1,0,0,0,0,0,0,0,0,0,0,0,0,0,0,0,0,0,0,0,0,0,0,0,0,0,0,0,-666,0,0,65,7,14.007,-1.4,7.4,5,3.04,0.001145,245.2,13.8,-0.411649157,-0.404462441,N,6,6,0,2.55,2.55,0.0,12,5.1,0.868,46.566
122,_methoxysulfonyl__methyl_aminyl_N_CS.log:,5.787,4.451,4.597,5.408,5.936,5.358,4.913,4.69,0.657,0.511,0.356,0.374,0.343,0.287,0.337,0.279,0.418,0.287,0.342,0.403,0.337,0.398,0.336,0.398,0.343,0.404,0.337,0.399,0.336,0.399,0.334,0.398,4.71,5.25,5.21,5.31,2.39,2.57,2.34,2.4,4.59,-0.242,-0.3,10.55291667,-4.896990741,10.55291667,2.216597222,0.517959464,124.141,118.093,124.0068391,43,0,0.0,0.0,0.0,0.0,-666,-666,-666,11.80092222,-0.245615255,-2.98e-17,-2.327230018,-4.58e-18,-2.366857869,0.308241555,-0.943824316,4.252851185,157.6986276,10.91421356,9.080206757,3.896703338,5.414213562,4.110305129,2.4754535,0.602351369,1.807054108,0.21711258,0.651337741,0.0186339,0.055901699,0.19,164.9160802,1.85397032,2.485750647,2.836203554,52.60747695,0,0.0,0,0,0,51.30574648,0,0,0,0.0,0,0,0.0,0,21.51313652,11.05673574,0.0,4.722094864,0.0,0.0,14.01377936,0.0,0,0.0,4.722094864,0.0,0,11.05673574,14.01377936,13.28858518,0.0,8.224551337,0.0,0.0,0.0,0,-666,25.0705151,9.105499747,0,0.0,0.0,0.0,0.0,0.0,0.0,8.905180297,8.224551337,65.17708333,-4.896990741,0.0,0.0,0.0,0.0,0.0,0.0,-3.134837963,-3.228587963,1.0,7,0,4,0,0,0,0,0,0,1,0,5,-666,0,0,0,-666,0.1926,24.031,0,0,0,0,0,0,0,0,0,0,0,0,0,0,0,1,0,0,0,0,0,0,0,0,0,0,0,0,0,0,0,0,0,0,0,0,-666,0,0,0,0,0,0,0,0,0,0,0,0,0,0,0,0,0,-666,0,0,0,0,0,0,0,0,0,0,0,0,0,0,0,0,0,0,0,0,0,0,0,0,0,0,0,0,-666,0,0,65,7,14.007,-1.4,7.4,5,3.04,0.001145,268.3,15.6,-0.427146583,-0.419680773,N,16,6,0,2.58,2.55,0.0,22,5.13,0.895,45.593
127,_propan-2-ylidene_aminyl_N_C.log:,3.028,2.433,2.532,3.042,3.121,3.076,2.674,2.591,0.675,0.505,0.523,0.507,0.519,0.392,0.518,0.384,0.532,0.41,0.417,0.535,0.417,0.535,0.41,0.529,0.418,0.535,0.418,0.536,0.412,0.53,0.411,0.536,2.46,2.77,2.74,2.8,1.21,1.23,1.17,1.18,2.53,-0.347,-0.493,8.513888889,-2.897569444,8.513888889,1.430555556,0.35530881,56.088,50.04,56.05002419,23,0,0.0,0.0,0.0,0.0,-666,-666,-666,-1.98e-16,-0.244322203,-4.94e-17,-2.288897127,-1.15e-16,-2.30027721,0.0,-0.957786795,4.39899054,124.0523685,8.577350269,7.947213595,1.947213595,4.154700538,3.723606798,0.723606798,0.348606798,0.348606798,0.0,0.0,0.0,0.0,-0.04,63.57980789,0.432177934,1.297837838,1128.96,34.58430926,0,0.0,0,0,0,33.04930418,0,0,0,0.0,0,0,0.0,0,8.224551337,5.711685003,0.0,5.409283606,0.0,13.70378423,0.0,0.0,0,0.0,5.409283606,0.0,0,0.0,5.711685003,0.0,0.0,21.92833557,0.0,0.0,0.0,0,-666,19.41546924,0.0,0,0.0,0.0,0.0,0.0,0.0,0.0,0.0,13.63383494,38.87847222,0.0,0.0,8.513888889,-1.430555556,0.0,0.0,0.0,-5.795138889,0.0,0.666666667,4,0,1,0,0,0,0,0,0,0,0,1,-666,0,0,0,-666,0.2673,18.489,0,0,0,0,0,0,0,0,0,0,0,0,0,0,0,1,0,0,0,0,0,0,0,0,0,0,0,0,0,0,0,0,0,0,0,0,-666,0,0,0,0,0,0,0,0,0,0,0,0,0,0,0,0,0,-666,0,0,0,0,0,0,0,0,0,0,0,0,0,0,0,0,0,0,0,0,0,0,0,0,0,0,0,0,-666,0,0,100,7,32.06,2.07710403,7.4,6,3.04,0.001145,212.2,13.2,-0.409296261,-0.36023944,N,6,0,0,2.55,0.0,0.0,6,2.55,1.03,30.607
135,_trimethylsilyl_aminyl_N_SiH.log:,4.268,3.501,3.646,4.285,4.39,4.331,3.798,3.687,0.852,0.628,0.439,0.502,0.446,0.362,0.436,0.347,0.522,0.44,0.45,0.527,0.45,0.527,0.438,0.518,0.451,0.528,0.452,0.529,0.44,0.52,0.439,0.525,3.56,4.02,3.99,4.07,1.77,1.84,1.72,1.76,3.64,-0.309,-0.418,7.009645062,-5.082561728,7.009645062,2.534722222,0.39597909,88.206,78.126,88.05825085,31,0,0.0,0.0,0.0,0.0,-666,-666,-666,-1.95e-15,-0.244322203,-9.85e-17,-2.582459099,-0.125954669,-2.655304965,-1.51e-16,-0.94445925,5.7760469,186.2535749,12.70710678,12.4472136,3.447213595,6.310660172,5.920820393,2.920820393,0.710410197,2.13123059,0.0,0.0,0.0,0.0,0.176883117,508.040299,0.449377669,1.104882332,632.6299958,48.37772563,0,0.0,0,0,0,46.80189216,0,0,0,0.0,0,0,0.0,0,13.74866908,8.235460877,0.0,5.392263387,0.0,19.42549881,0.0,0.0,0,0.0,5.392263387,0.0,0,0.0,8.235460877,0.0,0.0,12.33682701,0.0,20.83734089,0.0,0,-666,27.66095969,0.0,0,0.0,0.0,0.0,0.0,0.0,0.0,5.392263387,13.74866908,69.76832562,0.0,0.0,2.534722222,0.0,0.0,0.0,0.0,-9.776041667,-5.082561728,1.0,5,1,1,0,0,0,0,0,0,0,0,2,-666,0,0,0,-666,1.1042,26.4427,0,0,0,0,0,0,0,0,0,0,0,0,0,0,0,0,1,0,0,0,0,0,0,0,0,0,0,0,0,0,0,0,0,0,0,0,-666,0,0,0,0,0,0,0,0,0,0,0,0,0,0,0,0,0,-666,0,0,0,0,0,0,0,0,0,0,0,0,0,0,0,0,0,0,0,0,0,0,0,0,0,0,0,0,-666,0,0,65,7,14.007,-1.4,7.4,5,3.04,0.001145,270.1,15.6,-0.37865431,-0.375943664,N,14,1,0,1.9,2.1,2.1,15,6.1,0.989,36.447
157,"1,3-dioxo-2,3-dihydro-1H-isoindol-2-yl_N_CC.log:",9.908,7.411,7.713,8.929,10.291,8.854,7.843,7.41,0.535,0.343,0.218,0.236,0.213,0.156,0.211,0.148,0.233,0.117,0.174,0.204,0.168,0.193,0.193,0.233,0.172,0.201,0.163,0.185,0.19,0.228,0.211,0.263,7.67,8.86,8.76,8.99,3.5,3.66,3.45,3.49,7.7,-0.108,-0.165,11.17711262,-0.900925926,11.17711262,0.327777778,0.502573284,146.125,142.093,146.0242034,53,0,0.0,0.0,0.0,0.0,-666,-666,-666,13.08924316,-0.093484452,0.911018106,-2.183501383,0.889183228,-2.092778011,4.105769627,-0.432996212,2.822771333,456.7710589,11.32590893,9.263710176,5.263710176,6.947264863,4.855461886,2.855461886,1.972108528,1.972108528,1.318321435,1.318321435,0.837329902,0.837329902,-0.12,2589.18277,4.211548325,2.734248557,1.171918309,68.70616281,0,0.0,0,0,0,67.5577527,0,0,0,0.0,0,0,0.0,0,15.07210859,11.81435946,0.0,5.316788604,0.0,0.0,0.0,35.35449604,0,0.0,5.316788604,0.0,0,0.0,11.81435946,9.589074368,0.0,5.483034225,35.35449604,0.0,0.0,0,-666,36.02264644,9.589074368,0,11.14620906,0.0,0.0,0.0,0.0,0.0,5.316788604,5.483034225,29.43873772,0.0,22.35422525,3.076296296,-0.655555556,-1.801851852,-2.078518519,0.0,0.0,0.0,0.0,11,0,3,0,0,0,0,0,0,-666,0,3,-666,0,0,0,-666,0.0802,37.454,0,0,0,0,0,0,0,0,0,0,2,2,0,0,0,1,0,0,0,0,0,0,0,0,0,0,4,2,0,0,0,0,0,0,0,0,-666,0,0,0,0,0,0,0,0,0,0,0,1,0,0,0,0,0,-666,0,0,0,0,0,0,0,0,0,0,0,0,0,0,0,0,0,0,0,0,0,0,0,0,0,0,0,0,-666,0,0,65,7,14.007,-1.4,7.4,5,3.04,0.001145,299.1,17.4,-0.431144849,-0.424259111,N,6,6,0,2.55,2.55,0.0,12,5.1,0.839,45.92
162,"1,4-diazabicyclo_2.2.2_octan-1-ylium-1-yl_N_CC.log:",2.937,2.378,2.486,2.949,3.023,2.981,2.606,2.528,0.686,0.541,0.51,0.484,0.484,0.374,0.483,0.368,0.538,0.343,0.408,0.513,0.408,0.513,0.403,0.512,0.408,0.513,0.409,0.513,0.405,0.512,0.409,0.521,6.86,7.03,7.02,7.06,7.45,7.76,7.41,7.54,6.65,-0.115,-0.211,7.64375,-3.266666667,7.64375,0.3125,0.421184382,112.176,100.08,112.1000484,46,0,0.0,0.0,0.0,0.0,-666,-666,-666,-3.07e-17,-2.040178939,-0.111285685,-2.85976027,-0.167382468,-2.960468187,2.81e-17,-2.199500151,2.865319361,346.2954754,16.15470054,15.89442719,3.894427191,8.482050808,8.091640786,2.091640786,1.341640786,1.341640786,0.820820393,0.820820393,0.467705098,0.467705098,-0.08,7740.743775,0.866590672,1.706856448,0.643745589,66.93161264,0,0.0,0,0,0,65.23008024,0,0,0,0.0,0,0,0.0,0,16.44910267,0.0,0.0,9.799819462,0.0,0.0,38.98115811,0.0,0,0.0,0.0,0.0,0,0.0,48.78097757,0.0,0.0,16.44910267,0.0,0.0,0.0,0,-666,38.98115811,0.0,0,9.799819462,0.0,0.0,0.0,0.0,0.0,0.0,16.44910267,91.725,0.0,-0.625,0.0,0.0,0.0,0.0,0.0,-19.6,0.0,1.0,8,0,2,0,0,0,0,0,0,2,0,2,-666,0,0,0,-666,-0.3824,32.88,0,0,0,0,0,0,0,0,0,0,0,0,0,0,0,2,0,0,0,0,-666,0,0,0,0,0,0,0,0,0,0,0,0,0,0,0,-666,0,0,0,0,0,0,0,0,0,0,0,0,0,0,0,0,0,-666,0,0,0,0,0,0,0,0,0,0,0,0,0,0,0,3,0,0,0,0,0,0,0,0,0,0,0,0,-666,0,1,65,7,14.007,-1.4,7.4,5,3.04,0.001145,269.7,15.4,-0.309674,-0.00079746,N,6,6,0,2.55,2.55,0.0,12,5.1,0.936,32.956
227,1-azabicyclo_2.2.2_octan-1-ylium-1-yl_N_CCC.log:,7.349,6.625,6.815,7.353,7.383,7.366,7.249,7.234,0.477,0.321,0.15,0.137,0.133,0.101,0.14,0.104,0.166,0.104,0.116,0.157,0.116,0.157,0.115,0.155,0.116,0.157,0.116,0.157,0.115,0.155,0.118,0.157,7.05,7.09,7.09,7.1,7.94,8.2,7.82,7.93,6.82,-0.234,-0.435,8.010625,-3.640625,8.010625,0.385625,0.452243548,111.188,98.084,111.1047994,46,0,0.0,0.0,0.0,0.0,-666,-666,-666,-2.29e-15,-0.183770417,-0.119295733,-2.888373382,-0.126332088,-2.898885455,-2.12e-16,-1.158354502,2.991882208,423.4249312,17.07735027,16.9472136,3.947213595,8.866025404,8.670820393,2.170820393,1.420820393,1.420820393,0.878115295,0.878115295,0.513012746,0.513012746,-0.04,12416.13644,0.799589119,1.728380667,0.655158569,68.94169158,0,0.0,0,0,0,67.2230824,0,0,0,0.0,0,0,0.0,0,17.81986123,0.0,0.0,4.899909731,5.893957685,19.1187747,19.49057905,0.0,0,0.0,0.0,0.0,0,0.0,24.39048878,0.0,5.893957685,36.93863593,0.0,0.0,0.0,0,-666,44.50331144,0.0,0,4.899909731,0.0,0.0,0.0,0.0,0.0,0.0,17.81986123,100.516875,0.0,-0.385625,0.0,0.0,-3.640625,0.0,-10.4875,-10.253125,0.0,1.0,8,0,1,0,0,0,0,0,0,1,0,1,-666,0,0,0,-666,1.1021,33.781,0,0,0,0,0,0,0,0,0,0,0,0,0,0,0,1,0,0,0,0,-666,0,0,0,0,0,0,0,0,0,0,0,0,0,0,0,-666,0,0,0,0,0,0,0,0,0,0,0,0,0,0,0,0,0,-666,0,0,0,0,0,0,0,0,0,0,0,0,0,0,3,0,0,0,0,0,0,0,0,0,0,0,0,0,-666,0,1,65,7,14.007,-1.4,7.4,5,3.04,0.001145,276.2,15.6,-0.32502905,0.016531699,N,6,6,6,2.55,2.55,2.55,18,7.65,0.732,59.139
259,"2,2,6,6-tetramethylpiperidin-1-yl_N_CC.log:",2.773,2.226,2.295,2.784,2.855,2.815,2.468,2.397,0.691,0.482,0.42,0.437,0.418,0.325,0.414,0.315,0.461,0.223,0.342,0.458,0.342,0.458,0.336,0.452,0.343,0.459,0.343,0.459,0.337,0.453,0.334,0.45,2.25,2.52,2.5,2.55,1.2,1.25,1.16,1.17,2.29,-0.291,-0.392,7.957291667,-4.201041667,7.957291667,2.991041667,0.490086712,140.25,122.106,140.1439246,59,0,0.0,0.0,0.0,0.0,-666,-666,-666,-4.97e-16,-0.24761115,-1.84e-16,-2.816350048,-3.78e-16,-2.825667418,-2.45e-16,-1.129867759,4.341974553,532.9284312,23.20710678,22.9472136,4.947213595,11.70710678,11.4472136,2.447213595,1.907623792,1.907623792,0.822213595,0.822213595,0.519611046,0.519611046,-0.04,134170.8205,1.022824268,2.228786,1.978612327,89.49228798,0,0.0,0,0,0,87.59463629,0,0,0,0.0,0,0,0.0,0,24.67365401,0.0,0.0,5.316788604,0.0,57.60419368,0.0,0.0,0,0.0,5.316788604,0.0,0,0.0,11.0778505,0.0,0.0,71.19999718,0.0,0.0,0.0,0,-666,57.60419368,0.0,0,0.0,0.0,0.0,0.0,0.0,0.0,5.316788604,24.67365401,138.3933333,0.0,0.0,2.991041667,-8.379166667,0.0,0.0,-12.50659722,-16.24861111,0.0,1.0,10,0,1,0,0,0,0,0,0,0,0,1,-666,0,0,0,-666,2.3319,44.143,0,0,0,0,0,0,0,0,0,0,0,0,0,0,0,1,0,0,0,0,0,0,0,0,0,0,0,0,0,0,0,0,0,0,0,0,-666,0,0,0,0,0,0,0,0,0,0,0,0,0,0,0,0,0,-666,0,0,0,0,0,0,0,0,0,0,0,0,0,0,1,0,0,0,0,0,0,0,0,0,0,0,0,0,-666,0,0,65,7,14.007,-1.4,7.4,5,3.04,0.001145,334.3,16.1,-0.3503071,-0.336499327,N,6,6,0,2.55,2.55,0.0,12,5.1,0.961,66.612
265,"2,2-diphenyl-1-_2,4,6-trinitrophenyl_hydrazin-1-yl_N_CN.log:",7.628,5.998,6.26,7.009,7.94,7.003,6.096,5.788,0.117,0.095,0.121,0.153,0.13,0.098,0.124,0.088,0.151,0.093,0.105,0.157,0.11,0.16,0.101,0.152,0.104,0.155,0.111,0.161,0.104,0.154,0.101,0.156,6.4,7.58,7.48,7.72,2.73,2.79,2.67,2.56,6.24,-0.084,-0.125,11.91444191,-1.732283741,11.91444191,0.014305556,0.425874243,394.323,382.227,394.0787581,145,0,0.0,0.0,0.0,0.0,-666,-666,-666,13.52919105,-0.094148367,0.705252895,-2.377674651,0.767486648,-2.319313152,3.570720294,-0.44600158,2.587851892,1740.63782,31.4088127,25.68555772,13.68555772,18.87546809,13.1370859,7.137085902,4.774773541,4.774773541,3.067149749,3.067149749,1.946749291,1.946749291,-0.44,325207660.6,11.97604422,10.73327152,5.832791308,178.0075439,0,0.0,0,0,0,176.993584,0,0,0,0.0,0,0,0.0,0,16.44910267,0.0,0.0,10.43470392,13.86028914,0.0,0.0,136.2494883,0,0.0,5.425791397,0.0,0,0.0,5.008912524,0.0,29.44239146,16.44910267,120.667386,0.0,0.0,0,-666,120.667386,29.44239146,0,5.008912524,0.0,0.0,0.0,0.0,0.0,5.425791397,16.44910267,91.76179906,0.0,70.50247283,0.014305556,-5.324075066,0.0,-13.95450238,0.0,0.0,0.0,0.0,29,0,11,0,0,0,0,0,0,7,0,11,-666,0,0,0,-666,4.2203,107.377,0,0,0,0,0,0,0,0,0,0,0,0,0,0,0,5,0,0,0,0,-666,0,0,0,0,0,12,0,0,0,0,0,0,0,0,0,-666,0,0,0,0,0,0,0,0,0,0,0,0,0,0,0,0,0,-666,0,0,0,3,0,0,6,0,0,0,0,0,0,0,0,0,0,0,0,0,0,0,0,0,0,0,0,0,-666,0,0,65,7,14.007,-1.4,7.4,5,3.04,0.001145,571.5,20.6,-0.432430621,-0.375287271,N,6,7,0,2.55,3.04,0.0,13,5.59,0.398,73.805
272,"2,5-dioxo-2,5-dihydro-1H-pyrrol-1-yl_N_CC.log:",8.55,6.58,6.801,7.779,8.801,7.706,7.017,6.672,0.566,0.37,0.379,0.422,0.382,0.278,0.367,0.258,0.445,0.275,0.326,0.427,0.327,0.424,0.328,0.434,0.325,0.425,0.326,0.422,0.328,0.434,0.333,0.448,6.87,7.71,7.64,7.8,3.44,3.57,3.38,3.42,6.8,-0.234,-0.356,10.24203704,-0.912037037,10.24203704,0.611111111,0.371012181,96.065,94.049,96.0085533,35,0,0.0,0.0,0.0,0.0,-666,-666,-666,14.76196007,-0.088244992,0.99588808,-1.813016777,0.855667444,-2.133975701,4.010286099,-0.344759036,3.060324122,198.607525,7.016507858,5.263710176,3.263710176,4.125897658,2.605461886,1.605461886,0.972108528,0.972108528,0.479455963,0.479455963,0.255062731,0.255062731,-0.12,109.1617784,3.016596056,1.77578768,1.122573655,42.82149057,0,0.0,0,0,0,41.56588304,0,0,0,0.0,0,0,0.0,0,12.33059148,11.81435946,0.0,5.316788604,0.0,0.0,0.0,12.10414349,0,0.0,5.316788604,0.0,0,0.0,11.81435946,9.589074368,0.0,2.741517112,12.10414349,0.0,0.0,0,-666,23.91850295,9.589074368,0,0.0,0.0,0.0,0.0,0.0,0.0,5.316788604,2.741517112,13.40481481,0.0,20.48407407,2.824074074,0.0,-1.824074074,-1.222222222,0.0,0.0,0.0,0.0,7,0,3,0,0,0,0,0,0,-666,0,3,-666,0,0,0,-666,-0.7862,21.288,0,0,0,0,0,0,0,0,0,0,2,2,0,0,0,1,0,0,0,0,0,0,0,0,0,0,0,2,0,0,0,0,0,0,0,0,-666,0,0,0,0,0,0,0,0,0,0,0,1,0,0,0,0,0,-666,0,0,0,0,0,0,0,0,0,0,0,0,0,0,0,0,0,0,0,0,0,0,0,0,0,0,0,0,-666,0,0,65,7,14.007,-1.4,7.4,5,3.04,0.001145,233.6,15.3,-0.449155192,-0.446349432,N,6,6,0,2.55,2.55,0.0,12,5.1,0.849,45.368
273,"2,5-dioxopyrrolidin-1-yl_N_CC.log:",13.334,8.155,8.178,10.778,13.888,10.524,9.62,8.954,0.113,0.067,0.117,0.116,0.115,0.08,0.119,0.078,0.124,0.096,0.096,0.122,0.093,0.112,0.095,0.122,0.096,0.123,0.093,0.112,0.094,0.121,0.094,0.122,8.45,9.69,9.59,9.83,3.81,4.38,3.82,4.11,8.17,-0.06,-0.108,10.519375,-2.80150463,10.519375,1.340277778,0.381051627,98.081,94.049,98.02420337,37,0,0.0,0.0,0.0,0.0,-666,-666,-666,12.57469478,-0.179680777,1.76e-16,-2.277178659,5.55e-17,-2.289443088,1.556501298,-0.900361835,3.145905437,212.2465573,8.86180732,7.263710176,3.263710176,4.798547388,3.605461886,1.605461886,0.972108528,0.972108528,0.479455963,0.479455963,0.255062731,0.255062731,-0.12,197.1580754,2.009487457,1.77578768,1.122573655,46.3210346,0,0.0,0,0,0,44.94910646,0,0,0,0.0,0,0,0.0,0,15.07210859,11.81435946,0.0,5.316788604,0.0,12.7458498,0.0,0.0,0,0.0,5.316788604,0.0,0,0.0,11.81435946,9.589074368,0.0,18.22888403,0.0,0.0,0.0,0,-666,24.56020926,9.589074368,0,0.0,0.0,0.0,0.0,0.0,0.0,5.316788604,5.483034225,27.41148148,0.0,21.03875,2.666666667,0.0,-2.680555556,0.0,-5.603009259,0.0,0.0,0.5,7,0,3,0,0,0,0,0,0,-666,0,3,-666,0,0,0,-666,-0.5622,21.382,0,0,0,0,0,0,0,0,0,0,2,2,0,0,0,1,0,0,0,0,0,0,0,0,0,0,0,2,0,0,0,0,0,0,0,0,-666,0,0,0,0,0,0,0,0,0,0,0,1,0,0,0,0,0,-666,0,0,0,0,0,0,0,0,0,0,0,0,0,0,0,0,0,0,0,0,0,0,0,0,0,0,0,0,-666,0,0,65,7,14.007,-1.4,7.4,5,3.04,0.001145,241.1,14.9,-0.438075552,-0.438027053,N,6,6,0,2.55,2.55,0.0,12,5.1,0.119,46.106
324,2-oxopyrrolidin-1-yl_N_CC.log:,6.313,4.68,4.833,5.683,6.526,5.63,5.064,4.801,0.526,0.364,0.377,0.394,0.371,0.267,0.365,0.256,0.426,0.249,0.312,0.415,0.31,0.411,0.308,0.414,0.312,0.415,0.311,0.411,0.309,0.415,0.312,0.423,4.87,5.51,5.46,5.58,2.34,2.42,2.29,2.31,4.83,-0.221,-0.339,10.70541667,-2.891782407,10.70541667,1.377314815,0.403296839,84.098,78.05,84.04493881,33,0,0.0,0.0,0.0,0.0,-666,-666,-666,8.81e-16,-0.185577534,-2.51e-16,-2.398555458,0.0,-2.413791976,-4.8199999999999994e-34,-0.982881684,3.188780379,235.7025845,9.78445705,8.855461886,2.855461886,5.127827085,4.401337741,1.401337741,0.778759362,0.778759362,0.382781381,0.382781381,0.18809154,0.18809154,-0.08,257.2080642,1.00855457,1.578792476,0.69797454,44.9694535,0,0.0,0,0,0,43.48576634,0,0,0,0.0,0,0,0.0,0,13.01908852,5.907179729,0.0,5.316788604,0.0,12.7458498,6.496859684,0.0,0,0.0,5.316788604,0.0,0,0.0,12.40403941,4.794537184,0.0,20.97040114,0.0,0.0,0.0,0,-666,25.14988922,4.794537184,0,0.0,0.0,0.0,0.0,0.0,0.0,5.316788604,8.224551337,41.84435185,0.0,10.70541667,2.770833333,0.0,-1.377314815,0.0,-5.756365741,-2.77025463,0.0,0.75,6,0,2,0,0,0,0,0,0,-666,0,2,-666,0,0,0,-666,-0.0888,21.242,0,0,0,0,0,0,0,0,0,0,1,1,0,0,0,1,0,0,0,0,0,0,0,0,0,0,0,1,0,0,0,0,0,0,0,0,-666,0,0,0,0,0,0,0,0,0,0,0,0,0,0,0,0,0,-666,0,0,0,0,0,0,0,0,0,0,0,0,0,0,0,0,0,0,0,0,0,0,0,0,0,0,0,0,-666,0,0,65,7,14.007,-1.4,7.4,5,3.04,0.001145,234.6,14.4,-0.402292047,-0.400307746,N,6,6,0,2.55,2.55,0.0,12,5.1,0.796,42.95
334,"3,5-dichloro-2,4,6-trioxo-1,3,5-triazinan-1-yl_N_CC.log:",11.281,8.001,8.343,10.165,11.633,10.069,9.081,8.617,0.06,0.052,0.159,0.231,0.163,0.126,0.158,0.119,0.253,0.156,0.55,0.784,0.553,0.781,0.524,0.762,0.548,0.782,0.557,0.785,0.533,0.769,0.506,0.741,8.61,9.68,9.6,9.8,4.27,4.44,4.21,4.23,8.34,-0.102,-0.14,10.63222222,-1.140216049,10.63222222,0.105555556,0.540538752,196.957,196.957,195.9316712,59,0,0.0,0.0,0.0,0.0,-666,-666,-666,35.50091738,10.69903643,2.37666509,-2.200560459,2.116683013,-2.51440177,6.402959882,0.178189275,2.872417886,219.9818948,8.593858127,4.822314604,6.334172496,5.03658126,2.292074924,2.968198328,1.521194456,2.19731786,0.86306018,1.441457982,0.410336835,0.675808338,0.34,256.3467848,9.428183422,3.378393142,1.738404121,70.84727405,0,0.0,0,0,0,70.18501781,0,0,0,0.0,0,0,0.0,0,14.38361155,41.64667999,0.0,14.15472627,0.0,0.0,0.0,0.0,0,0.0,5.316788604,14.38361155,0,23.55333645,26.9312812,0.0,0.0,0.0,0.0,0.0,0.0,0,-666,18.09334354,14.38361155,0,8.837937665,0.0,0.0,0.0,0.0,0.0,5.316788604,23.55333645,0.211111111,10.07981481,31.55382716,2.784444444,0.0,0.0,-3.406975309,0.0,0.0,0.0,0.0,11,0,6,0,0,0,0,0,0,-666,0,8,-666,0,0,0,-666,0.876,33.706,0,0,0,0,0,0,0,0,0,0,3,3,0,0,0,3,0,0,0,0,-666,0,0,0,0,0,0,6,0,0,0,0,0,0,0,0,-666,0,0,0,0,0,0,0,2,0,0,0,3,0,0,0,0,0,-666,0,0,0,0,0,0,0,0,0,0,0,0,0,0,0,0,0,0,0,0,0,0,0,0,0,0,0,0,-666,3,0,65,7,14.007,-1.4,7.4,5,3.04,0.001145,304.1,17.7,-0.467638133,-0.465874831,N,6,6,0,2.55,2.55,0.0,12,5.1,-0.017,49.156
365,"4,4-dimethyl-2,5-dioxoimidazolidin-1-yl_N_CC.log:",9.882,7.135,7.355,8.685,10.236,8.564,7.728,7.281,0.514,0.331,0.218,0.233,0.212,0.153,0.216,0.149,0.238,0.129,0.18,0.224,0.183,0.226,0.188,0.235,0.179,0.222,0.182,0.224,0.187,0.235,0.204,0.262,7.45,8.5,8.42,8.62,3.5,3.71,3.45,3.5,7.35,-0.052,-0.085,11.34125,-3.354421296,11.34125,0.37962963,0.450687351,127.123,120.067,127.0507525,49,0,0.0,0.0,0.0,0.0,-666,-666,-666,11.05655192,-0.244322203,-2.2e-17,-2.519957507,4.58e-17,-2.686027547,0.263863558,-1.032549834,3.488215574,331.6667983,12.93915759,11.21092377,4.210923772,6.959230991,5.499889077,2.052675481,1.521743745,1.521743745,0.770046455,0.770046455,0.38405688,0.38405688,-0.16,1597.574595,2.165579023,1.914944034,1.214154503,62.50880703,0,0.0,0,0,0,61.03307347,0,0,0,0.0,0,0,0.0,0,19.22546778,11.93829424,0.0,10.62660196,0.0,19.24270949,0.0,0.0,0,0.0,10.62660196,4.794537184,0,0.0,17.47721949,4.794537184,0.0,21.92833557,0.0,1.411842078,0.0,0,-666,31.18100373,9.589074368,0,5.309813353,0.0,0.0,0.0,0.0,0.0,5.316788604,9.636393415,49.50703704,0.0,22.285625,2.317453704,-3.197337963,-1.631944444,-1.488657407,0.0,-6.708842593,0.0,0.6,9,1,4,0,0,0,0,0,0,-666,1,4,-666,0,0,0,-666,-0.3808,29.7517,0,0,0,0,0,0,0,0,0,0,2,2,0,0,0,1,1,0,0,0,-666,0,0,0,0,0,0,3,0,0,0,0,0,0,0,0,-666,0,0,0,0,0,0,0,0,0,0,0,1,0,0,0,0,0,-666,0,0,0,0,0,0,0,0,0,0,0,0,0,0,0,0,0,0,0,0,0,0,0,0,0,0,0,0,-666,1,0,65,7,14.007,-1.4,7.4,5,3.04,0.001145,285.1,15.7,-0.429464953,-0.426598161,N,6,6,0,2.55,2.55,0.0,12,5.1,0.753,47.488
369,"4-_chloromethyl_-1,4-diazobicyclo_2.2.2_octan-4-ium-1-ylium-1-yl_N_CCC.log:",0.171,0.048,0.024,0.175,0.199,0.185,0.093,0.078,0.024,-0.015,0.007,0.021,0.014,-0.008,0.016,-0.013,0.006,0.008,0.001,0.006,0.001,0.007,-0.049,0.02,0.001,0.006,0.001,0.006,-0.045,0.018,-0.045,0.021,9.92,9.23,9.28,9.17,16.93,17.0,16.57,16.48,9.07,0.017,-0.033,7.969236111,-3.789236111,7.969236111,0.476558642,-666.0,161.656,147.544,161.0845511,59,0,0.0,0.0,0.0,0.0,-666,-666,-666,0.0,0.0,0.0,0.0,0.0,0.0,0.0,0.0,3.164942016,508.838944,19.57735027,18.77239166,5.52832061,10.1160254,9.504229821,2.882194294,1.761566409,1.93059726,1.11529863,1.368844906,0.606091667,0.732864806,0.21,36757.75634,1.362697036,2.36254405,0.948707534,86.61973346,0,0.0,0,0,0,85.11169988,0,0,0,0.0,0,0,0.0,0,19.19061979,11.60093989,0.0,9.382940589,0.0,0.0,44.93719961,0.0,0,0.0,0.0,0.0,0,11.60093989,54.3201402,0.0,0.0,19.19061979,0.0,0.0,0.0,0,-666,54.3201402,0.0,0,0.0,0.0,0.0,0.0,0.0,0.0,0.0,30.79155968,107.3251389,5.495933642,-0.476558642,0.0,0.0,-3.739027778,0.0,0.0,-22.244375,0.0,1.0,10,0,2,0,0,0,0,0,0,1,0,3,-666,0,0,0,-666,0.3496,43.6,0,0,0,0,0,0,0,0,0,0,0,0,0,0,0,2,0,0,0,0,-666,0,0,0,0,1,0,0,0,0,0,0,0,0,0,0,-666,0,0,0,0,0,0,0,1,0,0,0,0,0,0,0,0,0,-666,0,0,0,0,0,0,0,0,0,0,0,0,0,0,0,3,0,0,0,0,0,0,0,0,0,0,0,0,-666,0,2,65,7,14.007,-1.4,7.4,5,3.04,0.001145,315.4,16.6,-0.359593846,-0.132035267,N,6,6,6,2.55,2.55,2.55,18,7.65,0.002,59.313
392,"4-methyl-1,4-diazabicyclo_2.2.2_octan-4-ium-1-ylium-1-yl_N_CCC.log:",0.256,0.08,0.04,0.267,0.349,0.297,0.106,0.089,0.021,-0.002,0.02,0.03,0.031,-0.054,0.029,-0.044,0.019,0.049,-0.067,0.026,-0.067,0.026,-0.058,0.027,-0.068,0.026,-0.07,0.026,-0.059,0.027,-0.052,0.028,9.71,9.07,9.11,9.01,16.47,16.85,16.2,16.32,8.94,0.018,-0.034,7.933680556,-3.96125,7.933680556,0.50125,-666.0,127.211,112.091,127.1235235,53,0,0.0,0.0,0.0,0.0,-666,-666,-666,0.0,0.0,0.0,0.0,0.0,0.0,0.0,0.0,3.164942016,503.538554,19.57735027,19.39442719,4.394427191,10.1160254,9.815247584,2.315247584,1.677050983,1.677050983,0.988525492,0.988525492,0.542705098,0.542705098,-0.08,36757.75634,0.90098828,1.703725895,0.864355867,77.72143774,0,0.0,0,0,0,75.90130394,0,0,0,0.0,0,0,0.0,0,20.56137834,0.0,0.0,9.382940589,0.0,0.0,45.95698501,0.0,0,0.0,0.0,0.0,0,0.0,55.33992559,0.0,0.0,20.56137834,0.0,0.0,0.0,0,-666,55.33992559,0.0,0,0.0,0.0,0.0,0.0,0.0,0.0,0.0,20.56137834,114.2302083,0.0,-0.50125,0.0,0.0,0.0,0.0,0.0,-26.47895833,0.0,1.0,9,0,2,0,0,0,0,0,0,1,0,2,-666,0,0,0,-666,-0.2169,38.804,0,0,0,0,0,0,0,0,0,0,0,0,0,0,0,2,0,0,0,1,-666,0,0,0,0,0,0,0,0,0,0,0,0,0,0,0,-666,0,0,0,0,0,0,0,0,0,0,0,0,0,0,0,0,0,-666,0,0,0,0,0,0,0,0,0,0,0,0,0,0,0,3,0,0,0,0,0,0,0,0,0,0,0,0,-666,0,2,65,7,14.007,-1.4,7.4,5,3.04,0.001145,294.8,15.8,-0.32033211,-0.070654397,N,6,6,6,2.55,2.55,2.55,18,7.65,-0.043,59.292
414,adenosine_radical_N_CH.log:,8.968,6.542,6.726,8.978,9.384,9.123,7.46,7.134,0.352,0.264,0.205,0.194,0.198,0.152,0.203,0.147,0.212,0.146,0.167,0.211,0.167,0.21,0.169,0.212,0.168,0.211,0.166,0.209,0.168,0.211,0.17,0.216,6.5,7.69,7.59,7.82,2.74,2.95,2.71,2.75,6.71,-0.069,-0.083,8.645151172,-3.697880645,8.645151172,0.246923658,-666.0,266.237,254.141,266.0889289,101,0,0.0,0.0,0.0,0.0,-666,-666,-666,0.0,0.0,0.0,0.0,0.0,0.0,0.0,0.0,2.272645898,940.7307123,23.62095586,20.86906114,8.869061139,14.23064112,10.42864717,4.756688704,3.363289932,3.363289932,2.310242272,2.310242272,1.474461997,1.474461997,-0.36,4325870.615,5.44430904,5.202687045,2.165328073,124.7762853,0,0.0,0,0,0,123.3244125,0,0,0,0.0,0,0,0.0,0,32.44119805,18.46479379,4.293598972,20.61141142,4.992404733,24.44400689,6.558985243,11.51801341,0,0.0,15.71150169,0.0,0,0.0,73.9877192,4.736862954,0.0,10.96606845,16.51041814,1.411842078,0.0,0,-666,60.98579933,0.0,0,4.899909731,0.0,0.0,0.0,0.0,0.0,36.030331,21.40837245,101.5881124,0.0,3.900513432,15.61346871,2.573166868,-1.175310702,0.0,-16.27697961,-3.639637739,0.0,0.5,19,4,9,0,0,0,0,0,0,-666,3,9,-666,0,0,0,-666,-3.6667,63.5531,0,3,0,0,0,0,0,0,0,0,0,0,0,0,1,4,1,0,0,0,-666,0,0,0,0,0,0,0,3,0,0,0,0,0,0,0,-666,0,0,0,0,1,0,0,0,0,0,0,0,0,0,0,0,0,-666,0,0,0,0,0,0,0,0,0,0,0,0,0,0,0,0,0,0,0,0,0,0,0,0,0,0,0,0,-666,0,0,65,7,14.007,-1.4,7.4,5,3.04,0.001145,424.9,18.3,-0.40197654,-0.398017978,N,6,1,0,2.55,2.1,0.0,7,4.65,0.583,30.636
417,ammoniumyl_N_HHH.log:,7.25,7.065,7.344,7.243,7.208,7.228,7.452,7.511,0.88,0.696,0.761,0.776,0.761,0.657,0.757,0.642,0.765,0.627,0.668,0.761,0.668,0.761,0.663,0.759,0.668,0.762,0.669,0.762,0.664,0.76,0.659,0.758,7.7,7.49,7.5,7.47,10.21,10.27,9.99,10.13,7.34,-0.624,-0.846,5.75,-0.25,5.75,0.25,0.397555062,17.031,14.007,17.0265491,8,0,0.0,0.0,0.0,0.0,-666,-666,-666,-0.208044018,-0.208044018,-1.911178056,-1.911178056,-1.987647403,-1.987647403,-0.965041308,-0.965041308,2.323790008,8.0,3.577350269,3.447213595,0.447213595,1.732050808,1.341640786,0.0,0.0,0.0,0.0,0.0,0.0,0.0,-0.04,3.245112498,0.00017531,-27.04,-104.04,11.89330952,0,0.0,0,0,0,10.36514683,0,0,0,0.0,0,0,0.0,0,4.235526235,0.0,0.0,6.129620598,0.0,0.0,0.0,0.0,0,0.0,6.129620598,0.0,0,0.0,0.0,0.0,0.0,0.0,0.0,4.235526235,0.0,0,-666,0.0,0.0,0,6.129620598,0.0,0.0,0.0,0.0,0.0,0.0,4.235526235,17.25,0.0,0.0,0.0,0.0,0.0,0.0,-0.25,0.0,0.0,0.0,1,3,1,0,0,0,0,0,0,1,1,1,0,0,0,0,-666,0.162,5.0221,0,0,0,0,0,0,0,0,0,0,0,0,0,0,0,0,0,0,0,0,0,0,0,0,0,0,0,0,0,0,0,0,0,0,0,0,-666,0,0,0,0,0,0,0,0,0,0,0,0,0,0,0,0,0,0,0,0,0,0,0,0,0,0,0,0,0,0,0,0,0,0,0,0,0,0,0,0,0,0,0,0,0,0,-666,0,1,65,7,14.007,-1.4,7.4,5,3.04,0.001145,126.1,9.1,-0.345557096,-0.010286087,N,1,1,1,2.1,2.1,2.1,3,6.3,1.09,0.0
418,azanyl_N_HH.log:,3.727,3.118,3.258,3.741,3.822,3.776,3.35,3.259,0.963,0.822,0.864,0.838,0.863,0.744,0.861,0.732,0.864,0.825,0.766,0.865,0.766,0.865,0.759,0.863,0.766,0.865,0.767,0.865,0.761,0.863,0.764,0.869,3.15,3.49,3.46,3.52,1.65,1.65,1.6,1.62,3.26,-0.698,-0.851,5.5,2.0,5.5,2.0,0.351155431,16.023,14.007,16.01872406,7,0,0.0,0.0,0.0,0.0,-666,-666,-666,-0.139378936,-0.139378936,-1.557006838,-1.557006838,-1.673951766,-1.673951766,-0.702976002,-0.702976002,1.632993162,2.754887502,2.707106781,2.447213595,0.447213595,1.414213562,0.894427191,0.0,0.0,0.0,0.0,0.0,0.0,0.0,-0.04,2.754887502,0.000399833,-27.04,-104.04,10.43028239,0,0.0,0,0,0,8.960280006,0,0,0,0.0,0,0,0.0,0,2.823684157,0.0,0.0,6.136595849,0.0,0.0,0.0,0.0,0,0.0,6.136595849,0.0,0,0.0,0.0,0.0,0.0,0.0,0.0,2.823684157,0.0,0,-666,0.0,0.0,0,0.0,0.0,0.0,0.0,0.0,6.136595849,0.0,2.823684157,11.0,0.0,0.0,0.0,0.0,0.0,0.0,2.0,0.0,0.0,0.0,1,2,1,0,0,0,0,0,0,0,0,1,0,0,0,0,-666,-0.0522,4.0594,0,0,0,0,0,0,0,0,0,0,0,0,0,0,0,0,0,1,0,0,0,0,0,0,0,0,0,0,0,0,0,0,0,0,0,0,-666,0,0,0,0,0,0,0,0,0,0,0,0,0,0,0,0,0,0,0,0,0,0,0,0,0,0,0,0,0,0,0,0,0,0,0,0,0,0,0,0,0,0,0,0,0,0,0,0,0,65,7,14.007,-1.4,7.4,5,3.04,0.001145,120.5,8.8,-0.432518569,-0.427058032,N,1,1,0,2.1,2.1,0.0,2,4.2,1.065,0.0
419,azido_N_N.log:,6.62,5.509,5.704,6.643,6.788,6.706,5.955,5.794,0.534,0.481,0.521,0.52,0.523,0.467,0.52,0.459,0.532,0.395,0.471,0.529,0.471,0.53,0.471,0.531,0.471,0.529,0.471,0.529,0.471,0.531,0.472,0.531,5.49,6.09,6.04,6.15,2.85,2.9,2.79,2.8,5.7,-0.465,-0.527,6.75,1.5,6.75,1.5,0.297922952,42.021,42.021,42.009222,15,0,0.0,0.0,0.0,0.0,-666,-666,-666,15.42171365,12.59328635,1.414713651,-1.413713651,0.934113651,-1.894313651,3.548713651,0.720286349,1.632993162,0.0,2.707106781,1.341640786,1.341640786,1.414213562,0.4,0.4,0.089442719,0.089442719,0.0,0.0,0.0,0.0,-0.12,2.754887502,2.88,1.88,1.88,18.54422453,0,0.0,0,0,0,17.22013473,0,0,0,0.0,0,0,0.0,0,0.0,0.0,0.0,17.22013473,0.0,0.0,0.0,0.0,0,0.0,17.22013473,0.0,0,0.0,0.0,0.0,0.0,0.0,0.0,0.0,0.0,0,-666,0.0,0.0,0,0.0,0.0,0.0,5.53479419,0.0,0.0,0.0,11.68534054,0.0,0.0,0.0,0.0,1.5,13.5,0.0,0.0,0.0,0.0,0.0,3,0,3,0,0,0,0,0,0,0,0,3,0,0,0,0,-666,-1.4418,6.402,0,0,0,0,0,0,0,0,0,0,0,0,0,0,0,3,0,0,0,0,0,0,0,0,0,0,0,0,0,0,0,0,0,0,0,0,-666,0,0,0,0,0,0,0,0,0,0,0,0,0,0,0,0,0,0,0,0,0,0,0,0,0,0,0,0,0,0,0,0,0,0,0,0,0,0,0,0,0,0,0,0,0,0,0,0,0,65,7,14.007,-1.4,7.4,5,3.04,0.001145,153.3,11.8,-0.452683205,-0.452683113,N,7,0,0,3.04,0.0,0.0,7,3.04,0.601,18.512
428,bis_trimethylsilyl_aminyl_N_SiSi.log:,4.932,4.018,4.141,4.952,5.076,5.006,4.395,4.27,0.756,0.431,0.293,0.351,0.287,0.217,0.286,0.21,0.361,0.202,0.291,0.357,0.291,0.357,0.283,0.352,0.292,0.357,0.293,0.358,0.284,0.353,0.286,0.362,4.09,4.63,4.58,4.69,2.08,2.22,2.03,2.09,4.13,-0.178,-0.27,7.494367284,-6.258333333,7.494367284,3.069444444,0.55027816,160.389,142.245,160.0977776,55,0,0.0,0.0,0.0,0.0,-666,-666,-666,-9.15e-16,-2.461910077,-0.03900454,-2.695440271,-0.043572381,-2.759217274,-2.02e-16,-2.505216734,7.454278915,404.9182522,22.70710678,22.4472136,6.447213595,11.20710678,10.9472136,5.841640786,1.532623792,5.26869177,0.335410197,3.01869177,0.251557647,2.264018827,0.393766234,58146.98016,0.950059394,2.557895933,8.393766234,86.32516888,0,0.0,0,0,0,84.64350432,0,0,0,0.0,0,0,0.0,0,24.67365401,16.47092175,0.0,4.647930924,0.0,38.85099763,0.0,0.0,0,0.0,4.647930924,0.0,0,0.0,16.47092175,0.0,0.0,24.67365401,0.0,38.85099763,0.0,0,-666,55.32191938,0.0,0,0.0,0.0,0.0,0.0,0.0,0.0,4.647930924,24.67365401,137.9680556,0.0,0.0,0.0,0.0,0.0,0.0,0.0,-23.5625,-12.51666667,1.0,9,0,1,0,0,0,0,0,0,0,0,3,-666,0,0,0,-666,2.2606,48.826,0,0,0,0,0,0,0,0,0,0,0,0,0,0,0,1,0,0,0,0,0,0,0,0,0,0,0,0,0,0,0,0,0,0,0,0,-666,0,0,0,0,0,0,0,0,0,0,0,0,0,0,0,0,0,-666,0,0,0,0,0,0,0,0,0,0,0,0,0,0,0,0,0,0,0,0,0,0,0,0,0,0,0,0,-666,0,0,65,7,14.007,-1.4,7.4,5,3.04,0.001145,384.2,17.8,-0.358531315,-0.357396881,N,14,14,0,1.9,1.9,0.0,28,3.8,0.908,68.254
442,cyano_methyl_aminyl_C_NN.log:,6.399,5.063,5.196,6.426,6.596,6.5,5.639,5.46,-0.053,0.216,0.356,0.355,0.349,0.241,0.348,0.237,0.228,0.201,0.265,0.374,0.265,0.374,0.264,0.374,0.265,0.374,0.265,0.378,0.264,0.374,0.265,0.378,4.99,5.63,5.58,5.7,2.39,2.53,2.36,2.4,5.19,-0.227,-0.351,7.625208333,-2.435763889,7.625208333,1.170138889,0.35037828,55.06,52.036,55.0296231,21,0,0.0,0.0,0.0,0.0,-666,-666,-666,11.29715205,-0.243200512,0.0,-2.096306253,0.0,-2.274172262,1.306695325,-0.904562511,3.403810438,88.08847962,5.914213562,4.894427191,1.894427191,3.060660172,2.170820393,0.670820393,0.211803399,0.211803399,0.05,0.05,0.0,0.0,-0.08,18.14170945,0.953692476,2.92,1.92,29.26154651,0,0.0,0,0,0,27.85993882,0,0,0,0.0,0,0,0.0,0,4.112275669,0.0,5.261891555,5.316788604,0.0,0.0,6.9758269,0.0,0,6.193156096,5.316788604,0.0,0,0.0,6.9758269,0.0,11.45504765,4.112275669,0.0,0.0,0.0,0,-666,6.9758269,0.0,0,0.0,0.0,0.0,6.193156096,0.0,0.0,5.316788604,9.374167223,18.82791667,0.0,0.0,10.18770833,0.0,0.0,0.0,1.170138889,-2.435763889,0.0,0.5,4,0,2,0,0,0,0,0,0,1,0,2,-666,0,0,0,-666,-0.29832,13.671,0,0,0,0,0,0,0,0,0,0,0,0,0,0,0,2,0,0,0,0,0,0,0,0,0,0,0,0,0,0,0,0,0,0,0,0,-666,0,0,0,0,0,0,0,0,0,0,0,0,0,0,0,0,0,-666,0,0,1,0,0,0,0,0,0,0,0,0,0,0,0,0,0,0,0,0,0,0,0,0,0,0,0,0,-666,0,0,65,7,14.007,-1.4,7.4,5,3.04,0.001145,197.5,13.1,-0.416902784,-0.409330772,N,6,6,0,2.55,2.55,0.0,12,5.1,-0.224,33.527
456,dibutylaminyl_N_CC.log:,2.929,2.343,2.434,2.942,3.018,2.975,2.596,2.519,0.686,0.487,0.484,0.473,0.463,0.356,0.462,0.344,0.519,0.317,0.388,0.499,0.388,0.499,0.386,0.497,0.388,0.499,0.389,0.499,0.387,0.497,0.388,0.504,2.38,2.67,2.65,2.71,1.25,1.29,1.21,1.21,2.43,-0.323,-0.436,7.525836168,-4.026411919,7.525836168,2.580416667,0.486785418,128.239,110.095,128.1439246,55,0,0.0,0.0,0.0,0.0,-666,-666,-666,-1.19e-15,-2.192495385,-0.131337387,-2.62730422,-0.223606488,-2.647607329,-1.04e-16,-2.249752675,6.185482375,488.5453272,22.70710678,22.4472136,4.447213595,11.20710678,10.9472136,1.947213595,0.835410197,0.835410197,0.348606798,0.348606798,0.139754249,0.139754249,-0.04,75446.06709,0.842412435,7.96,7.96,84.13317702,0,0.0,0,0,0,82.17964582,0,0,0,0.0,0,0,0.0,0,24.67365401,0.0,0.0,5.316788604,0.0,39.19548384,12.99371937,0.0,0,0.0,5.316788604,0.0,0,0.0,12.99371937,0.0,0.0,63.86913785,0.0,0.0,0.0,0,-666,52.18920321,0.0,0,0.0,0.0,0.0,0.0,0.0,0.0,5.316788604,24.67365401,131.742632,0.0,0.0,2.580416667,0.0,0.0,0.0,-15.8606824,-15.46236631,0.0,1.0,9,0,1,0,0,0,0,0,0,0,0,1,-666,0,0,0,-666,2.191,41.684,0,0,0,0,0,0,0,0,0,0,0,0,0,0,0,1,0,0,0,0,0,0,0,0,0,0,0,0,0,0,0,0,0,0,0,0,-666,0,0,0,0,0,0,0,0,0,0,0,0,0,0,0,0,0,-666,0,0,0,0,0,0,0,0,0,0,0,0,0,0,0,0,0,0,0,0,0,0,0,0,0,0,0,0,-666,0,0,65,7,14.007,-1.4,7.4,5,3.04,0.001145,382.1,14.9,-0.369500974,-0.342706502,N,6,6,0,2.55,2.55,0.0,12,5.1,0.952,45.089
463,diethylaminyl_N_CC.log:,2.973,2.392,2.498,2.986,3.062,3.019,2.636,2.557,0.683,0.505,0.483,0.471,0.462,0.362,0.462,0.354,0.518,0.321,0.395,0.498,0.395,0.498,0.392,0.496,0.395,0.498,0.395,0.498,0.393,0.496,0.396,0.503,2.45,2.74,2.71,2.77,1.26,1.28,1.21,1.21,2.49,-0.34,-0.449,6.960763889,-3.23125,6.960763889,2.625,0.45401649,72.131,62.051,72.08132432,31,0,0.0,0.0,0.0,0.0,-666,-666,-666,-1.48e-15,-0.249006329,-0.120542439,-2.489375548,-0.238605997,-2.57488153,-2.8e-16,-1.064894899,4.893994099,198.5573375,12.70710678,12.4472136,2.447213595,6.207106781,5.947213595,0.947213595,0.335410197,0.335410197,0.111803399,0.111803399,0.02795085,0.02795085,-0.04,484.0282471,0.399117905,3.96,3.96,47.43364456,0,0.0,0,0,0,45.72187777,0,0,0,0.0,0,0,0.0,0,13.70758556,0.0,0.0,5.316788604,0.0,13.70378423,12.99371937,0.0,0,0.0,5.316788604,0.0,0,0.0,12.99371937,0.0,0.0,27.4113698,0.0,0.0,0.0,0,-666,26.6975036,0.0,0,0.0,0.0,0.0,0.0,0.0,0.0,5.316788604,13.70758556,68.24305556,0.0,0.0,2.625,0.0,0.0,0.0,0.0,-12.86805556,0.0,1.0,5,0,1,0,0,0,0,0,0,0,0,1,-666,0,0,0,-666,0.6306,23.216,0,0,0,0,0,0,0,0,0,0,0,0,0,0,0,1,0,0,0,0,0,0,0,0,0,0,0,0,0,0,0,0,0,0,0,0,-666,0,0,0,0,0,0,0,0,0,0,0,0,0,0,0,0,0,-666,0,0,0,0,0,0,0,0,0,0,0,0,0,0,0,0,0,0,0,0,0,0,0,0,0,0,0,0,-666,0,0,65,7,14.007,-1.4,7.4,5,3.04,0.001145,258.8,13.6,-0.369936206,-0.343637543,N,6,6,0,2.55,2.55,0.0,12,5.1,0.938,44.882
465,difluoroaminyl_N_FF.log:,3.554,2.934,3.083,3.565,3.625,3.591,3.266,3.194,0.73,0.703,0.491,0.528,0.493,0.443,0.489,0.442,0.523,0.476,0.464,0.52,0.464,0.52,0.461,0.517,0.465,0.52,0.465,0.52,0.462,0.517,0.458,0.514,2.98,3.25,3.23,3.28,1.66,1.76,1.6,1.64,3.08,-0.424,-0.474,9.25,0.5,9.25,0.5,0.377479436,52.003,52.003,51.99988044,19,0,0.0,0.0,0.0,0.0,-666,-666,-666,19.37180045,13.63419955,1.458726754,-1.379369393,1.454655352,-1.514055352,3.125712834,0.117287166,1.632993162,2.754887502,2.707106781,1.203142542,1.203142542,1.414213562,0.338061702,0.338061702,0.063887656,0.063887656,0.0,0.0,0.0,0.0,-0.18,2.754887502,2.82,1.82,1.82,16.12579804,0,0.0,0,0,0,14.72358311,0,0,0,0.0,0,0,0.0,0,8.962546229,0.0,0.0,5.761036876,0.0,0.0,0.0,0.0,0,0.0,5.761036876,8.962546229,0,0.0,0.0,0.0,0.0,0.0,0.0,0.0,0.0,0,-666,0.0,8.962546229,0,0.0,5.761036876,0.0,0.0,0.0,0.0,0.0,0.0,18.5,0.0,0.0,0.0,0.0,0.5,0.0,0.0,0.0,0.0,0.0,3,0,1,0,0,0,0,0,0,0,0,3,0,0,0,0,-666,0.3598,4.35,0,0,0,0,0,0,0,0,0,0,0,0,0,0,0,1,0,0,0,0,0,0,0,0,0,0,0,0,0,0,0,0,0,0,0,0,-666,0,0,0,0,0,0,0,2,0,0,0,0,0,0,0,0,0,0,0,0,0,0,0,0,0,0,0,0,0,0,0,0,0,0,0,0,0,0,0,0,0,0,0,0,0,0,0,0,0,65,7,14.007,-1.4,7.4,5,3.04,0.001145,150.7,9.3,-0.511833038,-0.4376721,N,9,9,0,3.98,3.98,0.0,18,7.96,0.907,21.555
469,dimethylaminyl_N_CC.log:,2.937,2.378,2.487,2.95,3.023,2.981,2.607,2.528,0.685,0.541,0.51,0.484,0.484,0.374,0.483,0.367,0.538,0.343,0.408,0.513,0.408,0.513,0.404,0.512,0.408,0.513,0.409,0.513,0.405,0.512,0.409,0.521,2.43,2.72,2.7,2.75,1.22,1.24,1.18,1.18,2.49,-0.348,-0.487,6.394097222,-2.703125,6.394097222,2.541666667,0.358839816,44.077,38.029,44.05002419,19,0,0.0,0.0,0.0,0.0,-666,-666,-666,-1.95e-15,-0.244322203,-0.148735881,-2.286985861,-0.287629262,-2.444786734,-1.24e-16,-0.969149994,3.746417931,76.21143267,7.707106781,7.447213595,1.447213595,3.707106781,3.447213595,0.447213595,0.111803399,0.111803399,0.0,0.0,0.0,0.0,-0.04,27.43574108,0.179464155,1.96,1.96,29.08387833,0,0.0,0,0,0,27.49299374,0,0,0,0.0,0,0,0.0,0,8.224551337,0.0,0.0,5.316788604,0.0,0.0,13.9516538,0.0,0,0.0,5.316788604,0.0,0,0.0,13.9516538,0.0,0.0,8.224551337,0.0,0.0,0.0,0,-666,13.9516538,0.0,0,0.0,0.0,0.0,0.0,0.0,0.0,5.316788604,8.224551337,38.36458333,0.0,0.0,2.541666667,0.0,0.0,0.0,0.0,-5.40625,0.0,1.0,3,0,1,0,0,0,0,0,0,0,0,1,-666,0,0,0,-666,-0.1496,13.982,0,0,0,0,0,0,0,0,0,0,0,0,0,0,0,1,0,0,0,0,0,0,0,0,0,0,0,0,0,0,0,0,0,0,0,0,-666,0,0,0,0,0,0,0,0,0,0,0,0,0,0,0,0,0,-666,0,0,0,0,0,0,0,0,0,0,0,0,0,0,0,0,0,0,0,0,0,0,0,0,0,0,0,0,-666,0,0,65,7,14.007,-1.4,7.4,5,3.04,0.001145,191.2,12.0,-0.374916868,-0.351367183,N,6,6,0,2.55,2.55,0.0,12,5.1,0.936,32.955
470,dimethylazaniumyl_N_CCH.log:,6.377,5.962,6.166,6.373,6.358,6.367,6.482,6.516,0.597,0.467,0.277,0.253,0.255,0.203,0.259,0.201,0.293,0.19,0.24,0.277,0.24,0.277,0.234,0.272,0.24,0.277,0.241,0.278,0.235,0.273,0.234,0.274,6.49,6.36,6.37,6.35,8.28,8.51,8.13,8.25,6.17,-0.355,-0.543,6.583333333,-2.869791667,6.583333333,0.375,0.39867094,45.085,38.029,45.05784922,20,0,0.0,0.0,0.0,0.0,-666,-666,-666,-0.06929035,-0.244322203,-0.824171732,-2.42844282,-0.943923817,-2.6335466,-0.344683785,-1.032469892,4.231132186,95.75496435,8.577350269,8.447213595,1.447213595,4.154700538,3.894427191,0.447213595,0.111803399,0.111803399,0.0,0.0,0.0,0.0,-0.04,63.57980789,0.141640625,1.96,1.96,30.54690546,0,0.0,0,0,0,28.89786057,0,0,0,0.0,0,0,0.0,0,9.636393415,0.0,0.0,5.309813353,0.0,0.0,13.9516538,0.0,0,0.0,5.309813353,0.0,0,0.0,13.9516538,0.0,0.0,8.224551337,0.0,1.411842078,0.0,0,-666,13.9516538,0.0,0,5.309813353,0.0,0.0,0.0,0.0,0.0,0.0,9.636393415,45.61458333,0.0,0.0,-0.375,0.0,0.0,0.0,0.0,-5.739583333,0.0,1.0,3,1,1,0,0,0,0,0,0,1,1,1,-666,0,0,0,-666,-0.1644,14.9837,0,0,0,0,0,0,0,0,0,0,0,0,0,0,0,0,1,0,0,0,-666,0,0,0,0,0,0,0,0,0,0,0,0,0,0,0,-666,0,0,0,0,0,0,0,0,0,0,0,0,0,0,0,0,0,-666,0,0,0,0,0,0,0,0,0,0,0,0,0,0,0,0,0,0,0,0,0,0,0,0,0,0,0,0,-666,0,1,65,7,14.007,-1.4,7.4,5,3.04,0.001145,198.1,12.2,-0.319519415,0.014417831,N,6,6,1,2.55,2.55,2.1,13,7.2,0.875,33.684
476,diphenylaminyl_N_CC.log:,7.092,5.119,5.234,7.142,7.457,7.277,5.82,5.547,0.327,0.193,0.184,0.191,0.178,0.12,0.178,0.11,0.214,0.107,0.141,0.211,0.141,0.211,0.138,0.207,0.142,0.211,0.142,0.211,0.139,0.208,0.13,0.209,4.95,5.97,5.88,6.09,1.88,2.04,1.87,1.88,5.22,-0.086,-0.165,7.755730348,-0.613780759,7.755730348,0.47728647,0.65312853,168.219,158.139,168.0813243,63,0,0.0,0.0,0.0,0.0,-666,-666,-666,10.97328614,-0.094148367,0.466355285,-2.285445038,0.499034638,-2.11694543,2.285675628,-0.446282976,2.607266645,715.6394955,17.63531001,16.4472136,6.447213595,10.58999927,8.447213595,3.447213595,2.059016994,2.059016994,1.197213595,1.197213595,0.710410197,0.710410197,-0.04,89046.33324,3.229191,4.994598612,2.97802804,92.20390097,0,0.0,0,0,0,90.93917025,0,0,0,0.0,0,0,0.0,0,13.70758556,0.0,0.0,5.316788604,0.0,0.0,0.0,71.91479609,0,0.0,5.316788604,0.0,0,0.0,0.0,0.0,0.0,13.70758556,71.91479609,0.0,0.0,0,-666,71.91479609,0.0,0,0.0,0.0,0.0,0.0,0.0,0.0,5.316788604,13.70758556,76.2700042,0.0,0.0,3.768148148,-0.95457294,0.0,-6.083579407,0.0,0.0,0.0,0.0,13,0,1,0,0,0,0,0,0,0,0,1,-666,0,0,0,-666,2.6106,54.86,0,0,0,0,0,0,0,0,0,0,0,0,0,0,0,1,0,0,0,0,0,0,0,0,0,0,10,0,0,0,0,0,0,0,0,0,-666,0,0,0,0,0,0,0,0,0,0,0,0,0,0,0,0,0,-666,0,0,0,0,0,0,0,0,0,0,0,0,0,0,0,0,0,0,0,0,0,0,0,0,0,0,0,0,-666,0,0,65,7,14.007,-1.4,7.4,5,3.04,0.001145,367.9,18.2,-0.363561022,-0.343942053,N,6,6,0,2.55,2.55,0.0,12,5.1,0.572,54.318
504,hydrazinyl_N_NC.log:,1.599,1.214,1.275,1.607,1.655,1.628,1.386,1.337,0.627,0.616,0.478,0.459,0.471,0.431,0.474,0.428,0.481,0.461,0.449,0.482,0.449,0.482,0.444,0.479,0.45,0.482,0.45,0.482,0.445,0.48,0.448,0.485,1.26,1.45,1.43,1.47,0.57,0.59,0.54,0.55,1.28,-0.404,-0.465,5.972222222,-0.083333333,5.972222222,0.083333333,0.273657773,31.038,28.014,31.0296231,13,0,0.0,0.0,0.0,0.0,-666,-666,-666,-0.069405929,-0.141025858,-0.833072805,-2.00606688,-0.994265785,-2.463293524,-0.353154352,-0.804875157,2.539538861,18.85475297,4.28445705,3.894427191,0.894427191,2.27005561,1.541640786,0.2,0.0,0.0,0.0,0.0,0.0,0.0,-0.08,9.651484454,0.105755935,0.92,-14.58,17.41330772,0,0.0,0,0,0,15.89994102,0,0,0,0.0,0,0,0.0,0,4.235526235,0.0,0.0,5.83569502,5.828719769,0.0,0.0,0.0,0,0.0,11.66441479,0.0,0,0.0,0.0,0.0,0.0,0.0,0.0,4.235526235,0.0,0,-666,0.0,0.0,0,5.828719769,0.0,0.0,0.0,0.0,0.0,5.83569502,4.235526235,17.77777778,0.0,0.0,0.0,0.0,2.222222222,0.0,0.0,0.0,0.0,0.0,2,3,2,0,0,0,0,0,0,1,1,2,-666,0,0,0,-666,-0.857,7.2841,0,0,0,0,0,0,0,0,0,0,0,0,0,0,0,0,1,1,0,0,-666,0,0,0,0,0,0,0,0,0,0,0,0,0,0,0,-666,0,0,0,0,0,0,0,0,0,0,0,0,0,0,0,0,0,0,0,0,0,0,0,0,0,0,0,0,0,0,0,0,0,0,0,0,0,0,0,0,0,0,0,0,0,0,-666,0,0,65,7,14.007,-1.4,7.4,5,3.04,0.001145,149.2,10.6,-0.383754383,-0.30864379,N,7,1,0,3.04,2.1,0.0,8,5.14,0.744,13.933
507,hydroxyaminyl_N_OH.log:,2.51,1.876,1.966,2.341,2.586,2.331,2.1,2.014,0.743,0.711,0.559,0.56,0.556,0.508,0.558,0.504,0.566,0.553,0.531,0.571,0.489,0.531,0.526,0.569,0.536,0.576,0.489,0.531,0.522,0.564,0.507,0.55,1.97,2.21,2.19,2.24,0.96,1.01,0.92,0.95,1.97,-0.463,-0.53,5.666666667,2.152777778,5.666666667,2.152777778,0.364576088,32.022,30.006,32.01363868,13,0,0.0,0.0,0.0,0.0,-666,-666,-666,-0.059054279,-0.072814718,-0.677901272,-1.774850025,-0.736742423,-1.911595153,-0.331412345,-0.867356615,1.974744871,8.0,3.414213562,2.855461886,0.855461886,1.914213562,1.038036072,0.182574186,0.0,0.0,0.0,0.0,0.0,0.0,-0.08,6.854752972,0.190594858,0.92,-14.58,15.41713975,0,0.0,0,0,0,13.94257578,0,0,0,0.0,0,0,0.0,0,8.052575557,0.0,0.0,5.890000221,0.0,0.0,0.0,0.0,0,0.0,5.890000221,0.0,0,0.0,5.209533821,0.0,0.0,0.0,0.0,2.843041736,0.0,0,-666,0.0,0.0,0,0.0,0.0,0.0,0.0,0.0,0.0,11.09953404,2.843041736,11.26388889,0.0,0.0,3.083333333,0.0,2.152777778,0.0,0.0,0.0,0.0,0.0,2,2,2,0,0,0,0,0,0,1,1,2,-666,0,0,0,-666,-0.3415,4.8832,0,0,0,0,0,0,0,0,0,0,0,0,0,0,0,0,1,0,0,0,0,0,0,0,0,0,0,0,0,0,0,0,0,0,0,0,-666,0,0,0,0,0,0,0,0,0,0,0,0,0,0,0,0,0,0,0,0,0,0,0,0,0,0,0,0,0,0,0,0,0,0,0,0,0,0,0,0,0,0,0,0,0,0,-666,0,0,65,7,14.007,-1.4,7.4,5,3.04,0.001145,142.9,9.8,-0.414909053,-0.364278273,N,8,1,0,3.44,2.1,0.0,9,5.54,0.885,13.125
513,isocyanato_N_C.log:,8.362,6.57,6.741,7.829,8.587,7.813,7.092,6.821,0.627,0.441,0.6,0.596,0.604,0.439,0.598,0.438,0.619,0.49,0.459,0.622,0.433,0.587,0.459,0.623,0.464,0.629,0.433,0.586,0.453,0.616,0.444,0.603,6.62,7.33,7.28,7.41,3.44,3.57,3.39,3.43,6.74,-0.351,-0.309,8.236111111,0.5,8.236111111,0.5,0.34881813,42.017,42.017,41.99798862,15,0,0.0,0.0,0.0,0.0,-666,-666,-666,16.24398626,11.64078792,1.263031501,-1.104662987,1.115573155,-1.198390673,4.294955382,0.380026931,2.475534206,26.26466251,2.707106781,1.355461886,1.355461886,1.414213562,0.427730943,0.427730943,0.091287093,0.091287093,0.0,0.0,0.0,0.0,-0.08,2.754887502,2.92,1.92,1.92,17.92606446,0,0.0,0,0,0,16.6237006,0,0,0,0.0,0,0,0.0,0,5.106527395,0.0,5.261891555,0.0,0.0,0.0,0.0,0.0,0,6.255281654,0.0,0.0,0,0.0,0.0,5.106527395,11.51717321,0.0,0.0,0.0,0.0,0,-666,0.0,0.0,0,0.0,6.255281654,0.0,0.0,0.0,0.0,0.0,10.36841895,0.0,0.0,0.0,15.0,0.0,0.0,0.0,0.5,0.0,0.0,0.0,3,0,2,0,0,0,0,0,0,1,0,2,0,0,0,0,-666,-0.10202,6.2995,0,0,0,0,0,0,0,0,0,0,0,0,0,0,0,1,0,0,0,0,0,0,0,0,0,0,0,0,0,0,0,0,0,0,0,0,-666,0,0,0,0,0,0,0,0,0,0,0,0,0,0,0,0,0,0,0,0,1,0,0,0,0,0,0,0,0,0,0,0,0,0,0,0,0,0,0,0,0,0,0,0,0,0,0,0,0,65,7,14.007,-1.4,7.4,5,3.04,0.001145,154.7,11.7,-0.487604906,-0.487604906,N,6,0,0,2.55,0.0,0.0,6,2.55,0.735,21.114
518,methoxy_methyl_aminyl_N_CO.log:,2.442,1.797,1.887,2.27,2.524,2.256,2.015,1.915,0.621,0.534,0.433,0.433,0.428,0.349,0.428,0.345,0.458,0.365,0.387,0.459,0.369,0.444,0.379,0.453,0.388,0.46,0.37,0.444,0.38,0.454,0.372,0.449,1.9,2.15,2.13,2.18,0.89,0.93,0.85,0.86,1.89,-0.307,-0.404,6.403472222,-2.769444444,6.403472222,2.465277778,0.383655797,60.076,54.028,60.04493881,25,0,0.0,0.0,0.0,0.0,-666,-666,-666,-1.92e-18,-0.24570626,-1.07e-16,-2.243541362,-9.32e-18,-2.38114861,-2.34e-17,-0.981254961,3.56300175,89.29589375,8.414213562,7.855461886,1.855461886,4.207106781,3.610305129,0.610305129,0.182574186,0.182574186,0.045643546,0.045643546,0.0,0.0,-0.08,64.49348655,0.420070381,2.92,1.92,34.15146206,0,0.0,0,0,0,32.55601588,0,0,0,0.0,0,0,0.0,0,13.06213992,0.0,0.0,5.480096598,0.0,0.0,14.01377936,0.0,0,0.0,5.480096598,0.0,0,0.0,14.01377936,4.837588584,0.0,8.224551337,0.0,0.0,0.0,0,-666,14.01377936,0.0,0,0.0,0.0,0.0,0.0,0.0,0.0,10.31768518,8.224551337,38.34791667,0.0,3.65625,0.0,2.465277778,0.0,0.0,0.0,-2.7,-2.769444444,1.0,4,0,2,0,0,0,0,0,0,1,0,2,-666,0,0,0,-666,-0.218,15.067,0,0,0,0,0,0,0,0,0,0,0,0,0,0,0,1,0,0,1,0,0,0,0,0,0,0,0,0,0,0,0,0,0,0,0,0,-666,0,0,0,0,0,0,0,0,0,0,0,0,0,0,0,0,0,-666,0,0,0,0,0,0,0,0,0,0,0,0,0,0,0,0,0,0,0,0,0,0,0,0,0,0,0,0,-666,0,0,65,7,14.007,-1.4,7.4,5,3.04,0.001145,214.1,12.4,-0.393901619,-0.329854774,N,8,6,0,3.44,2.55,0.0,14,5.99,0.848,36.441
519,methoxy_phenyl_aminyl_N_CO.log:,4.551,3.284,3.385,4.321,4.75,4.334,3.67,3.48,0.356,0.246,0.239,0.254,0.238,0.166,0.235,0.154,0.271,0.194,0.19,0.269,0.188,0.269,0.186,0.266,0.189,0.268,0.189,0.269,0.189,0.267,0.183,0.27,3.3,3.89,3.84,3.96,1.34,1.43,1.31,1.32,3.38,-0.135,-0.225,7.413240741,-2.830459302,7.413240741,0.535069444,0.480481315,122.147,114.083,122.0605889,47,0,0.0,0.0,0.0,0.0,-666,-666,-666,10.24626139,-0.243093944,-1.24e-16,-2.268855301,-2.05e-16,-2.23247348,0.440259948,-0.954268309,3.14548472,392.0798564,13.37831518,12.35546189,4.355461886,7.648553027,6.110305129,2.110305129,1.156180984,1.156180984,0.623734038,0.623734038,0.334688792,0.334688792,-0.08,3373.442212,1.954404708,3.854020552,2.327680232,65.74653671,0,0.0,0,0,0,64.31416747,0,0,0,0.0,0,0,0.0,0,15.80365703,5.711685003,0.0,0.0,5.155712727,0.0,7.037952459,30.60516025,0,0.0,0.0,0.0,0,0.0,12.74963746,4.837588584,6.396873262,10.96606845,29.36399971,0.0,0.0,0,-666,43.35479771,0.0,0,0.0,0.0,0.0,0.0,0.0,0.0,9.99330131,10.96606845,56.94732863,0.0,4.084017385,3.078518519,-0.535069444,0.0,-2.418255858,-0.576079932,0.0,-2.830459302,0.142857143,9,0,2,0,0,0,0,0,0,2,0,2,-666,0,0,0,-666,1.31909,37.024,0,0,0,0,0,0,0,0,0,0,0,0,0,0,0,1,0,0,0,0,0,0,0,0,0,0,4,0,0,0,0,0,0,0,0,0,-666,0,0,0,0,0,0,0,0,0,0,0,0,0,0,0,0,0,-666,0,0,0,0,0,0,0,0,1,0,0,0,0,0,0,0,0,0,0,0,0,0,0,0,0,0,0,0,-666,0,0,65,7,14.007,-1.4,7.4,5,3.04,0.001145,303.5,16.1,-0.388670188,-0.334644079,N,6,8,0,2.55,3.44,0.0,14,5.99,0.667,47.298
520,methoxyaminyl_N_OH.log:,2.6,1.912,2.002,2.409,2.685,2.39,2.14,2.034,0.706,0.66,0.491,0.499,0.494,0.443,0.496,0.438,0.507,0.5,0.478,0.52,0.451,0.497,0.469,0.513,0.481,0.522,0.452,0.498,0.469,0.512,0.459,0.506,2.01,2.27,2.25,2.3,0.95,0.98,0.91,0.92,2.0,-0.394,-0.465,6.229166667,-2.553819444,6.229166667,2.194444444,0.348513725,46.049,42.017,46.02928875,19,0,0.0,0.0,0.0,0.0,-666,-666,-666,-6.55e-16,-0.243035276,-0.123526981,-2.149324125,-0.029535393,-2.243335277,-6.75e-17,-0.968254423,3.154490065,50.14170945,5.914213562,5.355461886,1.355461886,3.060660172,2.333911927,0.386698331,0.091287093,0.091287093,0.0,0.0,0.0,0.0,-0.08,18.14170945,0.307143901,1.92,1.92,24.82466409,0,0.0,0,0,0,23.28965901,0,0,0,0.0,0,0,0.0,0,10.36170633,0.0,0.0,5.890000221,0.0,0.0,7.037952459,0.0,0,0.0,5.890000221,0.0,0,0.0,7.037952459,4.837588584,0.0,4.112275669,0.0,1.411842078,0.0,0,-666,7.037952459,0.0,0,0.0,0.0,0.0,0.0,0.0,0.0,10.7275888,5.524117747,24.58854167,0.0,3.520833333,0.0,0.0,2.194444444,0.0,0.0,0.0,-2.553819444,1.0,3,1,2,0,0,0,0,0,0,1,0,2,-666,0,0,0,-666,-0.1693,10.1057,0,0,0,0,0,0,0,0,0,0,0,0,0,0,0,0,1,0,0,0,0,0,0,0,0,0,0,0,0,0,0,0,0,0,0,0,-666,0,0,0,0,0,0,0,0,0,0,0,0,0,0,0,0,0,-666,0,0,0,0,0,0,0,0,0,0,0,0,0,0,0,0,0,0,0,0,0,0,0,0,0,0,0,0,-666,0,0,65,7,14.007,-1.4,7.4,5,3.04,0.001145,178.9,11.4,-0.404137116,-0.346722328,N,8,1,0,3.44,2.1,0.0,9,5.54,0.857,21.326
527,methyl_nitro_aminyl_N_CN.log:,4.752,3.65,3.793,4.407,4.864,4.364,4.055,3.886,0.679,0.576,0.353,0.37,0.348,0.294,0.343,0.289,0.414,0.283,0.352,0.407,0.343,0.398,0.347,0.403,0.353,0.408,0.344,0.398,0.347,0.403,0.343,0.399,3.87,4.26,4.23,4.31,2.08,2.25,2.03,2.09,3.79,-0.255,-0.314,9.293819444,-2.802083333,9.293819444,1.229166667,0.308766064,75.047,72.023,75.01945234,29,0,0.0,0.0,0.0,0.0,-666,-666,-666,13.14679271,-0.24319908,-2.43e-17,-2.04518431,-1.73e-18,-2.323122834,2.058176402,-0.935195866,3.728130477,126.7090741,6.78445705,5.210923772,2.210923772,3.416502219,2.288755169,0.788755169,0.337834915,0.337834915,0.081649658,0.081649658,0.0,0.0,-0.16,23.0053905,1.525441674,2.100416667,3.84,32.523734,0,0.0,0,0,0,31.05712363,0,0,0,0.0,0,0,0.0,0,4.112275669,0.0,0.0,5.425791397,4.729099172,0.0,6.9758269,9.814130488,0,0.0,5.425791397,0.0,0,0.0,6.9758269,0.0,9.814130488,4.112275669,4.729099172,0.0,0.0,0,-666,11.70492607,9.814130488,0,0.0,0.0,0.0,0.0,0.0,0.0,5.425791397,4.112275669,17.3325,0.0,18.58763889,0.0,2.131944444,0.0,0.0,0.0,-2.802083333,0.0,1.0,5,0,4,0,0,0,0,0,0,-666,0,4,-666,0,0,0,-666,-0.0645,17.22,0,0,0,0,0,0,0,0,0,0,0,0,0,0,0,2,0,0,0,0,-666,0,0,0,0,0,0,0,0,0,0,0,0,0,0,0,-666,0,0,0,0,0,0,0,0,0,0,0,0,0,0,0,0,0,-666,0,0,0,1,0,0,2,0,0,0,0,0,0,0,0,0,0,0,0,0,0,0,0,0,0,0,0,0,-666,0,0,65,7,14.007,-1.4,7.4,5,3.04,0.001145,209.1,12.8,-0.453214122,-0.43084662,N,6,7,0,2.55,3.04,0.0,13,5.59,0.954,39.136
528,methyl_phenyl_aminyl_N_CC.log:,5.459,3.998,4.123,5.494,5.711,5.587,4.558,4.36,0.386,0.251,0.247,0.234,0.235,0.164,0.236,0.154,0.26,0.128,0.181,0.249,0.181,0.249,0.18,0.249,0.181,0.249,0.181,0.249,0.18,0.249,0.177,0.255,3.93,4.63,4.57,4.71,1.6,1.71,1.58,1.58,4.12,-0.14,-0.238,7.399074074,-2.728150983,7.399074074,0.536111111,0.515419413,106.148,98.084,106.0656743,41,0,0.0,0.0,0.0,0.0,-666,-666,-666,1.07e-15,-0.243265028,-2.05e-16,-2.288959268,-1.08e-16,-2.30107496,-2.81e-16,-0.904860794,3.288806511,407.0832131,12.6712084,11.9472136,3.947213595,7.148553027,5.947213595,1.947213595,1.085410197,1.085410197,0.598606798,0.598606798,0.299303399,0.299303399,-0.04,2020.170249,1.513790491,3.079539222,1.47805616,60.64388965,0,0.0,0,0,0,59.216082,0,0,0,0.0,0,0,0.0,0,10.96606845,0.0,0.0,5.316788604,0.0,0.0,6.9758269,35.95739804,0,0.0,5.316788604,0.0,0,0.0,6.9758269,0.0,0.0,10.96606845,35.95739804,0.0,0.0,0,-666,42.93322494,0.0,0,0.0,0.0,0.0,0.0,0.0,0.0,5.316788604,10.96606845,57.33459373,0.0,0.0,3.154907407,-0.536111111,0.0,-2.97523904,0.0,-2.728150983,0.0,0.142857143,8,0,1,0,0,0,0,0,0,0,0,1,-666,0,0,0,-666,1.2305,34.421,0,0,0,0,0,0,0,0,0,0,0,0,0,0,0,1,0,0,0,1,0,0,0,0,0,0,5,0,0,0,0,0,0,0,0,0,-666,0,0,0,0,0,0,0,0,0,0,0,0,0,0,0,0,0,-666,0,0,0,0,0,0,0,0,0,0,0,0,0,0,0,0,0,0,0,0,0,0,0,0,0,0,0,0,-666,0,0,65,7,14.007,-1.4,7.4,5,3.04,0.001145,280.1,16.3,-0.364230217,-0.346018874,N,6,6,0,2.55,2.55,0.0,12,5.1,0.663,43.856
529,methylaminyl_N_CH.log:,3.143,2.555,2.665,3.156,3.233,3.189,2.796,2.713,0.819,0.713,0.591,0.582,0.581,0.482,0.581,0.475,0.615,0.533,0.523,0.608,0.523,0.608,0.519,0.607,0.523,0.608,0.523,0.608,0.519,0.607,0.529,0.62,2.58,2.89,2.86,2.92,1.3,1.32,1.25,1.27,2.66,-0.456,-0.579,6.159722222,-2.416666667,6.159722222,2.270833333,0.354855043,30.05,26.018,30.03437413,13,0,0.0,0.0,0.0,0.0,-666,-666,-666,-0.069673724,-0.243925857,-0.919607708,-2.125953909,-1.008805191,-2.266804074,-0.36823284,-0.936882191,3.168489873,37.30296891,5.207106781,4.947213595,0.947213595,2.560660172,2.170820393,0.223606798,0.0,0.0,0.0,0.0,0.0,0.0,-0.04,12.16479704,0.073423517,0.96,-27.04,19.75708036,0,0.0,0,0,0,18.22663687,0,0,0,0.0,0,0,0.0,0,5.524117747,0.0,0.0,5.726692226,0.0,0.0,6.9758269,0.0,0,0.0,5.726692226,0.0,0,0.0,6.9758269,0.0,0.0,4.112275669,0.0,1.411842078,0.0,0,-666,6.9758269,0.0,0,0.0,0.0,0.0,0.0,0.0,0.0,5.726692226,5.524117747,24.39583333,0.0,0.0,0.0,2.270833333,0.0,0.0,0.0,-2.416666667,0.0,1.0,2,1,1,0,0,0,0,0,0,0,0,1,-666,0,0,0,-666,-0.1009,9.0207,0,0,0,0,0,0,0,0,0,0,0,0,0,0,0,0,1,0,0,0,0,0,0,0,0,0,0,0,0,0,0,0,0,0,0,0,-666,0,0,0,0,0,0,0,0,0,0,0,0,0,0,0,0,0,-666,0,0,0,0,0,0,0,0,0,0,0,0,0,0,0,0,0,0,0,0,0,0,0,0,0,0,0,0,-666,0,0,65,7,14.007,-1.4,7.4,5,3.04,0.001145,159.1,10.9,-0.38976526,-0.373679422,N,6,1,0,2.55,2.1,0.0,7,4.65,0.999,18.372
534,N-_benzenesulfonyl_benzenesulfonamido_N_SS.log:,11.28,8.542,8.946,10.3,11.712,10.227,9.006,8.509,0.547,0.419,0.046,0.055,0.022,0.039,0.034,0.047,0.048,0.046,0.065,0.031,0.058,0.023,0.07,0.036,0.066,0.031,0.057,0.022,0.068,0.034,0.082,0.052,8.93,10.5,10.36,10.68,3.81,4.07,3.75,3.84,8.93,-0.052,-0.044,12.47096167,-5.455844317,12.47096167,0.923679185,0.852816398,296.349,286.269,296.0051248,99,0,0.0,0.0,0.0,0.0,-666,-666,-666,12.97639594,-0.09414885,0.521013073,-2.256283026,0.567961976,-2.292439288,2.51906189,-0.450566072,2.686725037,1128.006159,22.63531001,18.89670334,10.5296965,13.05795974,9.440063329,7.320189986,2.932916569,6.245963304,1.666283388,4.676360501,0.938733793,3.288509141,0.5,860586.6954,7.174281107,6.510341856,4.231568998,125.7254528,0,0.0,0,0,0,125.0481535,0,0,0,0.0,0,0,0.0,0,30.54317953,20.04658231,0.0,4.127401125,0.0,0.0,0.0,70.33099049,0,0.0,4.127401125,0.0,0,0.0,16.83559397,20.04658231,0.0,13.70758556,70.33099049,0.0,0.0,0,-666,90.37757279,16.83559397,0,0.0,0.0,0.0,0.0,0.0,0.0,4.127401125,13.70758556,127.6360322,0.0,-2.862144852,0.0,0.0,0.0,-11.02886535,0.0,0.0,-10.91168863,0.0,19,0,5,0,0,0,0,0,0,-666,0,7,-666,0,0,0,-666,1.2702,72.6996,0,0,0,0,0,0,0,0,0,0,0,0,0,0,0,1,0,0,0,0,0,0,0,0,0,0,10,0,0,0,0,0,0,0,0,0,-666,0,0,0,0,0,0,0,0,0,0,0,0,0,0,0,0,0,-666,0,0,0,0,0,0,0,0,0,0,0,0,0,0,0,0,0,0,0,0,0,2,0,0,0,0,0,0,-666,0,0,65,7,14.007,-1.4,7.4,5,3.04,0.001145,460.9,20.5,-0.412910348,-0.409407696,N,16,16,0,2.58,2.58,0.0,32,5.16,0.831,66.776
535,N-butyl-4-methylbenzenesulfonamido_N_CS.log:,5.32,4.087,4.228,4.979,5.467,4.94,4.505,4.301,0.623,0.444,0.216,0.311,0.222,0.182,0.205,0.165,0.345,0.214,0.282,0.336,0.28,0.332,0.274,0.326,0.282,0.336,0.281,0.333,0.277,0.329,0.273,0.324,4.34,4.88,4.84,4.94,2.19,2.37,2.14,2.21,4.22,-0.152,-0.192,12.59449783,-5.614490741,12.59449783,1.112476489,0.721695668,226.321,210.193,226.0901748,83,0,0.0,0.0,0.0,0.0,-666,-666,-666,1.638297557,-2.225324756,-0.041518932,-2.585911866,-3.08e-33,-2.545056909,0.745590843,-2.261066723,3.668179045,964.504146,25.1712084,23.17195847,7.988455048,13.34385813,11.44363846,4.883701791,2.132280977,3.673236133,1.144240224,2.195917273,0.586513658,1.203639276,0.23,761786.7442,3.162028173,6.08601226,4.307039838,114.104198,0,0.0,0,0,0,112.7283417,0,0,0,0.0,0,0,0.0,0,30.34993388,10.02329115,0.0,4.722094864,0.0,26.44963404,6.496859684,34.68652803,0,0.0,4.722094864,0.0,0,0.0,14.91465667,10.02329115,0.0,48.38177094,34.68652803,0.0,0.0,0,-666,77.6563129,8.417796984,0,0.0,0.0,0.0,0.0,0.0,0.0,4.722094864,21.9321369,146.8967002,0.0,-1.57905565,0.0,-1.112476489,0.0,-5.412526612,-8.016554023,-10.99493003,-5.614490741,0.454545455,15,0,3,0,0,0,0,0,0,-666,0,4,-666,0,0,0,-666,2.1207,61.8088,0,0,0,0,0,0,0,0,0,0,0,0,0,0,0,1,0,0,0,0,0,0,0,0,0,0,5,0,0,0,0,0,0,0,0,0,-666,0,0,0,0,0,0,0,0,0,0,0,0,0,0,0,0,0,-666,0,0,0,0,0,0,0,0,0,0,0,0,0,0,0,0,0,0,0,0,0,1,0,0,0,0,0,0,-666,0,0,65,7,14.007,-1.4,7.4,5,3.04,0.001145,449.5,18.1,-0.400045745,-0.392144542,N,6,16,0,2.55,2.58,0.0,22,5.13,0.911,58.165
536,N-butyltrifluoromethanesulfonamido_N_CS.log:,6.286,4.896,5.062,5.943,6.441,5.909,5.426,5.212,0.616,0.448,0.254,0.296,0.247,0.202,0.24,0.193,0.328,0.212,0.269,0.317,0.268,0.314,0.262,0.31,0.268,0.316,0.268,0.314,0.265,0.312,0.268,0.317,5.16,5.72,5.67,5.78,2.76,2.99,2.7,2.78,5.06,-0.161,-0.209,12.10673765,-6.484675926,12.10673765,1.679097222,0.646657708,204.193,195.121,204.0306092,73,0,0.0,0.0,0.0,0.0,-666,-666,-666,11.68950918,-2.083546016,2.5e-17,-2.585481669,2.81e-17,-2.582923707,0.86377361,-2.121896726,5.832416794,496.4929628,17.70710678,14.30585189,6.122348467,8.707106781,6.760585172,3.7006485,1.373897571,2.969514486,0.576716462,1.493345987,0.162617113,0.431949639,0.02,6262.429976,3.641996385,4.311138885,3.613607104,81.65099827,0,0.0,0,0,0,80.27418726,0,0,0,0.0,0,0,0.0,0,33.92586913,10.02329115,0.0,4.722094864,0.0,25.10607242,6.496859684,0.0,0,0.0,4.722094864,13.17124514,0,0.0,20.42298717,10.02329115,0.0,31.93456893,0.0,0.0,0.0,0,-666,41.62622326,21.58904213,0,0.0,0.0,0.0,0.0,4.722094864,0.0,0.0,12.33682701,121.9693653,0.0,0.0,0.0,-6.038564697,0.0,0.0,-8.196737528,-8.082720498,-6.484675926,1.0,12,0,3,0,0,0,0,0,0,-666,0,7,-666,0,0,0,-666,1.2405,36.8838,0,0,0,0,0,0,0,0,0,0,0,0,0,0,0,1,0,0,0,0,0,0,0,0,0,3,0,0,0,0,0,0,0,0,0,0,-666,0,0,0,0,0,0,0,3,0,0,0,0,0,0,0,0,0,-666,0,0,0,0,0,0,0,0,0,0,0,0,0,0,0,0,0,0,0,0,0,1,0,0,0,0,0,0,-666,0,0,65,7,14.007,-1.4,7.4,5,3.04,0.001145,363.9,16.4,-0.443006143,-0.429576709,N,6,16,0,2.55,2.58,0.0,22,5.13,0.888,58.901
537,N-methyl-4-methylbenzenesulfonamido_N_CS.log:,5.444,4.216,4.378,5.129,5.592,5.105,4.632,4.433,0.651,0.523,0.237,0.366,0.249,0.214,0.224,0.192,0.408,0.279,0.345,0.403,0.339,0.397,0.331,0.387,0.347,0.404,0.341,0.399,0.333,0.39,0.324,0.381,4.44,5.0,4.95,5.06,2.18,2.37,2.14,2.22,4.37,-0.166,-0.2,11.8809349,-5.02275463,11.8809349,0.948765117,0.685769632,184.24,174.16,184.0432246,65,0,0.0,0.0,0.0,0.0,-666,-666,-666,10.90344103,-0.245827692,-5.45e-17,-2.335838037,0.0,-2.373504891,0.7764,-0.946601492,3.663205166,693.4186198,17.6712084,15.67195847,6.488455048,9.593858127,7.693638462,4.133701791,1.770477578,3.311432734,0.980194978,1.940584934,0.475651463,0.926954388,0.23,18393.69876,3.121095404,3.958771808,2.356787724,86.57954866,0,0.0,0,0,0,85.38501561,0,0,0,0.0,0,0,0.0,0,22.12538255,10.02329115,0.0,4.722094864,0.0,6.851892117,6.9758269,34.68652803,0,0.0,4.722094864,0.0,0,0.0,15.39362388,10.02329115,0.0,20.55947768,34.68652803,0.0,0.0,0,-666,58.5375382,8.417796984,0,0.0,0.0,0.0,0.0,0.0,0.0,4.722094864,13.70758556,98.4566095,0.0,-1.271643519,0.0,-0.948765117,0.0,-4.526959562,0.0,-6.269820011,-5.02275463,0.25,12,0,3,0,0,0,0,0,0,-666,0,4,-666,0,0,0,-666,0.9504,47.9578,0,0,0,0,0,0,0,0,0,0,0,0,0,0,0,1,0,0,0,0,0,0,0,0,0,0,5,0,0,0,0,0,0,0,0,0,-666,0,0,0,0,0,0,0,0,0,0,0,0,0,0,0,0,0,-666,0,0,0,0,0,0,0,0,0,0,0,0,0,0,0,0,0,0,0,0,0,1,0,0,0,0,0,0,-666,0,0,65,7,14.007,-1.4,7.4,5,3.04,0.001145,366.1,17.9,-0.404073873,-0.39852452,N,6,16,0,2.55,2.58,0.0,22,5.13,0.901,49.574
538,N-methyl-4-nitrobenzenesulfonamido_N_CS.log:,5.703,4.49,4.655,5.389,5.839,5.365,4.934,4.749,0.647,0.518,0.278,0.375,0.289,0.245,0.263,0.222,0.417,0.289,0.348,0.407,0.342,0.402,0.339,0.399,0.349,0.409,0.343,0.403,0.34,0.4,0.335,0.397,4.74,5.23,5.19,5.29,2.62,2.81,2.56,2.63,4.65,-0.173,-0.212,11.77187878,-5.041887283,11.77187878,1.196382157,0.542347269,215.21,208.154,215.0126527,75,0,0.0,0.0,0.0,0.0,-666,-666,-666,13.54399732,-0.243246297,0.005481428,-2.238333066,0.140664572,-2.370605836,2.83958812,-0.902512896,3.66806348,748.3337377,16.74855867,13.43566864,7.252165224,9.293216864,6.532393632,4.47245696,2.001194161,3.542149317,1.149572563,2.109962518,0.560340255,1.01164318,0.11,14437.22538,5.441967334,4.754083844,2.798803253,90.04926831,0,0.0,0,0,0,88.97900947,0,0,0,0.0,0,0,0.0,0,18.01310688,10.02329115,0.0,4.722094864,4.620096379,0.0,6.9758269,44.6245933,0,0.0,4.722094864,0.0,0,0.0,15.39362388,10.02329115,9.814130488,9.595309893,39.43055919,0.0,0.0,0,-666,56.42967724,18.23192747,0,0.0,0.0,0.0,0.0,0.0,0.0,4.722094864,9.595309893,74.6052812,0.0,20.02548296,0.0,-1.210339191,0.0,-4.924042895,0.0,-3.287828129,-5.041887283,0.142857143,14,0,6,0,0,0,0,0,0,-666,0,7,-666,0,0,0,-666,0.6879,51.4458,0,0,0,0,0,0,0,0,0,0,0,0,0,0,0,2,0,0,0,0,-666,0,0,0,0,0,4,0,0,0,0,0,0,0,0,0,-666,0,0,0,0,0,0,0,0,0,0,0,0,0,0,0,0,0,-666,0,0,0,1,0,0,2,0,0,0,0,0,0,0,0,0,0,0,0,0,0,1,0,0,0,0,0,0,-666,0,0,65,7,14.007,-1.4,7.4,5,3.04,0.001145,377.6,18.3,-0.427317496,-0.420791273,N,6,16,0,2.55,2.58,0.0,22,5.13,0.897,49.764
539,N-methylacetamidyl_N_CC.log:,5.049,3.812,3.939,4.633,5.197,4.612,4.174,3.99,0.593,0.455,0.412,0.421,0.404,0.312,0.399,0.304,0.459,0.304,0.353,0.449,0.345,0.44,0.349,0.447,0.355,0.45,0.346,0.441,0.348,0.446,0.346,0.448,3.95,4.42,4.38,4.47,1.99,2.09,1.94,1.98,3.94,-0.269,-0.368,10.39104167,-2.95,10.39104167,1.585648148,0.38850634,72.087,66.039,72.04493881,29,0,0.0,0.0,0.0,0.0,-666,-666,-666,8.73e-18,-0.245938474,-1.91e-17,-2.232864036,-1.87e-16,-2.404377201,-7.71e-33,-0.933229518,4.107833962,156.1907808,9.28445705,8.355461886,2.355461886,4.627827085,3.901337741,0.901337741,0.416955963,0.416955963,0.101545246,0.101545246,0.0,0.0,-0.08,95.43558191,0.768270031,2.175102041,3.92,39.61034254,0,0.0,0,0,0,38.07077587,0,0,0,0.0,0,0,0.0,0,13.01908852,5.907179729,0.0,5.316788604,0.0,6.851892117,6.9758269,0.0,0,0.0,5.316788604,0.0,0,0.0,12.88300663,4.794537184,0.0,15.07644345,0.0,0.0,0.0,0,-666,19.73489875,4.794537184,0,0.0,0.0,0.0,0.0,0.0,0.0,5.316788604,8.224551337,38.68777778,0.0,10.39104167,2.479166667,0.0,-1.585648148,0.0,0.0,-5.805671296,0.0,0.666666667,5,0,2,0,0,0,0,0,0,-666,0,2,-666,0,0,0,-666,-0.2329,18.739,0,0,0,0,0,0,0,0,0,0,1,1,0,0,0,1,0,0,0,0,0,0,0,0,0,0,0,1,0,0,0,0,0,0,0,0,-666,0,0,0,0,0,0,0,0,0,0,0,0,0,0,0,0,0,-666,0,0,0,0,0,0,0,0,0,0,0,0,0,0,0,0,0,0,0,0,0,0,0,0,0,0,0,0,-666,0,0,65,7,14.007,-1.4,7.4,5,3.04,0.001145,230.5,13.5,-0.399520326,-0.394751143,N,6,6,0,2.55,2.55,0.0,12,5.1,0.864,42.505
540,N-methylformamidyl_N_CC.log:,6.622,4.89,5.055,5.9,6.842,5.838,5.278,5.001,0.505,0.347,0.402,0.399,0.391,0.282,0.388,0.276,0.433,0.268,0.314,0.421,0.312,0.415,0.309,0.419,0.314,0.421,0.312,0.415,0.31,0.419,0.312,0.425,5.11,5.76,5.71,5.83,2.47,2.55,2.42,2.45,5.05,-0.252,-0.377,9.599375,-2.640046296,9.599375,1.412037037,0.369435738,58.06,54.028,58.02928875,23,0,0.0,0.0,0.0,0.0,-666,-666,-666,-4.79e-19,-0.243203155,-0.094331717,-2.145264415,-0.092604912,-2.344255924,4.27e-20,-0.904957538,3.551252924,96.70165767,6.78445705,5.855461886,1.855461886,3.416502219,2.651337741,0.651337741,0.203090492,0.203090492,0.045643546,0.045643546,0.0,0.0,-0.08,23.0053905,0.69797454,2.92,1.92,30.43545943,0,0.0,0,0,0,28.95633386,0,0,0,0.0,0,0,0.0,0,10.27757141,6.386146945,0.0,5.316788604,0.0,0.0,6.9758269,0.0,0,0.0,5.316788604,0.0,0,0.0,13.36197385,4.794537184,0.0,5.483034225,0.0,0.0,0.0,0,-666,13.36197385,4.794537184,0,0.0,0.0,0.0,0.0,0.0,0.0,5.316788604,5.483034225,24.931875,0.0,9.599375,2.4375,0.0,0.0,0.0,-1.412037037,-2.640046296,0.0,0.5,4,0,2,0,0,0,0,0,0,-666,0,2,-666,0,0,0,-666,-0.623,14.122,0,0,0,0,0,0,0,0,0,0,1,1,0,0,0,1,0,0,0,0,0,0,0,0,0,0,0,1,0,0,0,0,0,0,0,0,-666,0,0,0,0,0,0,0,0,0,0,0,0,0,0,0,0,0,-666,0,0,0,0,0,0,0,0,0,0,0,0,0,0,0,0,0,0,0,0,0,0,0,0,0,0,0,0,-666,0,0,65,7,14.007,-1.4,7.4,5,3.04,0.001145,199.9,12.8,-0.412996105,-0.412650431,N,6,6,0,2.55,2.55,0.0,12,5.1,0.752,36.445
541,N-methylmethanesulfonamido_N_CS.log:,5.276,4.076,4.213,4.931,5.406,4.882,4.502,4.303,0.644,0.494,0.351,0.361,0.337,0.277,0.334,0.27,0.407,0.277,0.335,0.395,0.333,0.393,0.326,0.387,0.335,0.395,0.335,0.394,0.329,0.389,0.326,0.385,4.36,4.85,4.81,4.91,2.26,2.43,2.22,2.27,4.21,-0.229,-0.293,10.57854167,-4.892939815,10.57854167,2.222222222,0.440349836,108.142,102.094,108.0119244,37,0,0.0,0.0,0.0,0.0,-666,-666,-666,2.45e-15,-0.245386489,-1.39e-17,-2.247053236,-3.36e-17,-2.450841777,2.79e-16,-0.904861898,4.704156263,247.7021006,10.20710678,8.671958467,3.488455048,4.957106781,3.943638462,2.383701791,0.566353433,1.699060298,0.120179146,0.360537437,0.0,0.0,0.23,122.8917964,1.351238192,1.790217627,4.23,45.84465422,0,0.0,0,0,0,44.54748534,0,0,0,0.0,0,0,0.0,0,16.64234832,10.02329115,0.0,4.722094864,0.0,0.0,13.159751,0.0,0,0.0,4.722094864,0.0,0,0.0,21.57754799,10.02329115,0.0,8.224551337,0.0,0.0,0.0,0,-666,23.18304215,8.417796984,0,0.0,0.0,0.0,0.0,0.0,0.0,4.722094864,8.224551337,61.84270833,0.0,0.0,0.0,0.0,0.0,0.0,-3.401388889,-3.131712963,-4.892939815,1.0,6,0,3,0,0,0,0,0,0,-666,0,4,-666,0,0,0,-666,-0.8198,22.9018,0,0,0,0,0,0,0,0,0,0,0,0,0,0,0,1,0,0,0,0,0,0,0,0,0,0,0,0,0,0,0,0,0,0,0,0,-666,0,0,0,0,0,0,0,0,0,0,0,0,0,0,0,0,0,-666,0,0,0,0,0,0,0,0,0,0,0,0,0,0,0,0,0,0,0,0,0,1,0,0,0,0,0,0,-666,0,0,65,7,14.007,-1.4,7.4,5,3.04,0.001145,249.8,15.7,-0.416891682,-0.40990388,N,6,16,0,2.55,2.58,0.0,22,5.13,0.903,46.258
542,N-methyltrifluoromethanesulfonamido_N_CS.log:,6.235,4.889,5.052,5.931,6.385,5.909,5.417,5.216,0.642,0.5,0.358,0.368,0.345,0.285,0.341,0.279,0.41,0.285,0.333,0.396,0.328,0.39,0.329,0.393,0.335,0.398,0.328,0.39,0.328,0.392,0.325,0.39,5.1,5.64,5.6,5.7,2.77,2.98,2.72,2.78,5.05,-0.243,-0.308,11.43203704,-5.892939815,11.43203704,1.659722222,0.547367457,162.112,159.088,161.983659,55,0,0.0,0.0,0.0,0.0,-666,-666,-666,18.997,-0.243194573,1.3e-17,-2.178779146,0.4192,-2.42157833,1.643853362,-0.902601542,4.704156263,253.7021006,10.20710678,6.805851886,4.622348467,4.957106781,3.010585172,2.9506485,1.012094172,2.607711087,0.412671216,1.238013648,0.051754917,0.155264751,0.02,122.8917964,4.777405279,2.331452781,2.011677764,54.12634893,0,0.0,0,0,0,52.93086122,0,0,0,0.0,0,0,0.0,0,25.7013178,10.02329115,0.0,4.722094864,0.0,5.508330501,6.9758269,0.0,0,0.0,4.722094864,13.17124514,0,0.0,20.90195439,10.02329115,0.0,4.112275669,0.0,0.0,0.0,0,-666,22.50744855,21.58904213,0,0.0,0.0,0.0,0.0,4.722094864,0.0,0.0,4.112275669,74.45270833,0.0,0.0,0.0,-5.651388889,0.0,0.0,0.0,-3.491712963,-5.892939815,1.0,9,0,3,0,0,0,0,0,0,-666,0,7,-666,0,0,0,-666,0.0702,23.0328,0,0,0,0,0,0,0,0,0,0,0,0,0,0,0,1,0,0,0,0,0,0,0,0,0,3,0,0,0,0,0,0,0,0,0,0,-666,0,0,0,0,0,0,0,3,0,0,0,0,0,0,0,0,0,-666,0,0,0,0,0,0,0,0,0,0,0,0,0,0,0,0,0,0,0,0,0,1,0,0,0,0,0,0,-666,0,0,65,7,14.007,-1.4,7.4,5,3.04,0.001145,279.8,15.6,-0.454732759,-0.446495547,N,6,16,0,2.55,2.58,0.0,22,5.13,0.885,51.167
545,N-pentyl-4-methylbenzenesulfonamido_N_CS.log:,5.514,4.234,4.382,5.191,5.669,5.167,4.678,4.475,0.65,0.499,0.24,0.357,0.252,0.212,0.227,0.189,0.397,0.269,0.334,0.391,0.327,0.385,0.325,0.38,0.336,0.392,0.328,0.387,0.325,0.382,0.318,0.376,4.44,5.01,4.96,5.07,2.22,2.42,2.18,2.25,4.37,-0.167,-0.204,12.72716565,-5.729366378,12.72716565,1.150929198,0.717133269,240.348,222.204,240.1058248,89,0,0.0,0.0,0.0,0.0,-666,-666,-666,4.93e-16,-0.248439393,-1.08e-16,-2.623395998,-1.42e-16,-2.573047256,2.17e-17,-1.13547647,3.706075146,1057.472446,27.6712084,25.67195847,8.488455048,14.59385813,12.69363846,5.133701791,2.257280977,3.798236133,1.206740224,2.258417273,0.617763658,1.234889276,0.23,2588956.74,3.212954151,6.842419791,4.615578789,123.2790811,0,0.0,0,0,0,121.8427837,0,0,0,0.0,0,0,0.0,0,33.091451,10.02329115,0.0,4.722094864,0.0,32.82255894,6.496859684,34.68652803,0,0.0,4.722094864,0.0,0,0.0,14.91465667,10.02329115,0.0,57.49621295,34.68652803,0.0,0.0,0,-666,84.0292378,8.417796984,0,0.0,0.0,0.0,0.0,0.0,0.0,4.722094864,24.67365401,163.4067374,0.0,-1.64391869,0.0,-1.150929198,0.0,-5.610223276,-12.57285187,-11.28278132,-5.729366378,0.5,16,0,3,0,0,0,0,0,0,-666,0,4,-666,0,0,0,-666,2.5108,66.4258,0,0,0,0,0,0,0,0,0,0,0,0,0,0,0,1,0,0,0,0,0,0,0,0,0,0,5,0,0,0,0,0,0,0,0,0,-666,0,0,0,0,0,0,0,0,0,0,0,0,0,0,0,0,0,-666,0,0,0,0,0,0,0,0,0,0,0,0,0,0,0,0,0,0,0,0,0,1,0,0,0,0,0,0,-666,0,0,65,7,14.007,-1.4,7.4,5,3.04,0.001145,492.2,17.8,-0.399590958,-0.391722868,N,6,16,0,2.55,2.58,0.0,22,5.13,0.911,55.85
546,N-phenyl-4-methylbenzenesulfonamido_N_CS.log:,8.641,6.025,6.142,8.268,9.067,8.309,6.878,6.493,0.312,0.237,0.184,0.183,0.177,0.145,0.178,0.139,0.2,0.126,0.156,0.194,0.156,0.194,0.157,0.198,0.156,0.194,0.155,0.193,0.157,0.197,0.159,0.209,6.01,7.16,7.06,7.29,2.46,2.69,2.44,2.48,6.13,-0.116,-0.165,12.6706935,-5.114861111,12.6706935,0.789233261,0.835427349,246.311,234.215,246.0588746,87,0,0.0,0.0,0.0,0.0,-666,-666,-666,11.2062904,-0.243527388,-1.06e-22,-2.333280316,0.048862494,-2.245400942,2.145888177,-0.946558009,2.70426794,1095.596597,22.63531001,20.17195847,8.988455048,13.03530437,10.19363846,5.633701791,2.744084376,4.285039532,1.55828547,2.701249611,0.884875854,1.667824164,0.23,834163.4539,4.966449488,5.914034116,3.846543864,118.13956,0,0.0,0,0,0,117.1081039,0,0,0,0.0,0,0,0.0,0,24.86689966,10.02329115,0.0,4.722094864,0.0,6.851892117,0.0,70.64392607,0,0.0,4.722094864,0.0,0,0.0,8.417796984,10.02329115,0.0,23.30099479,70.64392607,0.0,0.0,0,-666,87.51910934,8.417796984,0,0.0,0.0,0.0,0.0,0.0,0.0,4.722094864,16.44910267,119.597234,0.0,-1.271008125,0.0,-1.956464642,0.0,-9.038724772,0.0,-3.049508643,-5.114861111,0.076923077,17,0,3,0,0,0,0,0,0,-666,0,4,-666,0,0,0,-666,2.3305,68.3968,0,0,0,0,0,0,0,0,0,0,0,0,0,0,0,1,0,0,0,0,0,0,0,0,0,0,10,0,0,0,0,0,0,0,0,0,-666,0,0,0,0,0,0,0,0,0,0,0,0,0,0,0,0,0,-666,0,0,0,0,0,0,0,0,0,0,0,0,0,0,0,0,0,0,0,0,0,1,0,0,0,0,0,0,-666,0,0,65,7,14.007,-1.4,7.4,5,3.04,0.001145,453.2,19.2,-0.391068714,-0.378017928,N,6,16,0,2.55,2.58,0.0,22,5.13,0.502,60.727
547,N-phenylbenzamidyl_N_CC.log:,8.053,5.635,5.756,7.632,8.454,7.688,6.363,6.019,0.302,0.192,0.188,0.188,0.181,0.133,0.182,0.124,0.204,0.109,0.139,0.197,0.138,0.196,0.141,0.201,0.139,0.197,0.138,0.195,0.14,0.2,0.137,0.209,5.57,6.61,6.52,6.73,2.32,2.5,2.31,2.31,5.74,-0.104,-0.176,12.31291289,-1.295804989,12.31291289,0.662770348,0.726143306,196.229,186.149,196.0762389,73,0,0.0,0.0,0.0,0.0,-666,-666,-666,11.20954437,-0.094149662,0.509959763,-2.261923349,0.557474405,-2.217158603,2.659903108,-0.446465898,2.52188026,875.466243,19.21266028,17.35546189,7.355461886,11.50068288,8.901337741,3.901337741,2.390562761,2.390562761,1.414017515,1.414017515,0.81368308,0.81368308,-0.08,214085.0526,4.303058985,5.855791358,3.456761334,102.7303652,0,0.0,0,0,0,101.5169524,0,0,0,0.0,0,0,0.0,0,18.50212275,5.907179729,0.0,5.316788604,0.0,0.0,0.0,71.7908613,0,0.0,5.316788604,0.0,0,0.0,5.907179729,4.794537184,0.0,13.70758556,71.7908613,0.0,0.0,0,-666,77.69804103,4.794537184,0,0.0,0.0,0.0,0.0,0.0,0.0,5.316788604,13.70758556,75.88250372,0.0,12.31291289,3.419554044,-1.402201436,-1.295804989,-7.250297561,0.0,0.0,0.0,0.0,15,0,2,0,0,0,0,0,0,-666,0,2,-666,0,0,0,-666,2.1797,59.867,0,0,0,0,0,0,0,0,0,0,1,1,0,0,0,1,0,0,0,0,0,0,0,0,0,0,9,1,0,0,0,0,0,0,0,0,-666,0,0,0,0,0,0,0,0,0,0,0,0,0,0,0,0,0,-666,0,0,0,0,0,0,0,0,0,0,0,0,0,0,0,0,0,0,0,0,0,0,0,0,0,0,0,0,-666,0,0,65,7,14.007,-1.4,7.4,5,3.04,0.001145,403.6,18.5,-0.379581356,-0.372264919,N,6,6,0,2.55,2.55,0.0,12,5.1,0.526,57.602
548,N-tert-butylphenylamidyl_N_CC.log:,5.149,3.951,4.08,4.755,5.298,4.744,4.292,4.124,0.563,0.332,0.245,0.326,0.253,0.18,0.238,0.162,0.349,0.185,0.251,0.349,0.245,0.342,0.245,0.339,0.252,0.35,0.246,0.343,0.245,0.341,0.236,0.332,4.09,4.57,4.53,4.62,2.08,2.22,2.05,2.09,4.07,-0.139,-0.213,12.47315429,-3.854186154,12.47315429,0.851594978,0.645162965,176.239,162.127,176.1075391,69,0,0.0,0.0,0.0,0.0,-666,-666,-666,2.86e-16,-0.244322203,-1.18e-16,-2.600524397,-5.86e-17,-2.645528287,1.47e-16,-1.090275681,3.695316208,704.9470458,21.74855867,20.35546189,6.355461886,11.80923663,10.15133774,3.151337741,2.12736616,2.12736616,0.983115816,0.983115816,0.565152304,0.565152304,-0.08,177621.2856,2.533173367,4.426347656,4.097310553,98.69500321,0,0.0,0,0,0,97.13719017,0,0,0,0.0,0,0,0.0,0,23.98515697,5.907179729,0.0,5.316788604,0.0,26.0946016,0.0,35.83346326,0,0.0,5.316788604,0.0,0,0.0,11.44610498,4.794537184,0.0,39.74629614,35.83346326,0.0,0.0,0,-666,67.83524459,4.794537184,0,0.0,0.0,0.0,0.0,0.0,0.0,5.316788604,19.19061979,104.3628632,0.0,12.47315429,2.931313303,-4.976292635,-1.85150463,-4.875527329,0.0,-11.3973395,0.0,0.363636364,13,0,2,0,0,0,0,0,0,-666,0,2,-666,0,0,0,-666,1.9683,53.257,0,0,0,0,0,0,0,0,0,0,1,1,0,0,0,1,0,0,0,0,0,0,0,0,0,0,4,1,0,0,0,0,0,0,0,0,-666,0,0,0,0,0,0,0,0,0,0,0,0,0,0,0,0,0,-666,0,0,0,0,0,0,0,0,0,0,0,0,0,0,0,0,0,0,0,0,0,0,0,0,0,0,0,0,-666,0,0,65,7,14.007,-1.4,7.4,5,3.04,0.001145,384.5,17.3,-0.382268485,-0.377957444,N,6,6,0,2.55,2.55,0.0,12,5.1,0.911,64.414
549,N-trifluoromethanesulfonyltrifluoromethanesulfonamido_N_SS.log:,10.552,8.154,8.413,9.698,10.794,9.576,8.975,8.586,0.573,0.43,0.193,0.209,0.181,0.179,0.183,0.178,0.239,0.196,0.24,0.233,0.229,0.219,0.23,0.225,0.241,0.235,0.231,0.221,0.231,0.226,0.223,0.219,8.62,9.59,9.51,9.7,4.51,4.97,4.46,4.59,8.4,-0.141,-0.157,11.43842593,-6.721527778,11.43842593,0.777777778,0.680589382,280.147,280.147,279.9172938,91,0,0.0,0.0,0.0,0.0,-666,-666,-666,32.28904246,11.55699902,2.566049528,-2.086772538,2.281782383,-2.402948953,8.048273782,-0.047770739,5.284512596,384.7328028,12.70710678,6.164490176,7.797483338,6.207106781,2.573956748,5.454083405,1.916149757,5.33852001,0.781235864,3.521217931,0.213697787,1.923280081,0.08,484.0282471,15.08,3.829685218,3.543427556,79.16881953,0,0.0,0,0,0,78.36872869,0,0,0,0.0,0,0,0.0,0,43.17808425,20.04658231,0.0,4.127401125,0.0,11.016661,0.0,0.0,0,0.0,4.127401125,26.34249029,0,0.0,27.85225497,20.04658231,0.0,0.0,0.0,0.0,0.0,0,-666,31.06324331,43.17808425,0,0.0,0.0,4.127401125,0.0,0.0,0.0,0.0,0.0,109.1825,0.0,0.0,0.0,-12.40611111,0.0,0.0,0.0,0.0,-13.44305556,1.0,15,0,5,0,0,0,0,0,0,-666,0,13,-666,0,0,0,-666,0.29,32.0836,0,0,0,0,0,0,0,0,0,0,0,0,0,0,0,1,0,0,0,0,0,0,0,0,0,6,0,0,0,0,0,0,0,0,0,0,-666,0,0,0,0,0,0,0,6,0,0,0,0,0,0,0,0,0,-666,0,0,0,0,0,0,0,0,0,0,0,0,0,0,0,0,0,0,0,0,0,2,0,0,0,0,0,0,-666,0,0,65,7,14.007,-1.4,7.4,5,3.04,0.001145,355.0,17.9,-0.502112371,-0.500195781,N,16,16,0,2.58,2.58,0.0,32,5.16,0.859,67.723
558,pentylaminyl_N_CH.log:,3.17,2.557,2.66,3.183,3.262,3.217,2.814,2.73,0.815,0.677,0.549,0.559,0.544,0.448,0.542,0.436,0.586,0.498,0.501,0.583,0.501,0.583,0.496,0.58,0.501,0.583,0.501,0.583,0.497,0.581,0.505,0.592,2.58,2.89,2.87,2.92,1.31,1.36,1.27,1.29,2.66,-0.361,-0.463,7.319583333,-3.722916667,7.319583333,2.27192602,0.464213707,86.158,74.062,86.09697438,37,0,0.0,0.0,0.0,0.0,-666,-666,-666,-0.069356699,-0.247623081,-0.740253883,-2.625646088,-0.746874079,-2.553237685,-0.341406701,-1.137048962,5.798310276,302.0798558,15.20710678,14.9472136,2.947213595,7.560660172,7.170820393,1.223606798,0.486803399,0.486803399,0.180901699,0.180901699,0.05920085,0.05920085,-0.04,2317.071969,0.509750801,4.96,3.96,56.45661282,0,0.0,0,0,0,54.68440493,0,0,0,0.0,0,0,0.0,0,16.4901862,0.0,0.0,5.726692226,0.0,25.97066682,6.496859684,0.0,0,0.0,5.726692226,0.0,0,0.0,6.496859684,0.0,0.0,41.04901094,0.0,1.411842078,0.0,0,-666,32.46752651,0.0,0,0.0,0.0,0.0,0.0,0.0,0.0,5.726692226,16.4901862,84.88328515,0.0,0.0,0.0,2.27192602,0.0,0.0,-11.01340278,-6.89180839,0.0,1.0,6,1,1,0,0,0,0,0,0,0,0,1,-666,0,0,0,-666,1.4595,27.4887,0,0,0,0,0,0,0,0,0,0,0,0,0,0,0,0,1,0,0,0,0,0,0,0,0,0,0,0,0,0,0,0,0,0,0,0,-666,0,0,0,0,0,0,0,0,0,0,0,0,0,0,0,0,0,-666,0,0,0,0,0,0,0,0,0,0,0,0,0,0,0,0,0,0,0,0,0,0,0,0,0,0,0,0,-666,0,0,65,7,14.007,-1.4,7.4,5,3.04,0.001145,285.1,14.1,-0.384819524,-0.365350996,N,6,1,0,2.55,2.1,0.0,7,4.65,1.008,24.399
559,pentylazaniumyl_N_CHH.log:,7.929,7.336,7.637,7.928,7.928,7.928,7.969,7.988,0.597,0.491,0.141,0.136,0.13,0.122,0.14,0.125,0.145,0.102,0.165,0.157,0.165,0.157,0.149,0.141,0.166,0.158,0.168,0.16,0.152,0.144,0.141,0.134,8.0,7.94,7.95,7.94,9.25,9.55,9.1,9.23,7.64,-0.332,-0.472,7.359583333,-3.810416667,7.359583333,0.763465136,0.513017738,87.166,74.062,87.10479942,38,0,0.0,0.0,0.0,0.0,-666,-666,-666,-0.129710148,-0.247638134,-0.793888662,-2.643264767,-0.76817817,-2.702472562,-0.416590702,-1.140811328,5.918513172,326.4155028,16.07735027,15.9472136,2.947213595,7.943375673,7.618033989,1.223606798,0.486803399,0.486803399,0.180901699,0.180901699,0.05920085,0.05920085,-0.04,3314.446802,0.454565999,4.96,3.96,57.91963995,0,0.0,0,0,0,56.08927176,0,0,0,0.0,0,0,0.0,0,17.90202827,0.0,0.0,0.0,5.719716976,25.97066682,6.496859684,0.0,0,0.0,5.719716976,0.0,0,0.0,6.496859684,0.0,0.0,41.04901094,0.0,2.823684157,0.0,0,-666,38.18724348,0.0,0,0.0,0.0,0.0,0.0,0.0,0.0,0.0,17.90202827,92.40902636,0.0,0.0,0.0,-0.763465136,0.0,0.0,-11.28833333,-7.107227891,0.0,1.0,6,2,1,0,0,0,0,0,0,1,1,1,-666,0,0,0,-666,1.1353,28.5794,0,0,0,0,0,0,0,0,0,0,0,0,0,0,0,0,0,1,0,0,-666,0,0,0,0,0,0,0,0,0,0,0,0,0,0,0,-666,0,0,0,0,0,0,0,0,0,0,0,0,0,0,0,0,0,-666,0,0,0,0,0,0,0,0,0,0,0,0,0,0,0,0,0,0,0,0,0,0,0,0,0,0,0,0,-666,0,1,65,7,14.007,-1.4,7.4,5,3.04,0.001145,288.5,14.1,-0.334021753,0.018172803,N,6,1,1,2.55,2.1,2.1,8,6.75,0.842,25.161
562,phenylaminyl_N_CH.log:,5.813,4.213,4.343,5.851,6.09,5.954,4.826,4.61,0.404,0.318,0.251,0.236,0.243,0.197,0.247,0.19,0.259,0.181,0.213,0.256,0.213,0.256,0.214,0.257,0.213,0.256,0.213,0.255,0.214,0.256,0.218,0.266,4.11,4.87,4.8,4.95,1.66,1.77,1.64,1.65,4.34,-0.186,-0.254,7.249074074,-0.47,7.249074074,0.327777778,0.463861905,92.121,86.073,92.05002419,35,0,0.0,0.0,0.0,0.0,-666,-666,-666,10.3266008,-0.094127704,0.015950054,-2.227151332,0.12921065,-2.056208896,1.855300896,-0.459636552,3.404845045,333.5238645,10.1712084,9.447213595,3.447213595,6.002106418,4.670820393,1.723606798,0.973606798,0.973606798,0.486803399,0.486803399,0.243401699,0.243401699,-0.04,701.8677369,1.471945588,2.31410722,1.475062751,51.31709168,0,0.0,0,0,0,49.94972513,0,0,0,0.0,0,0,0.0,0,8.265634859,0.0,0.0,5.726692226,0.0,0.0,0.0,35.95739804,0,0.0,5.726692226,0.0,0,0.0,0.0,0.0,0.0,6.853792781,35.95739804,1.411842078,0.0,0,-666,30.26035873,0.0,0,5.697039313,0.0,0.0,0.0,0.0,0.0,5.726692226,8.265634859,42.73222222,0.0,0.0,0.0,2.556296296,0.0,-2.288518519,0.0,0.0,0.0,0.0,7,1,1,0,0,0,0,0,0,0,0,1,-666,0,0,0,-666,1.2792,29.4597,0,0,0,0,0,0,0,0,0,0,0,0,0,0,0,0,1,0,0,0,0,0,0,0,0,0,5,0,0,0,0,0,0,0,0,0,-666,0,0,0,0,0,0,0,0,0,0,0,0,0,0,0,0,0,-666,0,0,0,0,0,0,0,0,0,0,0,0,0,0,0,0,0,0,0,0,0,0,0,0,0,0,0,0,-666,0,0,65,7,14.007,-1.4,7.4,5,3.04,0.001145,251.1,16.0,-0.377488896,-0.357318037,N,6,1,0,2.55,2.1,0.0,7,4.65,0.637,29.702
566,piperidin-1-ium-1-yl_N_CCH.log:,7.266,6.612,6.842,7.266,7.275,7.27,7.257,7.262,0.55,0.41,0.173,0.164,0.163,0.135,0.17,0.136,0.182,0.114,0.164,0.183,0.164,0.182,0.159,0.177,0.164,0.183,0.165,0.184,0.16,0.178,0.159,0.176,7.13,7.11,7.11,7.11,8.32,8.59,8.17,8.3,6.84,-0.304,-0.487,7.359583333,-3.426041667,7.359583333,0.484791667,0.457636228,85.15,74.062,85.08914935,36,0,0.0,0.0,0.0,0.0,-666,-666,-666,-0.068756584,-0.191327317,-0.659682626,-2.743378555,-0.695755089,-2.805534891,-0.311663089,-1.126229824,3.562498584,302.7534919,14.07735027,13.9472136,2.947213595,7.154700538,6.894427191,1.447213595,0.710410197,0.710410197,0.348606798,0.348606798,0.171004249,0.171004249,-0.04,2005.205729,0.509750801,2.189674339,0.976756002,54.25578265,0,0.0,0,0,0,52.54173507,0,0,0,0.0,0,0,0.0,0,15.11942764,0.0,0.0,5.309813353,0.0,19.1187747,12.99371937,0.0,0,0.0,5.309813353,0.0,0,0.0,12.99371937,0.0,0.0,32.82636027,0.0,1.411842078,0.0,0,-666,37.42230743,0.0,0,0.0,0.0,0.0,0.0,0.0,0.0,0.0,15.11942764,80.51708333,0.0,0.0,-0.484791667,0.0,0.0,0.0,-10.18229167,-6.6,0.0,1.0,6,1,1,0,0,0,0,0,0,1,1,1,-666,0,0,0,-666,0.7599,26.7207,0,0,0,0,0,0,0,0,0,0,0,0,0,0,0,0,1,0,0,0,-666,0,0,0,0,0,0,0,0,0,0,0,0,0,0,0,-666,0,0,0,0,0,0,0,0,0,0,0,0,0,0,0,0,0,-666,0,0,0,0,0,0,0,0,0,0,0,0,0,0,1,0,0,0,0,0,0,0,0,0,0,0,0,0,-666,0,1,65,7,14.007,-1.4,7.4,5,3.04,0.001145,252.6,14.5,-0.323023513,0.025108738,N,6,6,1,2.55,2.55,2.1,13,7.2,0.817,44.64
567,piperidin-1-yl_N_CC.log:,2.998,2.406,2.506,3.011,3.09,3.045,2.647,2.565,0.686,0.51,0.439,0.437,0.428,0.325,0.426,0.316,0.47,0.275,0.36,0.461,0.36,0.461,0.355,0.457,0.36,0.461,0.361,0.462,0.356,0.458,0.357,0.461,2.45,2.76,2.73,2.79,1.22,1.24,1.17,1.18,2.5,-0.289,-0.41,7.319583333,-3.338541667,7.319583333,2.824375,0.411454601,84.142,74.062,84.08132432,35,0,0.0,0.0,0.0,0.0,-666,-666,-666,-1.19e-15,-0.191032058,-0.12016475,-2.695108343,-0.237899557,-2.702395247,-3.54e-16,-1.105590194,3.429287089,278.3312498,13.20710678,12.9472136,2.947213595,6.707106781,6.447213595,1.447213595,0.710410197,0.710410197,0.348606798,0.348606798,0.171004249,0.171004249,-0.04,1151.2442,0.575630555,2.189674339,0.976756002,52.79275552,0,0.0,0,0,0,51.13686824,0,0,0,0.0,0,0,0.0,0,13.70758556,0.0,0.0,5.316788604,0.0,19.1187747,12.99371937,0.0,0,0.0,5.316788604,0.0,0,0.0,12.99371937,0.0,0.0,32.82636027,0.0,0.0,0.0,0,-666,32.11249407,0.0,0,0.0,0.0,0.0,0.0,0.0,0.0,5.316788604,13.70758556,72.54055556,0.0,0.0,2.824375,0.0,0.0,0.0,-9.848263889,-6.266666667,0.0,1.0,6,0,1,0,0,0,0,0,0,0,0,1,-666,0,0,0,-666,0.7747,25.719,0,0,0,0,0,0,0,0,0,0,0,0,0,0,0,1,0,0,0,0,0,0,0,0,0,0,0,0,0,0,0,0,0,0,0,0,-666,0,0,0,0,0,0,0,0,0,0,0,0,0,0,0,0,0,-666,0,0,0,0,0,0,0,0,0,0,0,0,0,0,1,0,0,0,0,0,0,0,0,0,0,0,0,0,-666,0,0,65,7,14.007,-1.4,7.4,5,3.04,0.001145,248.0,14.5,-0.36437168,-0.345979084,N,6,6,0,2.55,2.55,0.0,12,5.1,0.943,43.185
583,pyridin-1-ylium-1-yl_N_CC.log:,9.182,8.442,8.711,9.186,9.221,9.202,9.058,9.036,0.543,0.33,0.224,0.223,0.22,0.184,0.227,0.183,0.233,0.153,0.214,0.237,0.214,0.237,0.211,0.234,0.215,0.237,0.215,0.237,0.212,0.235,0.216,0.242,8.84,8.91,8.9,8.92,9.66,9.9,9.5,9.62,8.71,-0.244,-0.482,7.070740741,-0.42037037,7.070740741,0.397222222,0.453147965,79.102,74.062,79.04219916,30,0,0.0,0.0,0.0,0.0,-666,-666,-666,10.53795326,-0.094100684,-0.104748805,-2.158427712,-0.126018696,-2.036656408,1.506187971,-0.453304089,3.281646062,281.7381276,8.593858127,7.947213595,2.947213595,5.03658126,3.947213595,1.447213595,0.710410197,0.710410197,0.348606798,0.348606798,0.171004249,0.171004249,-0.04,256.3467848,1.220642549,2.189674339,0.976756002,43.73415725,0,0.0,0,0,0,42.3690715,0,0,0,0.0,0,0,0.0,0,6.853792781,6.190652219,0.0,0.0,4.992404733,0.0,0.0,24.33222177,0,0.0,0.0,0.0,0,0.0,6.190652219,0.0,0.0,6.853792781,29.3246265,0.0,0.0,0,-666,30.52287399,0.0,0,0.0,0.0,0.0,0.0,0.0,0.0,4.992404733,6.853792781,35.10407407,0.0,3.271851852,0.0,0.0,0.0,-1.201851852,-0.840740741,0.0,0.0,0.0,6,0,1,0,0,0,0,0,0,1,0,1,-666,0,0,0,-666,1.1407,26.772,0,0,0,0,0,0,0,0,0,0,0,0,0,0,1,1,0,0,0,0,0,0,0,0,0,0,3,0,0,0,0,0,0,0,0,0,-666,0,0,0,0,0,0,0,0,0,0,0,0,0,0,0,0,0,-666,0,0,0,0,0,0,0,0,0,0,0,0,0,0,0,0,0,0,0,0,0,0,0,0,0,0,0,0,-666,0,1,65,7,14.007,-1.4,7.4,5,3.04,0.001145,227.7,15.5,-0.344317945,-0.241667988,N,6,6,0,2.55,2.55,0.0,12,5.1,0.836,43.812
614,trimethylazaniumyl_N_CCC.log:,5.895,5.498,5.678,5.892,5.878,5.886,5.99,6.021,0.538,0.36,0.26,0.221,0.221,0.148,0.224,0.148,0.285,0.151,0.187,0.249,0.187,0.249,0.182,0.246,0.187,0.249,0.188,0.25,0.183,0.247,0.175,0.246,6.02,5.9,5.91,5.89,7.67,7.89,7.53,7.63,5.68,-0.27,-0.494,6.739583333,-3.15625,6.739583333,0.4375,0.384462781,59.112,50.04,59.07349929,26,0,0.0,0.0,0.0,0.0,-666,-666,-666,-2.6e-15,-0.244322203,-0.154425146,-2.538660954,-0.158369941,-2.633951334,-7.29e-16,-1.06797731,5.022717526,137.485298,11.07735027,10.9472136,1.947213595,5.366025404,5.170820393,0.670820393,0.335410197,0.335410197,0.0,0.0,0.0,0.0,-0.04,161.5068868,0.242558361,1.297837838,1128.96,39.87370343,0,0.0,0,0,0,38.16421744,0,0,0,0.0,0,0,0.0,0,12.33682701,0.0,0.0,4.899909731,0.0,0.0,20.9274807,0.0,0,0.0,0.0,0.0,0,0.0,25.82739043,0.0,0.0,12.33682701,0.0,0.0,0.0,0,-666,25.82739043,0.0,0,0.0,0.0,0.0,0.0,0.0,0.0,0.0,12.33682701,60.65625,0.0,-0.4375,0.0,0.0,0.0,0.0,0.0,-9.46875,0.0,1.0,4,0,1,0,0,0,0,0,0,1,0,1,-666,0,0,0,-666,0.1778,19.611,0,0,0,0,0,0,0,0,0,0,0,0,0,0,0,1,0,0,0,0,-666,0,0,0,0,0,0,0,0,0,0,0,0,0,0,0,-666,0,0,0,0,0,0,0,0,0,0,0,0,0,0,0,0,0,-666,0,0,0,0,0,0,0,0,0,0,0,0,0,0,0,0,0,0,0,0,0,0,0,0,0,0,0,0,-666,0,1,65,7,14.007,-1.4,7.4,5,3.04,0.001145,225.9,13.1,-0.310319355,0.004455458,N,6,6,6,2.55,2.55,2.55,18,7.65,0.831,46.323
616,trimethylhydrazin-1-yl_N_CN.log:,1.595,1.215,1.281,1.604,1.657,1.627,1.365,1.313,0.488,0.447,0.37,0.367,0.366,0.314,0.368,0.31,0.388,0.292,0.342,0.393,0.341,0.393,0.334,0.387,0.342,0.393,0.343,0.394,0.335,0.388,0.335,0.389,1.28,1.49,1.47,1.51,0.56,0.57,0.53,0.53,1.28,-0.276,-0.346,6.780208333,-3.097569444,6.780208333,0.354166667,0.389347078,73.119,64.047,73.07657329,31,0,0.0,0.0,0.0,0.0,-666,-666,-666,-1.14e-16,-0.246370318,-2.15e-16,-2.471139926,-2.13e-16,-2.621246243,-1.22e-16,-1.021596392,4.779341062,171.7044226,11.78445705,11.39442719,2.394427191,5.83915195,5.370820393,0.870820393,0.411803399,0.411803399,0.1,0.1,0.0,0.0,-0.08,322.0997612,0.452910313,2.175102041,3.92,45.39370163,0,0.0,0,0,0,43.69901163,0,0,0,0.0,0,0,0.0,0,12.33682701,0.0,0.0,10.43470392,0.0,0.0,20.9274807,0.0,0,0.0,5.425791397,0.0,0,0.0,25.93639322,0.0,0.0,12.33682701,0.0,0.0,0.0,0,-666,20.9274807,0.0,0,5.008912524,0.0,0.0,0.0,0.0,0.0,5.425791397,12.33682701,60.62291667,0.0,0.0,-0.354166667,2.659722222,0.0,0.0,0.0,-9.178472222,0.0,1.0,5,0,2,0,0,0,0,0,0,1,0,2,-666,0,0,0,-666,-0.3028,21.745,0,0,0,0,0,0,0,0,0,0,0,0,0,0,0,2,0,0,0,0,-666,0,0,0,0,0,0,0,0,0,0,0,0,0,0,0,-666,0,0,0,0,0,0,0,0,0,0,0,0,0,0,0,0,0,-666,0,0,0,0,0,0,0,0,0,0,0,0,0,0,0,0,0,0,0,0,0,0,0,0,0,0,0,0,-666,0,0,65,7,14.007,-1.4,7.4,5,3.04,0.001145,240.0,13.6,-0.361570467,-0.281607353,N,6,7,0,2.55,3.04,0.0,13,5.59,0.684,43.102
620,triphenylazaniumyl_N_CCC.log:,13.61,11.029,11.142,13.665,14.048,13.831,12.145,11.844,0.237,0.158,0.087,0.09,0.078,0.056,0.079,0.054,0.11,0.102,0.067,0.103,0.067,0.103,0.064,0.1,0.067,0.103,0.068,0.103,0.064,0.101,0.056,0.099,10.99,12.18,12.07,12.32,8.64,9.17,8.64,8.75,11.12,-0.096,-0.189,8.324886621,-0.870719955,8.324886621,0.542222222,0.615974434,245.325,230.205,245.1204495,92,0,0.0,0.0,0.0,0.0,-666,-666,-666,10.89855114,-0.094148367,0.475176179,-2.42905914,0.514886334,-2.255310433,2.335293392,-0.446866013,2.579268877,1150.290997,25.96965511,24.4472136,9.447213595,15.66025404,12.67082039,5.170820393,3.25623059,3.25623059,2.13123059,2.13123059,1.401025492,1.401025492,-0.04,16134637.82,4.729460815,7.107522651,3.537795623,134.5537374,0,0.0,0,0,0,133.3334822,0,0,0,0.0,0,0,0.0,0,20.56137834,0.0,0.0,4.899909731,0.0,0.0,0.0,107.8721941,0,0.0,0.0,0.0,0,0.0,4.899909731,0.0,0.0,20.56137834,107.8721941,0.0,0.0,0,-666,107.8721941,0.0,0,0.0,4.899909731,0.0,0.0,0.0,0.0,0.0,20.56137834,121.2505682,0.0,0.542222222,0.0,-2.241496599,0.0,-12.55129378,0.0,0.0,0.0,0.0,19,0,1,0,0,0,0,0,0,1,0,1,-666,0,0,0,-666,4.3181,80.928,0,0,0,0,0,0,0,0,0,0,0,0,0,0,0,1,0,0,0,0,-666,0,0,0,0,0,15,0,0,0,0,0,0,0,0,0,-666,0,0,0,0,0,0,0,0,0,0,0,0,0,0,0,0,0,-666,0,0,0,0,0,0,0,0,0,0,0,0,0,0,0,0,0,0,0,0,0,0,0,0,0,0,0,0,-666,0,1,65,7,14.007,-1.4,7.4,5,3.04,0.001145,468.2,19.8,-0.346212971,-0.231351745,N,6,6,6,2.55,2.55,2.55,18,7.65,0.433,75.434
