ID,Name,w_MeOH,w_PBE0_SMD_DCM,w_B3LYP_SMD_DCM,w_SMD_MeCN,w_SMD_H2O,w_SMD_DMSO,w_SMD_DCM,w_SMD_THF,fA_N_SMD_DCM_NBO,fA_N_SMD_DCM_Mulliken,fKN_QZVP-B3,fKN_def2SVP,fKN_PBE0,fKM_PBE0,fKN_B3LYP,fKM_B3LYP,fKN_def2QZVP,fKM_def2QZVP,fkM_SMD_MeCN,fkN_SMD_MeCN,fkM_SMD_MeOH,fkN_SMD_MeOH,fkM_SMD_THF,fkN_SMD_THF,fkM_SMD_DMSO,fkN_SMD_DMSO,fkM_SMD_H2O,fkN_SMD_H2O,fkM_SMD_DCM,fkN_SMD_DCM,fkM_PCM_DCM,fkN_PCM_DCM,w_DCM,w_DMSO,w_MeCN,w_H2O,w_B3LYP,w_M062X,w_PBE0,w_wB97XD,w_SMD,fk-M,fk-N,MaxEStateIndex,MinEStateIndex,MaxAbsEStateIndex,MinAbsEStateIndex,qed,MolWt,HeavyAtomMolWt,ExactMolWt,NumValenceElectrons,NumRadicalElectrons,MaxPartialCharge,MinPartialCharge,MaxAbsPartialCharge,MinAbsPartialCharge,FpDensityMorgan1,FpDensityMorgan2,FpDensityMorgan3,BCUT2D_MWHI,BCUT2D_MWLOW,BCUT2D_CHGHI,BCUT2D_CHGLO,BCUT2D_LOGPHI,BCUT2D_LOGPLOW,BCUT2D_MRHI,BCUT2D_MRLOW,BalabanJ,BertzCT,Chi0,Chi0n,Chi0v,Chi1,Chi1n,Chi1v,Chi2n,Chi2v,Chi3n,Chi3v,Chi4n,Chi4v,HallKierAlpha,Ipc,Kappa1,Kappa2,Kappa3,LabuteASA,PEOE_VSA1,PEOE_VSA10,PEOE_VSA11,PEOE_VSA12,PEOE_VSA13,PEOE_VSA14,PEOE_VSA2,PEOE_VSA3,PEOE_VSA4,PEOE_VSA5,PEOE_VSA6,PEOE_VSA7,PEOE_VSA8,PEOE_VSA9,SMR_VSA1,SMR_VSA10,SMR_VSA2,SMR_VSA3,SMR_VSA4,SMR_VSA5,SMR_VSA6,SMR_VSA7,SMR_VSA8,SMR_VSA9,SlogP_VSA1,SlogP_VSA10,SlogP_VSA11,SlogP_VSA12,SlogP_VSA2,SlogP_VSA3,SlogP_VSA4,SlogP_VSA5,SlogP_VSA6,SlogP_VSA7,SlogP_VSA8,SlogP_VSA9,TPSA,EState_VSA1,EState_VSA10,EState_VSA11,EState_VSA2,EState_VSA3,EState_VSA4,EState_VSA5,EState_VSA6,EState_VSA7,EState_VSA8,EState_VSA9,VSA_EState1,VSA_EState10,VSA_EState2,VSA_EState3,VSA_EState4,VSA_EState5,VSA_EState6,VSA_EState7,VSA_EState8,VSA_EState9,FractionCSP3,HeavyAtomCount,NHOHCount,NOCount,NumAliphaticCarbocycles,NumAliphaticHeterocycles,NumAliphaticRings,NumAromaticCarbocycles,NumAromaticHeterocycles,NumAromaticRings,NumHAcceptors,NumHDonors,NumHeteroatoms,NumRotatableBonds,NumSaturatedCarbocycles,NumSaturatedHeterocycles,NumSaturatedRings,RingCount,MolLogP,MolMR,fr_Al_COO,fr_Al_OH,fr_Al_OH_noTert,fr_ArN,fr_Ar_COO,fr_Ar_N,fr_Ar_NH,fr_Ar_OH,fr_COO,fr_COO2,fr_C_O,fr_C_O_noCOO,fr_C_S,fr_HOCCN,fr_Imine,fr_NH0,fr_NH1,fr_NH2,fr_N_O,fr_Ndealkylation1,fr_Ndealkylation2,fr_Nhpyrrole,fr_SH,fr_aldehyde,fr_alkyl_carbamate,fr_alkyl_halide,fr_allylic_oxid,fr_amide,fr_amidine,fr_aniline,fr_aryl_methyl,fr_azide,fr_azo,fr_barbitur,fr_benzene,fr_benzodiazepine,fr_bicyclic,fr_diazo,fr_dihydropyridine,fr_epoxide,fr_ester,fr_ether,fr_furan,fr_guanido,fr_halogen,fr_hdrzine,fr_hdrzone,fr_imidazole,fr_imide,fr_isocyan,fr_isothiocyan,fr_ketone,fr_ketone_Topliss,fr_lactam,fr_lactone,fr_methoxy,fr_morpholine,fr_nitrile,fr_nitro,fr_nitro_arom,fr_nitro_arom_nonortho,fr_nitroso,fr_oxazole,fr_oxime,fr_para_hydroxylation,fr_phenol,fr_phenol_noOrthoHbond,fr_phos_acid,fr_phos_ester,fr_piperdine,fr_piperzine,fr_priamide,fr_prisulfonamd,fr_pyridine,fr_quatN,fr_sulfide,fr_sulfonamd,fr_sulfone,fr_term_acetylene,fr_tetrazole,fr_thiazole,fr_thiocyan,fr_thiophene,fr_unbrch_alkane,fr_urea,Charge,AR,AN,AW,EA,DP,EV,EN,Density,sasa,disp,homo,lumo,Atom,Ato_num1,Ato_num2,Ato_num3,Ele1,Ele2,Ele3,ANN,ENN,spin,BV
5,__2S_-2-amino-2-carboxyethyl_oxidanyl_O_C.log:,6.114,4.084,4.325,4.673,6.324,4.538,4.334,4.056,0.723,0.571,0.107,0.126,0.1,0.094,0.106,0.097,0.128,0.101,0.118,0.121,0.153,0.148,0.122,0.125,0.115,0.118,0.153,0.148,0.124,0.126,0.149,0.15,4.6,5.19,5.14,5.25,2.25,2.34,2.18,2.23,4.32,-0.129,-0.138,10.64722222,-3.727546296,10.64722222,0.739212963,0.462585181,104.085,98.037,104.0347681,41,0,0.0,0.0,0.0,0.0,-666,-666,-666,10.44172189,-0.165661783,-3.88e-17,-2.415015233,1.57e-33,-2.767351839,-1.22e-18,-0.902735243,5.079185826,203.7913825,10.86180732,9.171958467,3.171958467,5.674756148,4.138654715,1.335979233,0.738126349,0.738126349,0.290023748,0.290023748,0.041666667,0.041666667,-0.16,355.2737065,1.664096056,2.924094251,2.524931507,49.19162208,0,0.0,0,0,0,47.64293223,0,0,0,0.0,0,0,0.0,0,21.9458326,5.969305288,1.431199657,0.0,5.719716976,6.017892468,6.558985243,0.0,0,0.0,5.719716976,0.0,0,0.0,23.65499119,9.901064579,0.0,4.112275669,0.0,2.823684157,1.431199657,0,-666,24.26589997,9.901064579,0,0.0,0.0,0.0,0.0,0.0,0.0,5.108808191,8.367159482,39.00511574,0.0,10.60298611,13.85229167,-0.739212963,-1.918981481,-3.407986111,0.0,-3.727546296,0.0,0.666666667,7,3,4,0,0,0,0,0,0,3,2,4,-666,0,0,0,-666,-1.1712,21.1647,1,0,0,0,0,0,0,0,1,1,1,0,0,0,0,0,0,1,0,0,-666,0,0,0,0,0,0,0,0,0,0,0,0,0,0,0,-666,0,0,0,0,0,0,0,0,0,0,0,0,0,0,0,0,0,-666,0,0,0,0,0,0,0,0,0,0,0,0,0,0,0,0,0,0,0,0,0,0,0,0,0,0,0,0,-666,0,0,60,8,15.999,1.4611135,5.3,6,3.44,0.001308,253.2,14.1,-0.402124532,-0.398031111,O,6,0,0,2.55,0.0,0.0,6,2.55,0.879,28.124
9,__E_-_1-phenylethylidene_amino_oxidanyl_O_N.log:,4.251,3.1,3.182,3.661,4.383,3.604,3.345,3.174,0.352,0.301,0.254,0.286,0.276,0.238,0.252,0.213,0.307,0.239,0.266,0.305,0.338,0.364,0.262,0.299,0.26,0.298,0.341,0.367,0.27,0.308,0.293,0.33,3.3,3.65,3.62,3.69,1.67,1.76,1.66,1.68,3.18,-0.182,-0.209,10.58110119,-2.948637094,10.58110119,0.662462207,0.414428894,134.158,126.094,134.0605889,51,0,0.0,0.0,0.0,0.0,-666,-666,-666,10.74594607,-0.243496184,8.98e-17,-2.293866216,-1.69e-16,-2.245122225,1.937404063,-0.921891212,3.6021325,504.1704521,14.24855867,12.85546189,4.855461886,8.124114886,6.406180984,2.406180984,1.439893891,1.439893891,0.828090492,0.828090492,0.414045246,0.414045246,-0.08,5414.26079,2.457906569,3.937882077,1.957306778,71.10256432,0,0.0,0,0,0,69.72607458,0,0,0,0.0,0,0,0.0,0,16.17332147,5.711685003,0.0,0.0,5.155712727,6.851892117,0.0,35.83346326,0,0.0,0.0,0.0,0,0.0,5.711685003,5.207253025,0.0,17.81796057,40.98917599,0.0,0.0,0,-666,48.39704038,5.207253025,0,0.0,0.0,0.0,0.0,0.0,0.0,5.155712727,10.96606845,58.31234221,0.0,0.0,12.88047005,-1.726388889,0.0,-3.601119615,0.0,-2.948637094,0.0,0.125,10,0,2,0,0,0,0,0,0,1,0,2,-666,0,0,0,-666,1.8452,40.1585,0,0,0,0,0,0,0,0,0,0,0,0,0,0,0,1,0,0,0,0,0,0,0,0,0,0,6,0,0,0,0,0,0,0,0,0,-666,0,0,0,0,0,0,0,0,0,0,0,0,0,0,0,0,0,-666,0,0,0,0,0,0,0,0,0,0,0,0,0,0,0,0,0,0,0,0,0,0,0,0,0,0,0,0,-666,0,0,60,8,15.999,1.4611135,5.3,6,3.44,0.001308,311.8,16.9,-0.385041411,-0.356146952,O,7,0,0,3.04,0.0,0.0,7,3.04,0.57,26.576
16,"_1,1,1,3,3,3-hexafluoropropan-2-yl_oxidanyl_O_C.log:",7.088,5.265,5.498,5.97,7.263,5.863,5.635,5.391,0.77,0.612,0.297,0.362,0.299,0.266,0.295,0.261,0.359,0.28,0.314,0.353,0.399,0.435,0.307,0.345,0.306,0.345,0.403,0.439,0.317,0.356,0.34,0.377,5.7,6.23,6.18,6.28,3.25,3.4,3.16,3.23,5.49,-0.258,-0.29,11.109375,-6.133680556,11.109375,5.423611111,0.490821686,167.028,166.02,166.993159,61,0,0.0,0.0,0.0,0.0,-666,-666,-666,19.28632503,-0.082968678,1.896508544,-2.258154687,1.831008003,-2.525868743,3.790760225,-0.643821689,4.748408578,128.8868353,9.5,5.176035129,4.176035129,4.5,2.338017564,1.838017564,1.324642283,1.324642283,0.51492838,0.51492838,0.160714286,0.160714286,-0.46,88.5519821,7.644821803,2.296528024,2.421671467,52.66155193,0,0.0,0,0,0,51.2523913,0,0,0,0.0,0,0,0.0,0,32.81977624,0.0,0.0,0.0,0.0,18.43261506,0.0,0.0,0,0.0,0.0,26.34249029,0,0.0,18.43261506,5.106527395,0.0,1.370758556,0.0,0.0,0.0,0,-666,18.43261506,31.44901768,0,0.0,0.0,0.0,0.0,0.0,0.0,0.0,1.370758556,72.07986111,0.0,0.0,9.5625,0.0,0.0,0.0,-17.89236111,0.0,0.0,1.0,10,0,1,0,0,0,0,0,0,0,0,7,0,0,0,0,-666,1.9101,16.5845,0,0,0,0,0,0,0,0,0,0,0,0,0,0,0,0,0,0,0,0,0,0,0,0,0,6,0,0,0,0,0,0,0,0,0,0,-666,0,0,0,0,0,0,0,6,0,0,0,0,0,0,0,0,0,-666,0,0,0,0,0,0,0,0,0,0,0,0,0,0,0,0,0,0,0,0,0,0,0,0,0,0,0,0,-666,0,0,60,8,15.999,1.4611135,5.3,6,3.44,0.001308,262.9,13.4,-0.496719879,-0.496079194,O,6,0,0,2.58,0.0,0.0,6,2.58,0.93,41.027
21,"_1,3-dioxo-2,3-dihydro-1H-isoindol-2-yl_oxidanyl_O_N.log:",6.068,4.288,4.436,4.705,6.295,4.555,4.32,4.013,0.438,0.391,0.219,0.267,0.223,0.218,0.22,0.213,0.266,0.246,0.255,0.266,0.318,0.319,0.253,0.262,0.249,0.259,0.32,0.321,0.259,0.27,0.283,0.292,4.74,5.39,5.34,5.46,2.27,2.22,2.22,2.14,4.43,-0.23,-0.234,11.28822373,-1.243518519,11.28822373,0.458703704,0.525040097,162.124,158.092,162.019118,59,0,0.0,0.0,0.0,0.0,-666,-666,-666,13.68669423,-1.053702603,0.995593711,-2.226604215,0.844395804,-2.255789087,3.786802761,-1.466177307,2.78711117,485.4015126,12.19615242,9.671958467,5.671958467,7.374785218,5.038036072,3.038036072,2.154682714,2.154682714,1.484144127,1.484144127,0.928616995,0.928616995,-0.16,3959.386812,4.905983604,2.957043288,1.067418205,73.66440655,0,0.0,0,0,0,72.51143485,0,0,0,0.0,0,0,0.0,0,20.27936162,11.81435946,0.0,5.063217725,0.0,0.0,0.0,35.35449604,0,0.0,0.0,0.0,0,0.0,16.87757718,14.79632739,0.0,5.483034225,35.35449604,0.0,0.0,0,-666,52.23207323,14.79632739,0,0.0,0.0,0.0,0.0,0.0,0.0,0.0,5.483034225,29.38154951,0.0,22.57644747,10.55885488,-1.1,-2.487037037,-2.596481481,0.0,0.0,0.0,0.0,12,0,4,0,0,0,0,0,0,-666,0,4,-666,0,0,0,-666,0.1233,37.8455,0,0,0,0,0,0,0,0,0,0,2,2,0,0,0,1,0,0,2,0,-666,0,0,0,0,0,2,2,0,0,0,0,0,0,0,0,-666,0,0,0,0,0,0,0,0,0,0,0,1,0,0,0,0,0,-666,0,0,0,0,0,0,0,0,0,0,0,0,0,0,0,0,0,0,0,0,0,0,0,0,0,0,0,0,-666,0,0,60,8,15.999,1.4611135,5.3,6,3.44,0.001308,313.8,17.5,-0.419631668,-0.396368146,O,7,0,0,3.04,0.0,0.0,7,3.04,0.605,32.601
26,"_2,2,2-trifluoroacetyl_oxidanyl_O_C.log:",9.214,6.272,6.395,7.424,9.466,7.244,6.995,6.623,0.446,0.361,0.376,0.388,0.381,0.328,0.374,0.321,0.405,0.337,0.353,0.404,0.392,0.432,0.351,0.401,0.35,0.401,0.393,0.433,0.354,0.405,0.366,0.413,6.69,7.32,7.27,7.39,3.71,4.06,3.67,3.77,6.39,-0.317,-0.364,10.5162037,-5.194444444,10.5162037,3.006944444,0.450370023,113.014,113.014,112.9850389,41,0,0.0,0.0,0.0,0.0,-666,-666,-666,19.41347752,10.68908932,2.400131072,-1.904480973,2.129699491,-2.192731632,5.721436858,-0.199306006,3.791118417,83.42592197,6.077350269,2.95039,2.95039,2.943375673,1.225195,1.225195,0.785216548,0.785216548,0.231455025,0.231455025,0.0,0.0,-0.29,17.08616633,6.71,1.66971217,2.410525394,36.5565552,0,0.0,0,0,0,35.21791353,0,0,0,0.0,0,0,0.0,0,23.07230972,5.969305288,0.0,0.0,0.0,6.176298517,0.0,0.0,0,0.0,0.0,13.17124514,0,0.0,12.14560381,9.901064579,0.0,0.0,0.0,0.0,0.0,0,-666,12.14560381,13.17124514,0,0.0,0.0,0.0,0.0,0.0,0.0,0.0,9.901064579,31.54861111,0.0,8.784722222,8.784722222,0.0,-3.006944444,0.0,-5.194444444,0.0,0.0,0.5,7,0,2,0,0,0,0,0,0,1,0,5,-666,0,0,0,-666,0.5058,11.7485,0,0,0,0,0,0,0,0,0,0,1,1,0,0,0,0,0,0,0,0,0,0,0,0,0,3,0,0,0,0,0,0,0,0,0,0,-666,0,0,0,0,0,0,0,3,0,0,0,0,0,0,0,0,0,-666,0,0,0,0,0,0,0,0,0,0,0,0,0,0,0,0,0,0,0,0,0,0,0,0,0,0,0,0,-666,0,0,60,8,15.999,1.4611135,5.3,6,3.44,0.001308,221.8,12.9,-0.517289667,-0.51693001,O,6,0,0,2.55,0.0,0.0,6,2.55,0.555,32.932
27,"_2,2,2-trifluoroethyl_oxidanyl_O_C.log:",6.268,4.424,4.617,5.036,6.44,4.914,4.738,4.49,0.771,0.63,0.365,0.4,0.361,0.323,0.36,0.32,0.407,0.33,0.357,0.395,0.437,0.471,0.353,0.392,0.349,0.387,0.439,0.473,0.362,0.401,0.394,0.433,4.86,5.32,5.28,5.37,2.69,2.79,2.61,2.67,4.62,-0.329,-0.369,10.875,-5.284722222,10.875,4.3125,0.431034177,99.031,97.015,99.00577434,37,0,0.0,0.0,0.0,0.0,-666,-666,-666,18.997,-0.16407783,1.58e-17,-2.177277369,0.4192,-2.37960623,1.107,-0.80606286,4.020391543,70.26466251,7.0,4.542141709,2.542141709,3.25,2.021070855,1.021070855,0.599821142,0.599821142,0.115727512,0.115727512,0.0,0.0,-0.25,21.30605883,2.84739369,1.466049383,3.75,35.2049741,0,0.0,0,0,0,33.75457341,0,0,0,0.0,0,0,0.0,0,21.01928965,0.0,0.0,0.0,0.0,6.176298517,6.558985243,0.0,0,0.0,0.0,13.17124514,0,0.0,12.73528376,5.106527395,0.0,2.741517112,0.0,0.0,0.0,0,-666,12.73528376,18.27777254,0,0.0,0.0,0.0,0.0,0.0,0.0,0.0,2.741517112,43.76388889,0.0,0.0,9.333333333,0.0,0.0,0.0,-5.284722222,-4.3125,0.0,1.0,6,0,1,0,0,0,0,0,0,0,0,4,0,0,0,0,-666,0.9792,11.6085,0,0,0,0,0,0,0,0,0,0,0,0,0,0,0,0,0,0,0,0,0,0,0,0,0,3,0,0,0,0,0,0,0,0,0,0,-666,0,0,0,0,0,0,0,3,0,0,0,0,0,0,0,0,0,-666,0,0,0,0,0,0,0,0,0,0,0,0,0,0,0,0,0,0,0,0,0,0,0,0,0,0,0,0,-666,0,0,60,8,15.999,1.4611135,5.3,6,3.44,0.001308,214.9,12.2,-0.465649503,-0.465134708,O,6,0,0,2.55,0.0,0.0,6,2.55,0.919,29.753
28,"_2,2,6,6-tetramethylpiperidin-1-yl_oxidanyl_O_N.log:",2.267,1.38,1.427,1.669,2.357,1.612,1.53,1.418,0.414,0.373,0.303,0.305,0.306,0.293,0.305,0.29,0.314,0.271,0.303,0.317,0.383,0.376,0.296,0.31,0.297,0.311,0.386,0.379,0.305,0.318,0.327,0.335,1.55,1.76,1.74,1.78,0.77,0.8,0.74,0.74,1.42,-0.278,-0.29,13.30513889,-4.578472222,13.30513889,1.568125,0.390771533,156.249,138.105,156.1388392,65,0,0.0,0.0,0.0,0.0,-666,-666,-666,-6.15e-16,-0.24761115,-2.17e-16,-2.809784557,-4.52e-16,-2.873342156,-1.09e-16,-1.132995987,4.515787632,566.2038354,24.07735027,23.35546189,5.355461886,12.15470054,11.62978778,2.629787781,2.090197978,2.090197978,1.096074874,1.096074874,0.565254593,0.565254593,-0.08,196395.9471,1.284841055,2.457906569,1.568134708,94.45053171,0,0.0,0,0,0,92.54831844,0,0,0,0.0,0,0,0.0,0,24.67365401,0.0,0.0,5.063217725,0.0,57.60419368,0.0,5.207253025,0,0.0,5.063217725,0.0,0,0.0,11.0778505,0.0,5.207253025,71.19999718,0.0,0.0,0.0,0,-666,62.6674114,5.207253025,0,0.0,0.0,0.0,0.0,0.0,0.0,0.0,24.67365401,138.0822222,0.0,0.0,11.73701389,-9.156944444,0.0,0.0,-13.170625,-17.24166667,0.0,1.0,11,0,2,0,0,0,0,0,0,2,0,2,-666,0,0,0,-666,2.3654,47.51,0,0,0,0,0,0,0,0,0,0,0,0,0,0,0,1,0,0,2,0,-666,0,0,0,0,0,0,0,0,0,0,0,0,0,0,0,-666,0,0,0,0,0,0,0,0,0,0,0,0,0,0,0,0,0,-666,0,0,0,0,0,0,0,0,0,0,0,0,0,0,1,0,0,0,0,0,0,0,0,0,0,0,0,0,-666,0,0,60,8,15.999,1.4611135,5.3,6,3.44,0.001308,339.1,16.2,-0.376629535,-0.304581133,O,7,0,0,3.04,0.0,0.0,7,3.04,0.462,47.111
29,"_2,2-dimethylpropanoyl_oxidanyl_O_C.log:",7.698,4.882,4.985,5.835,7.946,5.634,5.461,5.095,0.427,0.329,0.275,0.319,0.284,0.231,0.272,0.219,0.342,0.262,0.279,0.335,0.349,0.392,0.276,0.332,0.271,0.327,0.351,0.393,0.284,0.34,0.313,0.368,5.3,5.89,5.84,5.96,2.72,3.01,2.69,2.79,4.98,-0.096,-0.287,10.77034722,-3.881944444,10.77034722,2.631944444,0.447935154,101.125,92.053,101.0602545,41,0,0.0,0.0,0.0,0.0,-666,-666,-666,0.0,-0.244322203,-1.54e-16,-2.573431654,-2.23e-16,-2.557448145,2.06e-17,-1.101335474,6.166459281,245.7060452,13.57735027,12.31649658,3.316496581,6.693375673,5.90824829,1.40824829,1.037457479,1.037457479,0.306186218,0.306186218,0.0,0.0,-0.08,684.8548583,1.089461435,1.801035211,2.595675676,55.79950984,0,0.0,0,0,0,54.17786369,0,0,0,0.0,0,0,0.0,0,22.23789158,5.969305288,0.0,0.0,5.414990469,20.55567635,0.0,0.0,0,0.0,0.0,0.0,0,0.0,5.969305288,9.901064579,5.414990469,32.89250336,0.0,0.0,0.0,0,-666,31.93997211,9.901064579,0,0.0,0.0,0.0,0.0,0.0,0.0,0.0,12.33682701,61.84125,0.0,10.77034722,10.77034722,-3.881944444,-2.631944444,0.0,0.0,-11.20138889,0.0,0.8,7,0,2,0,0,0,0,0,0,1,0,2,-666,0,0,0,-666,0.9896,25.1485,0,0,0,0,0,0,0,0,0,0,1,1,0,0,0,0,0,0,0,0,0,0,0,0,0,0,0,0,0,0,0,0,0,0,0,0,-666,0,0,0,0,0,0,0,0,0,0,0,0,0,0,0,0,0,-666,0,0,0,0,0,0,0,0,0,0,0,0,0,0,0,0,0,0,0,0,0,0,0,0,0,0,0,0,-666,0,0,60,8,15.999,1.4611135,5.3,6,3.44,0.001308,265.4,14.6,-0.434466843,-0.433760137,O,6,0,0,2.55,0.0,0.0,6,2.55,0.561,36.352
30,"_2,3-bis_bis_propan-2-yl_amino_cycloprop-2-en-1-ylium-1-yl_oxidanyl_O_C.log:",9.334,7.395,7.403,8.559,9.533,8.492,8.135,7.928,0.185,0.147,0.148,0.143,0.149,0.124,0.148,0.122,0.159,0.107,0.127,0.156,0.165,0.183,0.128,0.155,0.124,0.153,0.165,0.183,0.131,0.159,0.15,0.175,7.8,8.2,8.16,8.25,7.38,7.75,7.36,7.42,7.39,-0.154,-0.191,13.54311036,-4.723940854,13.54311036,1.121453137,0.776697726,252.402,224.178,252.2201635,104,0,0.0,0.0,0.0,0.0,-666,-666,-666,4.24e-16,-1.804952346,-4.09e-16,-2.71329618,-2.3e-16,-2.781602879,2.41e-16,-1.994928289,4.968712287,987.0689188,37.88675135,36.80267548,8.802675481,19.39871747,18.29576493,4.295764932,3.091585325,3.091585325,1.93359675,1.93359675,1.237775048,1.237775048,-0.12,332406247.5,2.420279825,5.891351155,3.063159118,151.1733699,0,0.0,0,0,0,149.0396266,0,0,0,0.0,0,0,0.0,0,43.17577676,5.783244946,0.0,9.799819462,0.0,78.88670681,0.0,11.39407863,0,0.0,0.0,0.0,0,0.0,39.65463428,4.794537184,0.0,93.19637651,11.39407863,0.0,0.0,0,-666,105.8638498,4.794537184,0,0.0,0.0,0.0,0.0,0.0,0.0,0.0,38.38123957,220.7312075,0.0,11.30020408,0.0,-4.250462963,-2.258796296,-18.89576342,0.0,-35.62638889,0.0,0.8,18,0,3,0,0,0,0,0,0,3,0,3,-666,0,0,0,-666,3.0183,76.255,0,0,0,0,0,0,0,0,0,0,1,1,0,0,0,2,0,0,0,0,-666,0,0,0,0,0,2,0,0,0,0,0,0,0,0,0,-666,0,0,0,0,0,0,0,0,0,0,0,0,0,0,1,1,0,-666,0,0,0,0,0,0,0,0,0,0,0,0,0,0,0,0,0,0,0,0,0,0,0,0,0,0,0,0,-666,0,1,60,8,15.999,1.4611135,5.3,6,3.44,0.001308,492.2,18.2,-0.311718105,-0.156429275,O,6,0,0,2.55,0.0,0.0,6,2.55,0.214,37.431
31,"_2,4,6-trinitrophenyl_oxidanyl_O_C.log:",13.628,9.505,9.873,11.679,14.184,11.498,10.384,9.773,0.232,0.161,0.15,0.158,0.149,0.121,0.15,0.119,0.174,0.127,0.133,0.17,0.171,0.2,0.137,0.172,0.131,0.167,0.171,0.201,0.138,0.175,0.153,0.189,10.24,11.82,11.68,12.0,4.81,5.12,4.73,4.73,9.86,-0.122,-0.145,11.32240741,-1.80037037,11.32240741,1.357037037,0.475090877,228.096,226.08,227.9892744,83,0,0.0,0.0,0.0,0.0,-666,-666,-666,16.37728656,-0.060582641,1.704372289,-2.156483295,1.508758859,-2.322860617,4.624771884,-1.104989785,3.759882552,634.6924582,14.19615242,9.19937882,7.19937882,8.196152423,4.470389653,3.470389653,2.396273894,2.396273894,1.45148192,1.45148192,0.829633013,0.829633013,-0.4,5167.216334,10.73507231,5.287054585,2.834404537,87.2991073,0,0.0,0,0,0,86.16204279,0,0,0,0.0,0,0,0.0,0,7.536054296,5.783244946,0.0,0.0,13.86028914,0.0,0.0,58.98245441,0,0.0,0.0,0.0,0,0.0,5.783244946,4.794537184,35.48423229,2.741517112,37.35851125,0.0,0.0,0,-666,49.18359703,34.23692865,0,0.0,0.0,0.0,0.0,0.0,0.0,0.0,2.741517112,9.991549509,0.0,74.29678382,0.0,-3.186296296,-1.80037037,-4.301666667,0.0,0.0,0.0,0.0,16,0,10,0,0,0,0,0,0,7,0,10,-666,0,0,0,-666,1.26859,51.902,0,0,0,0,0,0,0,0,0,0,1,1,0,0,0,3,0,0,0,0,-666,0,0,0,0,0,0,0,0,0,0,0,0,0,0,0,-666,0,0,0,0,0,0,0,0,0,0,0,0,0,0,1,1,0,-666,0,0,0,3,0,0,6,0,0,0,0,0,0,0,0,0,0,0,0,0,0,0,0,0,0,0,0,0,-666,0,0,60,8,15.999,1.4611135,5.3,6,3.44,0.001308,373.6,17.4,-0.481350195,-0.477894348,O,6,0,0,2.55,0.0,0.0,6,2.55,0.346,43.642
32,"_2,4-dinitrophenyl_oxidanyl_O_C.log:",12.068,8.211,8.514,10.27,12.598,10.117,9.009,8.445,0.24,0.171,0.166,0.166,0.163,0.135,0.165,0.133,0.182,0.133,0.141,0.177,0.183,0.209,0.146,0.18,0.138,0.173,0.183,0.209,0.147,0.182,0.167,0.201,8.75,10.13,10.01,10.29,4.0,4.23,3.93,3.92,8.5,-0.144,-0.17,11.13490741,-1.467037037,11.13490741,1.092037037,0.445442044,183.099,180.075,183.0041962,67,0,0.0,0.0,0.0,0.0,-666,-666,-666,15.998,-1.037941865,1.071385345,-2.224401477,1.013798482,-2.237204009,3.90528611,-1.126224395,3.585940339,552.7130819,12.61880215,8.935668643,5.935668643,7.28546882,4.381634484,2.881634484,1.915557311,1.915557311,1.111460788,1.111460788,0.595176421,0.595176421,-0.28,2250.450267,7.070290387,4.289332837,2.579173984,74.65450453,0,0.0,0,0,0,73.45360691,0,0,0,0.0,0,0,0.0,0,8.906812853,5.783244946,0.0,0.0,9.240192757,0.0,0.0,49.52335636,0,0.0,0.0,0.0,0,0.0,5.783244946,4.794537184,25.67010181,4.112275669,33.09344731,0.0,0.0,0,-666,44.91853308,24.42279816,0,0.0,0.0,0.0,0.0,0.0,0.0,0.0,4.112275669,18.72123772,0.0,52.81061413,0.0,-1.353981481,-1.467037037,-4.710833333,0.0,0.0,0.0,0.0,13,0,7,0,0,0,0,0,0,5,0,7,-666,0,0,0,-666,1.14099,43.797,0,0,0,0,0,0,0,0,0,0,1,1,0,0,0,2,0,0,0,0,-666,0,0,0,0,0,1,0,0,0,0,0,0,0,0,0,-666,0,0,0,0,0,0,0,0,0,0,0,0,0,0,1,0,0,-666,0,0,0,2,0,0,4,0,0,0,0,0,0,0,0,0,0,0,0,0,0,0,0,0,0,0,0,0,-666,0,0,60,8,15.999,1.4611135,5.3,6,3.44,0.001308,330.2,17.0,-0.460386841,-0.453860265,O,6,0,0,2.55,0.0,0.0,6,2.55,0.356,37.205
35,"_2,6-di-tert-butyl-4-methylphenyl_oxidanyl_O_C.log:",7.016,4.693,4.754,6.216,7.392,6.22,5.227,4.924,0.237,0.179,0.154,0.154,0.152,0.128,0.155,0.128,0.165,0.095,0.132,0.162,0.175,0.191,0.138,0.164,0.129,0.158,0.175,0.191,0.138,0.167,0.153,0.18,4.63,5.48,5.4,5.57,2.01,2.14,1.99,1.99,4.74,-0.148,-0.168,13.93943972,-4.464701436,13.93943972,1.808935185,0.59897478,219.348,196.164,219.1748904,89,0,0.0,0.0,0.0,0.0,-666,-666,-666,1.75e-16,-1.787304602,-1.35e-16,-2.710948513,-1.32e-16,-2.668928977,-7.62e-17,-2.330547684,4.818666529,894.4352367,31.96410162,30.90824829,7.90824829,16.59807621,15.45412415,3.954124145,3.204124145,3.204124145,1.704124145,1.704124145,1.047874145,1.047874145,-0.04,13480762.22,2.353196413,4.326065133,2.999308147,131.939247,0,0.0,0,0,0,130.0667133,0,0,0,0.0,0,0,0.0,0,36.32198398,5.783244946,0.0,0.0,10.82998094,47.96324482,0.0,29.1682586,0,0.0,0.0,0.0,0,0.0,5.783244946,4.794537184,16.74788698,79.49069161,23.25035255,0.0,0.0,0,-666,93.7447293,4.794537184,0,0.0,0.0,0.0,0.0,0.0,0.0,0.0,31.52744679,180.5641438,0.0,13.93943972,0.0,-13.31505102,-4.304537037,-3.8469435,0.0,-29.78705192,0.0,0.6,16,0,1,0,0,0,0,0,0,1,0,1,-666,0,0,0,-666,4.10849,69.0,0,0,0,0,0,0,0,0,0,0,1,1,0,0,0,0,0,0,0,0,0,0,0,0,0,0,4,0,0,0,0,0,0,0,0,0,-666,0,0,0,0,0,0,0,0,0,0,0,0,0,0,1,1,0,-666,0,0,0,0,0,0,0,0,0,0,0,0,0,0,0,0,0,0,0,0,0,0,0,0,0,0,0,0,-666,0,0,60,8,15.999,1.4611135,5.3,6,3.44,0.001308,450.6,17.9,-0.366521142,-0.347342555,O,6,0,0,2.55,0.0,0.0,6,2.55,0.326,56.959
36,_2-bromoethyl_oxidanyl_O_C.log:,5.568,3.901,4.086,4.385,5.73,4.268,4.125,3.895,0.731,0.599,0.242,0.346,0.25,0.224,0.239,0.212,0.369,0.291,0.335,0.369,0.436,0.466,0.316,0.346,0.324,0.356,0.437,0.467,0.333,0.366,0.358,0.38,4.39,4.84,4.8,4.89,2.36,2.44,2.3,2.36,4.08,-0.249,-0.266,10.03645833,-3.0625,10.03645833,2.244791667,0.460699864,123.957,119.925,122.9445518,25,0,0.0,0.0,0.0,0.0,-666,-666,-666,0.0,-0.178971404,-0.060705684,-2.28429534,-5.55e-17,-2.406641775,-1.38e-32,-0.890422344,4.020391543,69.01955001,7.0,5.786212763,3.372209303,3.25,2.643106382,1.436104651,0.196553191,0.593052326,0.038575837,0.200445931,0.0,0.0,0.44,21.30605883,0.949191814,3.44,2.44,39.3858565,0,0.0,0,0,0,38.36068369,0,0,0,0.0,0,0,0.0,0,10.58956162,15.9299439,0.0,0.0,0.0,0.0,11.84117817,0.0,0,0.0,0.0,0.0,0,15.9299439,11.84117817,5.106527395,0.0,5.483034225,0.0,0.0,0.0,0,-666,11.84117817,5.106527395,0,0.0,0.0,0.0,0.0,0.0,0.0,15.9299439,5.483034225,25.50347222,2.244791667,0.0,7.564236111,0.0,0.0,0.0,0.0,-3.0625,0.0,1.0,4,0,1,0,0,0,0,0,0,0,0,2,-666,0,0,0,-666,0.8118,19.3475,0,0,0,0,0,0,0,0,0,0,0,0,0,0,0,0,0,0,0,0,0,0,0,0,0,1,0,0,0,0,0,0,0,0,0,0,-666,0,0,0,0,0,0,0,1,0,0,0,0,0,0,0,0,0,-666,0,0,0,0,0,0,0,0,0,0,0,0,0,0,0,0,0,0,0,0,0,0,0,0,0,0,0,0,-666,0,0,60,8,15.999,1.4611135,5.3,6,3.44,0.001308,221.9,14.9,-0.429484508,-0.424342073,O,6,0,0,2.55,0.0,0.0,6,2.55,0.888,24.903
37,_2-chloroethyl_oxidanyl_O_C.log:,5.966,4.169,4.364,4.706,6.189,4.579,4.399,4.138,0.739,0.597,0.265,0.288,0.265,0.236,0.263,0.231,0.305,0.248,0.27,0.298,0.324,0.346,0.269,0.295,0.263,0.29,0.341,0.362,0.276,0.303,0.295,0.319,4.64,5.15,5.11,5.21,2.41,2.47,2.34,2.4,4.36,-0.235,-0.266,9.951388889,-3.213734568,9.951388889,2.8125,0.411608575,79.506,75.474,78.99506743,25,0,0.0,0.0,0.0,0.0,-666,-666,-666,3.61e-16,-0.179092045,-0.083165094,-2.279316245,0.0,-2.41151071,-1.8e-32,-0.895085086,4.020391543,69.01955001,7.0,5.786212763,2.542141709,3.25,2.643106382,1.021070855,0.196553191,0.385535427,0.038575837,0.115727512,0.0,0.0,0.25,21.30605883,0.854042806,3.25,2.25,35.82157512,0,0.0,0,0,0,34.58159348,0,0,0,0.0,0,0,0.0,0,10.58956162,11.60093989,0.0,0.0,0.0,0.0,12.39109197,0.0,0,0.0,0.0,0.0,0,11.60093989,12.39109197,5.106527395,0.0,5.483034225,0.0,0.0,0.0,0,-666,12.39109197,5.106527395,0,0.0,0.0,0.0,0.0,0.0,0.0,11.60093989,5.483034225,25.0308642,4.655092593,0.0,9.951388889,0.0,-2.8125,0.0,0.0,-3.213734568,0.0,1.0,4,0,1,0,0,0,0,0,0,0,0,2,-666,0,0,0,-666,0.6557,16.2735,0,0,0,0,0,0,0,0,0,0,0,0,0,0,0,0,0,0,0,0,0,0,0,0,0,1,0,0,0,0,0,0,0,0,0,0,-666,0,0,0,0,0,0,0,1,0,0,0,0,0,0,0,0,0,-666,0,0,0,0,0,0,0,0,0,0,0,0,0,0,0,0,0,0,0,0,0,0,0,0,0,0,0,0,-666,0,0,60,8,15.999,1.4611135,5.3,6,3.44,0.001308,213.9,13.6,-0.421691116,-0.421626617,O,6,0,0,2.55,0.0,0.0,6,2.55,0.912,25.578
39,_2-fluoroethyl_oxidanyl_O_C.log:,5.552,3.775,3.941,4.319,5.721,4.199,4.042,3.801,0.745,0.616,0.329,0.361,0.324,0.291,0.323,0.287,0.382,0.306,0.335,0.366,0.409,0.434,0.339,0.369,0.328,0.358,0.41,0.435,0.345,0.376,0.395,0.428,4.17,4.59,4.56,4.64,2.26,2.33,2.19,2.24,3.94,-0.316,-0.35,11.54166667,-3.784722222,11.54166667,3.645833333,0.419151875,63.051,59.019,63.02461797,25,0,0.0,0.0,0.0,0.0,-666,-666,-666,2.04e-15,-0.179280497,-0.153673016,-2.262780995,0.0,-2.421221786,0.0,-0.935292704,4.020391543,69.01955001,7.0,5.786212763,1.786212763,3.25,2.643106382,0.643106382,0.196553191,0.196553191,0.038575837,0.038575837,0.0,0.0,-0.11,21.30605883,0.684395024,2.89,1.89,29.6838443,0,0.0,0,0,0,28.16565616,0,0,0,0.0,0,0,0.0,0,14.97997667,0.0,0.0,0.0,0.0,0.0,13.18567949,0.0,0,0.0,0.0,4.390415048,0,0.0,13.18567949,5.106527395,0.0,5.483034225,0.0,0.0,0.0,0,-666,13.18567949,9.496942443,0,0.0,0.0,0.0,0.0,0.0,0.0,0.0,5.483034225,35.22222222,0.0,0.0,9.708333333,0.0,0.0,0.0,0.0,-7.430555556,0.0,1.0,4,0,1,0,0,0,0,0,0,0,0,2,-666,0,0,0,-666,0.3864,11.5285,0,0,0,0,0,0,0,0,0,0,0,0,0,0,0,0,0,0,0,0,0,0,0,0,0,1,0,0,0,0,0,0,0,0,0,0,-666,0,0,0,0,0,0,0,1,0,0,0,0,0,0,0,0,0,-666,0,0,0,0,0,0,0,0,0,0,0,0,0,0,0,0,0,0,0,0,0,0,0,0,0,0,0,0,-666,0,0,60,8,15.999,1.4611135,5.3,6,3.44,0.001308,198.2,11.9,-0.433023169,-0.422654433,O,6,0,0,2.55,0.0,0.0,6,2.55,0.884,24.668
41,_2-methoxyethyl_oxidanyl_O_C.log:,6.083,3.755,3.925,4.456,6.325,4.292,4.083,3.768,0.703,0.561,0.195,0.184,0.181,0.167,0.195,0.175,0.189,0.161,0.175,0.18,0.211,0.208,0.182,0.188,0.172,0.178,0.21,0.207,0.184,0.189,0.215,0.219,4.19,4.77,4.73,4.84,1.93,2.04,1.88,1.95,3.92,-0.217,-0.237,10.38625,-3.595833333,10.38625,3.12375,0.456088604,75.087,68.031,75.04460446,31,0,0.0,0.0,0.0,0.0,-666,-666,-666,-1.41e-17,-1.758484178,-0.149818453,-2.411722217,-0.049018158,-2.518015781,-8.480000000000001e-33,-1.923710775,4.443936877,155.0148736,10.20710678,9.316496581,2.316496581,4.957106781,4.362372436,0.862372436,0.306186218,0.306186218,0.092697703,0.092697703,0.020833333,0.020833333,-0.08,122.8917964,0.634003945,3.92,3.92,41.21170774,0,0.0,0,0,0,39.59462319,0,0,0,0.0,0,0,0.0,0,19.43870024,0.0,0.0,0.0,0.0,0.0,20.15592294,0.0,0,0.0,0.0,0.0,0,0.0,20.15592294,9.843390349,0.0,9.595309893,0.0,0.0,0.0,0,-666,20.15592294,5.106527395,0,0.0,0.0,0.0,0.0,0.0,0.0,4.736862954,9.595309893,48.94618056,0.0,0.0,10.38625,0.0,0.0,0.0,0.0,-6.958680556,-3.12375,1.0,5,0,2,0,0,0,0,0,0,1,0,2,-666,0,0,0,-666,0.0633,17.4295,0,0,0,0,0,0,0,0,0,0,0,0,0,0,0,0,0,0,0,0,0,0,0,0,0,0,0,0,0,0,0,0,0,0,0,0,-666,0,0,0,0,1,0,0,0,0,0,0,0,0,0,0,0,0,-666,1,0,0,0,0,0,0,0,0,0,0,0,0,0,0,0,0,0,0,0,0,0,0,0,0,0,0,0,-666,0,0,60,8,15.999,1.4611135,5.3,6,3.44,0.001308,231.3,13.0,-0.398728743,-0.39176235,O,6,0,0,2.55,0.0,0.0,6,2.55,0.828,25.758
45,_2-phenylpropan-2-yl_oxidanyl_O_C.log:,5.943,3.896,4.11,4.496,6.169,4.367,4.14,3.871,0.733,0.538,0.023,0.087,0.028,0.037,0.026,0.035,0.061,0.044,0.062,0.059,0.082,0.073,0.067,0.063,0.06,0.056,0.081,0.072,0.068,0.065,0.088,0.083,4.33,4.92,4.87,4.99,2.06,2.17,2.01,2.07,4.1,-0.081,-0.07,12.61127929,-3.825925926,12.61127929,0.840570673,0.562978477,135.186,124.098,135.08099,53,0,0.0,0.0,0.0,0.0,-666,-666,-666,0.679307479,-1.464195713,-3.78e-16,-2.509730767,3.62e-18,-2.488141705,0.177044714,-1.570648876,3.857299084,539.7136529,16.96410162,15.90824829,4.90824829,9.175426481,7.954124145,2.454124145,1.681186218,1.681186218,0.852062073,0.852062073,0.426031036,0.426031036,-0.04,14589.58608,1.820089738,2.913153094,1.978612327,76.83305695,0,0.0,0,0,0,75.32316982,0,0,0,0.0,0,0,0.0,0,20.18487151,0.0,0.0,0.0,0.0,19.30483505,0.0,35.83346326,0,0.0,0.0,0.0,0,0.0,5.601050811,5.106527395,0.0,28.78212835,35.83346326,0.0,0.0,0,-666,55.13829831,5.106527395,0,0.0,0.0,0.0,0.0,0.0,0.0,0.0,15.07834412,80.50161187,0.0,0.0,12.61127929,-5.095833333,0.0,-5.00172808,0.0,-7.265329743,0.0,0.333333333,10,0,1,0,0,0,0,0,0,0,0,1,-666,0,0,0,-666,2.2479,41.1285,0,0,0,0,0,0,0,0,0,0,0,0,0,0,0,0,0,0,0,0,0,0,0,0,0,0,4,0,0,0,0,0,0,0,0,0,-666,0,0,0,0,0,0,0,0,0,0,0,0,0,0,0,0,0,-666,0,0,0,0,0,0,0,0,0,0,0,0,0,0,0,0,0,0,0,0,0,0,0,0,0,0,0,0,-666,0,0,60,8,15.999,1.4611135,5.3,6,3.44,0.001308,320.1,16.7,-0.389737975,-0.38450428,O,6,0,0,2.55,0.0,0.0,6,2.55,0.881,42.265
48,"_3,5-bis_trifluoromethyl_phenyl_oxidanyl_O_C.log:",9.156,6.201,6.373,7.978,9.574,7.91,6.938,6.535,0.282,0.207,0.187,0.177,0.181,0.154,0.184,0.154,0.196,0.147,0.156,0.188,0.207,0.227,0.16,0.19,0.152,0.183,0.207,0.227,0.164,0.195,0.189,0.22,6.44,7.44,7.36,7.56,3.03,3.22,2.98,2.98,6.36,-0.177,-0.204,12.38196523,-5.443425926,12.38196523,1.828240741,0.583459986,229.099,226.075,229.008809,83,0,0.0,0.0,0.0,0.0,-666,-666,-666,18.997,-0.154298334,1.308146938,-2.411972973,1.657664133,-2.254073536,3.819264424,-1.355357375,3.497147081,418.4332064,14.46410162,9.676035129,6.676035129,7.886751346,4.838017564,3.338017564,2.449642283,2.449642283,1.294008782,1.294008782,0.729285427,0.729285427,-0.46,3635.449866,8.664481069,3.842384488,3.253998624,84.27845463,0,0.0,0,0,0,83.03237093,0,0,0,0.0,0,0,0.0,0,35.24930314,5.783244946,0.0,0.0,0.0,12.35259703,0.0,29.64722581,0,0.0,0.0,26.34249029,0,0.0,18.13584198,4.794537184,6.396873262,4.112275669,23.25035255,0.0,0.0,0,-666,47.7830678,31.13702747,0,0.0,0.0,0.0,0.0,0.0,0.0,0.0,4.112275669,94.69694444,0.0,10.99740741,0.0,-4.563287037,-2.008657407,-3.656481481,-12.96592593,0.0,0.0,0.25,15,0,1,0,0,0,0,0,0,1,0,7,-666,0,0,0,-666,2.75079,37.583,0,0,0,0,0,0,0,0,0,0,1,1,0,0,0,0,0,0,0,0,0,0,0,0,0,6,4,0,0,0,0,0,0,0,0,0,-666,0,0,0,0,0,0,0,6,0,0,0,0,0,0,1,0,0,-666,0,0,0,0,0,0,0,0,0,0,0,0,0,0,0,0,0,0,0,0,0,0,0,0,0,0,0,0,-666,0,0,60,8,15.999,1.4611135,5.3,6,3.44,0.001308,356.2,16.4,-0.45223241,-0.440004769,O,6,0,0,2.55,0.0,0.0,6,2.55,0.385,30.726
51,_3-_trifluoromethyl_phenyl_oxidanyl_O_C.log:,8.63,5.713,5.864,7.43,9.055,7.36,6.375,5.973,0.276,0.205,0.184,0.173,0.177,0.152,0.181,0.152,0.192,0.143,0.154,0.184,0.205,0.224,0.158,0.187,0.149,0.179,0.206,0.224,0.162,0.191,0.188,0.217,5.88,6.86,6.78,6.98,2.58,2.74,2.55,2.55,5.86,-0.181,-0.207,12.27779856,-5.030925926,12.27779856,1.057407407,0.529162312,161.102,157.07,161.0214244,59,0,0.0,0.0,0.0,0.0,-666,-666,-666,13.89169199,-1.542744019,0.664829632,-2.302518724,0.607558019,-2.283941726,3.293939861,-1.806308624,3.354588247,382.186761,11.96410162,9.042141709,5.042141709,6.675426481,4.521070855,2.521070855,1.701883214,1.701883214,0.885535427,0.885535427,0.468283232,0.468283232,-0.25,1235.837423,4.697141626,3.009259259,2.360733182,66.82187681,0,0.0,0,0,0,65.53455305,0,0,0,0.0,0,0,0.0,0,23.44881655,5.783244946,0.0,0.0,0.0,6.176298517,0.0,30.12619303,0,0.0,0.0,13.17124514,0,0.0,11.95954346,4.794537184,6.396873262,5.483034225,23.72931977,0.0,0.0,0,-666,42.08573649,17.96578233,0,0.0,0.0,0.0,0.0,0.0,0.0,0.0,5.483034225,64.51337963,0.0,10.93074074,0.0,-1.756018519,-1.483032407,-3.615902778,-6.339166667,0.0,0.0,0.142857143,11,0,1,0,0,0,0,0,0,1,0,4,-666,0,0,0,-666,1.81829,32.585,0,0,0,0,0,0,0,0,0,0,1,1,0,0,0,0,0,0,0,0,0,0,0,0,0,3,4,0,0,0,0,0,0,0,0,0,-666,0,0,0,0,0,0,0,3,0,0,0,0,0,0,1,0,0,-666,0,0,0,0,0,0,0,0,0,0,0,0,0,0,0,0,0,0,0,0,0,0,0,0,0,0,0,0,-666,0,0,60,8,15.999,1.4611135,5.3,6,3.44,0.001308,301.3,16.2,-0.424948197,-0.411113637,O,6,0,0,2.55,0.0,0.0,6,2.55,0.372,30.697
59,_3-nitrophenyl_oxidanyl_O_C.log:,9.129,6.046,6.224,7.744,9.56,7.641,6.71,6.276,0.284,0.21,0.184,0.174,0.177,0.152,0.181,0.152,0.193,0.144,0.155,0.185,0.204,0.222,0.159,0.188,0.151,0.181,0.205,0.222,0.163,0.192,0.187,0.215,6.31,7.33,7.24,7.44,2.84,3.0,2.8,2.8,6.22,-0.179,-0.204,10.98407407,-1.196574074,10.98407407,0.821574074,0.390997596,138.102,134.07,138.019118,51,0,0.0,0.0,0.0,0.0,-666,-666,-666,13.66487331,-1.048920275,0.669333291,-2.280994003,0.598332169,-2.216280644,3.705341447,-1.252432447,3.403519948,426.3575708,11.04145188,8.671958467,4.671958467,6.374785218,4.292879315,2.292879315,1.434840728,1.434840728,0.771439657,0.771439657,0.408541602,0.408541602,-0.16,971.5503878,4.014462896,3.295750624,1.914944034,62.00990175,0,0.0,0,0,0,60.74517103,0,0,0,0.0,0,0,0.0,0,10.27757141,5.783244946,0.0,0.0,4.620096379,0.0,0.0,40.0642583,0,0.0,0.0,0.0,0,0.0,5.783244946,4.794537184,16.21100375,5.483034225,28.47335093,0.0,0.0,0,-666,40.65346914,14.60866767,0,0.0,0.0,0.0,0.0,0.0,0.0,0.0,5.483034225,27.11040438,0.0,31.66496599,0.0,-1.017592593,-1.196574074,-2.690462963,-0.870740741,0.0,0.0,0.0,10,0,4,0,0,0,0,0,0,3,0,4,-666,0,0,0,-666,1.01339,35.692,0,0,0,0,0,0,0,0,0,0,1,1,0,0,0,1,0,0,0,0,-666,0,0,0,0,0,3,0,0,0,0,0,0,0,0,0,-666,0,0,0,0,0,0,0,0,0,0,0,0,0,0,1,0,0,-666,0,0,0,1,0,0,2,0,0,0,0,0,0,0,0,0,0,0,0,0,0,0,0,0,0,0,0,0,-666,0,0,60,8,15.999,1.4611135,5.3,6,3.44,0.001308,288.0,16.5,-0.429494528,-0.416537549,O,6,0,0,2.55,0.0,0.0,6,2.55,0.385,30.689
62,_4-_methoxycarbonyl_phenyl_oxidanyl_O_C.log:,9.645,6.288,6.454,8.16,10.137,8.05,6.955,6.466,0.25,0.185,0.173,0.165,0.167,0.142,0.17,0.141,0.183,0.134,0.145,0.177,0.191,0.21,0.149,0.179,0.141,0.173,0.191,0.21,0.152,0.182,0.174,0.204,6.49,7.67,7.57,7.81,2.66,2.81,2.63,2.62,6.44,-0.166,-0.19,11.42678241,-3.072936154,11.42678241,0.874328704,0.510202971,151.141,144.085,151.0395191,57,0,0.0,0.0,0.0,0.0,-666,-666,-666,11.93903962,-2.00690114,0.029160724,-2.276080013,0.061753607,-2.346943112,1.978651898,-2.017753133,3.153849014,445.5724855,14.24855867,12.22474487,5.224744871,8.05923663,6.066496581,2.566496581,1.593643696,1.593643696,0.898883921,0.898883921,0.454124145,0.454124145,-0.12,4799.239468,3.322062169,4.043932929,2.43281107,74.18019154,0,0.0,0,0,0,72.83794294,0,0,0,0.0,0,0,0.0,0,23.92124722,11.75255023,0.0,0.0,0.0,0.0,7.037952459,30.12619303,0,0.0,0.0,0.0,0,0.0,18.79050269,14.32593732,5.917906046,9.595309893,24.20828698,0.0,0.0,0,-666,48.91669572,9.589074368,0,0.0,0.0,0.0,0.0,0.0,0.0,4.736862954,9.595309893,53.19428666,0.0,22.61879547,0.0,0.0,-3.580408636,-3.743070673,0.0,0.0,-3.072936154,0.125,11,0,3,0,0,0,0,0,0,3,0,3,-666,0,0,0,-666,0.42899,38.546,0,0,0,0,0,0,0,0,0,0,2,2,0,0,0,0,0,0,0,0,0,0,0,0,0,0,2,0,0,0,0,0,0,0,0,0,-666,0,0,0,1,1,0,0,0,0,0,0,0,0,0,1,0,0,-666,1,0,0,0,0,0,0,0,0,0,0,0,0,0,0,0,0,0,0,0,0,0,0,0,0,0,0,0,-666,0,0,60,8,15.999,1.4611135,5.3,6,3.44,0.001308,325.4,16.7,-0.40699687,-0.395666837,O,6,0,0,2.55,0.0,0.0,6,2.55,0.352,30.703
64,_4-_trifluoromethyl_phenyl_oxidanyl_O_C.log:,8.972,5.997,6.154,7.791,9.403,7.722,6.7,6.282,0.274,0.203,0.185,0.175,0.178,0.152,0.182,0.151,0.194,0.143,0.154,0.186,0.204,0.224,0.157,0.188,0.149,0.181,0.204,0.225,0.161,0.193,0.187,0.217,6.15,7.19,7.1,7.31,2.7,2.88,2.67,2.67,6.14,-0.178,-0.204,12.29253779,-5.006481481,12.29253779,1.20525463,0.529162312,161.102,157.07,161.0214244,59,0,0.0,0.0,0.0,0.0,-666,-666,-666,13.74873651,-1.463060311,0.676177939,-2.272633079,0.691744431,-2.323229195,3.124063407,-1.565263084,3.348221746,354.186761,11.96410162,9.042141709,5.042141709,6.675426481,4.521070855,2.521070855,1.701883214,1.701883214,0.885535427,0.885535427,0.442767714,0.442767714,-0.25,1235.837423,4.697141626,3.009259259,2.360733182,66.82187681,0,0.0,0,0,0,65.53455305,0,0,0,0.0,0,0,0.0,0,23.44881655,5.783244946,0.0,0.0,0.0,6.176298517,0.0,30.12619303,0,0.0,0.0,13.17124514,0,0.0,11.95954346,4.794537184,5.917906046,5.483034225,24.20828698,0.0,0.0,0,-666,42.08573649,17.96578233,0,0.0,0.0,0.0,0.0,0.0,0.0,0.0,5.483034225,64.51265967,0.0,10.90701625,0.0,0.0,-3.046203704,-5.116990741,-5.006481481,0.0,0.0,0.142857143,11,0,1,0,0,0,0,0,0,1,0,4,-666,0,0,0,-666,1.81829,32.585,0,0,0,0,0,0,0,0,0,0,1,1,0,0,0,0,0,0,0,0,0,0,0,0,0,3,4,0,0,0,0,0,0,0,0,0,-666,0,0,0,0,0,0,0,3,0,0,0,0,0,0,1,0,0,-666,0,0,0,0,0,0,0,0,0,0,0,0,0,0,0,0,0,0,0,0,0,0,0,0,0,0,0,0,-666,0,0,60,8,15.999,1.4611135,5.3,6,3.44,0.001308,301.1,16.2,-0.424432091,-0.41403411,O,6,0,0,2.55,0.0,0.0,6,2.55,0.373,30.695
67,_4-acetylphenyl_oxidanyl_O_C.log:,9.637,6.351,6.531,8.179,10.126,8.075,6.98,6.493,0.242,0.179,0.172,0.163,0.166,0.14,0.169,0.139,0.181,0.131,0.142,0.174,0.188,0.207,0.146,0.176,0.139,0.17,0.188,0.207,0.149,0.18,0.173,0.202,6.57,7.76,7.65,7.89,2.74,2.86,2.7,2.68,6.52,-0.165,-0.191,11.45240741,-3.074522865,11.45240741,0.87537037,0.533653597,135.142,128.086,135.0446045,51,0,0.0,0.0,0.0,0.0,-666,-666,-666,11.43030738,-1.767631188,0.014286693,-2.316843732,0.047418519,-2.358462609,2.037263663,-1.81139023,3.337861337,428.9843777,13.54145188,11.81649658,4.816496581,7.586110083,5.90824829,2.40824829,1.53324829,1.53324829,0.829124145,0.829124145,0.414562073,0.414562073,-0.08,3222.694509,2.757024742,3.351893337,1.957306778,69.06664631,0,0.0,0,0,0,67.7289593,0,0,0,0.0,0,0,0.0,0,19.18438426,11.56648989,0.0,0.0,0.0,6.851892117,0.0,30.12619303,0,0.0,0.0,0.0,0,0.0,11.56648989,9.589074368,5.917906046,16.44720201,24.20828698,0.0,0.0,0,-666,48.54457504,9.589074368,0,0.0,0.0,0.0,0.0,0.0,0.0,0.0,9.595309893,49.64635015,0.0,22.62017101,0.0,0.0,-3.545192744,-3.730138889,0.0,-3.074522865,0.0,0.125,10,0,2,0,0,0,0,0,0,2,0,2,-666,0,0,0,-666,0.84499,37.211,0,0,0,0,0,0,0,0,0,0,2,2,0,0,0,0,0,0,0,0,0,0,0,0,0,0,4,0,0,0,0,0,0,0,0,0,-666,0,0,0,0,0,0,0,0,0,0,0,0,0,0,2,1,0,-666,0,0,0,0,0,0,0,0,0,0,0,0,0,0,0,0,0,0,0,0,0,0,0,0,0,0,0,0,-666,0,0,60,8,15.999,1.4611135,5.3,6,3.44,0.001308,306.0,16.8,-0.407070648,-0.39620841,O,6,0,0,2.55,0.0,0.0,6,2.55,0.342,30.709
75,_4-cyanophenyl_oxidanyl_O_C.log:,9.988,6.822,7.011,8.835,10.473,8.788,7.546,7.089,0.244,0.18,0.167,0.16,0.161,0.136,0.164,0.135,0.176,0.129,0.139,0.169,0.185,0.204,0.142,0.171,0.135,0.164,0.185,0.204,0.146,0.175,0.168,0.197,6.97,8.19,8.08,8.33,2.98,3.14,2.95,2.96,7.0,-0.163,-0.188,10.95392668,-0.977777778,10.95392668,0.393888889,0.471225922,118.115,114.083,118.0292887,43,0,0.0,0.0,0.0,0.0,-666,-666,-666,12.10061914,-1.062980895,0.649585719,-2.200597132,0.680569405,-2.212471844,3.633036425,-1.231376758,3.309101934,348.4440059,10.1712084,8.355461886,4.355461886,6.002106418,4.177730943,2.177730943,1.315927544,1.315927544,0.713865471,0.713865471,0.356932736,0.356932736,-0.08,701.8677369,3.351893337,3.180475788,1.953512004,58.71785028,0,0.0,0,0,0,57.51812225,0,0,0,0.0,0,0,0.0,0,10.27757141,5.783244946,5.261891555,0.0,0.0,0.0,0.0,30.12619303,0,6.069221313,0.0,0.0,0,0.0,5.783244946,4.794537184,17.24901891,5.483034225,24.20828698,0.0,0.0,0,-666,35.90943798,4.794537184,0,0.0,0.0,0.0,6.069221313,0.0,0.0,0.0,10.74492578,28.46324074,0.0,10.95392668,8.480332577,0.0,-1.371666667,-1.025833333,0.0,0.0,0.0,0.0,9,0,2,0,0,0,0,0,0,2,0,2,-666,0,0,0,-666,0.77957,32.143,0,0,0,0,0,0,0,0,0,0,1,1,0,0,0,1,0,0,0,0,0,0,0,0,0,0,4,0,0,0,0,0,0,0,0,0,-666,0,0,0,0,0,0,0,0,0,0,0,0,0,0,1,0,0,-666,0,0,1,0,0,0,0,0,0,0,0,0,0,0,0,0,0,0,0,0,0,0,0,0,0,0,0,0,-666,0,0,60,8,15.999,1.4611135,5.3,6,3.44,0.001308,281.8,16.8,-0.415783409,-0.403305044,O,6,0,0,2.55,0.0,0.0,6,2.55,0.346,30.733
77,_4-formyl-2-methoxyphenyl_oxidanyl_O_C.log:,9.867,6.374,6.525,8.138,10.431,8.008,6.853,6.327,0.198,0.144,0.15,0.144,0.145,0.12,0.147,0.119,0.16,0.112,0.123,0.154,0.163,0.182,0.127,0.157,0.12,0.151,0.164,0.182,0.129,0.159,0.148,0.178,6.65,8.0,7.89,8.16,2.57,2.67,2.54,2.5,6.51,-0.14,-0.166,11.48789966,-3.034435941,11.48789966,0.834398148,0.5372946,151.141,144.085,151.0395191,57,0,0.0,0.0,0.0,0.0,-666,-666,-666,11.82477581,-1.766772446,0.089209021,-2.42401815,0.005612528,-2.335382376,2.391969504,-1.810409968,3.311970733,473.5724855,14.24855867,12.22474487,5.224744871,8.05923663,6.066496581,2.566496581,1.612372436,1.612372436,0.949914957,0.949914957,0.500472997,0.500472997,-0.12,4697.921172,3.322062169,4.043932929,2.153101458,74.18019154,0,0.0,0,0,0,72.83794294,0,0,0,0.0,0,0,0.0,0,23.92124722,12.04545711,0.0,0.0,0.0,0.0,7.037952459,29.83328616,0,0.0,0.0,0.0,0,0.0,19.08340957,14.32593732,5.917906046,9.595309893,23.91538011,0.0,0.0,0,-666,48.91669572,9.589074368,0,0.0,0.0,0.0,0.0,0.0,0.0,4.736862954,9.595309893,53.47438964,0.0,22.40140401,0.0,0.0,-3.128171296,-2.832530707,-1.46398904,0.0,-3.034435941,0.125,11,0,3,0,0,0,0,0,0,3,0,3,-666,0,0,0,-666,0.42899,38.546,0,0,0,0,0,0,0,0,0,0,2,2,0,0,0,0,0,0,0,0,0,0,0,1,0,0,3,0,0,0,0,0,0,0,0,0,-666,0,0,0,0,1,0,0,0,0,0,0,0,0,0,1,0,0,-666,1,0,0,0,0,0,0,0,0,0,0,0,0,0,0,0,0,0,0,0,0,0,0,0,0,0,0,0,-666,0,0,60,8,15.999,1.4611135,5.3,6,3.44,0.001308,323.5,16.7,-0.4058492,-0.381057584,O,6,0,0,2.55,0.0,0.0,6,2.55,0.279,33.871
78,_4-formylphenyl_oxidanyl_O_C.log:,10.03,6.661,6.864,8.519,10.533,8.41,7.278,6.778,0.236,0.174,0.17,0.162,0.165,0.139,0.168,0.138,0.18,0.131,0.141,0.172,0.185,0.205,0.145,0.175,0.137,0.168,0.186,0.205,0.148,0.179,0.171,0.2,6.91,8.15,8.05,8.29,2.89,3.01,2.85,2.83,6.85,-0.167,-0.194,10.99748299,-1.331481481,10.99748299,0.667037037,0.471962296,121.115,116.075,121.0289544,45,0,0.0,0.0,0.0,0.0,-666,-666,-666,11.93945784,-1.054700323,0.301003092,-2.273851214,0.418861471,-2.280946195,2.851897541,-1.563073496,3.325594314,353.541393,11.04145188,9.316496581,4.316496581,6.374785218,4.65824829,2.15824829,1.306186218,1.306186218,0.704124145,0.704124145,0.352062073,0.352062073,-0.08,971.5503878,2.887598098,3.180475788,1.953512004,59.8917632,0,0.0,0,0,0,58.61451729,0,0,0,0.0,0,0,0.0,0,16.44286715,12.04545711,0.0,0.0,0.0,0.0,0.0,30.12619303,0,0.0,0.0,0.0,0,0.0,12.04545711,9.589074368,5.917906046,6.853792781,24.20828698,0.0,0.0,0,-666,42.17165014,9.589074368,0,0.0,0.0,0.0,0.0,0.0,0.0,0.0,6.853792781,35.2151096,0.0,21.65822373,0.0,0.0,-1.731851852,-3.143333333,-1.331481481,0.0,0.0,0.0,9,0,2,0,0,0,0,0,0,2,0,2,-666,0,0,0,-666,0.45489,32.594,0,0,0,0,0,0,0,0,0,0,2,2,0,0,0,0,0,0,0,0,0,0,0,1,0,0,4,0,0,0,0,0,0,0,0,0,-666,0,0,0,0,0,0,0,0,0,0,0,0,0,0,1,0,0,-666,0,0,0,0,0,0,0,0,0,0,0,0,0,0,0,0,0,0,0,0,0,0,0,0,0,0,0,0,-666,0,0,60,8,15.999,1.4611135,5.3,6,3.44,0.001308,281.1,16.5,-0.415118521,-0.404603698,O,6,0,0,2.55,0.0,0.0,6,2.55,0.339,30.743
79,"_4-hydroxy-2,3,6-trimethylphenyl_oxidanyl_O_C.log:",6.588,4.085,4.151,5.397,6.97,5.321,4.543,4.216,0.243,0.172,0.165,0.156,0.16,0.13,0.163,0.129,0.174,0.118,0.133,0.169,0.18,0.198,0.136,0.171,0.13,0.166,0.18,0.198,0.138,0.174,0.156,0.19,4.2,5.04,4.96,5.13,1.64,1.75,1.61,1.62,4.14,-0.146,-0.176,12.21197373,-3.248217593,12.21197373,1.072361111,0.574085683,151.185,140.097,151.0759046,59,0,0.0,0.0,0.0,0.0,-666,-666,-666,1.86e-15,-0.246035543,-9.04e-17,-2.425373567,-1.75e-17,-2.375571912,7.07e-17,-0.948399685,3.844654902,545.3807168,17.6712084,16.31649658,5.316496581,9.636081014,8.066496581,2.65824829,1.90824829,1.90824829,1.169717254,1.169717254,0.584858627,0.584858627,-0.08,19478.85215,2.236479301,3.114262771,1.568134708,81.77085234,0,0.0,0,0,0,80.25640362,0,0,0,0.0,0,0,0.0,0,23.61093094,5.783244946,1.431199657,0.0,0.0,20.55567635,0.0,28.87535172,0,0.0,0.0,0.0,0,0.0,10.89205314,4.794537184,5.917906046,34.26326191,22.95744568,0.0,1.431199657,0,-666,55.21427302,4.794537184,0,0.0,0.0,0.0,0.0,0.0,0.0,5.108808191,15.13878522,79.98686272,0.0,12.21197373,3.992893519,-2.400578704,-3.83087963,-1.125810185,0.0,-9.584461451,0.0,0.333333333,11,1,2,0,0,0,0,0,0,2,1,2,-666,0,0,0,-666,1.94179,43.0098,0,1,1,0,0,0,0,0,0,0,1,1,0,0,0,0,0,0,0,0,0,0,0,0,0,0,3,0,0,0,0,0,0,0,0,0,-666,0,0,0,0,0,0,0,0,0,0,0,0,0,0,1,1,0,-666,0,0,0,0,0,0,0,0,0,0,0,0,0,0,0,0,0,0,0,0,0,0,0,0,0,0,0,0,-666,0,0,60,8,15.999,1.4611135,5.3,6,3.44,0.001308,331.2,16.8,-0.374831383,-0.34353778,O,6,0,0,2.55,0.0,0.0,6,2.55,0.304,39.789
83,_4-methoxyphenyl_oxidanyl_O_C.log:,7.3,4.529,4.61,5.961,7.726,5.847,5.008,4.601,0.251,0.191,0.164,0.153,0.157,0.135,0.161,0.135,0.171,0.123,0.139,0.164,0.184,0.194,0.143,0.167,0.135,0.161,0.184,0.194,0.146,0.17,0.168,0.191,4.67,5.62,5.54,5.73,1.76,1.87,1.74,1.75,4.6,-0.164,-0.185,11.11683768,-2.893967309,11.11683768,0.741111111,0.516551371,123.131,116.075,123.0446045,47,0,0.0,0.0,0.0,0.0,-666,-666,-666,10.94134159,-0.24308541,-3.19e-17,-2.307825374,-7.41e-17,-2.279097884,0.568304946,-0.950528788,3.201926192,392.0297471,12.6712084,11.31649658,4.316496581,7.148553027,5.612372436,2.112372436,1.260310363,1.260310363,0.681186218,0.681186218,0.340593109,0.340593109,-0.08,2020.170249,2.207644251,3.180475788,1.953512004,63.65372733,0,0.0,0,0,0,62.26016081,0,0,0,0.0,0,0,0.0,0,19.12671003,5.783244946,0.0,0.0,0.0,0.0,7.037952459,30.31225337,0,0.0,0.0,0.0,0,0.0,12.82119741,9.531400138,6.396873262,9.595309893,23.91538011,0.0,0.0,0,-666,43.13345078,4.794537184,0,0.0,0.0,0.0,0.0,0.0,0.0,4.736862954,9.595309893,53.63153534,0.0,11.11683768,0.0,0.0,-1.831026077,-2.426388889,-0.846990741,0.0,-2.893967309,0.142857143,9,0,2,0,0,0,0,0,0,2,0,2,-666,0,0,0,-666,0.85989,33.539,0,0,0,0,0,0,0,0,0,0,1,1,0,0,0,0,0,0,0,0,0,0,0,0,0,0,3,0,0,0,0,0,0,0,0,0,-666,0,0,0,0,1,0,0,0,0,0,0,0,0,0,1,0,0,-666,1,0,0,0,0,0,0,0,0,0,0,0,0,0,0,0,0,0,0,0,0,0,0,0,0,0,0,0,-666,0,0,60,8,15.999,1.4611135,5.3,6,3.44,0.001308,290.6,16.2,-0.382624794,-0.358744454,O,6,0,0,2.55,0.0,0.0,6,2.55,0.318,30.58
86,_4-methylbenzenesulfonyl_oxidanyl_O_S.log:,14.198,9.034,9.192,12.187,14.874,11.926,10.356,9.525,0.338,0.275,0.106,0.003,0.08,0.079,0.098,0.091,0.065,0.066,0.062,0.06,0.136,0.14,0.052,0.045,0.053,0.048,0.141,0.146,0.063,0.058,0.084,0.081,9.36,11.12,10.97,11.32,3.83,4.19,3.8,3.95,9.18,-0.107,-0.108,10.83711546,-5.220092593,10.83711546,0.91212963,0.621507963,171.197,164.141,171.0115901,59,0,0.0,0.0,0.0,0.0,-666,-666,-666,12.15652477,-0.243466227,2.05e-18,-2.344120574,0.048116946,-2.192703048,1.683339287,-0.9465534,3.663855281,438.2480223,14.46410162,12.13299316,5.949489743,7.886751346,5.954124145,3.862372436,1.65824829,2.974744871,0.852062073,1.556186218,0.426031036,0.778093109,0.23,3673.145375,3.536369908,3.308582712,2.630499748,76.7579666,0,0.0,0,0,0,75.66267738,0,0,0,0.0,0,0,0.0,0,23.25355951,10.87069772,0.0,0.0,0.0,6.851892117,0.0,34.68652803,0,0.0,0.0,0.0,0,10.87069772,0.0,13.65824962,0.0,16.44720201,34.68652803,0.0,0.0,0,-666,52.40911787,13.65824962,0,0.0,0.0,0.0,0.0,0.0,0.0,0.0,9.595309893,83.02028156,0.0,-1.34212963,0.0,-0.91212963,0.0,-4.439722222,0.0,-2.939540816,-5.220092593,0.142857143,11,0,3,0,0,0,0,0,0,0,0,4,-666,0,0,0,-666,2.2275,40.6305,0,0,0,0,0,0,0,0,0,0,0,0,0,0,0,0,0,0,0,0,0,0,0,0,0,0,5,0,0,0,0,0,0,0,0,0,-666,0,0,0,0,0,0,0,0,0,0,0,0,0,0,0,0,0,-666,0,0,0,0,0,0,0,0,0,0,0,0,0,0,0,0,0,0,0,0,0,0,0,0,0,0,0,0,-666,0,0,60,8,15.999,1.4611135,5.3,6,3.44,0.001308,330.4,18.0,-0.439045703,-0.418411421,O,16,0,0,2.58,0.0,0.0,16,2.58,0.305,39.675
88,_4-methylphenyl_oxidanyl_O_C.log:,7.77,4.998,5.108,6.609,8.199,6.538,5.557,5.156,0.261,0.196,0.17,0.159,0.163,0.14,0.167,0.14,0.178,0.128,0.142,0.17,0.192,0.206,0.146,0.172,0.138,0.165,0.192,0.206,0.15,0.177,0.176,0.201,5.08,6.06,5.97,6.17,2.01,2.13,1.99,1.99,5.1,-0.172,-0.195,11.09068972,-2.756481481,11.09068972,0.711018519,0.455354836,107.132,100.076,107.0496898,41,0,0.0,0.0,0.0,0.0,-666,-666,-666,10.22759234,-1.463084091,0.0,-2.356264755,2.08e-17,-2.296452981,1.074260595,-1.568187068,3.348221746,347.2901641,11.96410162,10.90824829,3.90824829,6.675426481,5.454124145,1.954124145,1.204124145,1.204124145,0.602062073,0.602062073,0.301031036,0.301031036,-0.04,1235.837423,1.722932883,2.492201094,1.47805616,58.5401821,0,0.0,0,0,0,57.15117717,0,0,0,0.0,0,0,0.0,0,14.38984708,5.783244946,0.0,0.0,0.0,6.851892117,0.0,30.12619303,0,0.0,0.0,0.0,0,0.0,5.783244946,4.794537184,5.917906046,16.44720201,24.20828698,0.0,0.0,0,-666,42.76133009,4.794537184,0,0.0,0.0,0.0,0.0,0.0,0.0,0.0,9.595309893,49.98398621,0.0,11.09068972,0.0,0.0,-1.796203704,-3.271990741,0.0,-2.756481481,0.0,0.142857143,8,0,1,0,0,0,0,0,0,1,0,1,-666,0,0,0,-666,1.27589,32.204,0,0,0,0,0,0,0,0,0,0,1,1,0,0,0,0,0,0,0,0,0,0,0,0,0,0,4,0,0,0,0,0,0,0,0,0,-666,0,0,0,0,0,0,0,0,0,0,0,0,0,0,1,0,0,-666,0,0,0,0,0,0,0,0,0,0,0,0,0,0,0,0,0,0,0,0,0,0,0,0,0,0,0,0,-666,0,0,60,8,15.999,1.4611135,5.3,6,3.44,0.001308,275.4,16.1,-0.386646545,-0.368374909,O,6,0,0,2.55,0.0,0.0,6,2.55,0.339,30.616
91,_4-nitrophenyl_oxidanyl_O_C.log:,10.617,7.073,7.324,8.996,11.125,8.873,7.774,7.25,0.249,0.182,0.179,0.171,0.174,0.146,0.176,0.145,0.188,0.139,0.148,0.181,0.192,0.214,0.153,0.184,0.145,0.178,0.192,0.214,0.155,0.188,0.178,0.209,7.41,8.67,8.57,8.82,3.23,3.38,3.17,3.15,7.31,-0.173,-0.199,10.94740741,-1.133703704,10.94740741,0.915740741,0.390997596,138.102,134.07,138.019118,51,0,0.0,0.0,0.0,0.0,-666,-666,-666,13.45410268,-1.053795186,0.606091528,-2.22574169,0.699487044,-2.24575843,3.669710525,-1.257695517,3.39878925,398.3575708,11.04145188,8.671958467,4.671958467,6.374785218,4.292879315,2.292879315,1.434840728,1.434840728,0.771439657,0.771439657,0.385719829,0.385719829,-0.16,971.5503878,4.014462896,3.295750624,1.914944034,62.00990175,0,0.0,0,0,0,60.74517103,0,0,0,0.0,0,0,0.0,0,10.27757141,5.783244946,0.0,0.0,4.620096379,0.0,0.0,40.0642583,0,0.0,0.0,0.0,0,0.0,5.783244946,4.794537184,15.85597132,5.483034225,28.82838336,0.0,0.0,0,-666,40.65346914,14.60866767,0,0.0,0.0,0.0,0.0,0.0,0.0,0.0,5.483034225,27.11759259,0.0,31.65777778,0.0,0.0,-1.133703704,-4.641666667,0.0,0.0,0.0,0.0,10,0,4,0,0,0,0,0,0,3,0,4,-666,0,0,0,-666,1.01339,35.692,0,0,0,0,0,0,0,0,0,0,1,1,0,0,0,1,0,0,0,0,-666,0,0,0,0,0,2,0,0,0,0,0,0,0,0,0,-666,0,0,0,0,0,0,0,0,0,0,0,0,0,0,1,0,0,-666,0,0,0,1,0,0,2,0,0,0,0,0,0,0,0,0,0,0,0,0,0,0,0,0,0,0,0,0,-666,0,0,60,8,15.999,1.4611135,5.3,6,3.44,0.001308,287.3,16.6,-0.432784662,-0.424380754,O,6,0,0,2.55,0.0,0.0,6,2.55,0.365,30.726
94,_4-tert-butylphenyl_oxidanyl_O_C.log:,7.839,5.036,5.135,6.663,8.271,6.59,5.611,5.208,0.262,0.196,0.167,0.158,0.16,0.137,0.164,0.137,0.176,0.126,0.141,0.169,0.19,0.205,0.144,0.17,0.136,0.164,0.19,0.205,0.148,0.175,0.173,0.199,5.12,6.11,6.02,6.22,2.05,2.18,2.03,2.03,5.12,-0.161,-0.183,11.60153156,-3.737717309,11.60153156,1.228587963,0.516189801,149.213,136.109,149.09664,59,0,0.0,0.0,0.0,0.0,-666,-666,-666,1.601934704,-1.841606342,-6.1e-17,-2.640298954,-6.92e-17,-2.616400055,3.42e-16,-2.10882537,4.04108352,550.0952462,19.46410162,18.40824829,5.40824829,10.42542648,9.204124145,2.704124145,1.954124145,1.954124145,0.977062073,0.977062073,0.488531036,0.488531036,-0.04,44520.68556,1.893893718,3.139132041,2.477534438,86.06483144,0,0.0,0,0,0,84.49450321,0,0,0,0.0,0,0,0.0,0,22.61439841,5.783244946,0.0,0.0,5.414990469,20.55567635,0.0,30.12619303,0,0.0,0.0,0.0,0,0.0,5.783244946,4.794537184,11.33289652,38.37553758,24.20828698,0.0,0.0,0,-666,61.8801048,4.794537184,0,0.0,0.0,0.0,0.0,0.0,0.0,0.0,17.81986123,98.05895786,0.0,11.60153156,0.0,-3.693981481,-2.720948602,-5.032407407,0.0,-11.21315193,0.0,0.4,11,0,1,0,0,0,0,0,0,1,0,1,-666,0,0,0,-666,2.30209,45.985,0,0,0,0,0,0,0,0,0,0,1,1,0,0,0,0,0,0,0,0,0,0,0,0,0,0,4,0,0,0,0,0,0,0,0,0,-666,0,0,0,0,0,0,0,0,0,0,0,0,0,0,1,0,0,-666,0,0,0,0,0,0,0,0,0,0,0,0,0,0,0,0,0,0,0,0,0,0,0,0,0,0,0,0,-666,0,0,60,8,15.999,1.4611135,5.3,6,3.44,0.001308,341.0,17.0,-0.383710281,-0.366448785,O,6,0,0,2.55,0.0,0.0,6,2.55,0.341,30.573
100,_benzenesulfinyl_oxidanyl_O_S.log:,6.515,4.492,4.619,5.513,6.743,5.401,4.962,4.648,0.207,0.201,0.171,0.182,0.173,0.164,0.167,0.159,0.187,0.161,0.174,0.18,0.203,0.199,0.174,0.18,0.17,0.176,0.204,0.199,0.178,0.183,0.191,0.197,4.92,5.68,5.62,5.76,2.18,2.34,2.14,2.2,4.61,-0.178,-0.185,10.59044596,-2.829259259,10.59044596,0.602592593,0.573578848,141.171,136.131,141.0010254,47,0,0.0,0.0,0.0,0.0,-666,-666,-666,12.93329228,-0.094126162,0.517515962,-2.232158175,0.569405959,-2.049338672,2.507789802,-0.450610575,3.448068054,364.9083785,11.04145188,9.224744871,5.041241452,6.374785218,4.537457479,3.112372436,1.188832194,2.066496581,0.643728739,1.181186218,0.32186437,0.590593109,0.27,971.5503878,3.113456534,3.441331416,2.159491335,63.61180249,0,0.0,0,0,0,62.58151597,0,0,0,0.0,0,0,0.0,0,15.95929253,11.4567282,0.0,0.0,0.0,0.0,0.0,35.16549524,0,0.0,0.0,0.0,0,11.4567282,0.0,9.105499747,0.0,6.853792781,35.16549524,0.0,0.0,0,-666,46.62222344,9.105499747,0,0.0,0.0,0.0,0.0,0.0,0.0,0.0,6.853792781,57.05679012,-2.829259259,-0.698148148,0.0,0.0,0.0,-3.307160494,0.0,0.0,0.0,0.0,9,0,2,0,0,0,0,0,0,0,0,3,-666,0,0,0,-666,1.9562,35.327,0,0,0,0,0,0,0,0,0,0,0,0,0,0,0,0,0,0,0,0,0,0,0,0,0,0,5,0,0,0,0,0,0,0,0,0,-666,0,0,0,0,0,0,0,0,0,0,0,0,0,0,0,0,0,-666,0,0,0,0,0,0,0,0,0,0,0,0,0,0,0,0,0,0,0,0,0,0,0,0,0,0,0,0,-666,0,0,60,8,15.999,1.4611135,5.3,6,3.44,0.001308,289.3,17.7,-0.436283729,-0.369266267,O,16,0,0,2.58,0.0,0.0,16,2.58,0.23,33.395
108,_dimethoxyphosphoryl_oxidanyl_O_P.log:,9.907,6.108,6.251,7.297,10.266,6.994,6.765,6.222,0.441,0.364,0.223,0.27,0.227,0.209,0.222,0.203,0.286,0.242,0.259,0.281,0.3,0.314,0.259,0.281,0.256,0.278,0.301,0.315,0.262,0.285,0.284,0.307,6.7,7.64,7.56,7.74,3.08,3.45,3.06,3.19,6.25,-0.171,-0.241,10.52513889,-5.310570988,10.52513889,3.247492284,0.512991901,125.04,118.992,125.0003703,43,0,0.0,0.0,0.0,0.0,-666,-666,-666,11.7122851,-0.243088274,-0.064053201,-2.265645926,-0.018353321,-2.262697553,0.453114308,-0.945507606,4.351920644,197.6545914,10.91421356,9.080206757,3.974633948,5.414213562,4.138545034,2.59913852,0.629787781,1.889363344,0.223606798,0.670820393,0.0186339,0.055901699,0.27,164.9160802,1.898367836,2.546113456,2.907958533,50.10495103,0,0.0,0,0,0,48.62910759,0,0,0,0.0,0,0,0.0,0,26.73050555,7.822697123,0.0,0.0,0.0,0.0,14.07590492,0.0,0,0.0,0.0,0.0,0,7.822697123,14.07590492,18.50595421,0.0,8.224551337,0.0,0.0,0.0,0,-666,21.89860204,9.458459888,0,0.0,0.0,0.0,0.0,0.0,0.0,9.047494323,8.224551337,55.58597222,0.0,10.52513889,0.0,0.0,0.0,0.0,0.0,0.0,-11.80555556,1.0,7,0,4,0,0,0,0,0,0,3,0,5,-666,0,0,0,-666,0.8178,22.311,0,0,0,0,0,0,0,0,0,0,0,0,0,0,0,0,0,0,0,0,0,0,0,0,0,0,0,0,0,0,0,0,0,0,0,0,-666,0,0,0,0,0,0,0,0,0,0,0,0,0,0,0,0,0,-666,0,0,0,0,0,0,0,0,0,0,0,0,0,0,0,0,0,0,0,0,0,0,0,0,0,0,0,0,-666,0,0,60,8,15.999,1.4611135,5.3,6,3.44,0.001308,271.0,15.7,-0.463119999,-0.45768367,O,15,0,0,2.19,0.0,0.0,15,2.19,0.547,38.556
110,_dimethylamino_oxidanyl_O_N.log:,2.321,1.435,1.509,1.704,2.408,1.637,1.566,1.438,0.43,0.416,0.339,0.327,0.339,0.33,0.34,0.329,0.345,0.315,0.332,0.345,0.406,0.406,0.329,0.341,0.324,0.337,0.408,0.408,0.337,0.349,0.37,0.379,1.68,1.9,1.88,1.92,0.79,0.79,0.75,0.75,1.51,-0.341,-0.346,10.27777778,-3.092013889,10.27777778,0.875,0.357705251,60.076,54.028,60.04493881,25,0,0.0,0.0,0.0,0.0,-666,-666,-666,-5.68e-18,-0.244322203,-3.04e-16,-2.37431034,-2.95e-16,-2.515737946,-8.480000000000001e-33,-1.027487118,4.231132186,99.8966738,8.577350269,7.855461886,1.855461886,4.154700538,3.629787781,0.629787781,0.294377585,0.294377585,0.0,0.0,0.0,0.0,-0.08,63.57980789,0.420070381,1.262465753,253.92,34.04212207,0,0.0,0,0,0,32.44667589,0,0,0,0.0,0,0,0.0,0,13.43180436,0.0,0.0,5.063217725,0.0,0.0,13.9516538,0.0,0,0.0,0.0,0.0,0,0.0,19.01487153,5.207253025,0.0,8.224551337,0.0,0.0,0.0,0,-666,19.01487153,5.207253025,0,0.0,0.0,0.0,0.0,0.0,0.0,0.0,8.224551337,38.28125,0.0,0.0,9.402777778,0.0,0.0,0.0,0.0,-6.184027778,0.0,1.0,4,0,2,0,0,0,0,0,0,1,0,2,-666,0,0,0,-666,-0.1065,14.3735,0,0,0,0,0,0,0,0,0,0,0,0,0,0,0,1,0,0,2,0,-666,0,0,0,0,0,0,0,0,0,0,0,0,0,0,0,-666,0,0,0,0,0,0,0,0,0,0,0,0,0,0,0,0,0,-666,0,0,0,0,0,0,0,0,0,0,0,0,0,0,0,0,0,0,0,0,0,0,0,0,0,0,0,0,-666,0,0,60,8,15.999,1.4611135,5.3,6,3.44,0.001308,208.9,12.6,-0.397165725,-0.318920534,O,7,0,0,3.04,0.0,0.0,7,3.04,0.456,29.177
112,_diphenylmethyl_oxidanyl_O_C.log:,6.308,4.222,4.428,4.862,6.562,4.734,4.437,4.155,0.682,0.528,0.047,0.112,0.043,0.045,0.043,0.044,0.098,0.064,0.08,0.083,0.108,0.106,0.086,0.088,0.077,0.08,0.106,0.104,0.088,0.091,0.11,0.109,4.62,5.28,5.23,5.36,2.18,2.27,2.13,2.18,4.42,-0.073,-0.068,12.95172525,-3.401851852,12.95172525,0.767952675,0.680956012,183.23,172.142,183.08099,69,0,0.0,0.0,0.0,0.0,-666,-666,-666,10.47173111,-2.000059003,-0.013617313,-2.378933371,0.126620168,-2.291470938,1.84172384,-2.02805499,2.853581909,785.3865908,19.42820323,17.90824829,6.90824829,11.35085296,9.204124145,3.704124145,2.329124145,2.329124145,1.454124145,1.454124145,0.852062073,0.852062073,-0.04,175008.3395,3.479253278,5.15692357,2.502526359,99.21818515,0,0.0,0,0,0,97.93181606,0,0,0,0.0,0,0,0.0,0,20.18487151,0.0,0.0,0.0,0.0,6.080018027,0.0,71.66692652,0,0.0,0.0,0.0,0,0.0,6.080018027,5.106527395,0.0,15.07834412,71.66692652,0.0,0.0,0,-666,77.74694455,5.106527395,0,0.0,0.0,0.0,0.0,0.0,0.0,0.0,15.07834412,84.46874192,0.0,0.0,12.95172525,-2.005498866,0.0,-8.763116444,-3.401851852,0.0,0.0,0.076923077,14,0,1,0,0,0,0,0,0,0,0,1,-666,0,0,0,-666,2.8903,57.2005,0,0,0,0,0,0,0,0,0,0,0,0,0,0,0,0,0,0,0,0,0,0,0,0,0,0,8,0,0,0,0,0,0,0,0,0,-666,0,0,0,0,0,0,0,0,0,0,0,0,0,0,0,0,0,-666,0,0,0,0,0,0,0,0,0,0,0,0,0,0,0,0,0,0,0,0,0,0,0,0,0,0,0,0,-666,0,0,60,8,15.999,1.4611135,5.3,6,3.44,0.001308,383.1,18.4,-0.387645111,-0.377303601,O,6,0,0,2.55,0.0,0.0,6,2.55,0.868,40.94
121,_methoxydimethylsilyl_oxidanyl_O_Si.log:,7.16,4.888,5.163,5.593,7.419,5.402,5.142,4.776,0.804,0.594,0.082,0.124,0.074,0.094,0.081,0.097,0.104,0.104,0.117,0.092,0.141,0.107,0.128,0.104,0.114,0.089,0.139,0.104,0.128,0.104,0.163,0.142,5.46,6.24,6.17,6.33,2.55,2.65,2.48,2.56,5.16,-0.142,-0.129,11.59243056,-5.600501543,11.59243056,3.322646605,0.452637972,105.189,96.117,105.0371811,37,0,0.0,0.0,0.0,0.0,-666,-666,-666,-5.41e-33,-0.24565123,-2.73e-16,-2.469920025,-6.14e-16,-2.586935332,1.85e-17,-0.96330024,5.256687249,210.9826309,12.70710678,11.81649658,3.816496581,6.207106781,5.612372436,2.928869017,0.718643696,2.155931089,0.143728739,0.431186218,0.0,0.0,0.136883117,466.0915601,0.810288892,1.725953205,4.136883117,51.64929304,0,0.0,0,0,0,50.10770071,0,0,0,0.0,0,0,0.0,0,21.5585015,8.560914205,0.0,0.0,0.0,12.95033254,7.037952459,0.0,0,0.0,0.0,0.0,0,0.0,15.59886666,9.221674493,0.0,12.33682701,0.0,12.95033254,0.0,0,-666,28.54919921,4.795669467,0,0.0,0.0,0.0,0.0,0.0,0.0,4.426005026,12.33682701,64.20641204,0.0,11.59243056,0.0,0.0,0.0,0.0,0.0,-6.93125,-8.923148148,1.0,6,0,2,0,0,0,0,0,0,1,0,3,-666,0,0,0,-666,0.7651,25.1775,0,0,0,0,0,0,0,0,0,0,0,0,0,0,0,0,0,0,0,0,0,0,0,0,0,0,0,0,0,0,0,0,0,0,0,0,-666,0,0,0,0,0,0,0,0,0,0,0,0,0,0,0,0,0,-666,0,0,0,0,0,0,0,0,0,0,0,0,0,0,0,0,0,0,0,0,0,0,0,0,0,0,0,0,-666,0,0,60,8,15.999,1.4611135,5.3,6,3.44,0.001308,279.3,15.4,-0.413724345,-0.399314451,O,14,0,0,1.9,0.0,0.0,14,1.9,0.924,39.742
123,_methoxysulfonyl_oxidanyl_O_S.log:,10.906,7.591,7.762,8.97,11.219,8.682,8.333,7.777,0.134,0.134,0.184,0.203,0.186,0.162,0.184,0.159,0.199,0.164,0.167,0.187,0.176,0.186,0.18,0.201,0.166,0.187,0.173,0.183,0.177,0.198,0.201,0.229,8.21,9.25,9.17,9.36,3.98,4.42,3.96,4.1,7.76,-0.199,-0.229,9.509097222,-5.094328704,9.509097222,3.041666667,0.482076914,111.098,108.074,110.9752046,37,0,0.0,0.0,0.0,0.0,-666,-666,-666,15.998,-0.163928451,-0.026726909,-2.22461589,-0.020660495,-2.234887773,0.6855,-0.839851329,3.746417931,80.96632017,7.707106781,5.541241452,3.357738033,3.707106781,2.370790812,2.204124145,0.491581624,1.474744871,0.102062073,0.306186218,0.0,0.0,0.19,27.43574108,2.485750647,1.762534485,4.19,41.34562127,0,0.0,0,0,0,40.14313462,0,0,0,0.0,0,0,0.0,0,21.95361072,11.15157144,0.0,0.0,0.0,0.0,7.037952459,0.0,0,0.0,0.0,0.0,0,11.15157144,7.037952459,17.84133505,0.0,4.112275669,0.0,0.0,0.0,0,-666,18.1895239,13.65824962,0,0.0,0.0,0.0,0.0,0.0,0.0,4.183085433,4.112275669,49.92708333,-5.094328704,0.0,0.0,0.0,0.0,0.0,0.0,0.0,-3.166087963,1.0,6,0,4,0,0,0,0,0,0,1,0,5,-666,0,0,0,-666,0.3889,16.6595,0,0,0,0,0,0,0,0,0,0,0,0,0,0,0,0,0,0,0,0,0,0,0,0,0,0,0,0,0,0,0,0,0,0,0,0,-666,0,0,0,0,0,0,0,0,0,0,0,0,0,0,0,0,0,-666,0,0,0,0,0,0,0,0,0,0,0,0,0,0,0,0,0,0,0,0,0,0,0,0,0,0,0,0,-666,0,0,60,8,15.999,1.4611135,5.3,6,3.44,0.001308,232.1,15.3,-0.492295828,-0.487586929,O,16,0,0,2.58,0.0,0.0,16,2.58,0.072,32.235
128,_pyridin-1-ium-1-yl_oxidanyl_O_N.log:,9.761,8.374,8.715,8.794,9.879,8.7,8.684,8.537,0.539,0.472,0.168,0.188,0.166,0.162,0.169,0.163,0.189,0.181,0.176,0.177,0.243,0.242,0.183,0.184,0.167,0.168,0.243,0.242,0.19,0.192,0.231,0.235,1.55,1.69,1.68,1.7,0.85,0.87,0.84,0.76,1.45,-0.398,-0.461,10.78074074,-0.762962963,10.78074074,0.150092593,0.336491255,95.101,90.061,95.03711378,36,0,0.0,0.0,0.0,0.0,-666,-666,-666,11.20954437,-0.094101403,0.320795402,-2.184663941,0.429068974,-2.411780394,2.345309405,-0.806388725,3.428388404,229.8971934,9.464101615,8.355461886,3.355461886,5.464101615,4.129787781,1.629787781,0.892984382,0.892984382,0.439893891,0.439893891,0.216647795,0.216647795,-0.08,416.3143648,1.706856448,2.284554637,1.450252015,48.69240099,0,0.0,0,0,0,47.32275365,0,0,0,0.0,0,0,0.0,0,11.59262663,6.190652219,0.0,0.0,0.0,0.0,0.0,29.53947479,0,0.0,0.0,0.0,0,0.0,10.92948607,0.0,5.207253025,6.853792781,24.33222177,0.0,0.0,0,-666,30.52287399,5.207253025,0,4.738833854,0.0,0.0,0.0,0.0,0.0,0.0,6.853792781,34.87564815,0.0,0.0,10.78074074,0.0,0.0,-1.79712963,-1.525925926,0.0,0.0,0.0,7,0,2,0,0,0,0,0,0,1,0,2,-666,0,0,0,-666,0.651,27.9714,0,0,0,0,0,0,0,0,0,0,0,0,0,0,0,1,0,0,1,0,-666,0,0,0,0,0,3,0,0,0,0,0,0,0,0,0,-666,0,0,0,0,0,0,0,0,0,0,0,0,0,0,0,0,0,-666,0,0,0,0,0,0,0,0,0,0,0,0,0,0,0,0,0,0,0,0,0,0,0,0,0,0,0,0,-666,0,1,65,8,14.007,-1.4,5.3,5,3.44,0.001308,246.6,15.6,-0.383913622,-0.270936109,O,7,0,0,3.04,0.0,0.0,7,3.04,0.793,28.643
137,_trimethylsilyl_oxidanyl_O_Si.log:,6.817,4.646,4.892,5.361,7.061,5.191,4.93,4.592,0.8,0.584,0.165,0.184,0.155,0.161,0.162,0.163,0.163,0.143,0.162,0.147,0.194,0.168,0.172,0.16,0.158,0.144,0.191,0.165,0.174,0.161,0.212,0.203,5.17,5.86,5.81,5.94,2.49,2.56,2.46,2.47,4.89,-0.206,-0.212,11.61805556,-5.604166667,11.61805556,3.46875,0.398001796,89.19,80.118,89.04226644,31,0,0.0,0.0,0.0,0.0,-666,-666,-666,-2.69e-16,-0.244322203,-8.4e-17,-2.52693012,-2.88e-16,-2.59436307,-7.43e-17,-0.946898325,5.542725538,173.5285314,12.0,11.40824829,3.40824829,5.75,5.454124145,2.862372436,0.681186218,2.043558654,0.0,0.0,0.0,0.0,0.176883117,312.0805106,0.520172774,1.104882332,632.6299958,46.41241928,0,0.0,0,0,0,44.87538854,0,0,0,0.0,0,0,0.0,0,17.13249647,8.317393253,0.0,0.0,0.0,19.42549881,0.0,0.0,0,0.0,0.0,0.0,0,0.0,8.317393253,4.795669467,0.0,12.33682701,0.0,19.42549881,0.0,0,-666,27.74289207,4.795669467,0,0.0,0.0,0.0,0.0,0.0,0.0,0.0,12.33682701,60.83680556,0.0,11.61805556,0.0,0.0,0.0,0.0,0.0,-10.40625,-5.604166667,1.0,5,0,1,0,0,0,0,0,0,0,0,2,-666,0,0,0,-666,1.2518,24.0325,0,0,0,0,0,0,0,0,0,0,0,0,0,0,0,0,0,0,0,0,0,0,0,0,0,0,0,0,0,0,0,0,0,0,0,0,-666,0,0,0,0,0,0,0,0,0,0,0,0,0,0,0,0,0,-666,0,0,0,0,0,0,0,0,0,0,0,0,0,0,0,0,0,0,0,0,0,0,0,0,0,0,0,0,-666,0,0,60,8,15.999,1.4611135,5.3,6,3.44,0.001308,264.5,15.3,-0.398222336,-0.396265149,O,14,0,0,1.9,0.0,0.0,14,1.9,0.922,38.231
370,4-_dimethylamino_benzoyloxidanyl_O_C.log:,10.271,7.847,7.809,10.008,10.612,10.048,8.755,8.343,0.056,0.044,0.126,0.126,0.127,0.1,0.117,0.09,0.121,0.08,0.081,0.101,0.071,0.077,0.104,0.129,0.082,0.103,0.067,0.073,0.098,0.121,0.126,0.149,8.06,9.69,9.55,9.86,2.66,3.19,2.68,2.89,7.79,-0.078,-0.09,10.86839498,-3.292936272,10.86839498,0.222414966,0.661008897,164.184,154.104,164.0711536,63,0,0.0,0.0,0.0,0.0,-666,-666,-666,10.55625214,-1.762237684,1.17e-16,-2.551420669,1.14e-16,-2.516559398,1.505787767,-1.87856503,3.762498391,594.8671899,17.61880215,15.76371018,5.763710176,9.708118551,7.829068684,2.829068684,1.846474473,1.846474473,1.039534342,1.039534342,0.519767171,0.519767171,-0.12,22264.36505,2.937511639,4.211548325,2.436956894,85.34944222,0,0.0,0,0,0,83.90794979,0,0,0,0.0,0,0,0.0,0,23.60865014,5.969305288,0.0,4.899909731,0.0,0.0,13.9516538,35.47843083,0,0.0,0.0,0.0,0,0.0,24.82086882,9.901064579,0.0,13.70758556,35.47843083,0.0,0.0,0,-666,55.39938992,9.901064579,0,4.899909731,0.0,0.0,0.0,0.0,0.0,0.0,13.70758556,73.68580215,0.0,10.64598002,10.86839498,-2.102052154,-1.98808579,-4.3575,0.0,-6.585872543,0.0,0.222222222,12,0,3,0,0,0,0,0,0,2,0,3,-666,0,0,0,-666,0.8852,44.6865,0,0,0,0,0,0,0,0,0,0,1,1,0,0,0,1,0,0,0,1,-666,0,0,0,0,0,3,0,0,0,0,0,0,0,0,0,-666,0,0,0,0,0,0,0,0,0,0,0,0,0,0,0,0,0,-666,0,0,0,0,0,0,0,0,0,0,0,0,0,0,0,0,0,0,0,0,0,0,0,0,0,0,0,0,-666,0,0,60,8,15.999,1.4611135,5.3,6,3.44,0.001308,350.8,17.1,-0.387544455,-0.387472137,O,6,0,0,2.55,0.0,0.0,6,2.55,0.025,32.802
374,4-_trifluoromethyl_benzoyloxidanyl_O_C.log:,8.532,5.696,5.882,6.692,8.809,6.501,6.205,5.815,0.416,0.319,0.09,0.126,0.099,0.08,0.091,0.074,0.114,0.093,0.075,0.091,0.115,0.128,0.098,0.118,0.071,0.086,0.109,0.12,0.098,0.118,0.146,0.172,6.17,6.95,6.89,7.04,3.09,3.44,3.07,3.19,5.88,-0.139,-0.168,12.43263133,-5.093027211,12.43263133,1.187037037,0.667093629,189.112,185.08,189.016339,69,0,0.0,0.0,0.0,0.0,-666,-666,-666,15.99805698,-0.09034284,0.980554572,-2.247264204,0.99661018,-2.197984615,3.609696738,-0.408215424,3.642949344,487.4889845,13.54145188,9.95039,5.95039,7.586110083,4.975195,2.975195,2.035216548,2.035216548,1.1125975,1.1125975,0.55629875,0.55629875,-0.29,2886.987268,6.24175102,3.836968747,2.841987126,77.29144964,0,0.0,0,0,0,76.0554438,0,0,0,0.0,0,0,0.0,0,28.55534395,5.969305288,0.0,0.0,0.0,6.176298517,0.0,35.35449604,0,0.0,0.0,13.17124514,0,0.0,12.14560381,9.901064579,0.0,5.483034225,35.35449604,0.0,0.0,0,-666,47.50009985,23.07230972,0,0.0,0.0,0.0,0.0,0.0,0.0,0.0,5.483034225,65.4840514,0.0,10.50899046,10.50899046,-2.981018519,-2.059514361,-5.451805556,-5.093027211,0.0,0.0,0.125,13,0,2,0,0,0,0,0,0,1,0,5,-666,0,0,0,-666,1.9284,37.0545,0,0,0,0,0,0,0,0,0,0,1,1,0,0,0,0,0,0,0,0,0,0,0,0,0,3,4,0,0,0,0,0,0,0,0,0,-666,0,0,0,0,0,0,0,3,0,0,0,0,0,0,0,0,0,-666,0,0,0,0,0,0,0,0,0,0,0,0,0,0,0,0,0,0,0,0,0,0,0,0,0,0,0,0,-666,0,0,60,8,15.999,1.4611135,5.3,6,3.44,0.001308,333.6,16.7,-0.470703782,-0.465965747,O,6,0,0,2.55,0.0,0.0,6,2.55,0.564,32.805
390,4-methoxybenzoyloxidanyl_O_C.log:,14.618,5.761,6.017,13.344,15.215,13.284,11.55,5.546,0.075,0.053,0.004,-0.245,0.006,0.006,0.006,0.007,0.302,0.198,0.079,0.114,0.066,0.078,-0.205,-0.266,0.103,0.149,0.064,0.076,0.035,0.046,0.052,0.066,6.33,7.49,7.39,7.62,2.59,2.93,2.57,2.7,6.01,-0.094,-0.109,10.67386491,-2.964811272,10.67386491,0.824074074,0.63840499,151.141,144.085,151.0395191,57,0,0.0,0.0,0.0,0.0,-666,-666,-666,11.71990255,-1.75847705,0.102136945,-2.334616864,6.16e-05,-2.249667493,2.030852713,-1.910619685,3.429747629,497.310203,14.24855867,12.22474487,5.224744871,8.05923663,6.066496581,2.566496581,1.593643696,1.593643696,0.90824829,0.90824829,0.454124145,0.454124145,-0.12,4704.744522,3.322062169,4.043932929,2.43281107,74.12330016,0,0.0,0,0,0,72.78105156,0,0,0,0.0,0,0,0.0,0,24.23323743,5.969305288,0.0,0.0,0.0,0.0,7.037952459,35.54055639,0,0.0,0.0,0.0,0,0.0,13.00725775,14.63792753,0.0,9.595309893,35.54055639,0.0,0.0,0,-666,48.54781413,9.901064579,0,0.0,0.0,0.0,0.0,0.0,0.0,4.736862954,9.595309893,54.2897893,0.0,10.67386491,10.67386491,-0.941766818,-2.706079932,-3.608194444,0.0,0.0,-2.964811272,0.125,11,0,3,0,0,0,0,0,0,2,0,3,-666,0,0,0,-666,0.97,38.0085,0,0,0,0,0,0,0,0,0,0,1,1,0,0,0,0,0,0,0,0,0,0,0,0,0,0,3,0,0,0,0,0,0,0,0,0,-666,0,0,0,0,1,0,0,0,0,0,0,0,0,0,0,0,0,-666,1,0,0,0,0,0,0,0,0,0,0,0,0,0,0,0,0,0,0,0,0,0,0,0,0,0,0,0,-666,0,0,60,8,15.999,1.4611135,5.3,6,3.44,0.001308,322.6,16.8,-0.421308336,-0.41880078,O,6,0,0,2.55,0.0,0.0,6,2.55,0.038,32.726
394,4-methylbenzoyloxidanyl_O_C.log:,8.443,5.422,4.735,6.47,8.756,6.267,5.933,5.519,0.415,0.317,-0.224,0.106,0.082,0.067,0.541,0.494,0.087,0.073,0.052,0.062,0.063,0.069,0.08,0.095,0.049,0.059,0.052,0.057,0.076,0.091,0.119,0.14,5.0,5.28,5.36,5.41,2.71,3.04,2.69,2.81,4.73,-0.134,-0.16,10.64961546,-2.843027211,10.64961546,0.793981481,0.575346525,135.142,128.086,135.0446045,51,0,0.0,0.0,0.0,0.0,-666,-666,-666,11.19225998,-0.243466157,0.0,-2.321800856,0.048757103,-2.204554924,1.878344605,-0.946534055,3.642949344,480.5923875,13.54145188,11.81649658,4.816496581,7.586110083,5.90824829,2.40824829,1.537457479,1.537457479,0.829124145,0.829124145,0.414562073,0.414562073,-0.08,2886.987268,2.757024742,3.351893337,1.957306778,69.00975493,0,0.0,0,0,0,67.67206792,0,0,0,0.0,0,0,0.0,0,19.49637447,5.969305288,0.0,0.0,0.0,6.851892117,0.0,35.35449604,0,0.0,0.0,0.0,0,0.0,5.969305288,9.901064579,0.0,16.44720201,35.35449604,0.0,0.0,0,-666,48.17569345,9.901064579,0,0.0,0.0,0.0,0.0,0.0,0.0,0.0,9.595309893,50.67412793,0.0,10.64961546,10.64961546,-1.731018519,-1.875840892,-3.606805556,0.0,-2.843027211,0.0,0.125,10,0,2,0,0,0,0,0,0,1,0,2,-666,0,0,0,-666,1.386,36.6735,0,0,0,0,0,0,0,0,0,0,1,1,0,0,0,0,0,0,0,0,0,0,0,0,0,0,4,0,0,0,0,0,0,0,0,0,-666,0,0,0,0,0,0,0,0,0,0,0,0,0,0,0,0,0,-666,0,0,0,0,0,0,0,0,0,0,0,0,0,0,0,0,0,0,0,0,0,0,0,0,0,0,0,0,-666,0,0,60,8,15.999,1.4611135,5.3,6,3.44,0.001308,308.1,16.7,-0.43263984,-0.429272598,O,6,0,0,2.55,0.0,0.0,6,2.55,0.564,32.749
397,4-nitrobenzoyloxidanyl_O_C.log:,8.187,5.179,5.68,6.42,8.414,6.242,6.065,5.728,0.415,0.32,0.484,0.356,0.48,0.429,0.232,0.187,0.38,0.294,0.317,0.382,0.37,0.417,0.307,0.37,0.312,0.376,0.372,0.419,0.317,0.38,0.332,0.392,5.67,6.01,5.99,6.07,4.79,3.64,4.72,3.39,5.21,-0.185,-0.226,10.54055933,-1.910279667,10.54055933,0.985555556,0.487982167,166.112,162.08,166.0140326,61,0,0.0,0.0,0.0,0.0,-666,-666,-666,14.22060161,-0.090342554,0.841813468,-2.162232201,0.850023443,-2.116033118,3.646909362,-0.423127721,3.692949508,532.5900803,12.61880215,9.580206757,5.580206757,7.28546882,4.74700346,2.74700346,1.768174061,1.768174061,0.99850173,0.99850173,0.499250865,0.499250865,-0.2,2268.422146,5.51334722,4.154911072,2.395253125,72.47947459,0,0.0,0,0,0,71.26606179,0,0,0,0.0,0,0,0.0,0,15.3840988,5.969305288,0.0,0.0,4.620096379,0.0,0.0,45.29256132,0,0.0,0.0,0.0,0,0.0,5.969305288,9.901064579,9.814130488,5.483034225,40.09852721,0.0,0.0,0,-666,46.06783249,19.71519507,0,0.0,0.0,0.0,0.0,0.0,0.0,0.0,5.483034225,27.61277022,0.0,31.46861678,10.54055933,-2.041111111,-1.910279667,-4.003888889,0.0,0.0,0.0,0.0,12,0,5,0,0,0,0,0,0,3,0,5,-666,0,0,0,-666,1.1235,40.1615,0,0,0,0,0,0,0,0,0,0,1,1,0,0,0,1,0,0,0,0,-666,0,0,0,0,0,3,0,0,0,0,0,0,0,0,0,-666,0,0,0,0,0,0,0,0,0,0,0,0,0,0,0,0,0,-666,0,0,0,1,0,0,2,0,0,0,0,0,0,0,0,0,0,0,0,0,0,0,0,0,0,0,0,0,-666,0,0,60,8,15.999,1.4611135,5.3,6,3.44,0.001308,319.6,16.9,-0.468753511,-0.464858753,O,6,0,0,2.55,0.0,0.0,6,2.55,0.565,32.833
409,acetamidooxidanyl_O_N.log:,4.279,2.803,2.91,3.196,4.423,3.083,2.973,2.763,0.47,0.429,0.343,0.342,0.341,0.324,0.343,0.323,0.358,0.324,0.336,0.357,0.397,0.404,0.334,0.355,0.332,0.353,0.398,0.405,0.34,0.36,0.36,0.377,3.16,3.53,3.5,3.57,1.6,1.62,1.55,1.56,2.91,-0.524,-0.343,10.02777778,-2.982638889,10.02777778,0.951388889,0.38556001,74.059,70.027,74.02420337,29,0,0.0,0.0,0.0,0.0,-666,-666,-666,10.87533348,-0.243431156,2.96e-18,-2.181793328,-3.84e-18,-2.416771247,1.09e-17,-0.928785164,4.055701378,118.2262679,7.654700538,6.263710176,2.263710176,3.854059275,2.807518724,0.860305129,0.396439657,0.396439657,0.082911346,0.082911346,0.0,0.0,-0.12,50.07031062,1.183125564,2.137731959,3.88,35.24178831,0,0.0,0,0,0,33.75810115,0,0,0,0.0,0,0,0.0,0,15.52590796,5.907179729,0.0,5.473121347,0.0,6.851892117,0.0,0.0,0,0.0,5.473121347,0.0,0,0.0,5.907179729,10.00179021,0.0,10.96416779,0.0,1.411842078,0.0,0,-666,18.23219319,10.00179021,0,0.0,0.0,0.0,0.0,0.0,0.0,0.0,5.524117747,24.87863426,0.0,10.02777778,9.664189815,-0.951388889,-1.719907407,0.0,0.0,-2.982638889,0.0,0.5,5,1,3,0,0,0,0,0,0,-666,1,3,-666,0,0,0,-666,-0.532,14.5032,0,0,0,0,0,0,0,0,0,0,1,1,0,0,0,0,1,0,1,0,-666,0,0,0,0,0,0,1,0,0,0,0,0,0,0,0,-666,0,0,0,0,0,0,0,0,0,0,0,0,0,0,0,0,0,-666,0,0,0,0,0,0,0,0,0,0,0,0,0,0,0,0,0,0,0,0,0,0,0,0,0,0,0,0,-666,0,0,60,8,15.999,1.4611135,5.3,6,3.44,0.001308,213.6,13.2,-0.430625308,-0.390856781,O,7,0,0,3.04,0.0,0.0,7,3.04,0.576,26.116
411,acetyloxidanyl_O_C.log:,7.795,4.912,5.012,5.89,8.041,5.681,5.515,5.134,0.427,0.343,0.359,0.373,0.361,0.31,0.355,0.303,0.388,0.314,0.334,0.383,0.38,0.414,0.334,0.382,0.33,0.379,0.381,0.415,0.338,0.386,0.359,0.404,5.36,5.95,5.9,6.01,2.74,3.0,2.71,2.79,5.01,-0.322,-0.371,9.347222222,-2.944444444,9.347222222,2.006944444,0.385541395,59.044,56.02,59.01330434,23,0,0.0,0.0,0.0,0.0,-666,-666,-666,10.95925901,-0.243427059,0.0,-2.053633573,0.0,-2.143713745,3.47e-17,-0.928129287,3.791118417,83.42592197,6.077350269,4.816496581,1.816496581,2.943375673,2.15824829,0.65824829,0.287457479,0.287457479,0.0,0.0,0.0,0.0,-0.08,17.08616633,0.953692476,1.262465753,253.92,28.27486049,0,0.0,0,0,0,26.83453765,0,0,0,0.0,0,0,0.0,0,14.01334025,5.969305288,0.0,0.0,0.0,6.851892117,0.0,0.0,0,0.0,0.0,0.0,0,0.0,5.969305288,9.901064579,0.0,10.96416779,0.0,0.0,0.0,0,-666,12.82119741,9.901064579,0,0.0,0.0,0.0,0.0,0.0,0.0,0.0,4.112275669,18.17361111,0.0,9.347222222,9.347222222,0.0,-2.006944444,0.0,0.0,-2.944444444,0.0,0.5,4,0,2,0,0,0,0,0,0,1,0,2,-666,0,0,0,-666,-0.0366,11.3675,0,0,0,0,0,0,0,0,0,0,1,1,0,0,0,0,0,0,0,0,0,0,0,0,0,0,0,0,0,0,0,0,0,0,0,0,-666,0,0,0,0,0,0,0,0,0,0,0,0,0,0,0,0,0,-666,0,0,0,0,0,0,0,0,0,0,0,0,0,0,0,0,0,0,0,0,0,0,0,0,0,0,0,0,-666,0,0,60,8,15.999,1.4611135,5.3,6,3.44,0.001308,192.1,12.5,-0.472059518,-0.466269816,O,6,0,0,2.55,0.0,0.0,6,2.55,0.552,28.732
412,acetylperoxy_O_O.log:,5.275,3.453,3.589,3.895,5.444,3.748,3.671,3.412,0.64,0.598,0.4,0.419,0.402,0.382,0.404,0.381,0.424,0.402,0.407,0.427,0.447,0.466,0.401,0.422,0.403,0.424,0.449,0.467,0.407,0.427,0.419,0.44,3.89,4.3,4.26,4.34,2.04,2.06,1.97,1.99,3.59,-0.371,-0.392,9.736111111,-2.914930556,9.736111111,1.724537037,0.297764316,75.043,72.019,75.00821896,29,0,0.0,0.0,0.0,0.0,-666,-666,-666,12.93257177,-0.243427097,0.0,-2.092944298,0.0,-2.182775549,-2.4099999999999997e-34,-0.929015579,3.823378455,95.19188266,6.78445705,5.224744871,2.224744871,3.481380475,2.324914957,0.824914957,0.370790812,0.370790812,0.075687358,0.075687358,0.0,0.0,-0.12,35.64737585,1.552052461,2.137731959,3.88,33.31770104,0,0.0,0,0,0,31.87281661,0,0,0,0.0,0,0,0.0,0,19.0516192,5.969305288,0.0,0.0,0.0,6.851892117,0.0,0.0,0,0.0,0.0,0.0,0,0.0,5.969305288,14.93934353,0.0,10.96416779,0.0,0.0,0.0,0,-666,12.82119741,4.794537184,0,0.0,0.0,0.0,0.0,0.0,0.0,4.887570953,9.369511063,18.58986111,0.0,12.39930556,9.066967593,0.0,-1.724537037,0.0,0.0,-2.914930556,0.0,0.5,5,0,3,0,0,0,0,0,0,2,0,3,-666,0,0,0,-666,-0.105,12.4525,0,0,0,0,0,0,0,0,0,0,1,1,0,0,0,0,0,0,0,0,0,0,0,0,0,0,0,0,0,0,0,0,0,0,0,0,-666,0,0,0,0,0,0,0,0,0,0,0,0,0,0,0,0,0,-666,0,0,0,0,0,0,0,0,0,0,0,0,0,0,0,0,0,0,0,0,0,0,0,0,0,0,0,0,-666,0,0,60,8,15.999,1.4611135,5.3,6,3.44,0.001308,211.5,12.7,-0.454229194,-0.441322985,O,8,0,0,3.44,0.0,0.0,8,3.44,0.773,24.584
416,aminooxidanyl_O_N.log:,2.37,1.437,1.508,1.712,2.452,1.637,1.594,1.463,0.516,0.487,0.422,0.397,0.416,0.403,0.418,0.404,0.423,0.385,0.399,0.415,0.472,0.478,0.398,0.414,0.391,0.408,0.474,0.479,0.406,0.422,0.438,0.452,1.69,1.89,1.88,1.91,0.83,0.85,0.79,0.8,1.51,-0.427,-0.442,8.694444444,-0.75,8.694444444,0.75,0.352165813,32.022,30.006,32.01363868,13,0,0.0,0.0,0.0,0.0,-666,-666,-666,0.0,-0.139977401,-0.085681167,-1.844930754,-0.080850515,-2.32879182,0.0,-0.822658425,2.323790008,10.7548875,3.577350269,2.855461886,0.855461886,1.732050808,1.077001377,0.182574186,0.0,0.0,0.0,0.0,0.0,0.0,-0.08,3.245112498,0.190594858,0.92,-14.58,15.38852613,0,0.0,0,0,0,13.91396215,0,0,0,0.0,0,0,0.0,0,8.030937181,0.0,0.0,0.0,5.88302497,0.0,0.0,0.0,0,0.0,5.88302497,0.0,0,0.0,0.0,5.207253025,0.0,0.0,0.0,2.823684157,0.0,0,-666,5.88302497,0.0,0,0.0,0.0,0.0,0.0,0.0,0.0,0.0,8.030937181,11.05555556,0.0,0.0,8.694444444,0.0,-0.75,0.0,0.0,0.0,0.0,0.0,2,2,2,0,0,0,0,0,0,1,1,2,0,0,0,0,-666,-0.7094,4.8739,0,0,0,0,0,0,0,0,0,0,0,0,0,0,0,0,0,1,0,0,0,0,0,0,0,0,0,0,0,0,0,0,0,0,0,0,-666,0,0,0,0,0,0,0,0,0,0,0,0,0,0,0,0,0,0,0,0,0,0,0,0,0,0,0,0,0,0,0,0,0,0,0,0,0,0,0,0,0,0,0,0,0,0,-666,0,0,60,8,15.999,1.4611135,5.3,6,3.44,0.001308,142.4,9.9,-0.417582566,-0.346836368,O,7,0,0,3.04,0.0,0.0,7,3.04,0.526,13.944
423,benzoyloxidanyl_O_C.log:,7.901,5.477,5.65,6.107,8.146,5.926,5.706,5.352,0.415,0.319,0.089,0.372,0.097,0.078,0.09,0.073,0.386,0.297,0.319,0.386,0.37,0.417,0.314,0.381,0.314,0.382,0.371,0.419,0.321,0.386,0.335,0.397,5.11,5.52,5.48,5.56,2.99,3.14,2.95,2.93,4.83,-0.114,-0.136,10.47933485,-1.775925926,10.47933485,0.62037037,0.550572369,121.115,116.075,121.0289544,45,0,0.0,0.0,0.0,0.0,-666,-666,-666,11.87021743,-0.094126984,0.515018547,-2.209396399,0.564162023,-2.117120633,2.657292423,-0.44648456,3.526889273,398.793442,11.04145188,9.316496581,4.316496581,6.374785218,4.65824829,2.15824829,1.287457479,1.287457479,0.704124145,0.704124145,0.352062073,0.352062073,-0.08,971.5503878,2.887598098,3.180475788,1.953512004,59.83487182,0,0.0,0,0,0,58.55762591,0,0,0,0.0,0,0,0.0,0,16.75485736,5.969305288,0.0,0.0,0.0,0.0,0.0,35.83346326,0,0.0,0.0,0.0,0,0.0,5.969305288,9.901064579,0.0,6.853792781,35.83346326,0.0,0.0,0,-666,41.80276855,9.901064579,0,0.0,0.0,0.0,0.0,0.0,0.0,0.0,6.853792781,35.77244142,0.0,10.47933485,10.47933485,-0.809259259,-1.775925926,-3.479259259,0.0,0.0,0.0,0.0,9,0,2,0,0,0,0,0,0,1,0,2,-666,0,0,0,-666,0.9959,32.0565,0,0,0,0,0,0,0,0,0,0,1,1,0,0,0,0,0,0,0,0,0,0,0,0,0,0,4,0,0,0,0,0,0,0,0,0,-666,0,0,0,0,0,0,0,0,0,0,0,0,0,0,0,0,0,-666,0,0,0,0,0,0,0,0,0,0,0,0,0,0,0,0,0,0,0,0,0,0,0,0,0,0,0,0,-666,0,0,60,8,15.999,1.4611135,5.3,6,3.44,0.001308,278.7,16.6,-0.444126213,-0.439675712,O,6,0,0,2.55,0.0,0.0,6,2.55,0.564,32.776
425,benzylperoxy_O_O.log:,4.353,2.691,2.797,3.155,4.505,3.032,2.95,2.731,0.594,0.559,0.191,0.309,0.211,0.204,0.195,0.187,0.324,0.313,0.319,0.334,0.426,0.443,0.301,0.314,0.307,0.321,0.429,0.446,0.318,0.332,0.354,0.369,3.05,3.44,3.4,3.48,1.49,1.59,1.45,1.49,2.8,-0.221,-0.231,10.15302249,-2.964814815,10.15302249,0.652362056,0.432958763,123.131,116.075,123.0446045,47,0,0.0,0.0,0.0,0.0,-666,-666,-666,10.90756695,-0.164261288,-1.11e-16,-2.322699045,0.046020211,-2.259460187,1.546006989,-0.859929712,3.516876959,414.9415037,12.6712084,11.31649658,4.316496581,7.236086652,5.620790812,2.120790812,1.185395406,1.185395406,0.643728739,0.643728739,0.342697703,0.342697703,-0.08,2345.166962,2.207644251,3.854020552,2.327680232,63.52613126,0,0.0,0,0,0,62.13256474,0,0,0,0.0,0,0,0.0,0,19.74011624,0.0,0.0,0.0,0.0,0.0,6.558985243,35.83346326,0,0.0,0.0,0.0,0,0.0,6.558985243,10.14480635,0.0,9.595309893,35.83346326,0.0,0.0,0,-666,42.3924485,5.257235394,0,0.0,0.0,0.0,0.0,0.0,0.0,4.887570953,9.595309893,50.75416478,0.0,3.250684051,10.15302249,-0.797685185,0.0,-3.645371315,0.0,-2.964814815,0.0,0.142857143,9,0,2,0,0,0,0,0,0,1,0,2,-666,0,0,0,-666,1.4009,33.0015,0,0,0,0,0,0,0,0,0,0,0,0,0,0,0,0,0,0,0,0,0,0,0,0,0,0,4,0,0,0,0,0,0,0,0,0,-666,0,0,0,0,0,0,0,0,0,0,0,0,0,0,0,0,0,-666,0,0,0,0,0,0,0,0,0,0,0,0,0,0,0,0,0,0,0,0,0,0,0,0,0,0,0,0,-666,0,0,60,8,15.999,1.4611135,5.3,6,3.44,0.001308,296.3,16.1,-0.418695039,-0.397372369,O,8,0,0,3.44,0.0,0.0,8,3.44,0.681,22.538
438,carboxylatooxidanyl_O_C.log:,7.26,2.589,2.602,3.98,7.773,3.62,3.257,2.624,0.338,0.299,0.336,0.321,0.334,0.289,0.334,0.284,0.335,0.276,0.29,0.333,0.312,0.334,0.293,0.334,0.291,0.334,0.312,0.334,0.292,0.333,0.298,0.334,3.06,4.14,4.05,4.26,0.01,0.05,0.01,0.02,2.59,-0.289,-0.326,8.333333333,-2.333333333,8.333333333,2.333333333,0.386832587,60.008,60.008,59.98474386,22,0,0.0,0.0,0.0,0.0,-666,-666,-666,16.55152844,11.46040325,1.827577164,-1.431166777,1.478627164,-1.737475924,5.518574705,0.082721336,2.803039488,26.26466251,3.577350269,1.724744871,1.724744871,1.732050808,0.612372436,0.612372436,0.25,0.25,0.0,0.0,0.0,0.0,-0.12,3.245112498,3.88,1.227222222,101.1022222,22.48924063,0,0.0,0,0,0,21.1629576,0,0,0,0.0,0,0,0.0,0,15.00759197,6.15536563,0.0,0.0,0.0,0.0,0.0,0.0,0,0.0,0.0,4.794537184,0,0.0,6.15536563,10.21305479,0.0,0.0,0.0,0.0,0.0,0,-666,6.15536563,0.0,0,0.0,0.0,0.0,0.0,0.0,0.0,0.0,15.00759197,0.0,0.0,8.333333333,16.66666667,0.0,0.0,0.0,-2.333333333,0.0,0.0,0.0,4,0,3,0,0,0,0,0,0,1,0,3,-666,0,0,0,-666,-0.0326,6.769,0,0,0,0,0,0,0,0,0,0,1,1,0,0,0,0,0,0,0,0,0,0,0,0,0,0,0,0,0,0,0,0,0,0,0,0,-666,0,0,0,0,0,0,0,0,0,0,0,0,0,0,0,0,0,-666,0,0,0,0,0,0,0,0,0,0,0,0,0,0,0,0,0,0,0,0,0,0,0,0,0,0,0,0,-666,0,-1,60,8,15.999,1.4611135,5.3,6,3.44,0.001308,172.2,11.9,-0.551181355,-0.537846787,O,6,0,0,2.55,0.0,0.0,6,2.55,0.392,26.62
472,dimethyloxidaniumyl_O_CC.log:,10.162,9.062,9.294,9.801,10.221,9.765,9.737,9.685,0.496,0.404,0.169,0.157,0.143,0.148,0.151,0.155,0.179,0.145,0.164,0.158,0.21,0.192,0.162,0.156,0.159,0.154,0.211,0.193,0.168,0.161,0.195,0.182,9.56,9.61,9.61,9.62,10.57,10.88,10.43,10.59,9.29,-0.365,-0.471,6.338541667,-2.828125,6.338541667,2.828125,0.38003981,46.069,40.021,46.04186481,20,0,0.0,0.0,0.0,0.0,-666,-666,-666,-7.53e-16,-0.244322203,-0.230961029,-2.305098952,-0.041116841,-2.351423759,-3.49e-17,-1.043736823,3.746417931,76.21143267,7.707106781,7.40824829,1.40824829,3.707106781,3.40824829,0.40824829,0.102062073,0.102062073,0.0,0.0,0.0,0.0,-0.04,27.43574108,0.179464155,1.96,1.96,28.64756137,0,0.0,0,0,0,27.03731921,0,0,0,0.0,0,0,0.0,0,12.96141429,0.0,0.0,0.0,0.0,0.0,14.07590492,0.0,0,0.0,0.0,0.0,0,0.0,14.07590492,4.736862954,0.0,8.224551337,0.0,0.0,0.0,0,-666,14.07590492,0.0,0,0.0,0.0,0.0,0.0,0.0,0.0,4.736862954,8.224551337,41.65625,0.0,0.0,0.0,0.0,0.0,0.0,0.0,0.0,-5.65625,1.0,3,0,1,0,0,0,0,0,0,1,0,1,-666,0,0,0,-666,0.2626,12.933,0,0,0,0,0,0,0,0,0,0,0,0,0,0,0,0,0,0,0,0,0,0,0,0,0,0,0,0,0,0,0,0,0,0,0,0,-666,0,0,0,0,1,0,0,0,0,0,0,0,0,0,0,0,0,-666,1,0,0,0,0,0,0,0,0,0,0,0,0,0,0,0,0,0,0,0,0,0,0,0,0,0,0,0,-666,0,1,60,8,15.999,1.4611135,5.3,6,3.44,0.001308,191.7,11.7,-0.38317874,0.019355985,O,6,6,0,2.55,2.55,0.0,12,5.1,0.701,33.256
482,dodecanoyloxidanyl_O_C.log:,7.97,5.177,5.367,6.045,8.227,5.834,5.636,5.239,0.409,0.319,0.077,0.176,0.092,0.077,0.078,0.065,0.159,0.127,0.135,0.156,0.231,0.252,0.13,0.15,0.127,0.148,0.237,0.259,0.137,0.158,0.173,0.197,5.73,6.48,6.42,6.56,2.6,2.95,2.58,2.74,5.36,-0.103,-0.122,11.04821567,-4.820943759,11.04821567,2.923608921,0.492026609,199.314,176.13,199.169805,83,0,0.0,0.0,0.0,0.0,-666,-666,-666,-5.97e-17,-2.388895873,-0.055870179,-2.72035713,-1.99e-16,-2.602189649,-2.36e-16,-2.418753836,7.249582804,878.6477247,31.07735027,29.81649658,6.816496581,15.44337567,14.65824829,3.15824829,1.537457479,1.537457479,0.664562073,0.664562073,0.301031036,0.301031036,-0.08,5323136.861,1.800908329,10.99739938,11.92,120.0236916,0,0.0,0,0,0,117.9789578,0,0,0,0.0,0,0,0.0,0,41.42851137,5.969305288,0.0,0.0,0.0,70.58114113,0.0,0.0,0,0.0,0.0,0.0,0,0.0,5.969305288,9.901064579,0.0,102.1085879,0.0,0.0,0.0,0,-666,76.55044642,9.901064579,0,0.0,0.0,0.0,0.0,0.0,0.0,0.0,31.52744679,175.5354766,0.0,11.04821567,11.04821567,0.0,-2.923608921,0.0,-46.29586668,-3.995765644,0.0,0.916666667,14,0,2,0,0,0,0,0,0,1,0,2,-666,0,0,0,-666,3.8644,57.5375,0,0,0,0,0,0,0,0,0,0,1,1,0,0,0,0,0,0,0,0,0,0,0,0,0,0,0,0,0,0,0,0,0,0,0,0,-666,0,0,0,0,0,0,0,0,0,0,0,0,0,0,0,0,0,-666,0,0,0,0,0,0,0,0,0,0,0,0,0,0,0,0,0,0,0,0,0,0,0,0,0,0,0,0,-666,0,0,60,8,15.999,1.4611135,5.3,6,3.44,0.001308,499.3,15.9,-0.430155431,-0.427665677,O,6,0,0,2.55,0.0,0.0,6,2.55,0.499,32.987
489,ethyloxidanyl_O_C.log:,5.289,3.477,3.636,4.003,5.467,3.872,3.722,3.471,0.74,0.613,0.344,0.356,0.336,0.305,0.338,0.305,0.373,0.299,0.329,0.356,0.399,0.419,0.334,0.361,0.322,0.349,0.399,0.419,0.34,0.367,0.389,0.417,3.85,4.28,4.24,4.32,2.0,2.03,1.93,1.96,3.63,-0.349,-0.381,9.895833333,-3.3125,9.895833333,3.034722222,0.376304177,45.061,40.021,45.03403978,19,0,0.0,0.0,0.0,0.0,-666,-666,-666,-1.7e-15,-0.2474176,-0.157473567,-2.304323952,-0.079970604,-2.338546152,-2.32e-17,-1.059493892,4.020391543,65.40990953,7.0,6.40824829,1.40824829,3.25,2.954124145,0.454124145,0.102062073,0.102062073,0.0,0.0,0.0,0.0,-0.04,21.30605883,0.234739067,1.96,1.96,26.9232794,0,0.0,0,0,0,25.37119754,0,0,0,0.0,0,0,0.0,0,11.96032018,0.0,0.0,0.0,0.0,6.851892117,6.558985243,0.0,0,0.0,0.0,0.0,0,0.0,6.558985243,5.106527395,0.0,13.7056849,0.0,0.0,0.0,0,-666,13.41087736,5.106527395,0,0.0,0.0,0.0,0.0,0.0,0.0,0.0,6.853792781,30.95138889,0.0,0.0,9.895833333,0.0,0.0,0.0,0.0,-6.347222222,0.0,1.0,3,0,1,0,0,0,0,0,0,0,0,1,-666,0,0,0,-666,0.4368,11.2275,0,0,0,0,0,0,0,0,0,0,0,0,0,0,0,0,0,0,0,0,0,0,0,0,0,0,0,0,0,0,0,0,0,0,0,0,-666,0,0,0,0,0,0,0,0,0,0,0,0,0,0,0,0,0,-666,0,0,0,0,0,0,0,0,0,0,0,0,0,0,0,0,0,0,0,0,0,0,0,0,0,0,0,0,-666,0,0,60,8,15.999,1.4611135,5.3,6,3.44,0.001308,186.6,11.7,-0.411257922,-0.400077479,O,6,0,0,2.55,0.0,0.0,6,2.55,0.879,24.342
490,ethylperoxy_O_O.log:,4.263,2.59,2.689,3.042,4.412,2.916,2.85,2.631,0.606,0.577,0.365,0.388,0.37,0.356,0.371,0.355,0.4,0.385,0.388,0.404,0.441,0.457,0.386,0.401,0.383,0.398,0.442,0.458,0.392,0.408,0.418,0.435,2.94,3.28,3.25,3.31,1.47,1.54,1.42,1.45,2.69,-0.37,-0.386,9.363263889,-3.076388889,9.363263889,2.822916667,0.317824187,61.06,56.02,61.0289544,25,0,0.0,0.0,0.0,0.0,-666,-666,-666,6.46e-17,-0.247417664,-1.39e-17,-2.338511972,-6.94e-18,-2.374719798,-1.11e-17,-1.065866579,4.144726367,95.62134221,7.707106781,6.816496581,1.816496581,3.810660172,3.120790812,0.620790812,0.185395406,0.185395406,0.041666667,0.041666667,0.0,0.0,-0.08,49.09358393,0.532845628,2.92,1.92,31.96611994,0,0.0,0,0,0,30.40947649,0,0,0,0.0,0,0,0.0,0,16.99859913,0.0,0.0,0.0,0.0,6.851892117,6.558985243,0.0,0,0.0,0.0,0.0,0,0.0,6.558985243,10.14480635,0.0,13.7056849,0.0,0.0,0.0,0,-666,13.41087736,5.257235394,0,0.0,0.0,0.0,0.0,0.0,0.0,4.887570953,6.853792781,31.89541667,0.0,2.822916667,9.363263889,0.0,0.0,0.0,0.0,-6.081597222,0.0,1.0,4,0,2,0,0,0,0,0,0,1,0,2,-666,0,0,0,-666,0.3684,12.3125,0,0,0,0,0,0,0,0,0,0,0,0,0,0,0,0,0,0,0,0,0,0,0,0,0,0,0,0,0,0,0,0,0,0,0,0,-666,0,0,0,0,0,0,0,0,0,0,0,0,0,0,0,0,0,-666,0,0,0,0,0,0,0,0,0,0,0,0,0,0,0,0,0,0,0,0,0,0,0,0,0,0,0,0,-666,0,0,60,8,15.999,1.4611135,5.3,6,3.44,0.001308,206.4,12.1,-0.436077799,-0.398456912,O,8,0,0,3.44,0.0,0.0,8,3.44,0.676,22.065
496,formyloxidanyl_O_C.log:,8.193,5.313,5.424,6.286,8.437,6.078,5.908,5.526,0.44,0.359,0.431,0.414,0.432,0.374,0.431,0.372,0.432,0.367,0.381,0.43,0.413,0.45,0.38,0.43,0.379,0.429,0.414,0.451,0.382,0.431,0.395,0.44,5.78,6.37,6.32,6.43,3.06,3.3,3.02,3.1,5.42,-0.376,-0.434,8.555555556,-1.833333333,8.555555556,1.833333333,0.340436993,45.017,44.009,44.99765427,17,0,0.0,0.0,0.0,0.0,-666,-666,-666,15.9980569,-0.082315455,-0.098203403,-1.508825286,-0.051657434,-1.762550749,0.54694987,-0.340573588,2.803039488,29.01955001,3.577350269,2.316496581,1.316496581,1.732050808,0.90824829,0.40824829,0.083333333,0.083333333,0.0,0.0,0.0,0.0,-0.08,3.245112498,1.262465753,1.92,1.92,19.09997738,0,0.0,0,0,0,17.72009564,0,0,0,0.0,0,0,0.0,0,11.27182314,6.448272504,0.0,0.0,0.0,0.0,0.0,0.0,0,0.0,0.0,0.0,0,0.0,6.448272504,9.901064579,0.0,1.370758556,0.0,0.0,0.0,0,-666,6.448272504,0.0,0,0.0,0.0,0.0,0.0,0.0,0.0,0.0,11.27182314,5.388888889,0.0,8.555555556,8.555555556,0.0,0.0,0.0,-1.833333333,0.0,0.0,0.0,3,0,2,0,0,0,0,0,0,1,0,2,-666,0,0,0,-666,-0.4267,6.7505,0,0,0,0,0,0,0,0,0,0,1,1,0,0,0,0,0,0,0,0,0,0,0,0,0,0,0,0,0,0,0,0,0,0,0,0,-666,0,0,0,0,0,0,0,0,0,0,0,0,0,0,0,0,0,-666,0,0,0,0,0,0,0,0,0,0,0,0,0,0,0,0,0,0,0,0,0,0,0,0,0,0,0,0,-666,0,0,60,8,15.999,1.4611135,5.3,6,3.44,0.001308,158.5,11.3,-0.491841768,-0.48830502,O,6,0,0,2.55,0.0,0.0,6,2.55,0.553,22.79
499,guanosine_radical_N_CC.log:,9.919,6.943,7.067,9.199,10.396,9.207,7.753,7.311,0.036,0.057,0.099,0.096,0.098,0.072,0.099,0.071,0.101,0.071,0.068,0.096,0.094,0.11,0.074,0.101,0.066,0.092,0.093,0.109,0.075,0.102,0.09,0.117,7.08,8.38,8.27,8.53,2.99,3.22,2.96,3.01,7.05,-0.06,-0.064,12.18177663,-3.759801942,12.18177663,0.123590325,0.455777726,282.236,270.14,282.0838435,107,0,0.0,0.0,0.0,0.0,-666,-666,-666,12.72744124,-0.166429837,0.423911799,-2.527887625,0.394849738,-2.720758512,1.597442635,-1.031394171,2.287272379,947.5409862,24.49119935,21.27730943,9.27730943,14.60331992,10.57998491,4.960812849,3.544835698,3.544835698,2.396658702,2.396658702,1.558752146,1.558752146,-0.4,6238045.087,6.00625,5.421295495,2.233351139,129.6504037,0,0.0,0,0,0,128.1939694,0,0,0,0.0,0,0,0.0,0,37.27681876,18.1813213,4.293598972,10.21669833,15.70452644,24.44400689,6.558985243,11.51801341,0,0.0,11.03650558,0.0,0,0.0,73.70424671,9.531400138,0.0,9.595309893,21.50282287,2.823684157,0.0,0,-666,60.70232684,4.794537184,0,10.61962671,0.0,0.0,0.0,0.0,0.0,30.62802264,21.44945598,97.56312708,0.0,19.38832125,15.17215954,-0.959182377,-2.965629435,0.0,-15.92597931,-3.689483418,0.0,0.5,20,5,10,0,0,0,0,0,0,-666,4,10,-666,0,0,0,-666,-3.6023,63.8808,0,3,0,0,0,0,0,0,0,0,1,1,0,0,2,4,0,1,0,0,-666,0,0,0,0,0,0,1,1,0,0,0,0,0,0,0,-666,0,0,0,0,1,0,1,0,0,0,0,0,0,0,0,0,0,-666,0,0,0,0,0,0,0,0,0,0,0,0,0,0,0,0,0,0,0,0,0,0,0,0,0,0,0,0,-666,0,0,60,8,15.999,1.4611135,5.3,6,3.44,0.001308,444.2,18.3,-0.395395507,-0.39523403,O,6,6,0,2.55,2.55,0.0,6,2.55,0.002,31.553
502,hexan-2-yloxidanyl_O_C.log:,5.407,3.512,3.672,4.075,5.603,3.949,3.779,3.533,0.732,0.576,0.255,0.297,0.255,0.23,0.251,0.224,0.304,0.228,0.265,0.292,0.332,0.351,0.266,0.292,0.259,0.286,0.333,0.352,0.272,0.299,0.309,0.335,3.88,4.33,4.29,4.38,2.0,2.07,1.94,1.98,3.67,-0.226,-0.249,11.70515731,-4.289583333,11.70515731,3.658064059,0.517825829,101.169,88.065,101.09664,43,0,0.0,0.0,0.0,0.0,-666,-666,-666,-5.63e-16,-0.248581391,-0.115128418,-2.637117676,-0.060070546,-2.570295316,-1.62e-16,-1.142529007,6.082753304,324.0381207,17.0,16.40824829,3.40824829,8.25,7.954124145,1.454124145,0.704124145,0.704124145,0.238531036,0.238531036,0.088015518,0.088015518,-0.04,4286.179841,0.687741281,4.127785235,5.96,63.62281185,0,0.0,0,0,0,61.82896559,0,0,0,0.0,0,0,0.0,0,22.92638863,0.0,0.0,0.0,0.0,38.90257697,0.0,0.0,0,0.0,0.0,0.0,0,0.0,6.080018027,5.106527395,0.0,50.64242017,0.0,0.0,0.0,0,-666,38.90257697,5.106527395,0,0.0,0.0,0.0,0.0,0.0,0.0,0.0,17.81986123,91.61110969,0.0,0.0,11.70515731,0.0,0.0,0.0,-16.33347222,-7.482794785,0.0,1.0,7,0,1,0,0,0,0,0,0,0,0,1,-666,0,0,0,-666,1.9956,29.6735,0,0,0,0,0,0,0,0,0,0,0,0,0,0,0,0,0,0,0,0,0,0,0,0,0,0,0,0,0,0,0,0,0,0,0,0,-666,0,0,0,0,0,0,0,0,0,0,0,0,0,0,0,0,0,-666,0,0,0,0,0,0,0,0,0,0,0,0,0,0,0,0,0,0,0,0,0,0,0,0,0,0,0,0,-666,0,0,60,8,15.999,1.4611135,5.3,6,3.44,0.001308,305.3,14.4,-0.400097338,-0.391327165,O,6,0,0,2.55,0.0,0.0,6,2.55,0.874,34.508
506,hydroperoxyl_O_O.log:,4.258,2.68,2.786,3.115,4.391,3.01,2.943,2.753,0.679,0.662,0.515,0.506,0.508,0.495,0.514,0.499,0.517,0.495,0.501,0.515,0.514,0.527,0.5,0.515,0.5,0.515,0.514,0.527,0.501,0.515,0.507,0.522,3.03,3.34,3.31,3.37,1.61,1.67,1.55,1.58,2.79,-0.498,-0.514,8.097222222,2.25,8.097222222,2.25,0.293922525,33.006,31.998,32.99765427,13,0,0.0,0.0,0.0,0.0,-666,-666,-666,15.03164577,-0.061499175,-0.020310671,-1.536414933,-0.060310695,-1.593613322,0.369298742,-0.905729999,1.632993162,2.754887502,2.707106781,1.816496581,0.816496581,1.414213562,0.574914957,0.166666667,0.0,0.0,0.0,0.0,0.0,0.0,-0.08,2.754887502,0.440833333,0.92,-14.58,13.38371249,0,0.0,0,0,0,11.94795124,0,0,0,0.0,0,0,0.0,0,10.51675158,0.0,1.431199657,0.0,0.0,0.0,0.0,0.0,0,0.0,0.0,0.0,0,0.0,5.259516191,5.257235394,0.0,0.0,0.0,0.0,1.431199657,0,-666,0.0,0.0,0,0.0,0.0,0.0,0.0,0.0,0.0,5.259516191,6.688435052,5.152777778,0.0,0.0,10.34722222,0.0,0.0,0.0,0.0,0.0,0.0,0.0,2,1,2,0,0,0,0,0,0,1,1,2,0,0,0,0,-666,-0.1101,3.3153,0,0,0,0,0,0,0,0,0,0,0,0,0,0,0,0,0,0,0,0,0,0,0,0,0,0,0,0,0,0,0,0,0,0,0,0,-666,0,0,0,0,0,0,0,0,0,0,0,0,0,0,0,0,0,0,0,0,0,0,0,0,0,0,0,0,0,0,0,0,0,0,0,0,0,0,0,0,0,0,0,0,0,0,0,0,0,60,8,15.999,1.4611135,5.3,6,3.44,0.001308,136.3,8.9,-0.466561537,-0.434677647,O,8,0,0,3.44,0.0,0.0,8,3.44,0.729,13.11
508,hydroxyl_O_H.log:,5.682,3.93,4.096,4.312,5.83,4.178,4.111,3.87,0.947,0.865,0.909,0.888,0.906,0.848,0.905,0.845,0.907,0.835,0.848,0.904,0.877,0.924,0.844,0.903,0.845,0.904,0.878,0.925,0.847,0.904,0.857,0.913,4.38,4.74,4.71,4.78,2.52,2.48,2.43,2.47,4.1,-0.836,-0.904,7.5,4.5,7.5,4.5,0.376429063,17.007,15.999,17.00273965,7,0,0.0,0.0,0.0,0.0,-666,-666,-666,-0.061265471,-0.061265471,-1.134909362,-1.134909362,-1.154629353,-1.154629353,-0.668918621,-0.668918621,1.0,2.0,2.0,1.40824829,0.40824829,1.0,0.40824829,0.0,0.0,0.0,0.0,0.0,0.0,0.0,-0.04,2.0,0.001666667,-27.04,-104.04,8.340871947,0,0.0,0,0,0,6.909672289,0,0,0,0.0,0,0,0.0,0,6.909672289,0.0,0.0,0.0,0.0,0.0,0.0,0.0,0,0.0,0.0,0.0,0,0.0,5.478472632,0.0,0.0,1.431199657,0.0,0.0,0.0,0,-666,0.0,0.0,0,0.0,0.0,0.0,0.0,0.0,0.0,1.431199657,5.478472632,4.5,0.0,0.0,0.0,7.5,0.0,0.0,0.0,0.0,0.0,0.0,1,1,1,0,0,0,0,0,0,0,1,1,0,0,0,0,-666,-0.1768,1.9358,0,0,0,0,0,0,0,0,0,0,0,0,0,0,0,0,0,0,0,0,0,0,0,0,0,0,0,0,0,0,0,0,0,0,0,0,-666,0,0,0,0,0,0,0,0,0,0,0,0,0,0,0,0,0,0,0,0,0,0,0,0,0,0,0,0,0,0,0,0,0,0,0,0,0,0,0,0,0,0,0,0,0,0,0,0,0,60,8,15.999,1.4611135,5.3,6,3.44,0.001308,112.5,7.5,-0.4986172,-0.4986172,O,1,0,0,2.1,0.0,0.0,1,2.1,1.023,0.0
517,methanesulfonyloxidanyl_O_S.log:,11.694,7.675,7.739,9.412,12.058,9.08,8.715,8.094,0.313,0.283,0.316,0.309,0.314,0.269,0.312,0.267,0.322,0.258,0.278,0.318,0.301,0.328,0.276,0.317,0.276,0.317,0.302,0.329,0.279,0.319,0.283,0.321,8.34,9.41,9.32,9.53,4.0,4.48,4.0,4.14,7.74,-0.267,-0.31,9.534722222,-5.090277778,9.534722222,3.395833333,0.419290309,95.099,92.075,94.98028996,31,0,0.0,0.0,0.0,0.0,-666,-666,-666,15.81932949,-0.242440586,-9.77e-18,-2.253087713,0.0,-2.230596287,0.6855,-0.863391681,4.020391543,69.509775,7.0,5.132993162,2.949489743,3.25,2.204124145,2.112372436,0.454124145,1.362372436,0.0,0.0,0.0,0.0,0.23,21.30605883,1.790217627,1.13702318,397.6439887,36.02307216,0,0.0,0,0,0,34.82514711,0,0,0,0.0,0,0,0.0,0,17.77052529,10.87069772,0.0,0.0,0.0,0.0,6.183924101,0.0,0,0.0,0.0,0.0,0,10.87069772,6.183924101,13.65824962,0.0,4.112275669,0.0,0.0,0.0,0,-666,17.05462182,13.65824962,0,0.0,0.0,0.0,0.0,0.0,0.0,0.0,4.112275669,46.65277778,0.0,0.0,0.0,0.0,0.0,0.0,-3.395833333,0.0,-5.090277778,1.0,5,0,3,0,0,0,0,0,0,0,0,4,-666,0,0,0,-666,0.4573,15.5745,0,0,0,0,0,0,0,0,0,0,0,0,0,0,0,0,0,0,0,0,0,0,0,0,0,0,0,0,0,0,0,0,0,0,0,0,-666,0,0,0,0,0,0,0,0,0,0,0,0,0,0,0,0,0,-666,0,0,0,0,0,0,0,0,0,0,0,0,0,0,0,0,0,0,0,0,0,0,0,0,0,0,0,0,-666,0,0,60,8,15.999,1.4611135,5.3,6,3.44,0.001308,218.8,15.3,-0.474390525,-0.473163781,O,16,0,0,2.58,0.0,0.0,16,2.58,0.394,33.676
530,methyloxidanyl_O_C.log:,5.248,3.507,3.656,3.995,5.409,3.869,3.738,3.494,0.767,0.662,0.455,0.446,0.446,0.402,0.449,0.403,0.469,0.385,0.411,0.45,0.48,0.512,0.415,0.454,0.402,0.441,0.483,0.514,0.42,0.46,0.471,0.511,3.88,4.27,4.24,4.32,2.06,2.08,1.99,2.03,3.66,-0.449,-0.497,9.104166667,-3.0,9.104166667,3.0,0.358756608,31.034,28.01,31.01838972,13,0,0.0,0.0,0.0,0.0,-666,-666,-666,0.0,-0.243023696,-0.180340015,-1.996679743,-0.089926268,-2.117328596,0.0,-0.961270748,3.023715784,22.36452798,4.5,3.90824829,0.90824829,2.0,1.704124145,0.204124145,0.0,0.0,0.0,0.0,0.0,0.0,-0.04,3.609640474,0.115188246,0.96,-27.04,17.74839628,0,0.0,0,0,0,16.25675552,0,0,0,0.0,0,0,0.0,0,9.218803063,0.0,0.0,0.0,0.0,0.0,7.037952459,0.0,0,0.0,0.0,0.0,0,0.0,7.037952459,5.106527395,0.0,4.112275669,0.0,0.0,0.0,0,-666,7.037952459,0.0,0,0.0,0.0,0.0,0.0,0.0,0.0,0.0,9.218803063,17.14583333,0.0,0.0,9.104166667,0.0,0.0,0.0,0.0,0.0,-3.0,1.0,2,0,1,0,0,0,0,0,0,0,0,1,0,0,0,0,-666,0.0467,6.6105,0,0,0,0,0,0,0,0,0,0,0,0,0,0,0,0,0,0,0,0,0,0,0,0,0,0,0,0,0,0,0,0,0,0,0,0,-666,0,0,0,0,0,0,0,0,0,0,0,0,0,0,0,0,0,-666,0,0,0,0,0,0,0,0,0,0,0,0,0,0,0,0,0,0,0,0,0,0,0,0,0,0,0,0,-666,0,0,60,8,15.999,1.4611135,5.3,6,3.44,0.001308,152.1,10.3,-0.418107221,-0.418107219,O,6,0,0,2.55,0.0,0.0,6,2.55,0.905,18.377
553,oxidanidyloxidanyl_O_O.log:,2.021,0.311,0.333,0.583,2.233,0.464,0.395,0.222,0.5,0.5,0.5,0.5,0.5,0.5,0.5,0.5,0.5,0.5,0.5,0.5,0.5,0.5,0.5,0.5,0.5,0.5,0.5,0.5,0.5,0.5,0.5,0.5,0.51,0.88,0.85,0.92,0.47,0.43,0.48,0.47,0.33,-0.5,-0.5,7.0,7.0,7.0,7.0,0.261058606,31.998,31.998,31.98982924,12,0,0.0,0.0,0.0,0.0,-666,-666,-666,16.999,14.999,1.0,-1.0,0.8812,-1.1188,1.6865,-0.3135,1.0,0.0,2.0,0.816496581,0.816496581,1.0,0.166666667,0.166666667,0.0,0.0,0.0,0.0,0.0,0.0,-0.08,2.0,1.92,0.92,-14.58,11.89207173,0,0.0,0,0,0,10.51447079,0,0,0,0.0,0,0,0.0,0,10.51447079,0.0,0.0,0.0,0.0,0.0,0.0,0.0,0,0.0,0.0,0.0,0,0.0,0.0,10.51447079,0.0,0.0,0.0,0.0,0.0,0,-666,0.0,0.0,0,0.0,0.0,0.0,0.0,0.0,0.0,0.0,10.51447079,0.0,0.0,0.0,14.0,0.0,0.0,0.0,0.0,0.0,0.0,0.0,2,0,2,0,0,0,0,0,0,0,0,2,0,0,0,0,-666,-0.2376,1.373,0,0,0,0,0,0,0,0,0,0,0,0,0,0,0,0,0,0,0,0,0,0,0,0,0,0,0,0,0,0,0,0,0,0,0,0,-666,0,0,0,0,0,0,0,0,0,0,0,0,0,0,0,0,0,0,0,0,0,0,0,0,0,0,0,0,0,0,0,0,0,0,0,0,0,0,0,0,0,0,0,0,0,0,0,0,-1,60,8,15.999,1.4611135,5.3,6,3.44,0.001308,132.0,8.6,-0.481389113,-0.481389113,O,8,0,0,3.44,0.0,0.0,8,3.44,0.5,13.138
565,phenyloxidanyl_O_C.log:,8.114,5.262,5.395,6.94,8.549,6.87,5.861,5.45,0.271,0.204,0.182,0.17,0.175,0.151,0.178,0.15,0.189,0.14,0.151,0.18,0.202,0.218,0.156,0.183,0.147,0.175,0.202,0.218,0.16,0.188,0.187,0.214,5.34,6.33,6.25,6.45,2.15,2.27,2.13,2.13,5.39,-0.185,-0.211,10.86407407,-0.957407407,10.86407407,0.537407407,0.434280775,93.105,88.065,93.03403978,35,0,0.0,0.0,0.0,0.0,-666,-666,-666,10.94012735,-0.09497059,0.300838547,-2.23180256,0.276729646,-2.174169352,2.193330052,-0.449824566,3.218282043,275.0603058,9.464101615,8.40824829,3.40824829,5.464101615,4.204124145,1.704124145,0.954124145,0.954124145,0.477062073,0.477062073,0.238531036,0.238531036,-0.04,416.3143648,1.728380667,2.31410722,1.475062751,49.36529898,0,0.0,0,0,0,48.03673516,0,0,0,0.0,0,0,0.0,0,11.64832996,5.783244946,0.0,0.0,0.0,0.0,0.0,30.60516025,0,0.0,0.0,0.0,0,0.0,5.783244946,4.794537184,6.396873262,6.853792781,24.20828698,0.0,0.0,0,-666,36.38840519,4.794537184,0,0.0,0.0,0.0,0.0,0.0,0.0,0.0,6.853792781,35.15481481,0.0,10.86407407,0.0,0.0,-0.957407407,-2.524074074,-0.537407407,0.0,0.0,0.0,7,0,1,0,0,0,0,0,0,1,0,1,-666,0,0,0,-666,0.88579,27.587,0,0,0,0,0,0,0,0,0,0,1,1,0,0,0,0,0,0,0,0,0,0,0,0,0,0,4,0,0,0,0,0,0,0,0,0,-666,0,0,0,0,0,0,0,0,0,0,0,0,0,0,1,0,0,-666,0,0,0,0,0,0,0,0,0,0,0,0,0,0,0,0,0,0,0,0,0,0,0,0,0,0,0,0,-666,0,0,60,8,15.999,1.4611135,5.3,6,3.44,0.001308,246.7,15.9,-0.395541256,-0.38035759,O,6,0,0,2.55,0.0,0.0,6,2.55,0.359,30.672
574,propan-2-ylperoxy_O_O.log:,4.188,2.531,2.625,2.98,4.337,2.857,2.793,2.579,0.6,0.565,0.346,0.373,0.35,0.337,0.349,0.334,0.384,0.364,0.37,0.386,0.428,0.444,0.365,0.381,0.363,0.38,0.43,0.445,0.373,0.389,0.397,0.414,2.86,3.19,3.17,3.23,1.44,1.51,1.39,1.42,2.62,-0.34,-0.356,9.837638889,-3.388888889,9.837638889,2.958333333,0.333852185,75.087,68.031,75.04460446,31,0,0.0,0.0,0.0,0.0,-666,-666,-666,-9.78e-17,-0.244651899,-7.29e-17,-2.474516989,-3.82e-17,-2.493733603,-1.79e-16,-1.095176787,4.951010561,143.0148736,10.20710678,9.316496581,2.316496581,5.060660172,4.370790812,0.870790812,0.412457479,0.412457479,0.083333333,0.083333333,0.0,0.0,-0.08,173.3253407,0.634003945,2.175102041,3.92,41.14100306,0,0.0,0,0,0,39.5239185,0,0,0,0.0,0,0,0.0,0,19.74011624,0.0,0.0,0.0,0.0,19.78380226,0.0,0.0,0,0.0,0.0,0.0,0,0.0,6.080018027,10.14480635,0.0,23.29909413,0.0,0.0,0.0,0,-666,19.78380226,5.257235394,0,0.0,0.0,0.0,0.0,0.0,0.0,4.887570953,9.595309893,46.42625,0.0,2.958333333,9.837638889,0.0,0.0,0.0,-3.388888889,-6.583333333,0.0,1.0,5,0,2,0,0,0,0,0,0,1,0,2,-666,0,0,0,-666,0.7569,16.9075,0,0,0,0,0,0,0,0,0,0,0,0,0,0,0,0,0,0,0,0,0,0,0,0,0,0,0,0,0,0,0,0,0,0,0,0,-666,0,0,0,0,0,0,0,0,0,0,0,0,0,0,0,0,0,-666,0,0,0,0,0,0,0,0,0,0,0,0,0,0,0,0,0,0,0,0,0,0,0,0,0,0,0,0,-666,0,0,60,8,15.999,1.4611135,5.3,6,3.44,0.001308,231.2,13.0,-0.429447344,-0.393584506,O,8,0,0,3.44,0.0,0.0,8,3.44,0.677,26.098
577,propyloxidanyl_O_C.log:,5.295,3.478,3.631,4.013,5.474,3.884,3.731,3.481,0.741,0.6,0.316,0.348,0.312,0.28,0.311,0.276,0.364,0.287,0.32,0.349,0.392,0.414,0.324,0.352,0.314,0.342,0.393,0.414,0.33,0.359,0.376,0.407,3.85,4.28,4.24,4.33,2.0,2.05,1.93,1.97,3.63,-0.304,-0.346,10.37020833,-3.598958333,10.37020833,3.223958333,0.426026827,59.088,52.032,59.04968984,25,0,0.0,0.0,0.0,0.0,-666,-666,-666,-1.28e-15,-0.247523475,-0.157157081,-2.462201348,-0.079956212,-2.434991687,-5.35e-17,-1.102050371,4.748408578,124.7451259,9.5,8.90824829,1.90824829,4.5,4.204124145,0.704124145,0.227062073,0.227062073,0.051031036,0.051031036,0.0,0.0,-0.04,88.5519821,0.349751778,2.96,1.96,36.09816251,0,0.0,0,0,0,34.48563955,0,0,0,0.0,0,0,0.0,0,14.70183729,0.0,0.0,0.0,0.0,13.22481702,6.558985243,0.0,0,0.0,0.0,0.0,0,0.0,6.558985243,5.106527395,0.0,22.82012691,0.0,0.0,0.0,0,-666,19.78380226,5.106527395,0,0.0,0.0,0.0,0.0,0.0,0.0,0.0,9.595309893,45.54993056,0.0,0.0,10.37020833,0.0,0.0,0.0,-3.347222222,-6.822916667,0.0,1.0,4,0,1,0,0,0,0,0,0,0,0,1,-666,0,0,0,-666,0.8269,15.8445,0,0,0,0,0,0,0,0,0,0,0,0,0,0,0,0,0,0,0,0,0,0,0,0,0,0,0,0,0,0,0,0,0,0,0,0,-666,0,0,0,0,0,0,0,0,0,0,0,0,0,0,0,0,0,-666,0,0,0,0,0,0,0,0,0,0,0,0,0,0,0,0,0,0,0,0,0,0,0,0,0,0,0,0,-666,0,0,60,8,15.999,1.4611135,5.3,6,3.44,0.001308,217.5,12.7,-0.407246625,-0.398297775,O,6,0,0,2.55,0.0,0.0,6,2.55,0.88,24.584
593,sulfonatooxidanyl_O_S.log:,13.991,13.743,14.878,13.663,14.027,13.663,13.669,13.683,0.533,0.409,0.238,0.212,0.234,0.208,0.235,0.207,0.21,0.18,0.193,0.207,0.19,0.191,0.198,0.212,0.195,0.209,0.189,0.189,0.195,0.209,0.19,0.204,4.53,5.8,5.7,5.94,0.22,0.35,0.22,0.26,3.95,-0.156,-0.148,8.520833333,-5.166666667,8.520833333,5.166666667,0.391270794,96.063,96.063,95.95172948,30,0,0.0,0.0,0.0,0.0,-666,-666,-666,32.25161842,15.81726477,1.934600192,-1.574080539,1.642040494,-1.832939326,7.789363614,0.291408999,4.062942299,86.81635834,4.5,2.041241452,2.857738033,2.0,0.666666667,2.0,0.40824829,1.224744871,0.0,0.0,0.0,0.0,0.19,3.609640474,5.19,1.112792247,556.6664543,29.00618255,0,0.0,0,0,0,27.92229731,0,0,0,0.0,0,0,0.0,0,17.52329673,10.39900058,0.0,0.0,0.0,0.0,0.0,0.0,0,0.0,0.0,0.0,0,0.0,8.417796984,19.50450033,0.0,0.0,0.0,0.0,0.0,0,-666,10.39900058,0.0,0,0.0,0.0,0.0,0.0,0.0,0.0,0.0,17.52329673,34.08333333,0.0,0.0,0.0,0.0,0.0,0.0,0.0,0.0,-5.166666667,0.0,5,0,4,0,0,0,0,0,0,2,0,5,0,0,0,0,-666,-0.9078,10.2928,0,0,0,0,0,0,0,0,0,0,0,0,0,0,0,0,0,0,0,0,0,0,0,0,0,0,0,0,0,0,0,0,0,0,0,0,-666,0,0,0,0,0,0,0,0,0,0,0,0,0,0,0,0,0,0,0,0,0,0,0,0,0,0,0,0,0,0,0,0,0,0,0,0,0,0,0,0,0,0,0,0,0,0,-666,0,-1,60,8,15.999,1.4611135,5.3,6,3.44,0.001308,200.2,15.1,-0.531688441,-0.530686898,O,16,0,0,2.58,0.0,0.0,16,2.58,0.826,31.719
594,sulfonatoperoxy_O_O.log:,22.291,10.305,10.802,11.323,22.387,11.306,11.339,11.336,0.187,0.161,0.344,0.404,0.364,0.359,0.349,0.342,0.413,0.398,0.41,0.42,0.451,0.461,0.402,0.413,0.406,0.417,0.453,0.464,0.409,0.418,0.415,0.424,2.32,2.99,2.93,3.06,0.04,0.07,0.04,0.05,2.02,-0.23,-0.258,8.909722222,-4.967592593,8.909722222,2.104166667,0.349166981,112.062,112.062,111.9466441,36,0,0.0,0.0,0.0,0.0,-666,-666,-666,32.3,14.96327928,2.2,-1.968456678,2.36,-1.871220057,8.14,-0.228056617,3.168489873,33.69332843,5.207106781,2.449489743,3.265986324,2.560660172,0.833333333,2.166666667,0.476289672,1.428869017,0.083333333,0.25,0.0,0.0,0.15,12.16479704,6.15,1.73496748,4.15,35.48929672,0,0.0,0,0,0,34.40084989,0,0,0,0.0,0,0,0.0,0,23.24927845,11.15157144,0.0,0.0,0.0,0.0,0.0,0.0,0,0.0,0.0,0.0,0,11.15157144,0.0,23.24927845,0.0,0.0,0.0,0.0,0.0,0,-666,11.15157144,0.0,0,0.0,0.0,0.0,0.0,0.0,0.0,4.333793432,18.91548502,28.83333333,-4.967592593,0.0,8.550925926,0.0,0.0,0.0,0.0,0.0,0.0,0.0,6,0,5,0,0,0,0,0,0,1,0,6,-666,0,0,0,-666,0.1046,11.422,0,0,0,0,0,0,0,0,0,0,0,0,0,0,0,0,0,0,0,0,0,0,0,0,0,0,0,0,0,0,0,0,0,0,0,0,-666,0,0,0,0,0,0,0,0,0,0,0,0,0,0,0,0,0,0,0,0,0,0,0,0,0,0,0,0,0,0,0,0,0,0,0,0,0,0,0,0,0,0,0,0,0,0,-666,0,-1,60,8,15.999,1.4611135,5.3,6,3.44,0.001308,221.4,15.0,-0.510935859,-0.50825511,O,8,0,0,3.44,0.0,0.0,8,3.44,0.645,26.451
596,tert-butyloxidanyl_O_C.log:,5.395,3.477,3.629,4.042,5.591,3.91,3.754,3.499,0.742,0.583,0.29,0.307,0.285,0.255,0.287,0.255,0.305,0.234,0.264,0.296,0.327,0.348,0.266,0.297,0.259,0.29,0.328,0.349,0.271,0.303,0.308,0.336,3.84,4.28,4.25,4.33,1.97,2.02,1.91,1.94,3.63,-0.281,-0.31,11.47916667,-3.9375,11.47916667,3.607638889,0.410541714,73.115,64.043,73.06533991,31,0,0.0,0.0,0.0,0.0,-666,-666,-666,-1.7e-16,-0.244322203,-1.63e-16,-2.554663028,-2.45e-16,-2.562170148,-6.88e-17,-1.106539483,5.542725538,170.2834189,12.0,11.40824829,2.40824829,5.75,5.454124145,0.954124145,0.681186218,0.681186218,0.0,0.0,0.0,0.0,-0.04,312.0805106,0.46308642,0.976756002,9507.96,45.27304562,0,0.0,0,0,0,43.60008156,0,0,0,0.0,0,0,0.0,0,17.4433544,0.0,0.0,0.0,0.0,26.15672716,0.0,0.0,0,0.0,0.0,0.0,0,0.0,5.601050811,5.106527395,0.0,32.89250336,0.0,0.0,0.0,0,-666,26.15672716,5.106527395,0,0.0,0.0,0.0,0.0,0.0,0.0,0.0,12.33682701,60.28125,0.0,0.0,11.47916667,-3.9375,0.0,0.0,0.0,-10.82291667,0.0,1.0,5,0,1,0,0,0,0,0,0,0,0,1,0,0,0,0,-666,1.2154,20.4395,0,0,0,0,0,0,0,0,0,0,0,0,0,0,0,0,0,0,0,0,0,0,0,0,0,0,0,0,0,0,0,0,0,0,0,0,-666,0,0,0,0,0,0,0,0,0,0,0,0,0,0,0,0,0,-666,0,0,0,0,0,0,0,0,0,0,0,0,0,0,0,0,0,0,0,0,0,0,0,0,0,0,0,0,-666,0,0,60,8,15.999,1.4611135,5.3,6,3.44,0.001308,237.8,13.5,-0.399218314,-0.393272494,O,6,0,0,2.55,0.0,0.0,6,2.55,0.888,37.708
609,trifluoromethanesulfonyloxidanyl_O_S.log:,20.865,9.056,9.15,17.593,21.629,17.123,15.831,14.734,0.232,0.195,0.309,0.222,0.308,0.266,0.306,0.264,0.226,0.18,0.189,0.222,0.209,0.234,0.189,0.222,0.187,0.221,0.209,0.234,0.191,0.224,0.196,0.229,9.62,10.76,10.67,10.89,4.87,7.23,4.87,6.76,9.14,-0.261,-0.301,10.66203704,-6.090277778,10.66203704,5.645833333,0.498666445,149.069,149.069,148.9520245,49,0,0.0,0.0,0.0,0.0,-666,-666,-666,32.30093466,11.55756914,2.529138811,-2.118920419,2.538469258,-2.140247709,8.189922,-0.073646686,4.020391543,69.509775,7.0,3.266886581,4.083383162,3.25,1.271070855,2.679319145,0.899864884,2.271023225,0.283473355,0.850420064,0.0,0.0,0.02,21.30605883,8.02,1.760845125,1.864622199,44.30476687,0,0.0,0,0,0,43.20852299,0,0,0,0.0,0,0,0.0,0,26.82949476,10.87069772,0.0,0.0,0.0,5.508330501,0.0,0.0,0,0.0,0.0,13.17124514,0,10.87069772,5.508330501,13.65824962,0.0,0.0,0.0,0.0,0.0,0,-666,16.37902822,13.17124514,0,0.0,0.0,0.0,0.0,0.0,0.0,0.0,13.65824962,58.90277778,0.0,0.0,0.0,-5.645833333,0.0,0.0,0.0,0.0,-6.090277778,1.0,8,0,3,0,0,0,0,0,0,0,0,7,0,0,0,0,-666,1.3473,15.7055,0,0,0,0,0,0,0,0,0,0,0,0,0,0,0,0,0,0,0,0,0,0,0,0,0,3,0,0,0,0,0,0,0,0,0,0,-666,0,0,0,0,0,0,0,3,0,0,0,0,0,0,0,0,0,-666,0,0,0,0,0,0,0,0,0,0,0,0,0,0,0,0,0,0,0,0,0,0,0,0,0,0,0,0,-666,0,0,60,8,15.999,1.4611135,5.3,6,3.44,0.001308,245.4,15.4,-0.51477297,-0.514603337,O,16,0,0,2.58,0.0,0.0,16,2.58,0.213,37.464
625,triplet_acetone_O_C.log:,5.376,3.624,3.89,4.057,5.565,3.923,3.768,3.509,0.737,0.589,0.311,0.325,0.303,0.274,0.306,0.274,0.334,0.256,0.29,0.32,0.358,0.379,0.294,0.322,0.284,0.313,0.358,0.379,0.3,0.329,0.343,0.371,2.12,2.34,2.32,2.36,1.13,1.12,1.1,1.08,1.99,-0.428,-0.513,10.36111111,-3.008680556,10.36111111,1.680555556,0.395545036,58.08,52.032,58.04186481,24,0,0.0,0.0,0.0,0.0,-666,-666,-666,-6.16e-33,-0.244322203,-2.18e-17,-2.326092709,-2.25e-16,-2.253886661,-4.96e-18,-1.007237915,4.231132186,97.1417863,8.577350269,7.90824829,1.90824829,4.154700538,3.704124145,0.704124145,0.329124145,0.329124145,0.0,0.0,0.0,0.0,-0.04,63.57980789,0.432177934,1.297837838,1128.96,34.69319201,0,0.0,0,0,0,33.13882935,0,0,0,0.0,0,0,0.0,0,13.33107873,0.0,0.0,0.0,0.0,13.70378423,0.0,6.103966388,0,0.0,0.0,0.0,0,0.0,0.0,5.106527395,6.103966388,21.92833557,0.0,0.0,0.0,0,-666,19.80775062,5.106527395,0,0.0,0.0,0.0,0.0,0.0,0.0,0.0,8.224551337,38.50347222,0.0,0.0,10.36111111,0.0,0.0,0.0,-1.680555556,-6.017361111,0.0,0.666666667,4,0,1,0,0,0,0,0,0,0,0,1,-666,0,0,0,-666,0.98869,15.2775,0,0,0,0,0,0,0,0,0,0,0,0,0,0,0,0,0,0,0,0,0,0,0,0,0,0,0,0,0,0,0,0,0,0,0,0,-666,0,0,0,0,0,0,0,0,0,0,0,0,0,0,0,0,0,-666,0,0,0,0,0,0,0,0,0,0,0,0,0,0,0,0,0,0,0,0,0,0,0,0,0,0,0,0,-666,0,0,70,8,12.011,1.262119,5.3,4,3.44,0.001308,211.6,12.8,-0.398472302,-0.296443179,O,6,0,0,2.55,0.0,0.0,6,2.55,0.876,30.743
626,triplet_dioxygen_O_O.log:,8.78,9.317,9.547,9.636,8.736,9.731,9.78,9.982,0.5,0.5,0.5,0.5,0.5,0.5,0.5,0.5,0.5,0.5,0.5,0.5,0.5,0.5,0.5,0.5,0.5,0.5,0.5,0.5,0.5,0.5,0.5,0.5,4.69,5.46,5.39,5.54,2.0,1.99,1.96,1.95,4.27,-0.5,-0.5,7.0,7.0,7.0,7.0,0.378296154,31.998,31.998,31.98982924,12,0,0.0,0.0,0.0,0.0,-666,-666,-666,16.70610678,15.29189322,0.707106781,-0.707106781,0.740606781,-0.673606781,4.074106781,2.659893219,2.0,0.0,2.0,0.816496581,0.816496581,1.0,0.166666667,0.166666667,0.0,0.0,0.0,0.0,0.0,0.0,-0.08,2.0,1.92,0.92,-14.58,11.3070623,0,0.0,0,0,0,9.929461357,0,0,0,0.0,0,0,0.0,0,0.0,0.0,0.0,0.0,0.0,0.0,0.0,9.929461357,0,0.0,0.0,0.0,0,0.0,0.0,0.0,9.929461357,0.0,0.0,0.0,0.0,0,-666,0.0,0.0,0,0.0,0.0,0.0,0.0,0.0,0.0,0.0,9.929461357,0.0,0.0,14.0,0.0,0.0,0.0,0.0,0.0,0.0,0.0,0.0,2,0,2,0,0,0,0,0,0,2,0,2,0,0,0,0,-666,0.067,6.734,0,0,0,0,0,0,0,0,0,0,0,0,0,0,0,0,0,0,0,0,0,0,0,0,0,0,0,0,0,0,0,0,0,0,0,0,-666,0,0,0,0,0,0,0,0,0,0,0,0,0,0,0,0,0,0,0,0,0,0,0,0,0,0,0,0,0,0,0,0,0,0,0,0,0,0,0,0,0,0,0,0,0,0,0,0,0,60,8,15.999,1.4611135,5.3,6,3.44,0.001308,129.3,8.8,-0.441502562,-0.441502562,O,8,0,0,3.44,0.0,0.0,8,3.44,0.5,13.122
627,triplet_diphenylmethanone_O_C.log:,6.291,4.206,4.41,4.847,6.543,4.724,4.423,4.143,0.68,0.528,0.05,0.115,0.046,0.047,0.046,0.046,0.1,0.065,0.08,0.084,0.108,0.106,0.087,0.09,0.077,0.08,0.106,0.104,0.089,0.093,0.111,0.112,2.6,2.86,2.84,2.89,1.42,1.46,1.42,1.38,2.5,-0.09,-0.004,12.62533636,-1.218518519,12.62533636,0.692026749,0.679910124,182.222,172.142,182.0731649,68,0,0.0,0.0,0.0,0.0,-666,-666,-666,10.99010487,-2.000056102,0.481970553,-2.304903823,0.52975636,-2.223730455,1.940076564,-2.027412805,2.728054561,744.6709278,18.5055535,16.90824829,6.90824829,11.01751963,8.704124145,3.704124145,2.329124145,2.329124145,1.454124145,1.454124145,0.852062073,0.852062073,-0.04,132395.3558,3.76362426,5.15692357,2.502526359,97.81321465,0,0.0,0,0,0,96.58500586,0,0,0,0.0,0,0,0.0,0,18.81411296,0.0,0.0,0.0,0.0,0.0,0.0,77.77089291,0,0.0,0.0,0.0,0,0.0,0.0,5.106527395,6.103966388,13.70758556,71.66692652,0.0,0.0,0,-666,77.77089291,5.106527395,0,0.0,0.0,0.0,0.0,0.0,0.0,0.0,13.70758556,76.26689006,0.0,0.0,12.62533636,-1.473091459,0.0,-7.533949777,-1.218518519,0.0,0.0,0.0,14,0,1,0,0,0,0,0,0,0,0,1,-666,0,0,0,-666,3.05369,56.6555,0,0,0,0,0,0,0,0,0,0,0,0,0,0,0,0,0,0,0,0,0,0,0,0,0,0,8,0,0,0,0,0,0,0,0,0,-666,0,0,0,0,0,0,0,0,0,0,0,0,0,0,0,0,0,-666,0,0,0,0,0,0,0,0,0,0,0,0,0,0,0,0,0,0,0,0,0,0,0,0,0,0,0,0,-666,0,0,60,8,15.999,1.4611135,5.3,6,3.44,0.001308,379.5,18.4,-0.385647643,-0.302035646,O,6,0,0,2.55,0.0,0.0,6,2.55,0.867,41.053
632,2-oxidopropan-2-yl_O_C.log:,5.375,3.505,3.665,4.056,5.564,3.923,3.767,3.509,0.737,0.589,0.311,0.325,0.303,0.274,0.306,0.274,0.334,0.256,0.29,0.32,0.358,0.379,0.294,0.322,0.284,0.313,0.358,0.379,0.3,0.329,0.343,0.371,0.02,0.15,0.13,0.17,1.13,1.22,1.18,1.25,0.01,-0.069,-0.048,10.36111111,-3.008680556,10.36111111,1.680555556,0.398236962,58.08,52.032,58.04186481,24,0,0.0,0.0,0.0,0.0,-666,-666,-666,-1.26e-18,-0.244322203,-1.17e-16,-2.263721516,-1.11e-16,-2.28842708,-1.27e-16,-0.963222215,4.39899054,124.0523685,8.577350269,7.90824829,1.90824829,4.154700538,3.704124145,0.704124145,0.329124145,0.329124145,0.0,0.0,0.0,0.0,-0.04,63.57980789,0.432177934,1.297837838,1128.96,34.06048036,0,0.0,0,0,0,32.5061177,0,0,0,0.0,0,0,0.0,0,13.01908852,5.783244946,0.0,0.0,0.0,13.70378423,0.0,0.0,0,0.0,0.0,0.0,0,0.0,5.783244946,4.794537184,0.0,21.92833557,0.0,0.0,0.0,0,-666,19.48702918,4.794537184,0,0.0,0.0,0.0,0.0,0.0,0.0,0.0,8.224551337,38.50347222,0.0,10.36111111,0.0,0.0,-1.680555556,0.0,0.0,-6.017361111,0.0,0.666666667,4,0,1,0,0,0,0,0,0,1,0,1,-666,0,0,0,-666,0.5953,16.355,0,0,0,0,0,0,0,0,0,0,1,1,0,0,0,0,0,0,0,0,0,0,0,0,0,0,0,0,0,0,0,0,0,0,0,0,-666,0,0,0,0,0,0,0,0,0,0,0,0,0,0,1,1,0,-666,0,0,0,0,0,0,0,0,0,0,0,0,0,0,0,0,0,0,0,0,0,0,0,0,0,0,0,0,-666,0,0,70,8,12.011,1.262119,5.3,4,3.44,0.001308,211.7,12.9,-0.400874774,-0.278605824,O,6,0,0,2.55,0.0,0.0,6,2.55,0.876,30.746
