1,1,1,3,3,3-hexafluoro-2-hydroxypropan-2-yl_C_OCC.xyz
 C   -0.007371    0.564614   -0.160039
 C    1.303086   -0.149014   -0.019045
 C   -1.324206   -0.128896   -0.020824
 O   -0.064225    1.898062   -0.025540
 F    2.304138    0.773809   -0.074250
 F    1.521356   -1.043709   -0.994719
 F    1.432436   -0.802004    1.156637
 F   -1.869326    0.052132    1.205680
 F   -1.187238   -1.452137   -0.215015
 F   -2.216928    0.340492   -0.914877
 H    0.824805    2.278044   -0.067335

1,1,1,3,3,3-hexamethyl-2-__trimethylsilyl_oxy_trisilan-2-yl_Si_SiSiO.xyz
Si   -0.445547   -0.064026   -0.845320
Si   -0.597977    2.144431   -0.029926
Si   -2.135331   -1.475805   -0.027569
 O    1.010985   -0.747763   -0.393349
Si    2.627600   -0.688208   -0.009769
 C    3.266734   -2.452506    0.019546
 C    2.809554    0.096991    1.690706
 C    3.551795    0.318525   -1.300120
 C    0.957008    3.147795   -0.438341
 C   -2.096320    2.984769   -0.822836
 C   -0.818089    2.128395    1.854513
 C   -1.603443   -2.041348    1.699369
 C   -2.397017   -2.982583   -1.137588
 C   -3.732861   -0.464912    0.075400
 H    4.328671   -2.481108    0.284979
 H    2.721870   -3.056712    0.750894
 H    3.152037   -2.925935   -0.959980
 H    2.239048   -0.460370    2.439903
 H    3.857472    0.106429    2.007664
 H    2.450804    1.129813    1.697299
 H    3.444818   -0.125636   -2.294350
 H    3.180780    1.345513   -1.349561
 H    4.620924    0.360684   -1.066911
 H    1.175333    3.128391   -1.509577
 H    1.837512    2.775088    0.091699
 H    0.814566    4.193172   -0.142517
 H   -1.964848    3.089201   -1.903662
 H   -2.242926    3.985471   -0.402610
 H   -3.012321    2.413312   -0.651601
 H   -1.756157    1.644708    2.142057
 H   -0.831360    3.149024    2.253882
 H   -0.001716    1.587345    2.340636
 H   -0.649718   -2.574177    1.647427
 H   -2.345060   -2.710849    2.148490
 H   -1.468504   -1.183524    2.363707
 H   -2.721084   -2.680474   -2.137574
 H   -1.470629   -3.554146   -1.244385
 H   -3.159270   -3.649487   -0.720793
 H   -4.029187   -0.088379   -0.908121
 H   -3.607291    0.395424    0.738579
 H   -4.558228   -1.070926    0.463503

1,1,1,3,3,3-hexamethyl-2-_trimethylsilyl_trisilan-2-yl_Si_SiSiSi.xyz
Si   -0.012402   -0.010784   -0.743614
Si   -1.994399   -1.042081   -0.062227
Si    1.894363   -1.193898   -0.072682
Si    0.088218    2.225138   -0.067660
 C   -1.795837   -2.921053   -0.155428
 C   -2.303326   -0.541781    1.740825
 C   -3.467568   -0.500624   -1.116595
 C    2.150112   -2.759613   -1.101278
 C    1.700228   -1.680907    1.751053
 C    3.413826   -0.074595   -0.219721
 C    0.605211    2.276111    1.757018
 C    1.346196    3.208666   -1.080452
 C   -1.619627    3.020972   -0.240493
 H   -1.623813   -3.250886   -1.183828
 H   -2.689367   -3.431632    0.219211
 H   -0.943429   -3.248401    0.445814
 H   -1.452315   -0.821040    2.367757
 H   -3.199509   -1.028940    2.140368
 H   -2.438549    0.539992    1.827471
 H   -3.340805   -0.807826   -2.158598
 H   -3.583922    0.586424   -1.100572
 H   -4.396299   -0.945927   -0.743709
 H    2.335326   -2.517650   -2.151661
 H    1.270225   -3.407384   -1.058377
 H    3.008143   -3.330289   -0.729450
 H    0.859067   -2.362628    1.904092
 H    1.531425   -0.797802    2.373311
 H    2.604816   -2.181693    2.114672
 H    3.289121    0.828130    0.384992
 H    3.583763    0.238487   -1.253518
 H    4.314021   -0.590934    0.131082
 H    1.615518    1.880289    1.893804
 H   -0.071584    1.682337    2.376856
 H    0.595535    3.305279    2.133442
 H    1.060070    3.249030   -2.135370
 H    2.340583    2.758704   -1.022402
 H    1.419725    4.237561   -0.711362
 H   -1.938607    3.048119   -1.286304
 H   -1.614598    4.048953    0.137658
 H   -2.370761    2.459437    0.321618

1,1,2,2-tetrafluoropropan-1-yl_C_CFF.xyz
 C    0.893429    0.000003   -0.356673
 C   -0.965656   -0.000054    1.410360
 C   -0.601677    0.000003   -0.058460
 H   -2.053329    0.000003    1.499865
 H   -0.561839    0.890802    1.893434
 H   -0.561939   -0.891007    1.893338
 F   -1.132349    1.103337   -0.673995
 F   -1.132368   -1.103273   -0.674083
 F    1.533502    1.095058    0.048608
 F    1.533497   -1.095066    0.048581

1,1,3,3,3-pentachloro-2-oxopropyl_C_CClCl.xyz
 C   -1.494686    0.096437   -0.006219
 C   -0.228355    0.822117   -0.022644
 C    1.131635    0.046968    0.001246
 O   -0.225136    2.035309   -0.046638
Cl    1.252177   -0.982417   -1.475011
Cl    2.472448    1.217255    0.011052
Cl    1.217906   -0.960415    1.495485
Cl   -2.931397    1.026593    0.009694
Cl   -1.696454   -1.599581   -0.009525

1,1-dichloro-2-oxobutyl_C_CClCl.xyz
 C    0.676781    0.022992   -0.003201
 C   -0.710650   -0.446695   -0.008050
 C   -1.816628    0.600304   -0.004436
 C   -3.212382   -0.020392    0.011611
 O   -0.935684   -1.648339   -0.011515
Cl    1.084586    1.698490   -0.000965
Cl    1.969543   -1.093908    0.005989
 H   -1.685176    1.247254   -0.879402
 H   -1.670482    1.254885    0.862185
 H   -3.374673   -0.651300   -0.864140
 H   -3.971444    0.765496    0.017090
 H   -3.355670   -0.644760    0.895440

1,1-difluoropropan-1-yl_C_CFF.xyz
 C    0.631161   -0.000038    0.407946
 C   -1.740081    0.000077   -0.505750
 C   -0.825892   -0.000310    0.737250
 H   -2.788107   -0.000342   -0.197269
 H   -1.566459   -0.884976   -1.121837
 H   -1.566903    0.885822   -1.120968
 H   -1.020415   -0.880686    1.355823
 H   -1.020610    0.879541    1.356504
 F    1.087464   -1.095459   -0.228440
 F    1.087131    1.095711   -0.228107

1,1prime-biphenyl-2-yl_C_CC.xyz
 C   -1.484634   -1.121441   -0.320526
 C   -2.851804   -1.220372   -0.361198
 C   -1.502793    1.136348    0.338146
 C   -3.578379   -0.066828   -0.027103
 C   -0.738994   -0.000577    0.000158
 C   -2.896005    1.099643    0.321250
 C    0.742471   -0.001360   -0.004110
 C    3.554397   -0.032779   -0.001686
 C    1.472621    1.155254   -0.312097
 C    1.447126   -1.176827    0.295763
 C    2.838687   -1.192188    0.297848
 C    2.865318    1.139949   -0.308510
 H   -3.356547   -2.139446   -0.638292
 H   -0.993408    2.046755    0.635387
 H   -4.662797   -0.088405   -0.037501
 H   -3.454749    1.988503    0.591345
 H    4.638449   -0.044337    0.000152
 H    0.950101    2.065977   -0.580697
 H    0.892430   -2.076008    0.539381
 H    3.365821   -2.108780    0.538527
 H    3.412637    2.042798   -0.555915

1,1prime-biphenyl-3-yl_C_CC.xyz
 C    2.842520   -1.146299   -0.463754
 C    1.533054    1.053057    0.432253
 C    3.619886   -0.097270   -0.033798
 C    1.471296   -1.183764   -0.485396
 C    0.781050   -0.043865   -0.017283
 C    2.926550    1.032971    0.425349
 C   -0.702528   -0.013579   -0.006724
 C   -3.514866    0.043308    0.014560
 C   -1.400524    1.136425   -0.404389
 C   -1.440562   -1.134835    0.400135
 C   -2.832886   -1.106602    0.411228
 C   -2.792843    1.164445   -0.393555
 H    1.015933    1.924683    0.816088
 H    4.703313   -0.128511   -0.040418
 H    0.923142   -2.036264   -0.870216
 H    3.481346    1.892013    0.788166
 H   -4.598695    0.065409    0.022850
 H   -0.847730    2.003666   -0.746815
 H   -0.917994   -2.024255    0.733433
 H   -3.385490   -1.980338    0.738278
 H   -3.314694    2.059648   -0.713120

1,1prime-biphenyl-4-yl_C_CC.xyz
 C    0.000000    0.000000    3.549943
 C   -0.000312    1.221580    2.919568
 C   -0.000000   -1.209256    1.518568
 C    0.000000    1.209256    1.518568
 C    0.000000    0.000000    0.805758
 C    0.000312   -1.221580    2.919568
 C   -0.000000   -0.000000   -0.679727
 C   -0.000000   -0.000000   -3.493946
 C    0.816493   -0.885331   -1.398603
 C   -0.816493    0.885331   -1.398603
 C   -0.816300    0.885863   -2.791416
 C    0.816300   -0.885863   -2.791416
 H    0.010269    2.158284    3.465509
 H   -0.025796   -2.149364    0.978248
 H    0.025796    2.149364    0.978248
 H   -0.010269   -2.158284    3.465509
 H   -0.000000   -0.000000   -4.578029
 H    1.473298   -1.559910   -0.861052
 H   -1.473298    1.559910   -0.861052
 H   -1.461543    1.572234   -3.328481
 H    1.461543   -1.572234   -3.328481

1,2-dichloroethyl_C_CClH.xyz
 C    0.646607    0.750026   -0.407616
 C   -0.575239    0.893574    0.370038
Cl    1.858105   -0.371021    0.076268
Cl   -1.838631   -0.427794   -0.072723
 H    0.742822    1.112391   -1.421457
 H   -0.423202    0.774266    1.439801
 H   -1.078882    1.831591    0.146864

1,2-difluoroethyl_C_CFH.xyz
 C    0.675016    0.478254   -0.305470
 C   -0.644894    0.496835    0.332398
 F   -1.495576   -0.519472   -0.192672
 F    1.565615   -0.421736    0.146372
 H    0.902876    0.856459   -1.293815
 H   -0.569832    0.314465    1.406685
 H   -1.144132    1.449417    0.142267

1,3-benzoxazol-2-yl_C_NO.xyz
 C   -2.130867    0.903700    0.000000
 N   -2.005176   -0.349536    0.000000
 C   -0.598279   -0.527459    0.000000
 C    0.190387   -1.672842    0.000000
 H   -0.256926   -2.658671    0.000000
 C    1.573517   -1.488998   -0.000000
 H    2.222925   -2.356458   -0.000000
 C    2.148775   -0.208310   -0.000000
 H    3.228014   -0.112458   -0.000000
 C    1.364665    0.949035   -0.000000
 H    1.796619    1.941298   -0.000000
 C    0.000000    0.739340   -0.000000
 O   -1.030449    1.683280    0.000000

1,3-diethoxy-1,3-dioxopropan-2-yl_C_CCH.xyz
 C   -0.117751    1.094959    0.038371
 C    3.707315   -1.678222    0.234431
 C    3.332655   -0.221150    0.058211
 O    1.886693   -0.138695    0.127857
 C    1.346718    1.077424   -0.010412
 C   -1.012622   -0.044948   -0.176688
 O    1.987072    2.103567   -0.154043
 O   -0.701528   -1.146047   -0.574160
 O   -2.286477    0.320699    0.113397
 C   -3.303138   -0.695582   -0.067343
 C   -4.635644   -0.078328    0.304905
 H    3.255615   -2.292234   -0.547407
 H    4.793769   -1.788050    0.179073
 H    3.371643   -2.052775    1.203977
 H    3.655485    0.175161   -0.907540
 H    3.756923    0.414690    0.839518
 H   -0.563586    2.069100    0.190259
 H   -3.054477   -1.552733    0.563600
 H   -3.278177   -1.030029   -1.107648
 H   -4.635767    0.254579    1.345328
 H   -5.431257   -0.817874    0.180801
 H   -4.861445    0.779047   -0.333228

1,3-dimethoxy-1,3-dioxopropan-2-yl_C_CCH.xyz
 C   -0.063320    0.916459   -0.046192
 C    1.367259    0.608116    0.011744
 C   -1.164559   -0.039164    0.087877
 O    2.195457    1.471608    0.235217
 O    1.661829   -0.678914   -0.214917
 O   -1.082652   -1.196529    0.433161
 O   -2.336942    0.577207   -0.209838
 C    3.056361   -1.029523   -0.147869
 C   -3.517609   -0.237857   -0.101760
 H   -0.306789    1.966944   -0.133928
 H    3.627647   -0.468172   -0.889300
 H    3.092172   -2.095526   -0.358282
 H    3.453147   -0.819245    0.846603
 H   -3.631636   -0.608774    0.918231
 H   -4.344938    0.415448   -0.368614
 H   -3.459930   -1.085833   -0.786487

1,3-dimethyl-2-oxo-1,3,2-diazaphospholidin-2-yl_P_NNO.xyz
 P   -0.020036    0.865507   -0.337227
 O   -0.242220    2.130327    0.447360
 N   -1.191473   -0.365052   -0.250879
 N    1.232195   -0.187959    0.177104
 C   -2.593697   -0.059574   -0.012153
 C    2.632306    0.160432   -0.019640
 C    0.845890   -1.585283   -0.019995
 C   -0.659430   -1.626715    0.264343
 H   -3.229833   -0.809963   -0.490694
 H   -2.836193    0.916746   -0.433377
 H   -2.822846   -0.030645    1.061825
 H    3.242342   -0.361109    0.723302
 H    2.998682   -0.106164   -1.021240
 H    2.764771    1.233074    0.128937
 H    1.399715   -2.224044    0.674289
 H    1.063228   -1.923710   -1.044534
 H   -0.839754   -1.701212    1.347571
 H   -1.137279   -2.480269   -0.225467

1,3-dioxo-1-phenylbutan-2-yl_C_CCH.xyz
 C    1.467989    0.553078   -0.209924
 C    3.596317   -0.839685    0.334309
 C    2.925785    0.446907   -0.079114
 C    0.484911   -0.508286   -0.009765
 C   -0.969400   -0.148451   -0.005490
 C   -3.713474    0.406240    0.025395
 C   -1.903731   -1.174192   -0.209705
 C   -1.427722    1.156423    0.224219
 C   -2.793343    1.429944    0.245593
 C   -3.265258   -0.896798   -0.202908
 O    0.840960   -1.682824    0.110225
 O    3.578530    1.464582   -0.308331
 H    3.180491   -1.210819    1.273904
 H    4.665880   -0.658473    0.434689
 H    3.409088   -1.620133   -0.406405
 H    1.137461    1.536034   -0.523667
 H   -4.776114    0.621082    0.033412
 H   -1.540355   -2.180993   -0.374438
 H   -0.727774    1.962005    0.409871
 H   -3.137273    2.440174    0.435088
 H   -3.979772   -1.694018   -0.373258

1,3-dioxo-2,3-dihydro-1H-isoindol-2-yl_N_CC.xyz
 N   -2.088227    0.007741    0.265097
 C   -1.286036   -1.147675    0.014605
 C    0.138648   -0.702524    0.014100
 C    0.144119    0.694825    0.012619
 C   -1.274433    1.154249    0.014162
 C    1.323610   -1.429678    0.012236
 C    1.330460    1.420588    0.008810
 C    2.522183    0.696839   -0.001126
 C    2.518006   -0.709093    0.000870
 O   -1.728730   -2.258423   -0.146306
 O   -1.702699    2.271787   -0.142478
 H    1.313034   -2.512539    0.013376
 H    1.322527    2.503841    0.006945
 H    3.470661    1.221616   -0.013594
 H    3.463457   -1.239191   -0.009793

1,3-dioxolan-2-yl_C_OOH.xyz
 C   -1.202811   -0.003742    0.153260
 O   -0.433145    1.138866    0.079474
 C    0.933882    0.738791   -0.134934
 C    0.903710   -0.765941    0.144505
 O   -0.453621   -1.111219   -0.168183
 H   -2.168677    0.046708   -0.343676
 H    1.577810    1.297264    0.545221
 H    1.207561    0.963504   -1.170507
 H    1.107061   -0.991380    1.197112
 H    1.561685   -1.351915   -0.495458

1,3-dithian-2-yl_C_SSH.xyz
 C   -0.586631   -1.278304   -0.000000
 C   -0.022837    1.115736    1.277571
 C   -0.022837    1.115736   -1.277571
 C    0.692842    1.557009    0.000000
 S   -0.022837   -0.704902   -1.549964
 S   -0.022837   -0.704902    1.549964
 H   -0.920680   -2.308739   -0.000000
 H    0.472961    1.523641    2.160200
 H   -1.060873    1.459486    1.279414
 H    0.472961    1.523641   -2.160200
 H   -1.060873    1.459486   -1.279414
 H    1.722016    1.185518    0.000000
 H    0.742034    2.652764    0.000000

1,3-oxazol-2-yl_C_NO.xyz
 C   -0.625555   -0.948050    0.000000
 O   -1.137833    0.287057    0.000000
 C    0.000000    1.090518    0.000000
 C    1.076562    0.272833   -0.000000
 N    0.633275   -1.066034   -0.000000
 H   -0.161712    2.153785    0.000000
 H    2.125415    0.520190   -0.000000

1,3-oxazolidin-2-yl_C_NOH.xyz
 C    1.123366   -0.483264    0.141686
 N    0.814079    0.849097   -0.227694
 C   -0.589503    1.048189    0.153345
 C   -1.145472   -0.347037   -0.143767
 O   -0.036271   -1.233418    0.098313
 H    1.987648   -0.964279   -0.311978
 H    1.458755    1.540436    0.134228
 H   -1.059129    1.825519   -0.451624
 H   -0.706067    1.297033    1.217623
 H   -1.446865   -0.444166   -1.192252
 H   -1.973069   -0.638210    0.503771

1,4-diazabicyclo_2.2.2_octan-1-ylium-1-yl_N_CC.xyz
 N    0.000000    0.633166   -0.000012
 C    1.194857   -0.170142   -0.000031
 H    2.081881    0.465602   -0.001169
 H    1.234334   -0.829383    0.883516
 C   -1.194857   -0.170141    0.000015
 H   -2.081882    0.465601    0.000854
 H   -1.233455   -0.831113    0.882303
 H    1.233309   -0.831446   -0.882057
 H   -1.234188   -0.829720   -0.883268

1,4-dicyanocyclohexa-2,5-dien-4-id-1-yl_C_CC.xyz
 C   -0.667908   -1.199708    0.000007
 C    2.810762   -0.005379    0.000025
 C   -1.430793   -0.045762   -0.000102
 C    0.697224   -1.258871    0.000036
 C    1.380641   -0.023587   -0.000037
 C    0.660591    1.182046   -0.000035
 C   -0.727236    1.176618   -0.000054
 C   -2.859793   -0.075208   -0.000007
 N    3.965834    0.004404    0.000074
 N   -4.014396   -0.080948    0.000061
 H    1.242562   -2.194953    0.000107
 H    1.197364    2.121970   -0.000013
 H   -1.280922    2.107900   -0.000044

1,4-dimethoxy-1,4-dioxobutan-2-yl_C_CCH.xyz
 C   -0.405949    0.682004    0.469276
 C   -1.789692    0.612630    0.049672
 C    0.424195   -0.492095    0.852590
 C    1.765978   -0.562299    0.129501
 O   -2.454620    1.584675   -0.265740
 O   -2.281498   -0.655810    0.042010
 O    2.211619   -1.555235   -0.385334
 O    2.405375    0.622669    0.161487
 C   -3.646521   -0.795627   -0.383529
 C    3.697112    0.667717   -0.479068
 H    0.024642    1.674393    0.494063
 H   -0.098372   -1.430208    0.680123
 H    0.664728   -0.434495    1.926285
 H   -4.312374   -0.234425    0.274488
 H   -3.860084   -1.860876   -0.327381
 H   -3.767185   -0.433181   -1.405883
 H    4.390882   -0.010488    0.019800
 H    4.030852    1.698143   -0.382470
 H    3.609172    0.386756   -1.529057

1,4-dioxan-2-yl_C_COH.xyz
 C    0.665142    1.229158   -0.144323
 O   -0.666119    1.266194    0.160707
 C    1.410969   -0.042173    0.110520
 C   -0.631015   -1.174044    0.252849
 O    0.675015   -1.192170   -0.308968
 C   -1.383725    0.069686   -0.192722
 H    1.643450   -0.152309    1.189720
 H    2.356258   -0.047533   -0.434652
 H   -0.569017   -1.207227    1.351574
 H   -1.141178   -2.073951   -0.096024
 H   -2.356203    0.146983    0.295859
 H   -1.521141    0.057688   -1.279620
 H    1.148426    2.188394    0.001284

1-_1,3,2-dioxaborolan-2-yl_ethyl_C_CBH.xyz
 C   -1.706770   -0.646895   -0.016107
 C   -2.823979    0.341298    0.015559
 B   -0.228366   -0.276702   -0.008409
 O    0.231695    1.025627    0.044489
 O    0.797879   -1.199828   -0.052729
 C    1.663737    1.000886   -0.065044
 C    2.042527   -0.493596    0.074685
 H   -3.476470    0.177210    0.884788
 H   -3.473080    0.235210   -0.865188
 H   -2.461870    1.370357    0.050266
 H   -1.986055   -1.697600   -0.048679
 H    2.094857    1.623962    0.721078
 H    1.948619    1.413849   -1.037291
 H    2.477254   -0.723071    1.052058
 H    2.728900   -0.832955   -0.703633

1-_1H-pyrrol-2-yl_ethyl_C_CCH.xyz
 C   -1.531258    0.687004   -0.001457
 C    0.975486    1.175247    0.000526
 C   -0.179970    0.352944    0.001012
 N    0.296116   -0.958787    0.001508
 C    1.670656   -0.971180   -0.000370
 C    2.109869    0.343969   -0.000404
 C   -2.632290   -0.329122   -0.000029
 H    0.957081    2.254184    0.000349
 H   -0.288586   -1.776919   -0.004251
 H    2.223543   -1.896619   -0.001078
 H    3.142618    0.656956   -0.001972
 H   -1.781625    1.740187    0.000404
 H   -3.611947    0.148731   -0.050945
 H   -2.564161   -1.016506   -0.855734
 H   -2.624693   -0.951674    0.907008

1-_2-chloro-1,3,2-dioxaborolan-2-uid-2-yl_ethyl_C_CBH.xyz
 C   -1.506590   -1.029149   -0.664036
 O    0.434647   -0.902760    1.011698
 B   -0.046937   -0.800121   -0.288634
 O    0.980447   -0.634511   -1.209983
 C    2.140234   -0.224277   -0.484547
 C    1.752353   -0.352844    1.014522
 C   -2.611342   -0.999526    0.341660
Cl   -0.513394    2.132562    0.005836
 H    2.366193    0.812989   -0.743855
 H    2.982991   -0.869377   -0.763349
 H    1.716683    0.628600    1.493635
 H    2.419516   -1.021268    1.571991
 H   -1.794086   -0.975243   -1.711593
 H   -3.494182   -1.569080    0.023514
 H   -2.279740   -1.370837    1.316010
 H   -2.923673    0.044217    0.498287

1-_2-fluoro-1,3,2-dioxaborolan-2-uid-2-yl_ethyl_C_CBH.xyz
 C    1.579187   -0.132924    0.738339
 O   -0.898944   -0.771558    0.884732
 B    0.197109   -0.359807   -0.031759
 O   -0.318960    0.879389   -0.700581
 C   -1.603993    1.151737   -0.209918
 C   -2.078084   -0.176542    0.407409
 F    0.374223   -1.372792   -1.079414
 C    2.720232    0.632701    0.139070
 H   -2.268140    1.499045   -1.017230
 H   -1.574908    1.942884    0.564437
 H   -2.561869   -0.803081   -0.364674
 H   -2.796891   -0.033137    1.227747
 H    1.794428   -0.671102    1.664129
 H    3.399263    1.067999    0.887749
 H    3.346487   -0.004851   -0.513674
 H    2.347265    1.443921   -0.497563

1-_2-methoxy-1,3,2-dioxaborolan-2-uid-2-yl_ethyl_C_CBH.xyz
 C   -1.308173   -0.931164    0.713030
 O    0.901622    0.349918    1.092880
 B   -0.084875   -0.125628    0.053248
 O    0.738761   -0.987622   -0.847042
 C    2.043837   -0.473999   -0.780576
 C    2.195258   -0.007005    0.682806
 O   -0.564777    1.028874   -0.769877
 C   -1.148987    2.084471   -0.070170
 C   -2.571825   -1.238092   -0.032771
 H    2.171809    0.381686   -1.467817
 H    2.776106   -1.247623   -1.055737
 H    2.893679    0.841589    0.775383
 H    2.589697   -0.830107    1.309280
 H   -1.447349    2.867721   -0.783035
 H   -2.053361    1.777823    0.488816
 H   -0.457704    2.531657    0.663309
 H   -1.186758   -1.440203    1.672467
 H   -2.750511   -0.485191   -0.808127
 H   -3.462546   -1.292411    0.613388
 H   -2.514195   -2.211414   -0.555770

1-_2-methyl-1,3,2-dioxaborolan-2-uid-2-yl_ethyl_C_CBH.xyz
 C   -1.393287   -0.305185    0.800240
 O    1.009730    0.597598    0.984946
 B   -0.184399    0.456505    0.047524
 O    0.368176   -0.386582   -1.090576
 C    1.433631   -1.114544   -0.549797
 C    2.073305   -0.154994    0.472284
 C   -0.646269    1.913310   -0.546062
 C   -2.533625   -0.937660    0.056604
 H    2.134747   -1.421764   -1.341330
 H    1.081547   -2.028850   -0.032074
 H    2.818089    0.492021   -0.033733
 H    2.600324   -0.696881    1.276444
 H   -1.470364    1.817677   -1.268121
 H    0.192963    2.403298   -1.061101
 H   -0.987612    2.583600    0.254949
 H   -1.525693   -0.220813    1.883205
 H   -2.207907   -1.258424   -0.940043
 H   -2.963855   -1.810831    0.571958
 H   -3.376016   -0.235246   -0.102343

1-_4-methylbenzenesulfonamido_pentan-2-yl_C_CCH.xyz
 C   -1.462881    2.564775   -0.656326
 C    0.687925    2.744297    0.700077
 C    2.216366    2.736154    0.622643
 C    0.021646    2.420161   -0.656567
 C   -2.391261    1.409033   -0.811323
 N   -2.363609    0.482891    0.351655
 S   -1.891774   -1.108377    0.250998
 O   -2.458029   -1.629795   -0.989584
 O   -2.193253   -1.677177    1.561804
 C   -0.101610   -1.143622    0.061211
 C    2.680554   -1.132730   -0.218812
 C    0.704103   -1.000737    1.191675
 C    0.461052   -1.298750   -1.201492
 C    1.849377   -1.289596   -1.331609
 C    2.084805   -0.992152    1.043567
 C    4.182295   -1.121828   -0.357054
 H    0.349740    2.013882    1.443164
 H    0.339844    3.724091    1.047423
 H    2.586579    1.763488    0.289276
 H    2.663553    2.949692    1.597539
 H    2.577852    3.491611   -0.082252
 H    0.300968    1.406090   -0.955413
 H    0.450832    3.097560   -1.410677
 H   -1.888236    3.548685   -0.482146
 H   -2.148415    0.806328   -1.693700
 H   -3.421686    1.748261   -0.940210
 H   -2.182541    0.892265    1.259858
 H    0.251640   -0.915857    2.172172
 H   -0.180395   -1.437058   -2.062632
 H    2.289775   -1.411876   -2.315195
 H    2.712660   -0.878415    1.921393
 H    4.488088   -1.149946   -1.404317
 H    4.611505   -0.224021    0.097721
 H    4.627911   -1.985246    0.146762

1-_4-methylbenzenesulfonamido_pentan-3-yl_C_CCH.xyz
 C   -3.026882    1.001473   -0.540994
 C   -4.332224    2.528277    1.005002
 C   -4.373385    1.419034   -0.053454
 C   -2.835567   -0.196185   -1.414374
 C   -1.429130   -0.795205   -1.313102
 N   -1.221172   -1.304342    0.051261
 S    0.286324   -1.911981    0.464655
 O    0.615702   -2.925778   -0.532020
 O    0.210627   -2.210067    1.891358
 C    1.439175   -0.546383    0.240947
 C    3.132346    1.643968   -0.145343
 C    2.170632   -0.444625   -0.938466
 C    1.544463    0.425608    1.236442
 C    2.385779    1.513183    1.034810
 C    3.012608    0.651232   -1.122469
 C    4.060887    2.817483   -0.337716
 H   -3.845245    3.426507    0.613688
 H   -5.339453    2.807670    1.324386
 H   -3.776400    2.204623    1.889607
 H   -4.986804    1.759145   -0.907414
 H   -4.907748    0.543453    0.340587
 H   -2.209303    1.718341   -0.477295
 H   -3.005628    0.069054   -2.472007
 H   -3.576865   -0.967250   -1.174419
 H   -1.312419   -1.631607   -2.002791
 H   -0.685191   -0.029617   -1.577175
 H   -1.548147   -0.664358    0.771087
 H    2.087361   -1.220577   -1.688888
 H    0.986978    0.319016    2.159417
 H    2.474222    2.268009    1.809489
 H    3.587812    0.730825   -2.038777
 H    3.581295    3.754966   -0.044613
 H    4.960132    2.705237    0.277071
 H    4.379578    2.908263   -1.377661

1-_4-methylbenzenesulfonamido_pentyl_C_CNH.xyz
 C    2.033579    1.547856    0.523515
 N    2.247280    0.551139   -0.420068
 C    1.445953    2.866452    0.149558
 C   -0.095737    2.976982    0.286231
 C   -0.880739    2.180976   -0.761251
 C   -2.397603    2.308555   -0.594734
 S    1.972389   -1.107804   -0.071964
 O    2.568352   -1.330870    1.238909
 O    2.403690   -1.818982   -1.270105
 C    0.198579   -1.258230    0.083795
 C   -2.588134   -1.153672    0.233175
 C   -0.410180   -0.879054    1.280242
 C   -0.561276   -1.606615   -1.032776
 C   -1.948185   -1.556626   -0.946354
 C   -1.799363   -0.825929    1.341874
 C   -4.092505   -1.095942    0.312266
 H    2.010321    0.765484   -1.383111
 H    2.346531    1.310784    1.530213
 H    1.901552    3.631965    0.786341
 H    1.723932    3.125385   -0.882213
 H   -0.369413    4.037495    0.213285
 H   -0.387819    2.648776    1.290614
 H   -0.591849    2.525751   -1.762927
 H   -0.608537    1.125339   -0.706148
 H   -2.726422    3.347710   -0.695522
 H   -2.928186    1.713561   -1.342902
 H   -2.711147    1.950834    0.390394
 H    0.196886   -0.632001    2.141310
 H   -0.067373   -1.906686   -1.948620
 H   -2.544330   -1.826549   -1.811627
 H   -2.277811   -0.519648    2.266150
 H   -4.502404   -2.065669    0.614561
 H   -4.423793   -0.355072    1.042920
 H   -4.531982   -0.840259   -0.654503

1-_4-methylbenzenesulfonyl_piperidin-2-yl_C_CNH.xyz
 C    2.197704    0.593884    1.099203
 N    1.971697   -0.169052   -0.042336
 C    1.806460    2.040618    1.146500
 C    1.293822    1.874335   -1.308384
 C    1.924257    2.742931   -0.214172
 C    1.987213    0.511291   -1.355249
 S    0.958530   -1.561992    0.092453
 O    1.233121   -2.122674    1.410440
 O    1.141359   -2.336153   -1.131643
 C   -0.704256   -0.893801    0.090738
 C   -3.189477    0.382697    0.033380
 C   -1.437740   -0.873957   -1.093339
 C   -1.197084   -0.297856    1.252802
 C   -2.431388    0.339552    1.212134
 C   -2.676797   -0.238282   -1.111334
 C   -4.541113    1.052204    0.016389
 H    2.403774    2.553669    1.906087
 H    0.756623    2.116819    1.483116
 H    1.383970    2.353085   -2.288474
 H    0.224836    1.735258   -1.111095
 H    2.981632    2.910525   -0.451355
 H    1.445617    3.725127   -0.171540
 H    3.038823    0.633056   -1.634733
 H    1.536468   -0.154955   -2.089263
 H    2.335431    0.026614    2.009231
 H   -1.044878   -1.357248   -1.979058
 H   -0.622350   -0.341285    2.169328
 H   -2.818560    0.805231    2.112592
 H   -3.252931   -0.225898   -2.030490
 H   -4.548371    1.947087    0.643198
 H   -5.311594    0.376287    0.402702
 H   -4.832311    1.340791   -0.995536

1-_4-methylbenzenesulfonyl_pyrrolidin-2-yl_C_CNH.xyz
 C    2.073330    1.149432    0.977738
 N    2.090182    0.250304   -0.084623
 C    1.722981    2.531687    0.521742
 C    1.119737    2.279720   -0.880068
 C    1.836180    1.001427   -1.343720
 S    1.264675   -1.268827    0.109297
 O    1.545738   -2.044511   -1.094050
 O    1.634314   -1.732778    1.441136
 C   -0.465407   -0.814924    0.108152
 C   -3.079680    0.168517    0.037534
 C   -1.201558   -0.906355   -1.073179
 C   -1.015222   -0.243678    1.257072
 C   -2.317091    0.245714    1.209659
 C   -2.503269   -0.417108   -1.097546
 C   -4.504274    0.663251    0.006656
 H    2.342657    0.814661    1.966422
 H    2.612801    3.176184    0.456287
 H    1.023951    3.032454    1.199578
 H    1.268590    3.112482   -1.569133
 H    0.046623    2.088769   -0.795089
 H    2.806878    1.218770   -1.797181
 H    1.266591    0.396803   -2.047389
 H   -0.759000   -1.366440   -1.947770
 H   -0.434603   -0.197607    2.169278
 H   -2.750720    0.688198    2.100312
 H   -3.083376   -0.495820   -2.011092
 H   -4.673659    1.446006    0.749051
 H   -5.199794   -0.154284    0.225490
 H   -4.767792    1.061139   -0.976096

1-__1,1-biphenyl_-4-yl_-2-_tert-butoxy_ethyl_C_CCH.xyz
 C    2.057940   -0.814316   -1.175139
 C    3.134174    0.207655   -1.363181
 C    0.704077   -0.574068   -0.883025
 C   -0.199070   -1.669353   -0.729640
 H    0.180121   -2.676848   -0.865616
 C   -1.530716   -1.475222   -0.429967
 H   -2.186609   -2.334319   -0.346662
 C   -2.066857   -0.179922   -0.266488
 C   -1.186910    0.910950   -0.417870
 H   -1.562956    1.917533   -0.272659
 C    0.150085    0.730248   -0.713203
 H    0.786000    1.601523   -0.810267
 O    4.358561   -0.177044   -0.736680
 H    2.814482    1.202248   -1.037456
 H    3.381367    0.294567   -2.429122
 C    4.590469    0.235525    0.633805
 C    3.423501   -0.142512    1.557573
 C    4.853332    1.748051    0.683604
 C    5.852365   -0.535527    1.027014
 H    2.512803    0.410988    1.319106
 H    3.687182    0.085945    2.594148
 H    3.201768   -1.209737    1.487264
 H    3.969358    2.322795    0.395731
 H    5.670922    2.012567    0.009075
 H    5.124278    2.055677    1.697149
 H    5.671792   -1.611576    0.973439
 H    6.158838   -0.283059    2.045458
 H    6.671042   -0.293280    0.345611
 H    2.383971   -1.845177   -1.279999
 C   -3.496014    0.022943    0.046274
 C   -4.187558   -0.869557    0.883171
 H   -3.657196   -1.702374    1.330500
 C   -5.535963   -0.681709    1.172197
 H   -6.046507   -1.378927    1.827496
 C   -6.227530    0.403333    0.633587
 H   -7.278232    0.547581    0.858061
 C   -5.555329    1.299148   -0.197750
 H   -6.084871    2.140713   -0.630725
 C   -4.206885    1.111328   -0.487251
 H   -3.704685    1.797541   -1.159344

1-__2,2,2-trifluoroacetyl_oxy_ethyl_C_COH.xyz
 C    2.281013    0.367790    0.085320
 C    3.386086   -0.603779   -0.040310
 O    1.015974   -0.176916    0.037868
 C   -0.053089    0.636385   -0.004052
 O   -0.044973    1.833118   -0.027753
 C   -1.340767   -0.221656   -0.004560
 F   -1.456071   -0.903556    1.152044
 F   -2.415640    0.554180   -0.143999
 F   -1.328239   -1.114677   -1.012000
 H    4.336637   -0.114844    0.180429
 H    3.451914   -1.024126   -1.055418
 H    3.257822   -1.445623    0.648245
 H    2.345694    1.439002   -0.036965

1-__2,2-dimethylpropanoyl_oxy_ethyl_C_COH.xyz
 C   -2.304871    0.402874    0.103481
 C    1.332704   -0.215341   -0.003932
 C    0.056014    0.626213    0.004941
 O   -0.012638    1.827646   -0.026734
 O   -1.057765   -0.174687    0.055159
 C   -3.433568   -0.541995   -0.050483
 C    2.546734    0.724410   -0.050991
 C    1.376438   -1.074221    1.279136
 C    1.322290   -1.128624   -1.250063
 H   -2.348084    1.468954   -0.067521
 H   -3.485581   -0.967099   -1.065647
 H   -3.347761   -1.385357    0.643844
 H   -4.378956   -0.031230    0.143864
 H    2.526306    1.354517   -0.942205
 H    3.466859    0.133795   -0.066189
 H    2.573908    1.382314    0.819892
 H    0.524795   -1.753994    1.335585
 H    1.373522   -0.444848    2.173580
 H    2.294170   -1.668937    1.290160
 H    1.280217   -0.538179   -2.169815
 H    0.469844   -1.809817   -1.240250
 H    2.239534   -1.723690   -1.275235

1-__tert-butoxy_carbonyl_azetidin-3-yl_C_CCH.xyz
 C    3.505621    0.632558    0.244002
 C    2.187886    1.294332   -0.059773
 C    2.921245   -0.738474    0.026163
 N    1.653483   -0.063049   -0.326896
 C    0.405258   -0.561321   -0.101268
 O    0.166553   -1.744373    0.049241
 O   -0.496952    0.447851   -0.096397
 C   -1.942413    0.180984    0.023075
 C   -2.247299   -0.485902    1.367559
 C   -2.542079    1.586216   -0.034006
 C   -2.416708   -0.661465   -1.163881
 H    2.154428    1.959586   -0.931868
 H    1.692501    1.802961    0.778248
 H    4.518099    1.001723    0.299777
 H    2.835237   -1.383379    0.911270
 H    3.345902   -1.334925   -0.791056
 H   -1.828372   -1.489748    1.414545
 H   -3.330246   -0.549487    1.504813
 H   -1.835304    0.108307    2.187468
 H   -2.165754    2.198650    0.788738
 H   -3.630722    1.532170    0.043605
 H   -2.284874    2.077180   -0.975449
 H   -1.974652   -1.656555   -1.143535
 H   -2.151404   -0.173549   -2.105221
 H   -3.505092   -0.760993   -1.127053

1-__tert-butoxy_carbonyl_piperidin-4-yl_C_CCH.xyz
 C   -3.429432    0.667633    0.601826
 C   -2.212536   -1.213044   -0.531312
 C   -1.484567    1.100466   -0.922666
 N   -1.090922   -0.286899   -0.677327
 C   -2.342199    1.630373    0.245439
 C   -3.107047   -0.791494    0.654064
 C    0.144167   -0.666287   -0.223239
 O    0.422578   -1.796928    0.135861
 O    1.012083    0.375243   -0.244932
 C    2.428251    0.201252    0.121457
 C    3.102625   -0.783968   -0.836807
 C    2.988419    1.611621   -0.069069
 C    2.547347   -0.234418    1.584714
 H   -4.365522    1.032535    1.008163
 H   -2.792179   -1.190378   -1.460642
 H   -1.814867   -2.215745   -0.392155
 H   -2.071891    1.120215   -1.847788
 H   -0.595048    1.706126   -1.067953
 H   -2.750366    2.614333   -0.006306
 H   -1.667902    1.783037    1.106661
 H   -4.017017   -1.399204    0.670040
 H   -2.557030   -1.028764    1.581518
 H    2.701602   -1.788713   -0.715051
 H    2.955806   -0.464681   -1.871993
 H    4.177513   -0.806304   -0.636977
 H    2.861551    1.939370   -1.103327
 H    4.054365    1.628121    0.171180
 H    2.475360    2.320400    0.585144
 H    2.001299    0.457851    2.231221
 H    2.154261   -1.238921    1.731719
 H    3.599063   -0.220297    1.883965

1-__tert-butoxy_carbonyl_pyrrolidin-2-yl_C_CNH.xyz
 C    2.436334   -1.066719    0.046884
 N    1.338886   -0.209581    0.021301
 C    3.681275   -0.277417   -0.193171
 C    3.257619    1.148859    0.227454
 C    1.755036    1.203357   -0.094954
 C    0.037942   -0.649102    0.032229
 O   -0.280103   -1.821894    0.091999
 O   -0.806837    0.409685   -0.032929
 C   -2.268628    0.220866   -0.011529
 C   -2.712971   -0.586428   -1.234380
 C   -2.695016   -0.435166    1.304423
 C   -2.785561    1.657659   -0.094277
 H    2.275445   -2.126654   -0.061110
 H    3.975050   -0.292359   -1.256289
 H    4.539213   -0.646498    0.374989
 H    3.815016    1.934022   -0.286008
 H    3.407206    1.275105    1.302953
 H    1.564352    1.556855   -1.113702
 H    1.183455    1.828248    0.589976
 H   -2.352341   -1.612239   -1.181972
 H   -3.805293   -0.599365   -1.284856
 H   -2.336393   -0.123737   -2.150363
 H   -2.309907    0.133912    2.154788
 H   -3.786705   -0.442235    1.367830
 H   -2.332087   -1.459546    1.371300
 H   -3.878316    1.663884   -0.086925
 H   -2.441595    2.135708   -1.014218
 H   -2.429956    2.244188    0.755866

1-__tert-butoxy_carbonyl_pyrrolidin-3-yl_C_CCH.xyz
 C   -3.662787   -0.228699   -0.025800
 N   -1.348420   -0.169946   -0.001687
 C   -2.466352   -1.117977   -0.067582
 C   -3.266913    1.196167    0.188679
 C   -1.774085    1.222119   -0.192875
 C   -0.064886   -0.616438    0.002728
 H   -2.413513   -1.824671    0.772376
 H   -2.418090   -1.728482   -0.982550
 H   -4.678153   -0.599509   -0.010182
 H   -3.394520    1.489588    1.243537
 H   -3.857538    1.904273   -0.401630
 H   -1.180270    1.890239    0.429622
 H   -1.639982    1.526984   -1.238209
 O    0.243581   -1.794383    0.055558
 O    0.800803    0.427534   -0.050281
 C    2.257164    0.216220    0.008173
 C    2.796906    1.646240   -0.042777
 C    2.722106   -0.582564   -1.212527
 C    2.641459   -0.461379    1.326568
 H    2.479294    2.142420   -0.962674
 H    3.889315    1.636709   -0.011736
 H    2.430739    2.226173    0.807583
 H    2.392640   -0.092801   -2.132563
 H    2.328528   -1.597391   -1.191171
 H    3.814738   -0.628646   -1.224654
 H    2.232233    0.096684    2.173040
 H    3.730638   -0.474433    1.424023
 H    2.272131   -1.484848    1.367278

1-_acetoxy_pentyl_C_COH.xyz
 C   -0.570061   -0.873178    0.652377
 C    0.518390   -0.563762   -0.319098
 C    1.835847   -0.177682    0.368399
 C    2.977271    0.076130   -0.622064
 C    4.291517    0.457122    0.065579
 O   -1.871500   -0.958356    0.196321
 C   -2.623164    0.159604   -0.099189
 O   -3.652596    0.017409   -0.693867
 C   -2.089017    1.483318    0.399632
 H   -0.391449   -1.528066    1.498832
 H    0.202993    0.235388   -1.001113
 H    0.689896   -1.442227   -0.965362
 H    1.675027    0.717008    0.981717
 H    2.129451   -0.974776    1.063269
 H    2.682817    0.873439   -1.315809
 H    3.128525   -0.819852   -1.236207
 H    5.082608    0.648997   -0.664227
 H    4.638194   -0.341947    0.728590
 H    4.172005    1.360629    0.671983
 H   -2.876106    2.228960    0.306842
 H   -1.230195    1.797145   -0.198403
 H   -1.755700    1.403560    1.436441

1-_acetyloxy_-2-_4-fluorophenyl_ethyl_C_COH.xyz
 C   -1.903208    1.416437    0.241228
 C   -1.871779   -1.155581    1.441573
 C   -2.564015   -0.919000    0.120880
 O   -3.183916   -1.740672   -0.490098
 O   -2.444570    0.347151   -0.426225
 C   -0.741725    2.072161   -0.429446
 C    0.491312    1.183368   -0.325816
 C    2.636997   -0.555258   -0.031658
 C    1.413703    1.356997    0.711566
 C    0.669979    0.114549   -1.212320
 C    1.744326   -0.762180   -1.072219
 C    2.495930    0.492121    0.866027
 F    3.686192   -1.402461    0.110605
 H   -0.841434   -0.794845    1.411718
 H   -1.892181   -2.223081    1.649647
 H   -2.390816   -0.629521    2.247894
 H   -2.078869    1.487132    1.307586
 H   -0.551633    3.039791    0.041807
 H   -0.983659    2.257096   -1.481322
 H    1.288577    2.179053    1.408570
 H   -0.040672   -0.038518   -2.016482
 H    1.893321   -1.590694   -1.753444
 H    3.220407    0.622211    1.660283

1-_acetyloxy_-2-_4-methoxyphenyl_ethyl_C_COH.xyz
 C    2.303544   -1.174372   -0.796768
 C    2.015740    1.603112   -0.158059
 C    3.340778    0.892035   -0.039800
 O    4.338949    1.370613    0.417236
 O    3.408307   -0.397276   -0.539246
 C    1.382426   -1.575508    0.316669
 C   -0.023563   -0.984318    0.285570
 C   -2.636188    0.075931    0.266308
 C   -0.672783   -0.639160    1.477763
 C   -0.711103   -0.789414   -0.910368
 C   -2.005751   -0.265369   -0.933626
 C   -1.958226   -0.115517    1.475966
 O   -3.893273    0.597042    0.365225
 C   -4.636394    0.813874   -0.826591
 H    1.500845    1.343967   -1.084315
 H    2.200293    2.674505   -0.103154
 H    1.357071    1.318994    0.665893
 H    2.455771   -1.796682   -1.669183
 H    1.855737   -1.322330    1.271236
 H    1.296177   -2.671251    0.305601
 H   -0.162019   -0.777975    2.425748
 H   -0.233816   -1.038882   -1.851912
 H   -2.503177   -0.129610   -1.884619
 H   -2.455526    0.156120    2.399350
 H   -4.802741   -0.122986   -1.369850
 H   -4.136846    1.534097   -1.484167
 H   -5.594524    1.221244   -0.508727

1-_acetyloxy_-2-methylpropyl_C_COH.xyz
 C    0.447006    0.139654    0.893629
 C   -1.721255    1.366823   -0.472746
 C   -1.804104   -0.062258    0.012623
 O   -2.716652   -0.805407   -0.210591
 O   -0.765090   -0.515559    0.796890
 C    1.405237    0.076919   -0.256244
 C    1.814449   -1.385520   -0.555951
 C    2.630639    0.955449    0.034489
 H   -1.265476    2.018673    0.274258
 H   -2.726943    1.702704   -0.718266
 H   -1.110300    1.415595   -1.377777
 H    0.814153    0.145575    1.915397
 H    0.910359    0.464599   -1.156486
 H    2.367525   -1.810820    0.286839
 H    2.456012   -1.427629   -1.441261
 H    0.938132   -2.011443   -0.736574
 H    3.154486    0.603604    0.928901
 H    3.337859    0.922187   -0.798028
 H    2.346300    1.998278    0.197811

1-_acetyloxy_-2-phenylethyl_C_COH.xyz
 C    1.426694    1.575178    0.115283
 C    1.588239   -0.840750    1.531151
 C    2.196693   -0.723874    0.156013
 O    2.771302   -1.597045   -0.426017
 O    2.063880    0.503203   -0.471343
 C    0.126729    1.987139   -0.491004
 C   -0.926524    0.901111   -0.334312
 C   -2.751528   -1.196049    0.052192
 C   -1.830830    0.932222    0.732202
 C   -0.949558   -0.191304   -1.207328
 C   -1.854227   -1.234452   -1.014668
 C   -2.740705   -0.106972    0.923712
 H    2.038650   -0.115196    2.213393
 H    1.759519   -1.849607    1.900884
 H    0.517021   -0.633637    1.487734
 H    2.046614    2.223687    0.724315
 H    0.267535    2.208436   -1.559734
 H   -0.205487    2.912056   -0.013134
 H   -3.455157   -2.006853    0.202675
 H   -1.819036    1.772854    1.419011
 H   -0.246152   -0.230561   -2.031448
 H   -1.856227   -2.077024   -1.696943
 H   -3.438636   -0.066915    1.752687

1-_acetyloxy_ethyl_C_COH.xyz
 C    1.327639    0.393289   -0.099718
 C   -2.096739   -0.898328    0.015869
 C   -1.030540    0.162663    0.000661
 O   -1.202671    1.353140    0.027162
 O    0.213725   -0.413839   -0.047721
 C    2.617944   -0.315990    0.047278
 H   -3.076611   -0.426367    0.045668
 H   -2.011924   -1.526827   -0.874005
 H   -1.968149   -1.544839    0.887348
 H    1.164396    1.449418    0.058882
 H    2.745012   -0.745206    1.053747
 H    3.445965    0.374087   -0.126800
 H    2.703060   -1.144490   -0.664912

1-_acetyloxy_pentyl_C_COH.xyz
 C   -0.571077   -0.856638    0.665545
 C    0.521499   -0.578002   -0.310452
 C    1.835477   -0.167326    0.369808
 C    2.983162    0.049694   -0.622355
 C    4.288586    0.471136    0.058634
 O   -1.870276   -0.953890    0.204872
 C   -2.624287    0.158646   -0.103300
 O   -3.652218    0.008426   -0.698540
 C   -2.093327    1.487417    0.384993
 H   -0.396652   -1.485055    1.532743
 H    0.207731    0.197616   -1.019854
 H    0.697160   -1.476901   -0.926623
 H    1.672295    0.749455    0.948787
 H    2.124648   -0.938330    1.095264
 H    2.689192    0.813224   -1.353263
 H    3.145522   -0.871650   -1.194487
 H    5.085049    0.636713   -0.671766
 H    4.635322   -0.294508    0.759973
 H    4.156347    1.399801    0.622972
 H   -2.870275    2.237912    0.254741
 H   -1.212374    1.782020   -0.189780
 H   -1.794209    1.423865    1.433399

1-_aminosulfinyl_ethyl_C_CSH.xyz
 C    0.965377   -0.548494    0.390471
 C    2.263685   -0.012109   -0.098494
 S   -0.563391   -0.109693   -0.390983
 O   -1.597808   -1.015083    0.200294
 N   -0.770330    1.483072    0.255665
 H    2.137490    0.927432   -0.644319
 H    2.946328    0.170319    0.738078
 H    2.769629   -0.719219   -0.771346
 H    0.890700   -1.394607    1.066222
 H   -0.327960    1.662711    1.150697
 H   -0.601539    2.211220   -0.427475

1-_benzenesulfinyl_ethyl_C_CSH.xyz
 C   -2.071125    0.497802    0.735644
 C   -2.157419    1.975665    0.610452
 S   -1.448653   -0.518237   -0.582120
 O   -1.702988   -1.957681   -0.191149
 C    0.334801   -0.186405   -0.262414
 C    3.020591    0.272914    0.225359
 C    1.065504   -1.137043    0.441521
 C    0.923240    0.980747   -0.744425
 C    2.274900    1.210353   -0.491429
 C    2.417870   -0.898569    0.685281
 H   -2.959769    2.371753    1.238972
 H   -1.223551    2.462114    0.930464
 H   -2.346418    2.286456   -0.421881
 H   -2.254860   -0.044173    1.657899
 H    4.072781    0.450983    0.415618
 H    0.572910   -2.045400    0.770199
 H    0.342984    1.696382   -1.317344
 H    2.746244    2.113727   -0.861630
 H    3.001852   -1.631377    1.230893

1-_benzenesulfonyl_ethyl_C_CSH.xyz
 C   -1.938389    0.257034    1.086743
 C   -2.376921    1.671855    1.080188
 S   -1.220182   -0.502197   -0.338823
 O   -1.416779   -1.950488   -0.208350
 O   -1.680935    0.237399   -1.521164
 C    0.541501   -0.169828   -0.147857
 C    3.233301    0.366679    0.191517
 C    1.338476   -1.093370    0.527968
 C    1.068521    1.014382   -0.663091
 C    2.424273    1.278925   -0.487456
 C    2.692794   -0.817048    0.695735
 H   -1.574343    2.338772    1.430955
 H   -3.226344    1.812982    1.754404
 H   -2.658332    1.990155    0.074258
 H   -1.934118   -0.370144    1.970540
 H    4.288925    0.575431    0.322248
 H    0.901745   -2.015465    0.891346
 H    0.428236    1.695167   -1.210005
 H    2.850629    2.190272   -0.889987
 H    3.326891   -1.529092    1.211034

1-_benzoyloxy_ethyl_C_COH.xyz
 C   -2.995850    0.106032   -0.077264
 C   -3.937508   -1.025847    0.062587
 O   -1.668901   -0.228986   -0.031516
 C   -0.728606    0.770034   -0.012849
 O   -1.025527    1.940905   -0.005781
 C    0.652577    0.229178   -0.004117
 C    3.295150   -0.674367    0.010293
 C    1.711313    1.146780    0.021393
 C    0.925819   -1.145644   -0.022452
 C    2.243859   -1.591786   -0.015258
 C    3.026303    0.695169    0.028749
 H   -3.703302   -1.831735   -0.642406
 H   -4.958335   -0.688208   -0.126692
 H   -3.911923   -1.465892    1.071894
 H   -3.235730    1.154173    0.022934
 H    4.320854   -1.026129    0.015726
 H    1.483580    2.205385    0.034656
 H    0.107989   -1.853575   -0.042485
 H    2.452003   -2.655549   -0.030032
 H    3.841963    1.408880    0.048289

1-_bis_propan-2-yl_amino_ethyl_C_CNH.xyz
 C    0.027765    1.599901    0.195091
 N    0.021359    0.255869   -0.173115
 C   -1.250239   -0.481090   -0.046212
 C   -1.919128   -0.341182    1.333645
 C   -2.214575   -0.095692   -1.177378
 C    1.269973   -0.518996   -0.085669
 C    1.469619   -1.193133    1.283734
 C    1.401809   -1.517526   -1.243345
 C    1.203136    2.480499   -0.094798
 H   -1.000999   -1.535834   -0.179678
 H   -2.258982    0.681458    1.511453
 H   -1.232277   -0.607820    2.138475
 H   -2.790708   -0.999895    1.391946
 H   -2.497720    0.958241   -1.112610
 H   -1.748664   -0.261049   -2.151250
 H   -3.129522   -0.692564   -1.120911
 H    2.074995    0.206047   -0.210102
 H    0.744116   -1.995568    1.447874
 H    1.360577   -0.460095    2.086528
 H    2.468823   -1.633907    1.351597
 H    2.391507   -1.982787   -1.224238
 H    1.276380   -1.008731   -2.201754
 H    0.664625   -2.323794   -1.186347
 H   -0.949883    2.064955    0.193627
 H    0.945810    3.514254    0.146653
 H    2.093332    2.231400    0.495913
 H    1.508910    2.457917   -1.155774

1-_diethylamino_ethyl_C_CNH.xyz
 C    1.124259   -0.982786   -0.375194
 C   -2.516596   -0.517435    0.343123
 C   -1.276771   -0.715912   -0.527438
 N   -0.020062   -0.377121    0.147314
 C    2.470110   -0.726841    0.222783
 C    0.098934    1.000262    0.634568
 C    0.231381    2.057590   -0.472157
 H   -2.717236    0.536428    0.551851
 H   -2.409376   -1.040569    1.297254
 H   -3.394476   -0.917880   -0.171374
 H   -1.383391   -0.151783   -1.467574
 H   -1.205048   -1.769454   -0.808514
 H    0.941267   -1.949234   -0.830784
 H    3.213934   -1.349238   -0.279302
 H    2.515933   -0.966429    1.299537
 H    2.800132    0.314092    0.118251
 H    0.964309    1.047424    1.297804
 H   -0.770641    1.217618    1.257748
 H    1.087561    1.836712   -1.113643
 H   -0.661210    2.092493   -1.102022
 H    0.370775    3.050391   -0.034534

1-_diethylboranyl_ethyl_C_CBH.xyz
 C   -0.701052   -1.346170   -0.292645
 B    0.163557   -0.088360   -0.096997
 C   -2.095475   -1.561556    0.190426
 C   -0.401598    1.180231    0.664543
 C   -1.201392    2.064274   -0.328481
 C    1.636313   -0.051817   -0.676195
 C    2.655921   -0.405458    0.436899
 H   -0.287613   -2.192445   -0.845794
 H   -2.478586   -0.721989    0.773091
 H   -2.165288   -2.468626    0.807343
 H   -2.780986   -1.731176   -0.652849
 H    0.411639    1.781743    1.087400
 H   -1.059335    0.914105    1.500909
 H   -0.576881    2.379992   -1.169984
 H   -1.582389    2.968516    0.155914
 H   -2.058777    1.525366   -0.743304
 H    1.876543    0.950080   -1.055571
 H    1.773168   -0.749224   -1.511544
 H    2.576776    0.281438    1.285426
 H    3.684464   -0.354953    0.067241
 H    2.493175   -1.418044    0.819423

1-_dimethyl_methylamino_silyl_ethyl_C_CHSi.xyz
 C   -1.779980    0.183220   -0.390353
 N    0.821877   -1.066673   -0.497588
Si    0.023934    0.409585   -0.011881
 C    2.196932   -1.419464   -0.153964
 C    0.334931    0.622708    1.839874
 C    0.647934    1.961500   -0.891916
 C   -2.580171   -1.026302   -0.018858
 H    0.527387   -1.465719   -1.378933
 H    2.355765   -2.497043   -0.260169
 H    2.389798   -1.171183    0.892567
 H    2.955471   -0.904562   -0.762419
 H    1.396642    0.778004    2.057847
 H   -0.206969    1.494829    2.217821
 H   -0.000265   -0.254482    2.400668
 H    0.474159    1.906798   -1.970930
 H    0.146147    2.859820   -0.516128
 H    1.723082    2.094959   -0.732990
 H   -2.339922    0.997229   -0.850791
 H   -3.322623   -0.788765    0.758101
 H   -1.950984   -1.835927    0.358871
 H   -3.153774   -1.411427   -0.872765

1-_dimethylamino_-2-_4-chlorophenyl_propan-2-yl_C_CCC.xyz
 C   -1.372229    1.086615   -0.336130
 C   -2.447092    0.131318   -0.794249
 C   -1.769913    2.512474   -0.086902
 C   -0.020180    0.655536   -0.214090
 C    1.041950    1.569288    0.041266
 H    0.831709    2.626466    0.140400
 C    2.357951    1.149681    0.147498
 H    3.149948    1.864368    0.333813
 C    2.660479   -0.205366    0.008192
Cl    4.328980   -0.745157    0.153935
 C    1.652201   -1.139094   -0.240590
 H    1.901253   -2.188545   -0.336139
 C    0.339060   -0.716912   -0.350765
 H   -0.441408   -1.450546   -0.499564
 N   -2.757322   -0.937074    0.169404
 H   -2.133797   -0.361033   -1.723670
 H   -2.835179    2.579151    0.145407
 H   -1.595488    3.149699   -0.966959
 H   -1.219318    2.960575    0.744687
 C   -3.178269   -0.411677    1.461643
 C   -3.729159   -1.871835   -0.378949
 H   -3.356857    0.711421   -1.037926
 H   -2.390828    0.218671    1.879875
 H   -3.352766   -1.239483    2.152844
 H   -4.107813    0.185885    1.399339
 H   -3.352023   -2.293329   -1.314650
 H   -4.710271   -1.403614   -0.586448
 H   -3.887369   -2.692659    0.324718

1-_dimethylamino_-2-_4-fluorophenyl_propan-2-yl_C_CCC.xyz
 C   -0.892334    1.082114   -0.371081
 C   -2.040528    0.208248   -0.808615
 C   -1.150409    2.546331   -0.157563
 C    0.417920    0.540252   -0.210839
 C    1.537597    1.370518    0.080011
 H    1.403439    2.439309    0.185495
 C    2.816006    0.850922    0.218171
 H    3.664993    1.488146    0.433632
 C    3.002334   -0.517860    0.074586
 F    4.251691   -1.029844    0.213290
 C    1.946191   -1.378899   -0.201598
 H    2.132891   -2.441938   -0.294419
 C    0.670986   -0.855834   -0.340695
 H   -0.160442   -1.525508   -0.509898
 N   -2.434157   -0.809265    0.178950
 H   -1.770230   -0.329776   -1.726857
 H   -2.219124    2.763791   -0.183140
 H   -0.673276    3.167590   -0.928690
 H   -0.763203    2.895829    0.806808
 C   -2.837595   -0.215234    1.446651
 C   -3.459642   -1.692987   -0.356013
 H   -2.900831    0.853059   -1.066534
 H   -2.018316    0.380679    1.853936
 H   -3.071834   -1.005559    2.163598
 H   -3.726703    0.436809    1.349874
 H   -3.097159   -2.173293   -1.268820
 H   -4.402396   -1.166188   -0.597773
 H   -3.687090   -2.474926    0.372444

1-_dimethylamino_-2-_4-methoxyphenyl_propan-2-yl_C_CCC.xyz
 C   -1.356251    1.070950   -0.383270
 C   -2.495641    0.170852   -0.788644
 C   -1.650416    2.523979   -0.138815
 C   -0.031923    0.561657   -0.263369
 C    1.076805    1.405426    0.012304
 H    0.923673    2.470184    0.135741
 C    2.372995    0.915263    0.119612
 H    3.180889    1.605069    0.326432
 C    2.618233   -0.452862   -0.044138
 O    3.847598   -1.039489    0.042191
 C    1.542730   -1.316317   -0.312949
 H    1.747658   -2.374824   -0.423751
 C    0.258393   -0.827760   -0.418063
 H   -0.557606   -1.517850   -0.583764
 N   -2.850623   -0.845817    0.216990
 H   -2.239164   -0.371585   -1.707993
 H   -2.726054    2.702633   -0.092223
 H   -1.248691    3.169814   -0.933207
 H   -1.215047    2.881516    0.801796
 C   -3.190813   -0.255485    1.503565
 C   -3.906662   -1.718554   -0.273697
 H   -3.374760    0.797097   -1.030956
 H   -2.347150    0.327847    1.877619
 H   -3.403206   -1.048330    2.224598
 H   -4.075410    0.408668    1.451779
 H   -3.590338   -2.200389   -1.202980
 H   -4.852965   -1.179439   -0.472836
 H   -4.111045   -2.500802    0.461505
 C    4.970319   -0.219676    0.334689
 H    4.860987    0.274043    1.306764
 H    5.126577    0.537045   -0.442395
 H    5.828602   -0.888898    0.364060

1-_dimethylamino_-2-_4-methylphenyl_propan-2-yl_C_CCC.xyz
 C   -0.943904    1.064481   -0.377424
 C   -2.068711    0.161816   -0.817880
 C   -1.241651    2.522531   -0.171260
 C    0.376264    0.552748   -0.212460
 C    1.478007    1.400843    0.091814
 H    1.320324    2.465317    0.213174
 C    2.762339    0.900043    0.230690
 H    3.574272    1.583237    0.461547
 C    3.037840   -0.466994    0.079249
 C    4.443274   -1.000316    0.190740
 C    1.957735   -1.317162   -0.207430
 H    2.136634   -2.383266   -0.312082
 C    0.668283   -0.834553   -0.349007
 H   -0.143703   -1.527503   -0.522786
 N   -2.461544   -0.841865    0.185816
 H   -1.776569   -0.389901   -1.720537
 H   -2.317706    2.704230   -0.146084
 H   -0.825868    3.145236   -0.976600
 H   -0.819341    2.902733    0.765685
 C   -2.851392   -0.232978    1.449949
 C   -3.496750   -1.723263   -0.333478
 H   -2.937394    0.784306   -1.100466
 H   -2.024153    0.360991    1.842632
 H   -3.083510   -1.015442    2.176181
 H   -3.737415    0.424008    1.355229
 H   -3.143627   -2.211646   -1.245750
 H   -4.437608   -1.191532   -0.574201
 H   -3.725918   -2.498805    0.401575
 H    4.451306   -2.030221    0.557143
 H    5.049551   -0.394340    0.868692
 H    4.943536   -0.997532   -0.785086

1-_dimethylamino_-2-phenylpropan-2-yl_C_CCC.xyz
 C   -0.376605    1.032346   -0.405889
 C   -1.624805    0.300304   -0.831824
 C   -0.451102    2.523026   -0.229709
 C    0.849930    0.333183   -0.197688
 C    2.050405    1.024120    0.132980
 H    2.037358    2.101579    0.237280
 C    3.246772    0.348001    0.318057
 H    4.143659    0.905785    0.565465
 C    3.304794   -1.042806    0.187772
 H    4.241119   -1.568671    0.335288
 C    2.138411   -1.747691   -0.129401
 H    2.170321   -2.828155   -0.221736
 C    0.936678   -1.083508   -0.316450
 H    0.038415   -1.649504   -0.519664
 N   -2.147831   -0.632783    0.179039
 H   -1.423599   -0.291051   -1.734636
 H   -1.475900    2.880455   -0.340379
 H    0.164723    3.056924   -0.966238
 H   -0.095328    2.838577    0.759006
 C   -2.451425    0.032882    1.437704
 C   -3.291246   -1.374352   -0.331227
 H   -2.395352    1.042860   -1.109340
 H   -1.555348    0.524411    1.821771
 H   -2.776067   -0.706081    2.174057
 H   -3.248900    0.794959    1.339988
 H   -3.011504   -1.907444   -1.243942
 H   -4.157786   -0.726112   -0.564631
 H   -3.611830   -2.112083    0.408488

1-_diphenylamino_ethyl_C_CNH.xyz
 C    0.033142    2.199101   -0.238001
 C    1.175124    3.000998    0.284491
 N   -0.042801    0.820511   -0.086270
 C    1.141478    0.038299   -0.008573
 C    3.498792   -1.466702    0.174344
 C    2.197015    0.266489   -0.900117
 C    1.272936   -0.953165    0.974500
 C    2.441385   -1.702157    1.056870
 C    3.368944   -0.478810   -0.801683
 C   -1.307262    0.184134   -0.072320
 C   -3.838097   -1.036461   -0.109449
 C   -1.477274   -1.085050   -0.649832
 C   -2.419970    0.834189    0.482812
 C   -3.672341    0.226463    0.457929
 C   -2.730425   -1.686407   -0.658194
 H    1.549865    2.594877    1.230765
 H    2.040738    3.053421   -0.392543
 H    0.848998    4.030136    0.459757
 H   -0.807218    2.665802   -0.732106
 H    4.410976   -2.047219    0.247633
 H    2.082867    1.017041   -1.672158
 H    0.456903   -1.125012    1.665899
 H    2.533271   -2.464460    1.822550
 H    4.178271   -0.294876   -1.499528
 H   -4.813536   -1.508316   -0.124213
 H   -0.627766   -1.589319   -1.092808
 H   -2.288507    1.803621    0.947362
 H   -4.520247    0.740486    0.897269
 H   -2.845683   -2.665290   -1.110628

1-_ethanesulfinyl_ethyl_C_CSH.xyz
 C   -1.564217    0.191183    0.386724
 C    2.408733   -0.849145   -0.085264
 C    0.958044   -0.914648    0.376367
 S   -0.004489    0.499847   -0.379802
 C   -2.484604   -0.860602   -0.127715
 O    0.576581    1.774823    0.193739
 H    2.489582   -0.953927   -1.170608
 H    2.984463   -1.655002    0.377759
 H    2.858876    0.102226    0.204299
 H    0.456393   -1.833664    0.062649
 H    0.860652   -0.795244    1.457419
 H   -1.878979    0.963818    1.080425
 H   -2.926851   -1.428038    0.699052
 H   -3.318898   -0.428749   -0.698034
 H   -1.973785   -1.568286   -0.786721

1-_ethanesulfonyl_ethyl_C_CSH.xyz
 C   -1.454727   -0.634927   -0.521565
 C   -2.750812   -0.395965    0.157607
 S   -0.011891    0.258323   -0.022539
 O   -0.162138    0.612905    1.396763
 O    0.240816    1.319370   -1.013858
 C    1.332154   -0.965253   -0.169367
 C    2.675874   -0.320123    0.160940
 H   -2.603155   -0.149550    1.210759
 H   -3.394513   -1.276282    0.073319
 H   -3.289510    0.443953   -0.306388
 H   -1.380484   -1.105429   -1.496278
 H    1.294607   -1.334514   -1.196990
 H    1.076348   -1.772966    0.519153
 H    2.894217    0.498751   -0.526086
 H    3.467848   -1.067434    0.073786
 H    2.680541    0.069715    1.180416

1-_ethylamino_ethyl_C_CNH.xyz
 C    1.239869    0.490426    0.002075
 C   -2.423368   -0.373907    0.109622
 C   -1.218074    0.527838   -0.141399
 N    0.033928   -0.206628    0.014257
 C    2.507258   -0.298967    0.016102
 H   -3.354397    0.186726   -0.007636
 H   -2.393422   -0.792370    1.118689
 H   -2.447692   -1.205607   -0.602486
 H   -1.207947    1.348207    0.583521
 H   -1.289415    0.988815   -1.139307
 H    0.055293   -1.071153   -0.514705
 H    1.207806    1.456691    0.495743
 H    2.655066   -0.854998    0.958011
 H    3.370839    0.356839   -0.115686
 H    2.532261   -1.039092   -0.794333

1-_furan-2-yl_ethyl_C_CCH.xyz
 C    0.405295    1.102830   -0.001650
 C   -2.692573    0.301840    0.001780
 C   -1.507024   -0.607270   -0.002915
 C   -0.199542   -0.168086   -0.001918
 O    0.814216   -1.121153   -0.000114
 C    2.002052   -0.458046    0.001690
 C    1.802981    0.896916    0.000909
 H   -3.359365    0.087753   -0.842008
 H   -3.290825    0.172172    0.912673
 H   -2.408845    1.354372   -0.058805
 H   -1.671055   -1.679230    0.001264
 H    2.886880   -1.072151    0.002604
 H    2.575676    1.649893    0.000836
 H   -0.113336    2.047306   -0.003029

1-_methoxysulfonyl_ethyl_C_CSH.xyz
 C    1.221171    0.295596    0.785528
 C    2.222697    1.035463   -0.019214
 S   -0.081656   -0.588169    0.007061
 O    0.458158   -1.396357   -1.071421
 O   -0.937538   -1.153727    1.041595
 O   -0.901915    0.603706   -0.769884
 C   -1.825780    1.402732    0.003357
 H    3.018666    0.360209   -0.364713
 H    2.690951    1.819206    0.581110
 H    1.773089    1.482777   -0.908888
 H    1.322988    0.090678    1.844099
 H   -2.599117    0.773306    0.443492
 H   -2.259521    2.096887   -0.713666
 H   -1.298727    1.955932    0.785238

1-_methyl_phenyl_amino_ethyl_C_CNH.xyz
 C   -2.007683   -0.761083   -0.328784
 C   -1.683892    1.615222    0.241742
 N   -1.155294    0.269521    0.045065
 C   -3.466858   -0.748481   -0.029643
 C    0.234105    0.089747    0.027780
 C    3.034454   -0.295005   -0.019047
 C    1.112557    1.178872   -0.140590
 C    0.792657   -1.196442    0.177083
 C    2.169808   -1.377853    0.150387
 C    2.490150    0.980615   -0.159476
 H   -1.142222    2.117086    1.045304
 H   -2.732689    1.558609    0.523133
 H   -1.607083    2.221487   -0.670917
 H   -1.566175   -1.563597   -0.899990
 H   -3.677530   -0.571725    1.034592
 H   -4.036454    0.005414   -0.595201
 H   -3.892886   -1.720670   -0.286658
 H    4.107621   -0.442591   -0.037654
 H    0.726778    2.180281   -0.276822
 H    0.142312   -2.043899    0.349242
 H    2.571493   -2.377299    0.278871
 H    3.142102    1.836710   -0.296071

1-_methylamino_ethyl_C_CNH.xyz
 C    0.540828    0.465547    0.076745
 C    1.925777   -0.088585    0.014944
 N   -0.523575   -0.404581   -0.145187
 C   -1.882573    0.082024    0.041746
 H    2.656010    0.667462    0.312071
 H    2.203027   -0.437869   -0.994538
 H    2.049348   -0.944818    0.690876
 H    0.359575    1.489468   -0.235737
 H   -0.374048   -1.336946    0.219981
 H   -2.096528    0.374237    1.080485
 H   -2.592832   -0.689338   -0.262178
 H   -2.043724    0.955952   -0.595253

1-_methylsulfamoyl_ethyl_C_CSH.xyz
 C   -1.157048    0.485025    0.761090
 C   -2.262112    1.086271   -0.025468
 S    0.031392   -0.581761    0.020826
 O   -0.629834   -1.318756   -1.052899
 O    0.749762   -1.238157    1.107610
 N    1.154901    0.392174   -0.761996
 C    2.010492    1.296578    0.010668
 H   -2.001613    2.096161   -0.377432
 H   -3.159200    1.189823    0.591920
 H   -2.503376    0.476518   -0.898693
 H   -0.952095    0.738097    1.794160
 H    0.775761    0.763974   -1.625549
 H    1.474282    2.159711    0.422567
 H    2.805331    1.653048   -0.646001
 H    2.466924    0.733690    0.824351

1-_methylsulfanyl_ethyl_C_CSH.xyz
 C   -0.951017   -0.600823   -0.250101
 C   -1.820484    0.564540    0.096490
 S    0.748581   -0.695681    0.104271
 C    1.313155    1.033264   -0.090319
 H   -1.923155    0.698263    1.185298
 H   -1.436756    1.508058   -0.304667
 H   -2.823849    0.419277   -0.311420
 H   -1.393014   -1.580430   -0.391098
 H    1.085322    1.398888   -1.092678
 H    2.394314    1.016852    0.049587
 H    0.869916    1.688108    0.660222

1-_N-methylacetamido_ethyl_C_CNH.xyz
 C   -1.254161   -0.697621   -0.100024
 C   -0.405406    1.607646   -0.032834
 N   -0.167331    0.164226    0.003406
 C   -2.657640   -0.227844    0.056321
 C    1.119496   -0.379481    0.011868
 O    1.287150   -1.590416    0.003740
 C    2.298584    0.578502    0.025082
 H   -0.664860    1.940152   -1.043756
 H   -1.223695    1.868374    0.638797
 H    0.476731    2.147488    0.294863
 H   -0.993438   -1.743355   -0.097314
 H   -3.336070   -1.064052   -0.120566
 H   -2.875805    0.154063    1.067238
 H   -2.932329    0.568794   -0.646373
 H    2.331072    1.176187    0.941125
 H    2.286247    1.266105   -0.825633
 H    3.201022   -0.027225   -0.024614

1-_N-phenylacetamido_ethyl_C_CNH.xyz
 C    1.560047    1.539731   -0.102120
 C    0.719552    2.709105    0.275871
 N    1.064273    0.237357   -0.023047
 C   -0.359879    0.036119   -0.017293
 C   -3.121265   -0.331382   -0.014488
 C   -1.022229   -0.234647    1.178093
 C   -1.075331    0.137951   -1.210641
 C   -2.456109   -0.046926   -1.207633
 C   -2.403532   -0.424193    1.177318
 C    1.948257   -0.849658   -0.045975
 C    1.331933   -2.235137   -0.054026
 O    3.155383   -0.671775   -0.061022
 H    0.463936    2.711458    1.347867
 H    1.264561    3.631487    0.067448
 H   -0.230448    2.748101   -0.267459
 H    2.636349    1.593779   -0.156136
 H   -4.195288   -0.477943   -0.014026
 H   -0.452550   -0.294318    2.098231
 H   -0.542295    0.360130   -2.127958
 H   -3.011729    0.028753   -2.135441
 H   -2.918232   -0.638299    2.107027
 H    0.891943   -2.474144    0.918161
 H    0.542650   -2.335790   -0.801468
 H    2.129460   -2.946287   -0.261368

1-_phenylamino_ethyl_C_CNH.xyz
 C   -2.344397    0.469267   -0.022957
 C   -3.743542   -0.042186    0.033478
 N   -1.314150   -0.449421   -0.041669
 C    0.052091   -0.197164   -0.029254
 C    2.836320    0.231507    0.029729
 C    0.573661    1.108910   -0.039770
 C    0.948336   -1.282944    0.000729
 C    2.318768   -1.067442    0.028300
 C    1.951763    1.308099   -0.006063
 H   -4.453258    0.775733   -0.104530
 H   -3.987888   -0.526695    0.994446
 H   -3.939384   -0.779612   -0.755455
 H   -2.104156    1.461331    0.331597
 H   -1.575055   -1.419067   -0.149505
 H    3.906495    0.397386    0.054475
 H   -0.089271    1.962274   -0.090570
 H    0.559144   -2.296870    0.009720
 H    2.989199   -1.919538    0.052263
 H    2.335224    2.322719   -0.015902

1-_phenylsulfamoyl_ethyl_C_CSH.xyz
 C    1.640166    0.727854    1.165299
 C    1.949745    2.149749    0.882925
 S    1.722721   -0.494746   -0.092143
 O    2.855183   -0.212155   -0.969939
 O    1.537978   -1.788931    0.550360
 N    0.369542   -0.220435   -1.093474
 C   -0.948503   -0.116395   -0.569403
 C   -3.560193    0.096621    0.405068
 C   -1.706696    1.029638   -0.831487
 C   -1.498943   -1.159588    0.182358
 C   -2.796122   -1.039531    0.674214
 C   -3.012830    1.127048   -0.357583
 H    2.602947    2.251671    0.014190
 H    2.438910    2.612017    1.745689
 H    1.029413    2.723154    0.694793
 H    1.199451    0.383474    2.092391
 H    0.604856    0.471339   -1.796588
 H   -4.573276    0.175051    0.781500
 H   -1.274622    1.840478   -1.409456
 H   -0.909314   -2.046442    0.372138
 H   -3.217576   -1.849731    1.258325
 H   -3.596145    2.014283   -0.576103

1-_phenylsulfanyl_ethyl_C_CSH.xyz
 C   -2.267520    0.473460    0.372890
 C   -3.743361    0.498844    0.146266
 S   -1.338898   -0.838488   -0.287722
 C    0.351598   -0.276515   -0.109431
 C    3.032074    0.488810    0.105651
 C    0.708019    1.069519   -0.245104
 C    1.339993   -1.238457    0.127827
 C    2.675050   -0.854091    0.226108
 C    2.044056    1.445833   -0.126222
 H   -3.999220    0.228677   -0.882969
 H   -4.287514   -0.193264    0.807377
 H   -4.136938    1.500746    0.340386
 H   -1.820680    1.032063    1.188131
 H    4.070492    0.787244    0.191314
 H   -0.054353    1.810096   -0.452397
 H    1.061500   -2.279826    0.243538
 H    3.435035   -1.605351    0.409335
 H    2.314596    2.491006   -0.229073

1-_sodiooxy_ethyl_C_COH.xyz
 C   -1.004095    0.562139    0.088128
 O    0.171139    0.398082   -0.256581
 H   -1.306940    1.520200    0.544288
 C   -2.045759   -0.510577    0.013900
 H   -1.745330   -1.299963   -0.676243
 H   -3.013977   -0.097654   -0.284554
 H   -2.183299   -0.956260    1.011651
Na    2.289050   -0.241850    0.076849

1-_sodiooxy_pentyl_C_COH.xyz
 C   -1.124796   -1.175844    0.369181
 O   -2.151978   -0.574192    0.040929
 H   -1.106522   -1.740750    1.318289
 C    0.165565   -1.094339   -0.391375
 H   -0.042190   -0.760423   -1.411632
 H    0.622553   -2.090537   -0.441077
 C    1.149589   -0.120480    0.299275
 H    0.678526    0.866736    0.373932
 H    1.334375   -0.456002    1.327151
 C    2.484349    0.004970   -0.444184
 H    2.293028    0.329204   -1.473938
 H    2.952388   -0.984204   -0.516548
 C    3.448470    0.984470    0.232145
 H    4.391111    1.059674   -0.316792
 H    3.015865    1.988289    0.288207
 H    3.682751    0.667899    1.253458
Na   -3.395012    1.283727   -0.101703

1-_thiophen-2-yl_ethyl_C_CCH.xyz
 C   -1.700586   -0.582254   -0.002999
 C    0.042001    1.262244   -0.000706
 C   -0.412480   -0.076912   -0.001502
 S    0.999881   -1.166837    0.000236
 C    2.103306    0.176869    0.000398
 C    1.442007    1.385149    0.000243
 C   -2.942291    0.251197    0.000446
 H   -0.633995    2.105555    0.001640
 H    3.168144    0.001029    0.001296
 H    1.960580    2.335370    0.001300
 H   -1.830983   -1.659888    0.006827
 H   -3.504891    0.117486    0.933645
 H   -2.733766    1.316302   -0.110418
 H   -3.614921   -0.044211   -0.813347

1-_trifluoroboranuidyl_ethyl_C_CBH.xyz
 C   -0.775715   -0.690357   -0.000276
 C   -2.065290    0.052864    0.000138
 B    0.596130   -0.030169   -0.000074
 F    0.733967    1.302058   -0.000152
 F    1.729074   -0.740919    0.000235
 H   -2.672812   -0.216196    0.875420
 H   -2.673795   -0.216565   -0.874200
 H   -1.920628    1.134348    0.000242
 H   -0.834757   -1.776038   -0.001022

1-_trimethylsilyl_ethyl_C_CSiH.xyz
 C   -1.249450    0.860530   -0.016118
 C   -2.562674    0.138925   -0.002953
Si    0.410196    0.021038   -0.000023
 H   -3.191938    0.427641   -0.856272
 H   -3.145483    0.381322    0.897527
 H   -2.447440   -0.948558   -0.032913
 H   -1.313245    1.948410   -0.021226
 C    0.565650   -1.056598    1.547164
 C    1.774944    1.323129   -0.018849
 C    0.567718   -1.103037   -1.515065
 H    0.514002   -0.451844    2.457244
 H    1.517380   -1.598289    1.554827
 H   -0.238707   -1.797544    1.592627
 H    1.716498    1.970260    0.861923
 H    1.703483    1.958646   -0.906924
 H    2.764833    0.855921   -0.022823
 H   -0.253815   -1.825284   -1.557022
 H    1.505015   -1.668584   -1.488354
 H    0.549545   -0.524324   -2.443371

1-acetylpyrrolidin-2-yl_C_CNH.xyz
 C    0.788621   -1.169322   -0.015692
 N   -0.082390   -0.092553    0.011073
 C    2.196524   -0.699917    0.142216
 C    2.094046    0.791094   -0.253023
 C    0.660755    1.177328    0.144911
 C   -1.459131   -0.225969   -0.015134
 C   -2.262336    1.059756    0.022771
 O   -1.982917   -1.331015   -0.077696
 H    0.392249   -2.169737    0.019330
 H    2.904572   -1.253769   -0.480711
 H    2.547883   -0.802383    1.182343
 H    2.214388    0.892759   -1.334617
 H    2.839838    1.421887    0.233035
 H    0.237214    1.950187   -0.496232
 H    0.612248    1.524791    1.183465
 H   -1.992567    1.691768    0.874076
 H   -3.315185    0.794278    0.095262
 H   -2.111445    1.648391   -0.888191

1-amino-1-carboxyethyl_C_CCN.xyz
 C   -0.619603    0.079630   -0.015128
 C   -1.655267   -0.984146    0.116313
 C    0.788087   -0.241869   -0.011619
 O    1.233216   -1.364100   -0.155169
 O    1.660518    0.823832    0.121451
 N   -1.023354    1.405251   -0.072394
 H   -1.179127   -1.948627    0.283308
 H   -2.269629   -1.056764   -0.790752
 H   -2.332822   -0.777374    0.954859
 H    1.223763    1.547264    0.589042
 H   -2.018176    1.566634   -0.136282
 H   -0.489707    2.032565   -0.661066

1-aminoethyl_C_CNH.xyz
 C   -0.058917    0.522164   -0.118981
 C    1.252190   -0.176891    0.016833
 N   -1.220955   -0.230865    0.101461
 H    2.074673    0.483887   -0.265927
 H    1.305159   -1.062661   -0.630106
 H    1.443913   -0.525159    1.046390
 H   -0.138495    1.568471    0.156361
 H   -1.208716   -1.162141   -0.296085
 H   -2.089480    0.242021   -0.107972

1-azabicyclo_2.2.2_octan-1-ylium-1-yl_N_CCC.xyz
 N    1.161719   -0.119498    0.057509
 C    0.773961   -1.051998   -0.978921
 C   -0.803024   -0.847711   -1.149239
 C   -1.274797    0.130583   -0.062988
 C   -0.881119   -0.416094    1.317606
 C    0.714614   -0.473503    1.388432
 C    0.979466    1.274553   -0.287316
 C   -0.604447    1.496797   -0.281049
 H    1.304207   -0.816939   -1.900875
 H    1.013325   -2.065398   -0.660892
 H   -1.287943   -1.820203   -1.057965
 H   -1.001879   -0.457896   -2.148298
 H   -2.362069    0.242583   -0.117157
 H   -1.277961   -1.420186    1.471581
 H   -1.239693    0.222129    2.125892
 H    1.064630   -1.474000    1.639266
 H    1.107505    0.247752    2.102945
 H    1.404402    1.461008   -1.272190
 H    1.470106    1.903429    0.454389
 H   -0.893607    1.941807   -1.233755
 H   -0.860989    2.196639    0.515348

1-benzofuran-2-yl_C_CO.xyz
 C   -2.142641    1.016492    0.000000
 C   -2.035886   -0.328111    0.000000
 C   -0.596595   -0.552198    0.000000
 C   -0.000000    0.721441   -0.000000
 O   -0.990736    1.698149   -0.000000
 C    1.365464    0.942283   -0.000000
 H    1.777666    1.943218   -0.000000
 C    2.171578   -0.196121   -0.000000
 H    3.249150   -0.082571   -0.000000
 C    1.611771   -1.484704   -0.000000
 H    2.270537   -2.345480   -0.000000
 C    0.233533   -1.679929    0.000000
 H   -0.185706   -2.679171    0.000000
 H   -2.829115   -1.056101    0.000000

1-benzofuran-3-yl_C_CC.xyz
 C   -1.994976   -0.308851    0.000000
 C   -0.595666   -0.605352    0.000000
 C    0.000000    0.676030    0.000000
 O   -0.950765    1.664495    0.000000
 C    1.373282    0.870474    0.000000
 H    1.796635    1.867426    0.000000
 C    2.168473   -0.272739    0.000000
 H    3.247031   -0.167954    0.000000
 C    1.600296   -1.559477    0.000000
 H    2.252929   -2.424673    0.000000
 C    0.222909   -1.741521    0.000000
 H   -0.211160   -2.733901    0.000000
 C   -2.180225    1.021470    0.000000
 H   -3.043877    1.662937    0.000000

1-carboxy-1-acetamidoethyl_C_CCN.xyz
 C   -0.578490    0.361670    0.001240
 C   -0.574189    1.851370    0.011831
 C   -1.772850   -0.454575   -0.002391
 O   -1.760739   -1.681555   -0.018115
 O   -2.934009    0.254332    0.015483
 H   -3.650262   -0.395600    0.012531
 N    0.570765   -0.396442   -0.012901
 C    1.897162    0.018612   -0.016021
 C    2.898082   -1.120223    0.024865
 O    2.227596    1.188524   -0.023857
 H   -1.598460    2.216874    0.036476
 H   -0.067469    2.250968   -0.871516
 H   -0.026861    2.240236    0.874874
 H    0.383754   -1.394856   -0.018299
 H    2.512740   -2.046715   -0.406176
 H    3.173430   -1.313875    1.066213
 H    3.796707   -0.813468   -0.509014

1-cyano-1-methylethyl_C_CCC.xyz
 C    0.002947    0.307349    0.000000
 C    0.000428    1.061483    1.295603
 C    0.000428    1.061483   -1.295603
 C    0.000428   -1.080468   -0.000000
 N   -0.002798   -2.249261   -0.000000
 H    0.871214    1.726372    1.353842
 H    0.014826    0.395878    2.158445
 H   -0.888936    1.700620    1.365508
 H    0.014826    0.395878   -2.158445
 H   -0.888936    1.700620   -1.365508
 H    0.871214    1.726372   -1.353842

1-cyanoethyl_C_CCH.xyz
 C    0.444543    0.571983   -0.000830
 N   -1.958922   -0.287650    0.000405
 C   -0.860626    0.112023   -0.000495
 C    1.628135   -0.339654   -0.000027
 H    0.593308    1.646493    0.002624
 H    2.248365   -0.165587    0.887777
 H    2.266299   -0.144831   -0.870309
 H    1.332164   -1.388637   -0.014818

1-ethenyl-5-oxopyrrolidin-2-yl_C_CNH.xyz
 C    0.058103   -1.365627    0.069972
 O    0.542164    2.076615   -0.050634
 C    0.673746    0.875241    0.000646
 C    1.962724    0.075023    0.111405
 C    1.548232   -1.395552   -0.100652
 N   -0.388780   -0.049429   -0.000125
 C   -1.718147    0.384885   -0.027749
 C   -2.793330   -0.405604    0.035709
 H    2.369818    0.247603    1.112484
 H    2.695018    0.445765   -0.606149
 H    2.035125   -2.078253    0.600796
 H    1.821650   -1.735886   -1.110048
 H   -0.621629   -2.172742   -0.152994
 H   -1.789401    1.462462   -0.105097
 H   -2.734549   -1.482210    0.130328
 H   -3.779848    0.036157    0.000640

1-ethenyl-5-oxopyrrolidin-3-yl_C_CCH.xyz
 C   -1.458623   -1.440108    0.001188
 O   -0.724472    2.043663    0.000931
 C   -0.756977    0.831891   -0.000298
 C   -2.000241   -0.055252    0.002532
 C    0.035842   -1.423228   -0.000809
 N    0.356906    0.001601   -0.005722
 C    1.656809    0.496335   -0.002200
 C    2.766244   -0.249536    0.003437
 H   -2.619191    0.187766   -0.872437
 H   -2.616266    0.188169    0.879370
 H   -2.042675   -2.348212   -0.004824
 H    0.474391   -1.910984    0.883764
 H    1.685692    1.579485   -0.005007
 H    2.750478   -1.332299    0.005599
 H    3.734186    0.232470    0.005516
 H    0.472488   -1.917525   -0.882482

1-ethoxy-1-oxopropan-2-yl_C_CCH.xyz
 C   -1.664675   -0.788696   -0.316102
 C   -2.997660   -0.283790    0.201691
 C   -0.534677    0.206468   -0.137213
 O   -0.683834    1.400276   -0.050034
 O    0.650400   -0.420873   -0.064473
 C    1.826385    0.421215    0.062772
 C    3.037059   -0.488668    0.077150
 H   -3.787894   -1.010046    0.011226
 H   -2.922458   -0.124793    1.283116
 H   -3.263556    0.666778   -0.260113
 H   -1.379418   -1.750643    0.102006
 H    1.841782    1.118624   -0.777934
 H    1.737009    1.004650    0.982340
 H    3.106875   -1.061822   -0.849997
 H    3.945214    0.111221    0.180652
 H    2.991328   -1.188375    0.914963

1-ethoxy-2-methyl-1-oxopropan-2-yl_C_CCC.xyz
 C    1.519529    0.262472   -0.018858
 C   -3.190798    0.586247    0.011010
 C   -2.087111   -0.452755   -0.002804
 O   -0.826650    0.251324   -0.001661
 C    0.295237   -0.521751   -0.008504
 O    0.250063   -1.742872   -0.006202
 C    2.824183   -0.457151    0.017710
 C    1.508360    1.755127   -0.010435
 H   -3.140632    1.224657   -0.874421
 H   -4.165399    0.090372    0.020806
 H   -3.119781    1.219956    0.898273
 H   -2.134501   -1.089692   -0.890051
 H   -2.127570   -1.105313    0.873436
 H    2.683587   -1.536528    0.049454
 H    3.430778   -0.204122   -0.861996
 H    3.413761   -0.149912    0.892466
 H    0.566163    2.162998   -0.373829
 H    2.332972    2.152241   -0.611686
 H    1.656926    2.134598    1.011738

1-ethoxyethyl_C_CHH.xyz
 C    2.065115    0.683067   -0.139172
 C    1.332197   -0.585233    0.125629
 C   -2.274584    0.155981   -0.163281
 C   -0.881378    0.255293    0.429211
 O   -0.013559   -0.577652   -0.334573
 H   -2.974462    0.777155    0.402683
 H   -2.271882    0.493697   -1.202244
 H   -2.627767   -0.877572   -0.139333
 H   -0.879897   -0.075279    1.480030
 H   -0.524283    1.294780    0.411704
 H    1.805734   -1.422825   -0.408997
 H    2.946060    0.944802    0.434237
 H    1.815123    1.271139   -1.014084
 H    1.371744   -0.839331    1.198265

1-ethoxyethyl_C_COH.xyz
 C    1.276865    0.666660   -0.163239
 C   -2.302986   -0.090052    0.080999
 C   -0.848794   -0.446033   -0.161680
 O   -0.064454    0.723733    0.098020
 C    2.065726   -0.577030    0.084980
 H   -2.940049   -0.959381   -0.103555
 H   -2.450151    0.235594    1.113283
 H   -2.615244    0.718718   -0.583196
 H   -0.688387   -0.765529   -1.199501
 H   -0.533889   -1.263793    0.497867
 H    1.732598    1.638680   -0.013832
 H    1.732493   -1.423179   -0.525268
 H    2.018728   -0.901272    1.138745
 H    3.114673   -0.390972   -0.155065

1-hydroxyethyl_C_COH.xyz
 C   -0.092147    0.525685   -0.116562
 C    1.212006   -0.180209    0.020944
 O   -1.261014   -0.178230    0.052842
 H    1.387043   -0.553734    1.044589
 H    2.036200    0.491417   -0.230356
 H    1.277222   -1.045177   -0.652711
 H   -0.210751    1.562136    0.173978
 H   -1.120757   -1.101657   -0.184531

1-hydroxypentyl_C_COH.xyz
 C   -1.939935   -0.496712    0.002889
 C    3.131470   -0.237296   -0.066403
 C    1.814199    0.531455    0.076738
 C    0.579807   -0.366343   -0.056951
 C   -0.745653    0.395169    0.087490
 O   -3.197806    0.056013   -0.047953
 H    3.193886   -0.736640   -1.038505
 H    3.994567    0.428410    0.021384
 H    3.224619   -1.006638    0.706563
 H    1.769659    1.324432   -0.680474
 H    1.790210    1.038391    1.049085
 H    0.597156   -0.874462   -1.027943
 H    0.623198   -1.157187    0.702772
 H   -0.804621    1.167610   -0.695304
 H   -0.742800    0.945940    1.046512
 H   -1.952303   -1.460453    0.499191
 H   -3.150455    0.924851   -0.462240

1-methoxy-1,3-dioxo-3-phenylpropan-2-yl_C_CCH.xyz
 C    1.291991    1.135361   -0.434439
 C   -0.120701    1.477813   -0.229450
 C    1.988486   -0.010627    0.149831
 C   -1.187738    0.446880   -0.129282
 C   -3.278159   -1.399553    0.003347
 C   -2.380916    0.778458    0.526395
 C   -1.054943   -0.811986   -0.726282
 C   -2.100638   -1.728174   -0.667629
 C   -3.416618   -0.145236    0.601514
 O    3.271251   -0.051878   -0.288131
 C    4.079050   -1.122087    0.234031
 O   -0.372491    2.679195   -0.131999
 O    1.521394   -0.811518    0.932613
 H    1.897862    1.904756   -0.897644
 H   -4.088195   -2.118299    0.058365
 H   -2.476333    1.760775    0.972385
 H   -0.143381   -1.074822   -1.248020
 H   -1.995659   -2.698479   -1.138926
 H   -4.332446    0.109959    1.122249
 H    3.656880   -2.089988   -0.042165
 H    5.060142   -0.989135   -0.215843
 H    4.141021   -1.056261    1.321527

1-methoxy-1,3-dioxobutan-2-yl_C_CCH.xyz
 C    0.454493   -0.754517   -0.001928
 C    2.120124    1.229046    0.005926
 C    1.824899   -0.251898    0.000074
 C   -0.764675    0.056218   -0.002226
 O   -1.857856   -0.740991    0.004298
 O   -0.819121    1.269834   -0.008031
 O    2.729061   -1.088208   -0.002207
 C   -3.130606   -0.068201    0.002323
 H    1.669630    1.709416    0.877626
 H    3.200238    1.368813    0.012305
 H    1.680116    1.713792   -0.868776
 H    0.344828   -1.832386   -0.004373
 H   -3.231614    0.551597   -0.890122
 H   -3.875228   -0.860498    0.006972
 H   -3.230058    0.560299    0.888878

1-methylpiperidin-2-yl_C_CNH.xyz
 C    0.333573    1.253303    0.087018
 N    0.946197    0.028736   -0.178223
 C    0.290756   -1.132210    0.420423
 C   -1.162629   -1.281631   -0.083028
 C   -1.806442    0.078076   -0.437090
 C   -1.142890    1.223857    0.352592
 C    2.398678    0.003766   -0.176341
 H    0.303872   -1.044177    1.520588
 H    0.872405   -2.021731    0.169225
 H   -1.741499   -1.786886    0.696626
 H   -1.181209   -1.932910   -0.960977
 H   -2.883527    0.048188   -0.246351
 H   -1.675585    0.277440   -1.504766
 H   -1.353151    1.078963    1.423894
 H   -1.585657    2.187506    0.086721
 H    0.806325    2.118698   -0.363057
 H    2.754397   -0.914975   -0.648837
 H    2.817395    0.064025    0.841706
 H    2.776581    0.853738   -0.748654

1-methylpiperidin-3-yl_C_CCH.xyz
 C    1.119655    1.290615   -0.150747
 C   -2.376091   -0.061434   -0.011247
 N   -0.955653   -0.025053   -0.316466
 C   -0.242609   -1.177241    0.232898
 C    1.209407   -1.202185   -0.245979
 C    1.942004    0.087445    0.165167
 C   -0.349972    1.245128    0.100834
 H   -2.813744   -0.985772   -0.396476
 H   -2.880292    0.779167   -0.495557
 H   -2.587833   -0.006905    1.074338
 H   -0.760871   -2.083344   -0.094035
 H   -0.269894   -1.172623    1.343141
 H    1.215128   -1.295388   -1.336305
 H    1.718718   -2.078561    0.167111
 H    2.926587    0.148883   -0.308552
 H    2.133805    0.045134    1.254174
 H    1.591907    2.254623   -0.302472
 H   -0.856403    2.060344   -0.425557
 H   -0.541904    1.415850    1.189894

1-methylpiperidin-4-yl_C_CCH.xyz
 C    1.846964    0.033416   -0.328650
 C   -0.340653    1.270874   -0.005810
 C    1.189177    1.237393    0.252995
 C    1.200843   -1.297656   -0.122309
 C   -0.215792   -1.124122    0.443318
 N   -0.894821   -0.058504   -0.287747
 C   -2.338868   -0.077587   -0.143426
 H   -0.559891    1.911258   -0.866304
 H   -0.837776    1.725804    0.871650
 H    1.350914    1.248984    1.345139
 H    1.644324    2.158437   -0.119638
 H    2.834307    0.099428   -0.770631
 H    1.795722   -1.937218    0.550545
 H    1.140515   -1.838250   -1.076953
 H   -0.179096   -0.920504    1.531776
 H   -0.784596   -2.048773    0.318122
 H   -2.733379   -1.046495   -0.459862
 H   -2.782877    0.692021   -0.781300
 H   -2.674447    0.110928    0.894965

1-methylpyrrolidin-2-yl_C_CNH.xyz
 C   -0.037050    1.170322    0.029545
 N    0.727421    0.034079   -0.242811
 C   -1.490711    0.796512    0.132148
 C   -1.487228   -0.728423   -0.157545
 C   -0.042193   -1.149694    0.142974
 C    2.149006    0.036169    0.036395
 H    0.340003    2.134123   -0.288659
 H   -2.130870    1.341858   -0.571289
 H   -1.889569    1.002039    1.134745
 H   -1.708106   -0.909382   -1.212780
 H   -2.215197   -1.281852    0.438314
 H    0.285660   -2.023996   -0.425670
 H    0.092045   -1.369244    1.216468
 H    2.618268   -0.838971   -0.420093
 H    2.605658    0.931203   -0.391529
 H    2.359207    0.026357    1.119067

1-oxidoethyl_C_CO.xyz
 C   -0.246320   -0.429428   -0.000077
 O   -1.261125    0.172940    0.000028
 C    1.168818    0.097619    0.000029
 H    1.183781    1.192599   -0.000339
 H    1.685292   -0.292783   -0.879991
 H    1.684942   -0.292479    0.880389

1-oxiodpentyl_C_COH.xyz
 C    1.938845   -0.497550   -0.010752
 C   -3.129134   -0.234643   -0.062082
 C   -1.811438    0.534098    0.067854
 C   -0.580629   -0.370710   -0.046672
 C    0.744154    0.391599    0.084252
 O    3.195591    0.059100   -0.040686
 H   -3.217643   -0.997879    0.717643
 H   -3.991962    0.431429    0.024258
 H   -3.194680   -0.742154   -1.029682
 H   -1.785805    1.059715    1.030099
 H   -1.761439    1.310110   -0.705761
 H   -0.628103   -1.145056    0.729140
 H   -0.599671   -0.896949   -1.007952
 H    0.750784    0.942859    1.042743
 H    0.796163    1.163266   -0.699795
 H    1.947762   -1.474001    0.460276
 H    3.149075    0.939092   -0.431088

1-phenylethyl_C_CCH.xyz
 C    1.830563   -0.650317   -0.001982
 C    2.956041    0.334037    0.002634
 C    0.461292   -0.299996   -0.001594
 C   -2.296507    0.353735    0.001363
 C    0.020522    1.054056   -0.001704
 C   -0.543487   -1.310429   -0.000344
 C   -1.889009   -0.986893    0.001114
 C   -1.330175    1.365906   -0.000554
 H    2.076560   -1.707404   -0.005200
 H    2.918989    0.993510    0.879950
 H    3.923076   -0.171360    0.010426
 H    2.931869    0.989348   -0.878511
 H   -3.350825    0.604767    0.002553
 H    0.752382    1.852942   -0.004240
 H   -0.235142   -2.351084   -0.000501
 H   -2.632311   -1.776837    0.002687
 H   -1.640045    2.405513   -0.000762

1-phenylpyrrolidin-2-yl_C_CNH.xyz
 C   -1.666675    1.179803   -0.087706
 N   -0.867841    0.047252   -0.005987
 C   -3.097954    0.767504   -0.248602
 C   -3.097323   -0.661596    0.332535
 C   -1.683370   -1.176607    0.024748
 C    0.519509    0.026078    0.006104
 C    3.342889   -0.013306    0.001986
 C    1.225731   -1.188395   -0.114195
 C    1.259523    1.220995    0.133209
 C    2.648212    1.191010    0.126494
 C    2.616003   -1.198480   -0.113997
 H   -1.246684    2.092971   -0.483323
 H   -3.399543    0.749434   -1.309189
 H   -3.798265    1.430869    0.266161
 H   -3.870043   -1.302737   -0.094738
 H   -3.247799   -0.622821    1.414467
 H   -1.640380   -1.679275   -0.950814
 H   -1.312368   -1.870970    0.781702
 H    4.426005   -0.027805   -0.001610
 H    0.691036   -2.122686   -0.223954
 H    0.745064    2.163370    0.262912
 H    3.193872    2.122839    0.228404
 H    3.134720   -2.145987   -0.211560

1-trifluoromethanesulfonylpyrrolidin-2-yl_C_CNH.xyz
 C    1.649347   -0.284734    1.180547
 N    0.988425   -0.735221    0.021569
 C    2.892464    0.448838    0.795999
 C    2.626594    0.828224   -0.679564
 C    1.745127   -0.317422   -1.196144
 S   -0.666106   -0.946356   -0.013326
 O   -1.022641   -1.474181   -1.317365
 O   -1.067612   -1.557071    1.238898
 C   -1.389381    0.819880    0.033948
 F   -2.704847    0.784501   -0.161927
 F   -0.821024    1.551490   -0.939283
 F   -1.132023    1.400257    1.206703
 H    1.360036   -0.675638    2.142726
 H    3.781917   -0.195521    0.876619
 H    3.077357    1.320291    1.430746
 H    3.539991    0.937223   -1.265716
 H    2.072957    1.769038   -0.727802
 H    2.336916   -1.175091   -1.524952
 H    1.067691   -0.037005   -1.999817

1H-indol-2-yl_C_CNH.xyz
 C    2.408520    0.018843    0.000001
 C    1.696412    1.173925    0.000000
 C    0.311786    0.743383   -0.000000
 C    0.298351   -0.679581   -0.000001
 N    1.626166   -1.101363   -0.000001
 C   -0.885650   -1.416505    0.000000
 H   -0.876542   -2.500797    0.000000
 C   -2.081016   -0.706704    0.000000
 H   -3.020382   -1.247439    0.000001
 C   -2.092781    0.700964    0.000000
 H   -3.043688    1.221493    0.000001
 C   -0.911612    1.430756    0.000000
 H   -0.930697    2.514794    0.000000
 H    2.071803    2.183807   -0.000001
 H    1.952291   -2.052798    0.000003

1H-indol-3-yl_C_CC.xyz
 C   -2.016587   -0.567816    0.000000
 C   -0.560132   -0.605389    0.000000
 C   -0.000000    0.700005    0.000000
 N   -1.094318    1.587634    0.000000
 C    1.356108    0.951492   -0.000000
 H    1.765915    1.955492   -0.000000
 C    2.205056   -0.171639   -0.000000
 H    3.278230   -0.017865   -0.000000
 C    1.695738   -1.472245   -0.000000
 H    2.381721   -2.311209   -0.000000
 C    0.314688   -1.697602   -0.000000
 H   -0.091911   -2.702561   -0.000000
 C   -2.238742    0.860195    0.000000
 H   -1.023721    2.596389    0.000000
 H   -3.186779    1.384313    0.000000

1H-pyrazol-3-yl_C_cN.xyz
 C   -0.822097   -0.898656    0.000000
 C    0.582261   -1.073265    0.000000
 C    1.078064    0.213063    0.000000
 N   -1.176900    0.377588    0.000000
 N   -0.000000    1.038950    0.000000
 H    1.131488   -1.999176    0.000000
 H    2.088266    0.590299    0.000000
 H   -0.010823    2.046260    0.000000

1H-pyrrol-2-yl_C_CN.xyz
 C   -0.688707   -0.986380    0.000000
 N   -1.118741    0.302730    0.000000
 C    0.675256   -1.056704    0.000000
 C    1.110443    0.313334    0.000000
 C   -0.000000    1.124701    0.000000
 H   -2.078275    0.605134    0.000000
 H    1.289702   -1.941440    0.000000
 H    2.136463    0.649435    0.000000
 H   -0.098647    2.198057    0.000000

1H-pyrrol-3-yl_C_CC.xyz
 C    0.767811   -0.979454    0.000000
 N    0.000000    1.068393   -0.000000
 C    1.169758    0.326894   -0.000000
 C   -0.639008   -1.078415    0.000000
 C   -1.089648    0.230694    0.000000
 H   -0.047220    2.074348   -0.000000
 H   -1.252481   -1.964597    0.000000
 H   -2.094792    0.622061   -0.000000
 H    2.141015    0.791122   -0.000000

2,2,2-trichloroethyl_C_CHH.xyz
 C   -0.666509    1.631295   -0.000000
 C   -0.140600    0.267240    0.000000
Cl   -0.666509   -0.628615    1.475800
Cl    1.707878    0.333689   -0.000000
Cl   -0.666509   -0.628615   -1.475800
 H   -0.764976    2.154497    0.940310
 H   -0.764976    2.154497   -0.940310

2,2,2-trifluoro-1-hydroxyethyl_C_COH.xyz
 C   -0.916034   -0.728923   -0.120600
 C    0.390641   -0.040583   -0.015095
 O   -2.055008   -0.023124    0.041771
 F    1.367004   -0.739398   -0.620274
 F    0.804893    0.173973    1.269416
 F    0.326284    1.196261   -0.587768
 H   -0.987967   -1.785186    0.090805
 H   -1.903225    0.909694   -0.163171

2,2,2-trifluoroethyl_C_CHH.xyz
 C    0.472666   -1.453028   -0.000000
 C    0.044088   -0.000495   -0.000000
 H    0.095825   -1.941033    0.894868
 H    0.095825   -1.941033   -0.894868
 F    0.472666    0.667458    1.086906
 F   -1.311129    0.065440    0.000000
 F    0.472666    0.667458   -1.086906

2,2,6,6-tetramethylpiperidin-1-yl_N_CC.xyz
 N   -0.967361    0.265353    0.000000
 C    1.231590    0.439698    1.243549
 C    1.231590    0.439698   -1.243549
 C    1.948807   -0.084291   -0.000000
 C   -0.270408    0.062797   -1.268372
 C   -0.270408    0.062797    1.268372
 C   -1.004832    0.936379   -2.302803
 C   -0.444239   -1.424722   -1.680026
 C   -1.004832    0.936379    2.302803
 C   -0.444239   -1.424722    1.680026
 H    1.704399    0.073483    2.160713
 H    1.315579    1.533077    1.263112
 H    1.704399    0.073483   -2.160713
 H    1.315579    1.533077   -1.263112
 H    1.970460   -1.179775   -0.000000
 H    2.993442    0.241805   -0.000000
 H   -2.051416    0.633864   -2.382551
 H   -0.979007    1.986385   -2.001079
 H   -0.535362    0.848112   -3.287644
 H   -1.486782   -1.730055   -1.569931
 H   -0.156684   -1.541624   -2.728568
 H    0.173997   -2.095035   -1.082606
 H   -2.051416    0.633864    2.382551
 H   -0.535362    0.848112    3.287644
 H   -0.979007    1.986385    2.001079
 H   -1.486782   -1.730055    1.569931
 H   -0.156684   -1.541624    2.728568
 H    0.173997   -2.095035    1.082606

2,2-dichloropropan-1-yl_C_CHH.xyz
 C   -0.017428    0.958902    1.442196
 C   -0.011571    1.401977   -1.038967
 C    0.019158    0.390023    0.094571
 H   -0.021257    0.899427   -2.005111
 H    0.872601    2.039905   -0.976453
 H   -0.908715    2.018237   -0.949802
Cl    1.497203   -0.675669   -0.081743
Cl   -1.478073   -0.722066   -0.091035
 H    0.191037    0.336464    2.300478
 H   -0.399831    1.962053    1.581307

2,2-difluoropropan-1-yl_C_CHH.xyz
 C    1.239625    0.889253   -0.000006
 C    0.043297    0.011119   -0.000001
 C   -1.300459    0.718287   -0.000009
 H    1.639177    1.241829    0.940332
 H    1.639188    1.241803   -0.940350
 F    0.094680   -0.825275    1.108233
 F    0.094685   -0.825297   -1.108216
 H   -1.390250    1.344306    0.889193
 H   -2.096931   -0.029042   -0.000012
 H   -1.390242    1.344302   -0.889215

2,2-dimethoxypropyl_C_CHH.xyz
 C    0.024465    0.367514    1.561141
 C   -0.005135    0.371031    0.061184
 C   -0.621963    1.646473   -0.510421
 O   -0.654044   -0.806991   -0.435344
 O    1.308451    0.332438   -0.480964
 C    2.109455   -0.799895   -0.143816
 C   -2.016581   -0.986509   -0.083520
 H    0.094113   -0.566909    2.103924
 H    0.156904    1.296217    2.101386
 H   -1.639418    1.796427   -0.144247
 H   -0.633087    1.578204   -1.599358
 H   -0.018886    2.506955   -0.215634
 H    1.590298   -1.732929   -0.372898
 H    2.401909   -0.787794    0.911811
 H    3.005067   -0.720215   -0.759478
 H   -2.290853   -1.985617   -0.423095
 H   -2.175687   -0.923189    0.999912
 H   -2.667064   -0.256411   -0.579272

2,2-dimethyl-4,6-dioxo-1,3-dioxan-5-yl_C_CCH.xyz
 C    1.600068    0.002274    0.178530
 O   -0.394910    1.188476   -0.369689
 C    0.934410    1.272154   -0.085301
 C    0.938709   -1.270101   -0.083837
 C   -1.114222   -0.001426    0.019648
 O   -0.391341   -1.190666   -0.366211
 O    1.514805   -2.331474   -0.118482
 O    1.506888    2.335580   -0.119349
 C   -1.339135    0.000945    1.528122
 C   -2.391362   -0.005011   -0.792153
 H    2.641085    0.004696    0.468908
 H   -0.391386    0.006846    2.071913
 H   -1.896168   -0.890945    1.818005
 H   -1.904403    0.888910    1.814020
 H   -2.979209    0.884353   -0.560894
 H   -2.975675   -0.895654   -0.557096
 H   -2.148590   -0.006539   -1.855055

2,2-dimethylpropyl_C_CHH.xyz
 C   -0.861787   -0.000016   -1.327263
 C    0.890159    1.263199   -0.005967
 C    0.016191    0.000000   -0.068554
 C    0.890201   -1.263170   -0.005963
 C   -0.955358   -0.000013    1.135591
 H    1.462443    1.286893    0.925390
 H    0.276134    2.168383   -0.047637
 H    1.595387    1.298913   -0.838354
 H    1.595428   -1.298864   -0.838350
 H    0.276204   -2.168374   -0.047631
 H    1.462486   -1.286843    0.925393
 H   -0.385490   -0.000002    2.069407
 H   -1.595896   -0.886776    1.136450
 H   -1.595924    0.886728    1.136447
 H   -1.483619    0.890754   -1.394090
 H   -1.483589   -0.890808   -1.394088

2,2-diphenyl-1-_2,4,6-trinitrophenyl_hydrazin-1-yl_N_CN.xyz
 N   -0.602804   -1.095381   -0.024842
 N   -1.571443   -0.200046    0.125290
 C   -1.340989    1.052386    0.792200
 C   -0.843305    3.461643    2.075215
 C   -0.598422    1.058727    1.976194
 C   -1.843103    2.235371    0.248071
 C   -1.589218    3.439962    0.896284
 C   -0.351102    2.271174    2.612314
 C   -2.879161   -0.607953   -0.230049
 C   -5.437363   -1.453248   -0.933053
 C   -3.990119   -0.116846    0.468598
 C   -3.044564   -1.522803   -1.277064
 C   -4.323973   -1.941599   -1.619698
 C   -5.263877   -0.542253    0.109764
 C    0.680499   -0.680615   -0.182995
 C    3.454772   -0.135225   -0.419583
 C    1.688947   -1.490435    0.409258
 C    1.184344    0.421310   -0.940553
 C    2.537839    0.705218   -1.032386
 C    3.039223   -1.262473    0.289804
 N    0.305517    1.244917   -1.786468
 N    4.888711    0.156695   -0.531714
 N    1.274288   -2.601095    1.296116
 O   -0.684024    0.705814   -2.270311
 O    0.637905    2.405635   -1.987588
 O    5.216619    1.163621   -1.147950
 O    5.666344   -0.625815    0.002959
 O    0.534625   -2.321859    2.228741
 O    1.737617   -3.704442    1.058543
 H   -0.643436    4.403731    2.571923
 H   -0.235750    0.123993    2.386711
 H   -2.393966    2.209142   -0.683380
 H   -1.959197    4.363766    0.467936
 H    0.220738    2.284047    3.532665
 H   -6.432927   -1.781209   -1.207838
 H   -3.855593    0.571407    1.292503
 H   -2.173389   -1.876556   -1.810439
 H   -4.453689   -2.643726   -2.434876
 H   -6.122760   -0.168916    0.655005
 H    2.873093    1.557457   -1.606523
 H    3.761746   -1.916445    0.758561

2,3-dihydrofuran-2-yl_C_COH.xyz
 C   -0.441534   -1.095460   -0.078387
 C    1.041868    0.552826    0.005611
 C   -0.125114    1.196538    0.001181
 C   -1.239155    0.171253    0.008076
 H   -0.721545   -2.093663    0.221901
 O    0.912210   -0.820207    0.008496
 H    2.059849    0.909808    0.005735
 H   -0.256939    2.267338   -0.001244
 H   -1.936949    0.295283   -0.833556
 H   -1.858491    0.231946    0.920308

2,3-dioxobutyl_C_CHH.xyz
 C   -1.404638    1.208953   -0.273703
 C    1.590137    0.979843    0.266886
 C    0.724151   -0.224284   -0.045680
 C   -0.820527   -0.055939    0.030884
 O    1.180842   -1.299557   -0.340063
 O   -1.512064   -1.033852    0.332895
 H    1.231496    1.509444    1.153834
 H    2.618790    0.653322    0.415008
 H    1.564666    1.685523   -0.570809
 H   -2.485132    1.289086   -0.276238
 H   -0.814789    2.078456   -0.534773

2,4,6-trimethoxyphenyl_C_CC.xyz
 C   -1.152600    0.186930    0.000000
 O   -0.529301    2.528184    0.000000
 C   -0.222363    1.203900    0.000000
 C   -0.836396   -1.162502   -0.000000
 O   -1.756848   -2.161471   -0.000000
 C    0.515152   -1.510029   -0.000000
 H    0.809682   -2.551693   -0.000000
 C    1.486008   -0.501399   -0.000000
 O    2.776726   -0.946987   -0.000000
 C    1.137465    0.852483   -0.000000
 H    1.867937    1.649351   -0.000000
 C    3.828766    0.007469   -0.000000
 H    4.751771   -0.570108   -0.000001
 H    3.796208    0.639245   -0.894510
 H    3.796220    0.639233    0.894517
 C   -3.125147   -1.761393    0.000000
 H   -3.707120   -2.681558    0.000000
 H   -3.362153   -1.174081   -0.893581
 H   -3.362154   -1.174084    0.893583
 C   -1.917511    2.853159    0.000000
 H   -1.972190    3.940493    0.000000
 H   -2.411529    2.456849    0.893422
 H   -2.411528    2.456852   -0.893422

2,4,6-trimethylphenyl_C_CC.xyz
 C   -0.031157   -1.432554    0.000876
 C   -1.245441   -0.733574   -0.000412
 C   -1.183136    0.665860   -0.001416
 H   -2.114877    1.222676   -0.001914
 C    0.025532    1.358516   -0.000618
 C    1.208118    0.616538    0.000068
 C    1.213237   -0.781008    0.000514
 C    0.063524    2.868088    0.000627
 H   -0.943056    3.290244   -0.008908
 H    0.579137    3.249213    0.887501
 H    0.596841    3.250500   -0.875074
 C    2.528028   -1.518280   -0.000289
 H    3.361743   -0.814309    0.004863
 H    2.624976   -2.158058   -0.881928
 H    2.621712   -2.167397    0.874660
 C   -2.590310   -1.414373    0.000354
 H   -2.714045   -2.049906    0.881640
 H   -3.393458   -0.675889   -0.003855
 H   -2.711165   -2.057902   -0.875388
 H    2.161828    1.135549    0.000182

2,4-dimethoxyphenyl_C_CC.xyz
 C    0.835665   -1.529326    0.000000
 C    1.101606   -0.176180    0.000000
 C   -1.518767   -1.206960    0.000000
 C    0.000000    0.698765    0.000000
 C   -0.428234   -2.075544    0.000000
 C   -1.295430    0.180170    0.000000
 O   -2.420748    0.953566    0.000000
 O    2.341646    0.379584    0.000000
 C   -2.275141    2.367250    0.000000
 C    3.438600   -0.532507    0.000000
 H   -2.536389   -1.577302    0.000000
 H    0.201847    1.761429    0.000000
 H   -0.582424   -3.149184    0.000000
 H   -1.746114    2.714436    0.894522
 H   -1.746114    2.714436   -0.894522
 H   -3.286810    2.769339    0.000000
 H    3.420199   -1.166238   -0.892771
 H    3.420199   -1.166238    0.892771
 H    4.338640    0.080112    0.000000

2,4-dioxopentan-3-yl_C_CCH.xyz
 C    0.046063   -0.721617   -0.005255
 C   -1.719339    1.182539   -0.005662
 C   -1.353671   -0.281273   -0.001523
 C    1.245343    0.114781   -0.000638
 C    2.577579   -0.610712   -0.002073
 O   -2.215238   -1.159408    0.006769
 O    1.182027    1.341022    0.007045
 H   -2.804847    1.272056   -0.024022
 H   -1.311137    1.680005    0.877335
 H   -1.277226    1.689194   -0.866218
 H    0.168961   -1.800751   -0.007302
 H    2.674413   -1.227364    0.897481
 H    3.389754    0.114059   -0.033692
 H    2.649919   -1.282427   -0.863186

2,5-dioxo-2,5-dihydro-1H-pyrrol-1-yl_N_CC.xyz
 N   -0.000019   -1.033785    0.195450
 O    2.264446   -0.595027   -0.114121
 C    1.137276   -0.187241    0.015242
 C    0.669700    1.237292    0.020709
 C   -0.669689    1.237293    0.020583
 C   -1.137255   -0.187212    0.015215
 O   -2.264461   -0.595020   -0.114067
 H    1.349990    2.078026    0.013548
 H   -1.349939    2.078053    0.013317

2,5-dioxopyrrolidin-1-yl_N_CC.xyz
 N   -0.000000    0.000000    1.075536
 C    0.000029    1.093372    0.276063
 C   -0.000081    0.751708   -1.256319
 C    0.000081   -0.751708   -1.256319
 C   -0.000029   -1.093372    0.276063
 O   -0.000000    2.240339    0.688906
 O   -0.000000   -2.240339    0.688906
 H    0.887578    1.206321   -1.697136
 H   -0.887951    1.206100   -1.696951
 H    0.887951   -1.206100   -1.696951
 H   -0.887578   -1.206321   -1.697136

2,6-dichloroheptan-4-yl_C_CCH.xyz
 C   -0.051640   -1.243464    0.517520
 C   -3.802065   -0.406082   -0.158850
 C   -2.294303   -0.372850   -0.349845
 C   -1.519185   -1.117518    0.754355
 C    0.954832   -0.309521    1.100228
 C    1.822208    0.439983    0.077161
 C    2.754914    1.456868    0.714257
Cl   -1.736384    1.387276   -0.412968
Cl    2.827724   -0.773896   -0.884603
 H   -4.147728   -1.444590   -0.188280
 H   -4.312630    0.148033   -0.947907
 H   -4.084208    0.024018    0.805222
 H   -2.015409   -0.764198   -1.328467
 H   -1.972144   -2.116836    0.811047
 H   -1.724454   -0.619235    1.709003
 H    0.298043   -2.007639   -0.168653
 H    1.635578   -0.845643    1.779267
 H    0.445076    0.451971    1.700908
 H    1.189072    0.909255   -0.673973
 H    2.162261    2.215843    1.235076
 H    3.363764    1.956972   -0.040565
 H    3.421447    0.980099    1.437054

2-_4-cyanophenyl_-1-_dimethylamino_propan-2-yl_C_CCC.xyz
 C   -1.257913    1.101183   -0.391841
 C   -2.361602    0.138659   -0.764033
 C   -1.664372    2.528138   -0.170397
 C    0.082724    0.658633   -0.244977
 C    1.129400    1.535258    0.172279
 H    0.906586    2.566413    0.410702
 C    2.434265    1.104787    0.292579
 H    3.207993    1.792620    0.611746
 C    2.772849   -0.231580    0.003518
 C    4.120860   -0.676087    0.120298
 C    1.758264   -1.123614   -0.398506
 H    2.013291   -2.154661   -0.612144
 C    0.453037   -0.695310   -0.513939
 H   -0.313098   -1.406811   -0.785956
 N   -2.545360   -0.970557    0.180802
 H   -2.147772   -0.304127   -1.746616
 H   -2.491921    2.799455   -0.831625
 H   -0.857534    3.241760   -0.339649
 C   -2.812186   -0.501968    1.535084
 C   -3.575901   -1.886698   -0.288691
 H   -3.300877    0.709273   -0.882506
 H   -1.973120    0.097096    1.893825
 H   -2.921923   -1.359556    2.202168
 H   -3.732489    0.108160    1.604095
 H   -3.309557   -2.268883   -1.277684
 H   -4.572420   -1.411932   -0.362098
 H   -3.652715   -2.735346    0.394611
 N    5.216259   -1.038252    0.212819
 H   -2.027286    2.679797    0.857535

2-_acetyloxy_phenyl_C_CC.xyz
 C   -0.682514    0.981963    0.001838
 C    2.095065    0.196845   -0.003836
 C    3.427712   -0.504203    0.007028
 O    1.920560    1.385682   -0.008038
 O    1.084796   -0.723799   -0.002447
 C   -0.244405   -0.320930   -0.001564
 C   -2.966316    0.321272    0.002900
 C   -1.200039   -1.343172   -0.003342
 C   -2.009197    1.345186    0.004154
 C   -2.553437   -1.013084   -0.000946
 H    4.224445    0.233410   -0.061569
 H    3.490036   -1.206425   -0.826986
 H    3.533153   -1.078810    0.930692
 H   -4.022301    0.567700    0.005383
 H   -0.869085   -2.375693   -0.005537
 H   -2.308485    2.387881    0.006613
 H   -3.291826   -1.806382   -0.002106

2-_dimethylcarbamoyl_phenyl_C_CC.xyz
 C   -0.950094    0.979903   -0.432614
 C    1.009201   -0.651938   -0.116292
 C   -0.439552   -0.238854   -0.046222
 C   -3.194633    0.375741   -0.024990
 C   -1.389359   -1.199400    0.351476
 C   -2.745563   -0.886280    0.372224
 C   -2.274295    1.345086   -0.448840
 O    1.286327   -1.825272   -0.340630
 N    1.973549    0.306643    0.046273
 C    1.768241    1.652953    0.566075
 C    3.367127   -0.073094   -0.159079
 H   -4.254153    0.609334   -0.013450
 H   -1.033928   -2.185012    0.629043
 H   -3.462302   -1.633528    0.692874
 H   -2.602616    2.325965   -0.774537
 H    0.776189    1.762361    0.996317
 H    1.895033    2.408267   -0.217090
 H    2.503897    1.846533    1.353801
 H    3.885704   -0.196685    0.798974
 H    3.874633    0.707532   -0.733229
 H    3.405651   -1.013794   -0.702005

2-_methylsulfamoyl_phenyl_C_CC.xyz
 C    1.185450   -0.778765   -0.896159
 C    2.565206    0.732875    0.897061
 C    0.486847   -0.225306    0.145735
 C    2.533138   -0.640580   -1.109261
 C    3.233794    0.143345   -0.177076
 C    1.191291    0.559333    1.067031
 S   -1.301271   -0.456538    0.306375
 O   -1.694289    0.239632    1.525805
 O   -1.607570   -1.860018    0.071597
 N   -1.980475    0.380759   -0.975649
 C   -1.719187    1.819814   -1.084713
 H    3.118060    1.332292    1.610698
 H    3.041543   -1.108134   -1.944665
 H    4.302418    0.285586   -0.297050
 H    0.656661    1.006012    1.897255
 H   -1.853091   -0.145023   -1.834037
 H   -2.026892    2.303645   -0.158281
 H   -2.333125    2.211010   -1.896791
 H   -0.666289    2.052702   -1.284523

2-_methylsulfanyl_phenyl_C_CC.xyz
 C   -0.200556   -1.073620    0.000000
 C    2.374191   -0.226566    0.000000
 C    1.344722    0.710949    0.000000
 C    2.105322   -1.597703    0.000000
 C    0.774516   -2.040472    0.000000
 C   -0.000000    0.288736    0.000000
 S   -1.306488    1.498081    0.000000
 C   -2.777953    0.418722    0.000000
 H    3.401802    0.118991    0.000000
 H    1.571851    1.772425    0.000000
 H    2.915454   -2.318309    0.000000
 H    0.535493   -3.098392    0.000000
 H   -2.800934   -0.205204    0.893795
 H   -3.640388    1.086112    0.000000
 H   -2.800934   -0.205204   -0.893795

2-_tert-butoxy_-1-_4-_methoxycarbonyl_phenyl_ethyl_C_CVH.xyz
 C    1.630691   -1.694016   -0.485182
 C    2.726714   -0.974567   -1.217200
 C    0.310004   -1.230733   -0.328626
 C   -0.647790   -2.036749    0.356791
 H   -0.335462   -2.999314    0.747819
 C   -1.950048   -1.618709    0.524139
 H   -2.671499   -2.237475    1.043399
 C   -2.369408   -0.374017    0.018623
 C   -1.441400    0.439863   -0.657028
 H   -1.762314    1.398751   -1.042623
 C   -0.132892    0.030928   -0.826536
 H    0.576341    0.678757   -1.323689
 O    2.909185    0.400106   -0.876799
 H    2.492243   -0.947182   -2.289162
 H    3.662022   -1.535295   -1.118098
 C    3.611242    0.745849    0.344812
 C    5.039438    0.183635    0.328415
 C    2.849629    0.274412    1.592145
 C    3.644379    2.275926    0.297921
 H    5.055286   -0.907090    0.399605
 H    5.603734    0.570227    1.180969
 H    5.554416    0.480978   -0.588451
 H    2.836673   -0.814693    1.676147
 H    1.816650    0.627101    1.567100
 H    3.330391    0.670484    2.491344
 H    4.157408    2.615965   -0.604361
 H    4.166257    2.676577    1.170645
 H    2.626853    2.673011    0.286934
 H    1.866813   -2.674756   -0.082122
 C   -3.782837    0.023185    0.221724
 O   -4.611478   -0.646528    0.800414
 O   -4.064770    1.233776   -0.316683
 C   -5.419994    1.687585   -0.164719
 H   -5.458445    2.655059   -0.660938
 H   -5.674127    1.787403    0.891807
 H   -6.113097    0.987109   -0.633465

2-_tert-butoxy_-1-_4-chlorophenyl_ethyl_C_CCH.xyz
 C   -0.452914    0.880544   -0.074774
 C   -1.569198   -0.107946   -0.115688
 C    0.912600    0.539563   -0.048188
 C    1.910838    1.556628   -0.009811
 H    1.599247    2.595375   -0.002468
 C    3.258285    1.252046    0.018915
 H    4.002339    2.038026    0.049132
 C    3.660219   -0.088105    0.009923
 C    2.718289   -1.118656   -0.027717
 H    3.048897   -2.149743   -0.035214
 C    1.368695   -0.811167   -0.055847
 H    0.651015   -1.622266   -0.085422
 O   -2.788704    0.613098   -0.094611
 H   -1.500149   -0.797836    0.740753
 H   -1.496497   -0.729596   -1.024298
 H   -0.744174    1.924719   -0.072720
 C   -4.021179   -0.134831    0.030349
 C   -5.102003    0.942704   -0.080748
 C   -4.097001   -0.823089    1.401860
 C   -4.167021   -1.156922   -1.106732
 H   -4.964315    1.694861    0.699340
 H   -6.097081    0.504020    0.028200
 H   -5.042754    1.440466   -1.051239
 H   -3.933264   -0.093771    2.198679
 H   -3.357638   -1.621139    1.505081
 H   -5.082682   -1.273897    1.545357
 H   -4.047137   -0.669362   -2.077749
 H   -5.159685   -1.613535   -1.072248
 H   -3.433770   -1.963924   -1.030362
Cl    5.373508   -0.479517    0.046636

2-_tert-butoxy_-1-_4-fluorophenyl_propan-2-yl_C_CCH.xyz
 C    0.013329    0.832833   -0.076527
 C   -1.127499   -0.127477   -0.112438
 C    1.371718    0.456885   -0.043614
 C    2.394052    1.449892   -0.007259
 H    2.105964    2.495295   -0.006047
 C    3.734844    1.112055    0.027285
 H    4.510254    1.867972    0.055334
 C    4.086560   -0.235489    0.025154
 C    3.134192   -1.247525   -0.009486
 H    3.454783   -2.282339   -0.010069
 C    1.791295   -0.905443   -0.043272
 H    1.052106   -1.696808   -0.070358
 O   -2.327521    0.626310   -0.100004
 H   -1.077726   -0.811563    0.750581
 H   -1.070667   -0.759191   -1.015086
 H   -0.253056    1.883603   -0.079571
 C   -3.580785   -0.084922    0.027760
 C   -4.629689    1.023121   -0.092131
 C   -3.678574   -0.764077    1.402345
 C   -3.755759   -1.106307   -1.106022
 H   -4.472703    1.774148    0.685270
 H   -5.637786    0.614574    0.014444
 H   -4.551615    1.515195   -1.064217
 H   -3.495503   -0.035899    2.196137
 H   -2.960710   -1.580689    1.509119
 H   -4.676765   -1.186523    1.544578
 H   -3.617293   -0.624074   -2.077054
 H   -4.762821   -1.530452   -1.074492
 H   -3.050057   -1.937687   -1.028519
 F    5.400184   -0.570814    0.057693

2-_tert-butoxy_-1-_4-methoxyphenyl_ethyl_C_CCH.xyz
 C    0.731389   -1.306968   -0.632411
 C    1.812001   -0.545836   -1.330566
 C   -0.587131   -0.876407   -0.385676
 C   -1.501063   -1.736918    0.299941
 H   -1.155028   -2.717468    0.609594
 C   -2.794401   -1.358171    0.575005
 H   -3.475622   -2.021638    1.094647
 C   -3.263202   -0.090764    0.181447
 C   -2.398714    0.782405   -0.490956
 H   -2.733178    1.762918   -0.803528
 C   -1.093686    0.396435   -0.768658
 H   -0.455181    1.096090   -1.294027
 O    3.063127   -0.626515   -0.640985
 H    1.527768    0.494356   -1.514864
 H    2.010668   -0.992471   -2.313202
 C    3.388323    0.400899    0.326460
 C    4.661036   -0.129666    0.991227
 C    2.281134    0.585620    1.375067
 C    3.679933    1.724674   -0.398046
 H    4.455759   -1.075077    1.498322
 H    5.042038    0.586055    1.724615
 H    5.433123   -0.303485    0.238453
 H    2.037584   -0.367190    1.850221
 H    1.364442    0.994738    0.945221
 H    2.621790    1.280127    2.148748
 H    4.459399    1.577653   -1.149154
 H    4.019048    2.484630    0.311235
 H    2.790046    2.118657   -0.895921
 H    1.018076   -2.295395   -0.285528
 O   -4.560681    0.185483    0.496019
 C   -5.110126    1.432283    0.091526
 H   -6.148992    1.418147    0.416698
 H   -5.071994    1.550637   -0.997019
 H   -4.592274    2.271456    0.569050

2-_tert-butoxy_-1-_4-methylphenyl_ethyl_C_CCH.xyz
 C    0.272522   -1.312371   -0.545695
 C    1.420389   -0.717497   -1.296417
 C   -1.000526   -0.739775   -0.345736
 C   -1.998163   -1.460465    0.377299
 H   -1.755867   -2.451428    0.747307
 C   -3.248946   -0.926992    0.612931
 H   -3.980201   -1.507431    1.167456
 C   -3.598629    0.356182    0.150220
 C   -4.966660    0.925960    0.423935
 C   -2.629738    1.075685   -0.564081
 H   -2.872427    2.068110   -0.931463
 C   -1.369621    0.554436   -0.811818
 H   -0.656917    1.151229   -1.367513
 O    2.652271   -0.780012   -0.571238
 H    1.209758    0.301991   -1.631792
 H    1.610456   -1.307916   -2.201506
 H    0.461433   -2.292228   -0.116492
 C    2.994496    0.313044    0.316745
 C    4.294923   -0.162266    0.969010
 C    1.918850    0.548742    1.387328
 C    3.244777    1.596303   -0.491538
 H    4.119408   -1.078120    1.537918
 H    4.688619    0.600845    1.645886
 H    5.046036   -0.372601    0.204359
 H    1.688120   -0.380524    1.912867
 H    0.992816    0.940418    0.962988
 H    2.280851    1.276528    2.119576
 H    3.990204    1.415117   -1.269643
 H    3.612793    2.389905    0.164242
 H    2.330963    1.964441   -0.965122
 H   -5.078879    1.921637   -0.009855
 H   -5.153931    1.006173    1.500078
 H   -5.753447    0.288030    0.007509

2-_tert-butoxy_-1-_4-nitrophenyl_ethyl_C_CCH.xyz
 C    0.924244   -0.643361   -0.754305
 C    1.956241    0.398032   -1.057274
 C   -0.433818   -0.403555   -0.496639
 C   -1.320153   -1.500575   -0.262858
 H   -0.920804   -2.508079   -0.290600
 C   -2.658863   -1.304726   -0.006225
 H   -3.329247   -2.134102    0.172130
 C   -3.162421    0.002777    0.023024
 C   -2.334882    1.109585   -0.202255
 H   -2.762144    2.102426   -0.171498
 C   -0.994442    0.910948   -0.457030
 H   -0.362378    1.772445   -0.632672
 O    3.277182   -0.100507   -0.940245
 H    1.804432    1.296168   -0.445724
 H    1.849849    0.722856   -2.102486
 C    3.967843    0.070841    0.327386
 C    5.255105   -0.732745    0.137746
 C    3.150089   -0.493010    1.497961
 C    4.292560    1.555394    0.548653
 H    5.023993   -1.786416   -0.034059
 H    5.892782   -0.654238    1.021954
 H    5.808992   -0.358087   -0.725706
 H    2.926566   -1.550809    1.340592
 H    2.206997    0.041325    1.636466
 H    3.719409   -0.400266    2.426765
 H    4.827985    1.956317   -0.314991
 H    4.920743    1.680697    1.434426
 H    3.391216    2.153926    0.705949
 N   -4.583131    0.216568    0.294937
 H    1.275920   -1.669258   -0.787742
 O   -5.284262   -0.773334    0.495404
 O   -4.998097    1.374027    0.309033

2-_tert-butoxy_-1-phenylethyl_C_CCH.xyz
 C   -0.263137   -0.897138   -0.825813
 C    0.877159   -0.114806   -1.394034
 C   -1.510195   -0.395441   -0.397466
 C   -2.495233   -1.295416    0.108278
 H   -2.261115   -2.354377    0.141093
 C   -3.725799   -0.846215    0.551792
 H   -4.451705   -1.556540    0.932434
 C   -4.038858    0.518902    0.512775
 H   -5.003520    0.869954    0.859943
 C   -3.093638    1.424780    0.018034
 H   -3.329599    2.483005   -0.016452
 C   -1.857180    0.987110   -0.428944
 H   -1.148821    1.713236   -0.808947
 O    2.138834   -0.554423   -0.887676
 H    0.744609    0.962736   -1.256644
 H    0.938543   -0.282985   -2.477207
 H   -0.089616   -1.966494   -0.748629
 C    2.662278    0.082888    0.305509
 C    3.872819   -0.781079    0.665291
 C    1.645656    0.082626    1.456776
 C    3.110087    1.514208   -0.026422
 H    3.558334   -1.807077    0.869939
 H    4.379473   -0.387713    1.550717
 H    4.583094   -0.798888   -0.164350
 H    1.294518   -0.930802    1.663379
 H    0.776531    0.707060    1.239574
 H    2.117679    0.475194    2.361874
 H    3.819625    1.501999   -0.856740
 H    3.593299    1.975772    0.839022
 H    2.264244    2.148798   -0.302246

2-_tert-butoxy_-2-oxoethyl_C_CHH.xyz
 C   -2.634061    0.850892   -0.000253
 C    1.000422    0.048701   -0.000141
 C    1.170999   -0.791896   -1.269092
 C    1.952585    1.244828   -0.006343
 C    1.176335   -0.781512    1.274777
 O   -0.326432    0.697687    0.000241
 C   -1.474856   -0.019598    0.000413
 O   -1.543173   -1.237660    0.000928
 H    0.512012   -1.658560   -1.264661
 H    0.958202   -0.188524   -2.155220
 H    2.205558   -1.139872   -1.334759
 H    2.989229    0.899258   -0.007126
 H    1.791495    1.861766   -0.893468
 H    1.793472    1.864249    0.879064
 H    2.206119   -1.145313    1.327930
 H    0.986953   -0.165703    2.157696
 H    0.503243   -1.637002    1.286459
 H   -3.613838    0.394443    0.001903
 H   -2.524143    1.926556   -0.003338

2-_trifluoromethyl_phenyl_C_CC.xyz
 C    0.568622    1.304863    0.000000
 C    0.828511   -1.204599    0.000000
 F    0.568622   -1.975301    1.084992
 F    0.568622   -1.975301   -1.084992
 F    2.148983   -0.946811    0.000000
 C    0.002282    0.052327    0.000000
 C   -0.119643    2.493400    0.000000
 H    0.384917    3.452666    0.000000
 C   -1.518655    2.407165    0.000000
 H   -2.110989    3.315834    0.000000
 C   -2.148132    1.159384    0.000000
 H   -3.230031    1.103396    0.000000
 C   -1.400820   -0.014838    0.000000
 H   -1.892944   -0.981375    0.000000

2-_trimethoxysilyl_phenyl_C_CC.xyz
 C    1.718644   -0.998744    0.152840
Si   -0.927721    0.017280   -0.063610
 O   -1.556369   -0.784630   -1.353909
 O   -1.451286    1.573686   -0.139048
 O   -1.473343   -0.799917    1.264284
 C    0.934902    0.111861   -0.065538
 C    3.764069    0.141733   -0.116307
 C    1.645754    1.307477   -0.321198
 C    3.039347    1.313831   -0.344199
 C    3.091937   -1.061889    0.142408
 C   -1.536503   -2.195811   -1.549817
 C   -2.797151    1.982531   -0.376502
 C   -1.079691   -0.573409    2.613481
 H    4.848893    0.157003   -0.139362
 H    1.088759    2.220872   -0.498919
 H    3.566604    2.240074   -0.543152
 H    3.636537   -1.982128    0.321678
 H   -2.006452   -2.713506   -0.708639
 H   -2.092468   -2.411373   -2.463426
 H   -0.509744   -2.560206   -1.665965
 H   -3.466897    1.605890    0.403685
 H   -2.818499    3.073151   -0.365864
 H   -3.146006    1.623353   -1.348749
 H   -1.444868    0.394869    2.972099
 H    0.009781   -0.604702    2.720410
 H   -1.517424   -1.363807    3.225118

2-acetamidophenyl_C_CC.xyz
 C   -1.259318   -1.310720    0.004054
 C    2.172285    0.139857   -0.000069
 C    3.500741   -0.597873   -0.000146
 O    2.114111    1.356051    0.014129
 N    1.063787   -0.678559   -0.011454
 C   -0.296902   -0.314263   -0.004725
 C   -3.079157    0.192897    0.003480
 C   -0.780452    1.007508   -0.008959
 C   -2.615479   -1.133698    0.008121
 C   -2.157420    1.237950   -0.005034
 H    4.104978   -0.221939   -0.827721
 H    3.407816   -1.682318   -0.088228
 H    4.028736   -0.361883    0.926779
 H    1.229963   -1.673179   -0.021256
 H   -4.144755    0.392765    0.006380
 H   -0.075781    1.826015   -0.015063
 H   -3.305124   -1.970587    0.014916
 H   -2.511017    2.262684   -0.008988

2-acetylphenyl_C_CC.xyz
 C    1.030142   -0.686673    0.000000
 C   -1.303255   -0.306253    0.000000
 C    0.903424   -2.053983    0.000000
 C   -1.497631   -1.682979    0.000000
 C   -0.000000    0.230067    0.000000
 C   -0.406254   -2.557768    0.000000
 C    0.205970    1.717017    0.000000
 C    1.634874    2.214726    0.000000
 O   -0.740819    2.477898    0.000000
 H   -2.138594    0.385524    0.000000
 H    1.759846   -2.718689    0.000000
 H   -2.504918   -2.083029    0.000000
 H   -0.567416   -3.630735    0.000000
 H    2.165675    1.837552    0.879403
 H    1.642673    3.303717    0.000000
 H    2.165675    1.837552   -0.879403

2-aminoethyl_C_CHH.xyz
 C   -1.276879   -0.274401    0.002566
 C   -0.030241    0.535301   -0.010364
 N    1.162648   -0.320446   -0.056351
 H   -2.205098    0.146203    0.369426
 H   -1.294570   -1.238240   -0.492068
 H   -0.043009    1.241917    0.837614
 H    1.244955   -0.869399    0.793420
 H    2.008203    0.231724   -0.151137
 H   -0.006299    1.165518   -0.916010

2-aminophenyl_C_CC.xyz
 C   -0.181133   -1.257919   -0.006810
 N   -2.348439   -0.110094   -0.064809
 C   -0.963990   -0.088841   -0.006901
 C    1.211444   -1.205207    0.002767
 H    1.782328   -2.125399    0.007694
 C    1.865436    0.023511    0.007570
 H    2.947881    0.059544    0.014988
 C    1.109259    1.196391    0.002705
 H    1.602079    2.161974    0.004332
 C   -0.276683    1.140663   -0.004068
 H   -0.856694    2.058144   -0.014192
 H   -2.818225    0.727454    0.242218
 H   -2.804287   -0.962652    0.227042

2-bromophenyl_C_CC.xyz
 C   -1.068181    0.952032    0.000000
Br   -0.253515   -1.800893    0.000000
 C    0.000000    0.098299   -0.000000
 C   -0.986128    2.323408    0.000000
 H   -1.868035    2.953950    0.000000
 C    0.303969    2.875682   -0.000000
 H    0.426553    3.953122   -0.000000
 C    1.422404    2.040407   -0.000000
 H    2.416696    2.471614   -0.000000
 C    1.285174    0.651508   -0.000000
 H    2.154379    0.004556   -0.000000

2-carboxyphenyl_C_CC.xyz
 C   -1.146412   -0.530173   -0.000000
 C   -0.000418    1.723242    0.000000
 O    0.990778    2.414336    0.000000
 O   -1.252018    2.239351   -0.000000
 C   -0.000000    0.237505    0.000000
 C    0.041586   -2.570697   -0.000000
 C    1.224322   -0.456161    0.000000
 C   -1.192310   -1.901712   -0.000000
 C    1.237597   -1.847193    0.000000
 H   -1.159099    3.203431   -0.000000
 H    0.062044   -3.655487   -0.000000
 H    2.143869    0.118288    0.000000
 H   -2.127323   -2.450209   -0.000000
 H    2.184245   -2.374388    0.000000

2-chloro-2-methylpropan-1-yl_C_CHH.xyz
 C   -0.696845   -0.000037    1.517549
 C   -0.455912   -0.000001    0.076790
Cl    1.494945    0.000000   -0.078559
 C   -0.910254    1.271824   -0.629241
 C   -0.910262   -1.271792   -0.629297
 H   -0.503032    2.159479   -0.143045
 H   -2.003569    1.326176   -0.595377
 H   -0.594764    1.271841   -1.673450
 H   -0.685852    0.930016    2.072343
 H   -0.685815   -0.930115    2.072301
 H   -0.594766   -1.271768   -1.673504
 H   -2.003578   -1.326131   -0.595443
 H   -0.503053   -2.159468   -0.143133

2-chloroethyl_C_CHH.xyz
 C    1.456854    0.854865    0.000000
 C    0.000000    0.897413    0.000000
Cl   -0.699276   -0.863582    0.000000
 H    2.001378    0.743728    0.929096
 H    2.001378    0.743728   -0.929096
 H   -0.428094    1.339883    0.895849
 H   -0.428094    1.339883   -0.895849

2-chlorophenyl_C_CC.xyz
 C    1.282091   -0.034187    0.000000
Cl   -0.255263    2.257597    0.000000
 C   -0.000000    0.524939    0.000000
 C    1.423459   -1.424459    0.000000
 H    2.415478   -1.857060    0.000000
 C    0.301452   -2.247674    0.000000
 H    0.429590   -3.323678    0.000000
 C   -0.973807   -1.686168    0.000000
 H   -1.853446   -2.318826    0.000000
 C   -1.123848   -0.303546    0.000000
 H   -2.108234    0.146981    0.000000

2-cyanophenyl_C_CC.xyz
 C   -0.127645   -1.200884    0.000000
 C    2.065032   -0.075420    0.000000
 N    3.219974   -0.082952    0.000002
 C    0.635602   -0.046653   -0.000006
 C   -1.497425   -1.251418    0.000002
 H   -2.039374   -2.190042    0.000004
 C   -2.174307   -0.021888   -0.000001
 H   -3.258740   -0.008398    0.000000
 C   -1.458016    1.177392    0.000001
 H   -1.989795    2.121273    0.000002
 C   -0.067056    1.177421    0.000001
 H    0.490985    2.106530    0.000003

2-ethoxy-1,1-difluoro-2-oxoethyl_C_CFF.xyz
 C    1.521632   -0.271645   -0.113425
 C    0.313618    0.526537   -0.014019
 O    0.328066    1.739345    0.015837
 O   -0.779006   -0.257469   -0.006805
 C   -2.058918    0.430074    0.028887
 C   -3.139931   -0.629555   -0.014749
 F    2.703460    0.283512    0.017948
 F    1.547360   -1.578208    0.045198
 H   -2.109608    1.109944   -0.824812
 H   -2.103686    1.029311    0.941266
 H   -3.067539   -1.223754   -0.928204
 H   -3.065189   -1.300575    0.843605
 H   -4.122254   -0.150141    0.007416

2-ethoxy-1-fluoro-2-oxoethyl_C_CFH.xyz
 C    1.953286   -0.080678   -0.005198
 C    0.677770    0.596151   -0.001325
 O    0.605542    1.813682   -0.004472
 O   -0.371678   -0.244733    0.005556
 C   -1.687429    0.366524    0.012943
 C   -2.705448   -0.755130   -0.010707
 F    2.028486   -1.407362    0.003630
 H    2.895769    0.447798   -0.015152
 H   -1.772678    1.020092   -0.858539
 H   -1.777222    0.986863    0.908045
 H   -2.593067   -1.364465   -0.910016
 H   -2.594322   -1.401886    0.862442
 H   -3.714845   -0.334935   -0.002405

2-ethoxy-2-oxoethyl_C_CHH.xyz
 C   -2.148537   -0.975207   -0.108376
 C    2.533588   -0.357130   -0.029713
 C    1.265040    0.466395    0.049700
 O    0.144196   -0.455342    0.001439
 C   -1.082485    0.088106   -0.034779
 O   -1.310847    1.272090    0.004505
 H    2.575995   -0.918653   -0.965596
 H    3.402769    0.304438    0.015274
 H    2.596022   -1.063082    0.801649
 H    1.172744    1.166306   -0.783626
 H    1.200611    1.038127    0.978778
 H   -1.906195   -1.841717    0.499832
 H   -3.114372   -0.552390    0.145140

2-fluoroethyl_C_CHH.xyz
 C    1.222492   -0.284141    0.000000
 F   -1.159400   -0.288567    0.000000
 C    0.000000    0.547634    0.000000
 H   -0.079910    1.170472    0.893450
 H   -0.079910    1.170472   -0.893450
 H    1.629734   -0.662397    0.929488
 H    1.629734   -0.662397   -0.929488

2-fluorophenyl_C_CC.xyz
 C    1.245960    0.334588    0.000000
 F   -0.084103    2.300084    0.000000
 C   -0.000000    0.954580    0.000000
 C    1.307350   -1.060332    0.000000
 H    2.272187   -1.551554    0.000000
 C    0.134173   -1.811693    0.000000
 H    0.194608   -2.893413    0.000000
 C   -1.105895   -1.174203    0.000000
 H   -2.019645   -1.756348    0.000000
 C   -1.176047    0.216872    0.000000
 H   -2.123475    0.741681    0.000000

2-hydroxyethyl_C_CHH.xyz
 C   -1.254428   -0.254524   -0.013445
 O    1.115282   -0.375512   -0.065353
 C    0.005587    0.520616    0.035595
 H    1.921846    0.107113    0.137510
 H    0.027546    1.266117   -0.775550
 H    0.067335    1.089851    0.982902
 H   -2.190324    0.237710   -0.244145
 H   -1.255619   -1.293244    0.289213

2-hydroxyphenyl_C_CC.xyz
 C   -1.229754    0.298568    0.000000
 C   -1.290258   -1.094083    0.000000
 C    1.174919    0.209891    0.000000
 C   -0.112961   -1.836559    0.000000
 C   -0.000000    0.970574    0.000000
 C    1.117754   -1.177447    0.000000
 O    0.130137    2.320415    0.000000
 H   -2.251828   -1.591435    0.000000
 H    2.121238    0.737397    0.000000
 H   -0.161258   -2.918672    0.000000
 H    2.039533   -1.747492    0.000000
 H   -0.746977    2.731218    0.000000

2-hydroxypropan-2-yl_C_COO.xyz
 C    0.008248    0.028609   -0.227663
 C   -1.229400   -0.768430    0.032865
 C    1.359423   -0.545779    0.025713
 O   -0.044398    1.381700    0.059576
 H   -1.429595   -0.876186    1.114313
 H   -1.136963   -1.773712   -0.384597
 H   -2.115873   -0.305136   -0.416407
 H    2.138235    0.096304   -0.393362
 H    1.447914   -1.538299   -0.422113
 H    1.564733   -0.647636    1.105731
 H   -0.942893    1.704666   -0.065666

2-iodophenyl_C_CC.xyz
 C    1.284186   -1.169493   -0.000001
 I   -1.562724   -0.019333    0.000000
 C    0.575933   -0.003073   -0.000003
 C    2.655234   -1.270789    0.000000
 H    3.164807   -2.227654    0.000001
 C    3.369911   -0.063278    0.000001
 H    4.454266   -0.081661    0.000003
 C    2.687543    1.154994    0.000000
 H    3.245142    2.084450    0.000002
 C    1.292392    1.201466   -0.000001
 H    0.768959    2.150548   -0.000001

2-methoxy-2-oxoethyl_C_CHH.xyz
 C   -1.785205   -0.588640    0.001208
 C   -0.528500    0.126228   -0.000797
 O    0.534834   -0.721200   -0.002967
 O   -0.416674    1.339263   -0.000333
 C    1.830917   -0.100816    0.001682
 H   -1.810518   -1.669684    0.003731
 H   -2.700430   -0.014015    0.001435
 H    2.545059   -0.921360   -0.005460
 H    1.958870    0.512205    0.895873
 H    1.958462    0.527722   -0.881739

2-methoxyethyl_C_CHH.xyz
 C    1.540618    0.567936   -0.083767
 C    0.667582   -0.599746    0.216683
 O   -0.610922   -0.536021   -0.404690
 C   -1.461049    0.453374    0.150290
 H    1.480111    1.046629   -1.054164
 H    2.344816    0.847420    0.586086
 H    0.557358   -0.731544    1.305670
 H    1.116112   -1.528030   -0.167656
 H   -1.036355    1.460379    0.051521
 H   -2.402019    0.406235   -0.398051
 H   -1.655558    0.257690    1.214882

2-methoxyphenyl_C_CC.xyz
 C   -0.896016   -0.487890    0.000000
 O   -0.338069    1.880014    0.000000
 C    0.000000    0.564927    0.000000
 C    0.799351   -2.143356    0.000000
 C    1.363013    0.222216    0.000000
 C    1.746681   -1.115707    0.000000
 C   -0.564752   -1.820589    0.000000
 C   -1.735613    2.166515    0.000000
 H    1.109831   -3.181962    0.000000
 H    2.095979    1.021688    0.000000
 H    2.802580   -1.361416    0.000000
 H   -1.322822   -2.596710    0.000000
 H   -2.218222    1.754915    0.892608
 H   -1.820552    3.251767    0.000000
 H   -2.218222    1.754915   -0.892608

2-methyl-2,3-dihydrofuran-2-yl_C_CCO.xyz
 C    0.677098    0.046094   -0.236738
 C   -1.374657   -0.779080    0.052897
 C   -1.579098    0.537782    0.061998
 C   -0.236489    1.225079   -0.037592
 C    2.119575   -0.026692    0.098846
 O   -0.048429   -1.131628   -0.060504
 H   -2.059705   -1.610673    0.114264
 H   -2.536489    1.027796    0.147762
 H    0.007492    1.793944    0.880259
 H   -0.177692    1.949364   -0.861830
 H    2.644132    0.848265   -0.293843
 H    2.579247   -0.921886   -0.327896
 H    2.291875   -0.052883    1.188858

2-methylbut-3-en-2-yl_C_CCC.xyz
 C    0.398046   -0.033199   -0.004323
 C   -2.096899   -0.085854    0.001934
 C   -0.843681   -0.668854   -0.002499
 C    1.666995   -0.834050    0.001963
 C    0.562819    1.457661   -0.000694
 H   -2.988537   -0.699789    0.002407
 H   -2.243002    0.987161    0.005580
 H   -0.816769   -1.757580   -0.003976
 H    2.283481   -0.592828    0.878448
 H    2.284940   -0.607210   -0.877415
 H    1.474864   -1.909023    0.011006
 H    1.081144    1.788476    0.908859
 H   -0.383527    1.995167   -0.057675
 H    1.183731    1.781397   -0.845518

2-methylbutan-2-yl_C_CCC.xyz
 C   -0.508623   -0.002746   -0.107903
 C    2.063416   -0.041690   -0.183292
 C    0.759207   -0.712103    0.273364
 C   -0.608719    1.480201    0.065229
 C   -1.777068   -0.796143   -0.115899
 H    2.072317    0.101037   -1.267950
 H    2.926592   -0.657790    0.082949
 H    2.204044    0.936382    0.284067
 H    0.723788   -1.735916   -0.117680
 H    0.794351   -0.827527    1.374385
 H    0.253184    2.010534   -0.349355
 H   -1.509500    1.878706   -0.410377
 H   -0.663176    1.759480    1.133552
 H   -2.558275   -0.306766   -0.706427
 H   -2.186583   -0.919522    0.903545
 H   -1.626019   -1.803728   -0.515695

2-methyloxolan-2-yl_C_CCO.xyz
 C    0.740269    0.061678   -0.228500
 C   -1.348630   -0.849511    0.155597
 C   -1.542248    0.639866   -0.160784
 C   -0.144809    1.213706    0.137821
 O    0.048433   -1.126228   -0.074322
 H   -1.936367   -1.517621   -0.476200
 H   -1.568166   -1.073657    1.205304
 H   -2.337313    1.090460    0.436040
 H   -1.785855    0.776387   -1.217538
 H   -0.049768    1.469168    1.209613
 H    0.081838    2.120457   -0.428288
 C    2.201318   -0.020729    0.025689
 H    2.428705   -0.138323    1.100412
 H    2.701343    0.887917   -0.319192
 H    2.642719   -0.875020   -0.494511

2-methylphenyl_C_CC.xyz
 C   -1.178534    0.227150    0.000000
 C    0.040271    2.456417    0.000000
 C   -0.000000    0.947232    0.000000
 C   -1.313059   -1.138493    0.000000
 H   -2.282834   -1.624081    0.000000
 C   -0.126001   -1.889251    0.000000
 H   -0.171445   -2.973144    0.000000
 C    1.103388   -1.232117    0.000000
 H    2.021787   -1.808107    0.000000
 C    1.167252    0.163053    0.000000
 H    2.133413    0.659674    0.000000
 H    1.069747    2.819886    0.000000
 H   -0.465284    2.860915    0.881174
 H   -0.465284    2.860915   -0.881174

2-nitrophenyl_C_CC.xyz
 C   -0.454215   -1.188659   -0.000003
 C    0.260578   -0.015416   -0.000001
 C   -1.823231   -1.258296   -0.000003
 C   -2.515869   -0.036401    0.000000
 H   -3.600436   -0.039141    0.000001
 C   -1.820918    1.175968    0.000003
 H   -2.369438    2.109988    0.000006
 C   -0.428555    1.199547    0.000002
 H    0.131644    2.126256    0.000004
 N    1.734324   -0.044566   -0.000004
 O    2.267803   -1.145412    0.000008
 O    2.325372    1.027601   -0.000005
 H   -2.354177   -2.203105   -0.000005

2-oxidopropan-2-yl_C_CCO.xyz
 C    0.008261    0.028087   -0.231025
 O   -0.042653    1.380473    0.059818
 C   -1.229250   -0.767013    0.033247
 C    1.357691   -0.546631    0.026076
 H    2.136746    0.089702   -0.401109
 H    1.442927   -1.544953   -0.409217
 H    1.562352   -0.634518    1.107329
 H   -1.427074   -0.868112    1.115597
 H   -1.137824   -1.773853   -0.380237
 H   -2.115095   -0.303099   -0.416683
 H   -0.941022    1.704392   -0.064010

2-oxidopropan-2-yl_O_C.xyz
 O    0.000522    1.423678    0.146315
 C   -0.000088    0.125892   -0.295680
 C   -1.286504   -0.627604    0.078147
 C    1.286131   -0.628285    0.078151
 H    2.163776   -0.059427   -0.233114
 H    1.311513   -1.613333   -0.394992
 H    1.328766   -0.766805    1.161934
 H   -1.329074   -0.766460    1.161902
 H   -1.312686   -1.612508   -0.395269
 H   -2.163943   -0.058187   -0.232729
 H    0.000243    0.267280   -1.401962

2-oxo-2-phenylethyl_C_CHH.xyz
 C   -2.551024    1.067926    0.190243
 C   -1.746130   -0.104517   -0.024406
 O   -2.302504   -1.198828   -0.197960
 C   -0.247197   -0.009412   -0.006551
 C    2.554997    0.046605    0.012412
 C    0.488078   -1.199207    0.085706
 C    0.441033    1.208274   -0.096878
 C    1.833950    1.235174   -0.090476
 C    1.877784   -1.171391    0.100384
 H   -2.139598    2.038797    0.431728
 H   -3.626394    0.952123    0.145028
 H    3.638981    0.068468    0.021586
 H   -0.051939   -2.135971    0.144240
 H   -0.100480    2.141531   -0.191960
 H    2.354899    2.182658   -0.168281
 H    2.435617   -2.097692    0.178732

2-oxocyclohexyl_C_CCH.xyz
 C   -0.381254    1.257279   -0.058918
 C   -1.160056    0.054058    0.021521
 C    1.108963    1.293469   -0.089956
 C    1.033673   -1.219366   -0.336530
 C    1.758207   -0.038015    0.319496
 C   -0.430035   -1.281400    0.124695
 O   -2.398182    0.099828    0.022037
 H    1.474212    2.121001    0.531246
 H    1.420502    1.554641   -1.115816
 H    1.540396   -2.159967   -0.102064
 H    1.071946   -1.107435   -1.427501
 H    1.710196   -0.145885    1.409667
 H    2.818022   -0.030575    0.049565
 H   -0.477083   -1.589951    1.177153
 H   -1.006734   -2.019697   -0.437781
 H   -0.942982    2.183105   -0.142612

2-oxocyclopentyl_C_CHH.xyz
 C   -0.052979    1.194067   -0.023563
 C   -0.917413    0.040256   -0.000497
 C   -0.032709   -1.204154    0.156222
 C    1.386452   -0.719607   -0.198917
 C    1.377703    0.806418    0.102921
 O   -2.144396    0.046860   -0.066363
 H   -0.397187   -2.024558   -0.463908
 H   -0.098147   -1.531479    1.200875
 H    1.573971   -0.871924   -1.265489
 H    2.170352   -1.245842    0.347823
 H    2.037713    1.382142   -0.554623
 H    1.731971    1.006661    1.127590
 H   -0.429829    2.208242   -0.078361

2-oxopropyl_C_CHH.xyz
 C    1.131256   -0.870622   -0.000144
 C   -1.358219   -0.357423   -0.001000
 C    0.085339    0.118616   -0.003405
 O    0.364722    1.321420    0.000385
 H   -1.536946   -1.073651   -0.808246
 H   -2.025208    0.496135   -0.114403
 H   -1.584528   -0.865436    0.942121
 H    0.916572   -1.933270   -0.001675
 H    2.162082   -0.538559    0.006419

2-oxopyrrolidin-1-yl_N_CC.xyz
 N   -0.118627   -1.213481   -0.055421
 C   -0.882564   -0.037817   -0.004888
 C    0.006172    1.200688    0.145036
 C    1.406649    0.672727   -0.188544
 C    1.264744   -0.841803    0.108452
 O   -2.098608   -0.052640   -0.057258
 H   -0.068494    1.542953    1.183450
 H   -0.348244    2.011064   -0.492211
 H    2.205188    1.140785    0.388302
 H    1.630270    0.819825   -1.248437
 H    1.531645   -1.069305    1.156070
 H    1.898879   -1.492600   -0.501498

2-phenyibut-3-en-2-yl_C_CCC.xyz
 C   -1.265285    0.253529    0.061565
 C   -3.510665   -0.813367   -0.167602
 C   -2.143248   -0.836086   -0.157912
 C   -1.817914    1.639654    0.263726
 C    0.179205    0.069491    0.030779
 C    2.999018   -0.251260   -0.045966
 C    1.047410    1.172659   -0.149798
 C    0.786184   -1.201020    0.185275
 C    2.164656   -1.355258    0.147090
 C    2.427214    1.012680   -0.193366
 H   -4.089102    0.082147    0.021803
 H   -4.071161   -1.716351   -0.375429
 H   -1.683012   -1.794876   -0.375532
 H   -2.842420    1.612901    0.633896
 H   -1.223270    2.208378    0.982160
 H   -1.827960    2.207011   -0.676126
 H    4.075391   -0.374904   -0.075573
 H    0.635532    2.165156   -0.279204
 H    0.171894   -2.073612    0.367134
 H    2.594408   -2.342244    0.279068
 H    3.060256    1.880257   -0.344943

2-phenylethane-1-thiol_C_CSH.xyz
 C    1.811778   -0.006225   -0.428182
 S    3.546860    0.096141   -0.261593
 C    0.908135   -0.377729    0.708719
 C   -0.552050   -0.170554    0.365577
 C   -1.389377   -1.255470    0.095551
 H   -0.992061   -2.263934    0.152433
 C   -2.727908   -1.056636   -0.244713
 H   -3.364428   -1.910165   -0.450221
 C   -3.245119    0.234753   -0.318545
 H   -4.285303    0.391734   -0.580808
 C   -2.416703    1.325600   -0.051694
 H   -2.812369    2.333824   -0.105695
 C   -1.080935    1.122616    0.285510
 H   -0.436963    1.972697    0.486523
 H    1.474942   -0.116024   -1.451527
 H    1.167040    0.221324    1.593337
 H    1.071013   -1.425867    1.004704
 H    3.581447    0.360020    1.063394

2-phenylpropan-2-yl_C_CCC.xyz
 C   -1.613810   -0.000071    0.000921
 C   -2.380563   -1.292952   -0.012679
 C   -2.378587    1.293623    0.012014
 C   -0.187275   -0.000682    0.000490
 C    0.562167   -1.212140    0.007009
 H    0.043671   -2.162348    0.013180
 C    1.948300   -1.205770    0.007078
 H    2.486447   -2.147693    0.012360
 C    2.656970    0.000163   -0.000207
 H    3.740755    0.000528   -0.000733
 C    1.947842    1.205737   -0.007279
 H    2.485164    2.148129   -0.013169
 C    0.561764    1.211385   -0.006583
 H    0.043059    2.161591   -0.011994
 H   -3.455556   -1.114567   -0.064740
 H   -2.190343   -1.892411    0.887959
 H   -2.107670   -1.923430   -0.868197
 H   -2.114952    1.920921    0.873255
 H   -3.454430    1.117012    0.051250
 H   -2.177004    1.896504   -0.883756

2-sulfanylethyl_C_CHH.xyz
 C    1.664603   -0.361652   -0.063137
 C    0.612564    0.649909    0.090962
 S   -1.118847   -0.105587   -0.076204
 H    2.047427   -0.890884    0.801138
 H    1.914898   -0.744390   -1.044636
 H    0.650526    1.166540    1.049498
 H    0.620650    1.392803   -0.709000
 H   -0.994948   -0.964212    0.955309

2-sulfanylphenyl_C_CC.xyz
 C   -0.233898   -1.181024    0.000177
 C   -1.580586    1.170928   -0.000713
 C   -0.186159    1.179045   -0.003985
 C   -2.296918   -0.026221    0.001464
 C   -1.603216   -1.246795    0.001674
 C    0.528354   -0.033344   -0.000799
 S    2.310523   -0.148641   -0.002666
 H   -2.111719    2.115924   -0.000973
 H    0.349560    2.122644   -0.008042
 H   -3.381052   -0.019801    0.003451
 H   -2.132456   -2.193271    0.003638
 H    2.541832    1.177226    0.057667

2-tert-butylphenyl_C_CC.xyz
 C   -0.829022    1.170477   -0.000068
 C    1.986474   -0.693832    1.262254
 C    1.469999    0.030759   -0.000009
 C    1.999552    1.475771   -0.000642
 C    1.986600   -0.695054   -1.261546
 H    1.661271   -1.736793    1.291086
 H    1.622442   -0.203035    2.168688
 H    3.080772   -0.683430    1.283772
 H    1.659128    2.022507    0.882710
 H    1.659023    2.021853   -0.884357
 H    3.093540    1.476421   -0.000716
 H    3.080892   -0.684329   -1.283073
 H    1.622418   -0.205355   -2.168517
 H    1.661716   -1.738152   -1.289260
 C   -0.062769    0.025234   -0.000048
 C   -2.201625    1.255710   -0.000034
 H   -2.720896    2.207970   -0.000021
 C   -2.906985    0.045258    0.000005
 H   -3.991831    0.048797    0.000022
 C   -2.201205   -1.159838    0.000018
 H   -2.742309   -2.099387    0.000025
 C   -0.807639   -1.171708    0.000004
 H   -0.286458   -2.123727    0.000035

2H-1,3,2-dioxaborol-2-yl_B_OO.xyz
 B   -0.000000    0.000000    2.405216
 O    0.000000    1.145875    1.642231
 O   -0.000000   -1.145875    1.642231
 C    0.000000   -0.696276    0.325358
 C    0.000000    0.696276    0.325358
 C    0.000000   -1.431085   -0.843434
 C    0.000000   -0.699175   -2.038267
 C    0.000000    0.699175   -2.038267
 C    0.000000    1.431085   -0.843434
 H    0.000000   -2.513439   -0.830427
 H    0.000000   -1.230576   -2.982404
 H    0.000000    1.230576   -2.982404
 H    0.000000    2.513439   -0.830427

3,5-bis_ethoxycarbonyl_-2,6-dimethyl-1,4-dihydropyridin-4-yl_C_CCH.xyz
 C    0.000000    0.000000    0.036433
 C    0.015915    1.240332    2.125645
 C   -0.015915   -1.240332    2.125645
 N    0.000000    0.000000    2.766272
 C   -0.007416   -1.239763    0.750514
 C    0.007416    1.239763    0.750514
 C   -0.022151   -2.402492    3.069709
 C    0.022151    2.402492    3.069709
 C    0.000000    2.524824    0.001334
 C   -0.000000   -2.524824    0.001334
 O   -0.207311    3.630056    0.461829
 O    0.247487    2.329172   -1.311923
 O    0.207311   -3.630056    0.461829
 O   -0.247487   -2.329172   -1.311923
 C   -0.236736   -3.503894   -2.154263
 C   -0.512638   -3.044882   -3.572061
 C    0.236736    3.503894   -2.154263
 C    0.512638    3.044882   -3.572061
 H    0.000000    0.000000   -1.038142
 H    0.000000    0.000000    3.774027
 H   -0.681228   -2.190937    3.919955
 H   -0.340766   -3.317486    2.581980
 H    0.985419   -2.578405    3.467662
 H   -0.985419    2.578405    3.467662
 H    0.340766    3.317486    2.581980
 H    0.681228    2.190937    3.919955
 H    0.735831   -3.993552   -2.061045
 H   -0.996000   -4.202383   -1.793431
 H    0.252446   -2.342494   -3.911293
 H   -0.511855   -3.906009   -4.246017
 H   -1.486495   -2.554702   -3.641517
 H    0.996000    4.202383   -1.793431
 H   -0.735831    3.993552   -2.061045
 H    1.486495    2.554702   -3.641517
 H    0.511855    3.906009   -4.246017
 H   -0.252446    2.342494   -3.911293

3,5-bis_trifluoromethyl_benzenesulfonyl_S_CCO.xyz
 S    0.019434    3.167688    0.250604
 O   -1.277373    3.649047   -0.281405
 O    1.322661    3.632703   -0.280250
 C    0.008157    1.345686    0.099390
 C    1.222371    0.670603    0.078370
 H    2.155553    1.219834    0.096568
 C    1.200377   -0.721375    0.007620
 C    2.516588   -1.462832   -0.014167
 C   -0.008714   -1.413525   -0.026351
 C   -1.209267   -0.706609    0.007182
 C   -2.534413   -1.431961   -0.014110
 C   -1.214239    0.685532    0.077838
 H   -2.140583    1.246230    0.095633
 H   -0.015298   -2.492971   -0.081043
 F    2.351439   -2.791381   -0.157833
 F    3.207120   -1.262540    1.131471
 F    3.304841   -1.039398   -1.025368
 F   -2.385704   -2.761961   -0.162068
 F   -3.319617   -0.995989   -1.022310
 F   -3.220088   -1.226866    1.133638

3,5-bis_trifluoromethyl_phenyl_C_CC.xyz
 C   -0.000158    2.377622    0.006228
 C   -2.508249   -0.409424   -0.002921
 C   -1.207546    0.354663   -0.037087
 C   -1.224026    1.757440   -0.006585
 H   -2.158589    2.305155   -0.003493
 C    1.223898    1.757469   -0.007884
 H    2.158106    2.305761   -0.006351
 C    1.207789    0.354871   -0.038130
 C    2.508445   -0.409107   -0.003104
 C    0.000086   -0.342257   -0.049290
 H    0.000236   -1.423485   -0.081354
 F   -2.415261   -1.594055   -0.642624
 F   -3.516425    0.281928   -0.576013
 F   -2.889527   -0.678577    1.269044
 F    3.519896    0.286405   -0.564886
 F    2.419067   -1.589076   -0.652052
 F    2.882117   -0.688303    1.269179

3,5-dichloro-2,4,6-trioxo-1,3,5-triazinan-1-yl_N_CC.xyz
 N    0.000617    1.831050    0.455755
 C   -1.206319    1.257502    0.046935
 C    1.205667    1.255623    0.046318
 C   -0.002355   -0.944540    0.077112
 N    1.171902   -0.154406    0.069386
 N   -1.173481   -0.152720    0.072564
 O   -2.175095    1.910275   -0.227024
 O    2.176102    1.907495   -0.226159
 O   -0.002629   -2.137246    0.064381
Cl   -2.664936   -0.986358   -0.061871
Cl    2.667157   -0.985593   -0.061406

3,5-difluorophenyl_C_CC.xyz
 C   -0.000221   -1.756656    0.000000
 F   -2.352038    0.934812    0.000000
 C   -1.188752    0.248282    0.000000
 C   -0.000000    0.967184    0.000000
 H    0.000266    2.048460    0.000000
 C    1.188485    0.247994    0.000000
 F    2.352605    0.934371    0.000000
 C    1.230775   -1.146628    0.000000
 H    2.174711   -1.676938    0.000000
 C   -1.231096   -1.146466    0.000000
 H   -2.175227   -1.676426    0.000000

3-_acetyloxy_phenyl_C_CC.xyz
 C    2.122644   -1.257891   -0.293036
 C   -2.040766   -0.114355    0.197291
 C   -3.391414    0.362709   -0.264067
 O   -1.823444   -0.911958    1.065838
 O   -1.054553    0.507392   -0.531425
 C    0.283042    0.196869   -0.279129
 C    3.012116   -0.289863    0.110070
 C    1.118971    1.231335    0.129368
 C    0.776436   -1.093017   -0.504578
 C    2.479255    0.989793    0.322365
 H   -3.462655    1.446863   -0.151046
 H   -4.168026   -0.125640    0.320715
 H   -3.521718    0.135303   -1.324737
 H    4.066489   -0.490842    0.258992
 H    0.697587    2.216060    0.287908
 H    0.120995   -1.896369   -0.817121
 H    3.129599    1.797658    0.640274

3-_dimethylamino_bicyclo_1.1.1_pentan-1-yl_C_CCC.xyz
 C   -2.040160    0.000079    0.182450
 C    1.818219    1.210924    0.047740
 N    1.151063   -0.000033   -0.417561
 C    1.818509   -1.210887    0.047740
 C   -0.259952   -0.000130   -0.121337
 C   -1.263955    1.095379   -0.583365
 C   -1.264880   -1.092917   -0.587591
 C   -0.980217   -0.002475    1.298454
 H    2.854951    1.205732   -0.297156
 H    1.821139    1.306031    1.147719
 H    1.325607    2.089134   -0.372724
 H    2.854878   -1.205951   -0.298287
 H    1.325351   -2.089266   -0.371672
 H    1.822644   -1.305213    1.147807
 H   -1.432738    1.167542   -1.657936
 H   -1.187607    2.069298   -0.099785
 H   -1.433650   -1.160623   -1.662448
 H   -1.189496   -2.068820   -0.107874
 H   -0.892116   -0.911618    1.893436
 H   -0.891783    0.904148    1.897303

3-_methylsulfanyl_phenyl_C_CC.xyz
 C    1.666968    1.407978   -0.008980
 C    2.261918   -0.865352    0.011726
 C    0.314941    1.159616   -0.015686
 C    0.910586   -1.193044    0.006670
 C    2.675397    0.477840    0.005267
 C   -0.076607   -0.192681   -0.006761
 S   -1.772880   -0.739680   -0.014771
 C   -2.715442    0.818622    0.026427
 H    3.004624   -1.656467    0.023311
 H   -0.407500    1.965042   -0.029512
 H    0.612060   -2.235419    0.013901
 H    3.725090    0.746144    0.011368
 H   -3.764958    0.522806    0.035513
 H   -2.528331    1.425027   -0.861196
 H   -2.501465    1.389879    0.930983

3-_trifluoromethyl_phenyl_C_CC.xyz
 C    2.100447   -1.264406    0.002617
 C   -1.417005    0.022083   -0.004117
 F   -1.887553    0.039628    1.269489
 F   -1.902131    1.128826   -0.609479
 F   -1.983839   -1.045300   -0.609433
 C    0.087441   -0.037552   -0.037699
 C    0.728670   -1.287102   -0.023075
 C    2.891477   -0.140513    0.015834
 H    3.974108   -0.192495    0.034251
 C    2.226321    1.094202    0.000961
 H    2.799522    2.014608    0.006840
 C    0.833366    1.143011   -0.023932
 H    0.325844    2.098931   -0.040095
 H    0.157934   -2.207765   -0.039713

3-acetamidophenyl_C_CC.xyz
 C   -2.109089    1.319470   -0.004544
 C    2.147558    0.149402   -0.005190
 C    3.451384   -0.631614    0.008433
 O    2.128784    1.366169    0.015927
 N    1.013651   -0.636015   -0.023985
 C   -0.340204   -0.242281   -0.009946
 C   -3.103577    0.372539    0.008075
 C   -1.308776   -1.260502    0.003429
 C   -0.753341    1.105035   -0.013367
 C   -2.666871   -0.961273    0.012016
 H    3.899387   -0.545082    1.001958
 H    4.136847   -0.172460   -0.704711
 H    3.336107   -1.690622   -0.232880
 H    1.165303   -1.632827   -0.039773
 H   -4.157709    0.622570    0.015038
 H   -0.990489   -2.298581    0.007532
 H   -0.024828    1.902559   -0.022673
 H   -3.392951   -1.767451    0.022557

3-acetylphenyl_C_CC.xyz
 C   -1.925721   -1.199555   -0.000004
 C    1.669523   -0.171122    0.000010
 C    2.469020    1.118707   -0.000007
 O    2.229709   -1.249830   -0.000001
 C    0.168559   -0.089020    0.000004
 C   -2.652997   -0.030077   -0.000003
 C   -0.524955    1.129925    0.000004
 C   -0.560755   -1.297055    0.000000
 C   -1.919096    1.164639    0.000001
 H    2.236022    1.722178   -0.882430
 H    3.529577    0.872787   -0.000037
 H    2.236070    1.722162    0.882439
 H   -3.737163   -0.020101   -0.000006
 H    0.020030    2.065355    0.000008
 H   -0.024856   -2.239153    0.000000
 H   -2.438807    2.116756    0.000002

3-aminophenyl_C_CC.xyz
 C   -1.116057   -1.308939    0.004267
 N    2.292610    0.102303   -0.069532
 C    0.903051    0.016059   -0.007078
 C    0.271659   -1.238654   -0.003962
 C   -1.914542   -0.168696    0.007410
 H   -2.992842   -0.239383    0.014226
 C   -1.276294    1.072964    0.002849
 H   -1.875794    1.976705    0.005926
 C    0.109597    1.173873   -0.004673
 H    0.584493    2.149250   -0.012963
 H    2.698552    0.967825    0.253051
 H    2.804917   -0.707803    0.245181
 H    0.867914   -2.142362   -0.011578

3-aminopropyl_C_CHH.xyz
 C    1.585071   -0.551079    0.120758
 C    0.727771    0.594848   -0.292607
 C   -0.695360    0.559593    0.315861
 N   -1.543240   -0.563005   -0.085128
 H    1.649915   -0.834000    1.166571
 H    2.231925   -1.065596   -0.578456
 H    1.196559    1.545448    0.019936
 H    0.655590    0.642088   -1.385672
 H   -1.217834    1.485672    0.056372
 H   -0.615459    0.546345    1.408744
 H   -1.709104   -0.551581   -1.086819
 H   -1.093810   -1.447513    0.131150

3-bromophenyl_C_CC.xyz
 C   -0.595807    2.412081    0.000000
Br   -0.472432   -1.713085   -0.000000
 C   -0.000000    0.145841    0.000000
 C   -1.020260    1.105575    0.000000
 H   -2.064879    0.821504    0.000000
 C    0.705091    2.854663    0.000000
 H    0.963910    3.906883    0.000000
 C    1.695022    1.861354    0.000000
 H    2.742641    2.143583    0.000000
 C    1.345994    0.510283    0.000000
 H    2.113216   -0.252757    0.000000

3-carboxyphenyl_C_CC.xyz
 C   -1.778029   -1.363660    0.000000
 C    0.451983    1.613018    0.000000
 O   -0.282236    2.572666    0.000000
 O    1.803898    1.737569    0.000000
 C    0.000000    0.195059    0.000000
 C   -0.940259   -2.455294    0.000000
 C    0.901681   -0.877628    0.000000
 C   -1.387214   -0.050597    0.000000
 C    0.438074   -2.191452    0.000000
 H    1.997213    2.686275    0.000000
 H   -1.313984   -3.473062    0.000000
 H    1.964651   -0.677458    0.000000
 H   -2.081978    0.781010    0.000000
 H    1.143381   -3.015318    0.000000

3-chlorophenyl_C_CC.xyz
 C    1.357498   -1.504731    0.000000
Cl   -0.132248    2.220268   -0.000000
 C   -0.000000    0.466441    0.000000
 C    1.266460   -0.113377    0.000000
 C    0.215022   -2.304723    0.000000
 H    0.297468   -3.383684    0.000000
 C   -1.037407   -1.693300   -0.000000
 H   -1.930674   -2.307463   -0.000000
 C   -1.158135   -0.305599   -0.000000
 H   -2.130151    0.170163   -0.000000
 H    2.150944    0.508161    0.000000

3-chloropropan-1-yl_C_CHH.xyz
 C   -1.818905   -0.777882    0.159370
 C   -1.223883    0.500138   -0.321058
 C    0.105028    0.869585    0.329147
Cl    1.422914   -0.324254   -0.080806
 H   -1.917209    1.332558   -0.136850
 H   -1.080200    0.476492   -1.414037
 H    0.034652    0.875259    1.416061
 H    0.464967    1.836326   -0.018872
 H   -2.879880   -0.962234    0.048222
 H   -1.185304   -1.597130    0.474426

3-chloropropyl_C_CHH.xyz
 C   -2.458065    0.093287    0.000000
Cl    1.672085   -0.139241    0.000000
 C    0.000000    0.576105    0.000000
 C   -1.062166   -0.520398    0.000000
 H   -0.061335    1.204066    0.888429
 H   -0.061335    1.204066   -0.888429
 H   -0.931347   -1.154476    0.879497
 H   -0.931347   -1.154476   -0.879497
 H   -2.659350    0.686975   -0.889917
 H   -2.659350    0.686975    0.889917

3-cyanophenyl_C_CC.xyz
 C    1.437285    1.259889   -0.000002
 C   -2.005562   -0.043405    0.000008
 N   -3.159813   -0.095193   -0.000012
 C   -0.576077    0.022985    0.000006
 C    0.067125    1.279924    0.000004
 C    2.233610    0.138966   -0.000006
 H    3.316102    0.196192   -0.000011
 C    1.574317   -1.099820   -0.000001
 H    2.152668   -2.016967   -0.000003
 C    0.183441   -1.157782    0.000005
 H   -0.324112   -2.114017    0.000008
 H   -0.510793    2.196600    0.000007

3-ethylbicyclo_1.1.1_pentan-1-yl_C_CCC.xyz
 C    1.761103   -0.441016   -0.000228
 C   -2.410154   -0.302825    0.000038
 C   -1.337977    0.790371    0.000083
 C    0.079268    0.225501    0.000104
 C    1.397728    1.061531   -0.000972
 C    0.701798   -0.703625   -1.094151
 C    0.702754   -0.702172    1.095053
 H   -3.414058    0.130185    0.000360
 H   -2.319862   -0.940892    0.883595
 H   -2.320223   -0.940515   -0.883825
 H   -1.449982    1.432850    0.880451
 H   -1.449942    1.432872   -0.880258
 H    1.616115    1.626036    0.906386
 H    1.615324    1.624986   -0.909160
 H    0.302400   -1.715818   -1.162123
 H    0.873884   -0.252386   -2.072107
 H    0.303445   -1.714282    1.164868
 H    0.875776   -0.249630    2.072261

3-fluorophenyl_C_CC.xyz
 C   -1.261038   -1.067752    0.000000
 F    0.085613    2.249128    0.000000
 C   -0.000000    0.897899    0.000000
 C   -1.263693    0.306432    0.000000
 C   -0.155891   -1.885489    0.000000
 H   -0.228644   -2.966326    0.000000
 C    1.090102   -1.240203    0.000000
 H    2.000386   -1.830230    0.000000
 C    1.172530    0.152482    0.000000
 H    2.127498    0.662003    0.000000
 H   -2.161821    0.912187    0.000000

3-fluoropropyl_C_CHH.xyz
 C   -1.911191    0.150026   -0.001476
 C   -0.574657   -0.508500   -0.041083
 C    0.566851    0.493688    0.091633
 F    1.800159   -0.164696   -0.038736
 H   -2.761628   -0.337037    0.456962
 H   -2.087510    1.078381   -0.533564
 H   -0.487151   -1.261565    0.748081
 H   -0.435092   -1.045616   -0.994413
 H    0.560618    0.981485    1.069554
 H    0.523310    1.255327   -0.692439

3-hydroxyphenyl_C_CC.xyz
 C   -1.305422   -1.107674    0.000000
 C   -0.152044   -1.890882    0.000000
 C    0.000000    0.905277    0.000000
 C    1.083832   -1.246230    0.000000
 C   -1.250072    0.280709    0.000000
 C    1.170461    0.144072    0.000000
 O    0.004123    2.271888    0.000000
 H   -0.211850   -2.970019    0.000000
 H    1.992756   -1.837260    0.000000
 H   -2.143789    0.888941    0.000000
 H    2.139483    0.633435    0.000000
 H    0.909895    2.598164    0.000000

3-hydroxypropyl_C_CHH.xyz
 C    1.935609    0.155513    0.000778
 O   -1.777341   -0.243620   -0.049191
 C   -0.558253    0.491218    0.077300
 C    0.598454   -0.498858   -0.028618
 H   -2.518957    0.357633    0.064110
 H   -0.514118    1.012766    1.042475
 H   -0.476141    1.244613   -0.719173
 H    0.510553   -1.239382    0.773913
 H    0.462663   -1.063319   -0.967247
 H    2.094130    1.120284   -0.468835
 H    2.805742   -0.370873    0.371528

3-iodophenyl_C_CC.xyz
 C   -1.063797    2.702723    0.000000
 I   -0.087663   -1.528208    0.000000
 C   -0.000000    0.611388    0.000000
 C   -1.201190    1.336244    0.000000
 C    0.112812    3.411730    0.000000
 H    0.140722    4.495015    0.000000
 C    1.291464    2.652081    0.000000
 H    2.254988    3.151075    0.000000
 C    1.237644    1.256976    0.000000
 H    2.153692    0.680750    0.000000
 H   -2.164843    0.841347    0.000000

3-methoxyphenyl_C_CC.xyz
 C   -0.554448   -1.813402    0.000000
 C   -1.603119    2.262474    0.000000
 O   -0.251193    1.822637    0.000000
 C    0.000000    0.482962    0.000000
 C    0.747037   -2.243736    0.000000
 C   -0.996727   -0.509919    0.000000
 C    1.353373    0.112700    0.000000
 C    1.719869   -1.226855    0.000000
 H   -2.133937    1.919358    0.894857
 H   -2.133937    1.919358   -0.894857
 H   -1.561440    3.350213    0.000000
 H    1.022613   -3.291267    0.000000
 H   -2.051552   -0.268880    0.000000
 H    2.099773    0.897409    0.000000
 H    2.772109   -1.492626    0.000000

3-methoxypropyl_C_CHH.xyz
 C    2.423519   -0.181481    0.135234
 C    1.032118   -0.371873   -0.358884
 C    0.044527    0.655599    0.253511
 O   -1.263154    0.579401   -0.291842
 C   -2.018284   -0.536212    0.143653
 H    2.777816   -0.686978    1.025364
 H    3.070546    0.566240   -0.308224
 H    0.985101   -0.252412   -1.447287
 H    0.685633   -1.383815   -0.124522
 H    0.393696    1.667702    0.039384
 H    0.007598    0.532786    1.346081
 H   -2.043169   -0.596170    1.241252
 H   -3.034095   -0.395648   -0.227016
 H   -1.629170   -1.483116   -0.251387

3-methylphenyl_C_CC.xyz
 C    1.300452   -1.163086    0.000000
 C   -0.082329    2.384922    0.000000
 C    0.000000    0.876912    0.000000
 C   -1.163560    0.097700    0.000000
 H   -2.133151    0.584927    0.000000
 C   -1.089977   -1.291560    0.000000
 H   -1.999063   -1.882929    0.000000
 C    0.146593   -1.939306    0.000000
 H    0.203126   -3.019347    0.000000
 C    1.239690    0.229262    0.000000
 H    2.151391    0.812998    0.000000
 H    0.910167    2.839312    0.000000
 H   -0.618845    2.747988    0.881706
 H   -0.618845    2.747988   -0.881706

3-nitrophenyl_C_CC.xyz
 C    1.776047   -1.270893   -0.000014
 C   -0.207329   -0.033282    0.000068
 C    0.404775   -1.291969    0.000039
 C    2.572211   -0.149009   -0.000045
 H    3.654636   -0.207514   -0.000087
 C    1.916595    1.091570   -0.000019
 H    2.495915    2.007896   -0.000042
 C    0.524867    1.151916    0.000035
 H    0.002469    2.098083    0.000057
 H   -0.189392   -2.196387    0.000063
 N   -1.688644    0.038469    0.000134
 O   -2.304903   -1.018968   -0.000093
 O   -2.203361    1.148799   -0.000071

3-oxobutan-2-yl_C_CCH.xyz
 C   -0.732632   -0.685897   -0.005072
 C    0.856395    1.324912    0.000601
 C    0.614124   -0.177236   -0.000810
 C   -1.984762    0.115752   -0.000780
 O    1.567483   -0.966934    0.001467
 H    1.928890    1.507755    0.047451
 H    0.455092    1.788142   -0.906347
 H    0.371512    1.805406    0.855886
 H   -0.809537   -1.769488    0.005141
 H   -2.668901   -0.227537   -0.786051
 H   -2.525146   -0.017262    0.947258
 H   -1.810524    1.183269   -0.138700

3-oxocyclohexyl_C_CCH.xyz
 C   -0.962986    1.305251   -0.219102
 C    1.140826   -0.030631    0.052487
 C    0.443306    1.314123    0.286742
 C   -1.821431    0.116504    0.057471
 C   -1.085258   -1.193025   -0.298311
 C    0.300448   -1.256541    0.373071
 O    2.277799   -0.100545   -0.354231
 H    1.049759    2.106429   -0.154627
 H    0.462810    1.467826    1.383926
 H   -1.359949    2.181824   -0.714976
 H   -2.766509    0.182681   -0.487801
 H   -2.084611    0.078383    1.130355
 H   -0.960451   -1.253507   -1.384643
 H   -1.681457   -2.058612    0.005702
 H    0.858206   -2.146964    0.077721
 H    0.170378   -1.287786    1.464046

3-sulfanylphenyl_C_CC.xyz
 C    1.541330    1.261042   -0.001606
 C    1.689386   -1.085307    0.001384
 C    0.169313    1.276055   -0.004758
 C    0.297731   -1.148697    0.004190
 C    2.351747    0.151901   -0.000295
 C   -0.471952    0.022532    0.001984
 S   -2.252555   -0.145400   -0.007768
 H    2.266677   -2.004012    0.004413
 H   -0.397400    2.200484   -0.013273
 H   -0.193881   -2.114712    0.012612
 H    3.433373    0.213880    0.001143
 H   -2.533221    1.165610    0.113998

3-sulfanylpropyl_C_CHH.xyz
 C    1.844588   -0.749184    0.143259
 C    1.228891    0.514173   -0.350545
 C   -0.103729    0.860022    0.331258
 S   -1.486119   -0.282296   -0.095076
 H    1.868331   -0.965876    1.206128
 H    2.377437   -1.417427   -0.520616
 H    1.915012    1.359407   -0.160845
 H    1.086441    0.474400   -1.434510
 H   -0.453519    1.843426    0.010669
 H    0.014353    0.889443    1.417248
 H   -0.848643   -1.416708    0.259307

3-tert-butylphenyl_C_CC.xyz
 C    2.176946    1.261240    0.000024
 C   -1.892344   -0.775392   -1.262516
 C   -1.424992   -0.014430    0.000008
 C   -2.088790    1.373782   -0.000849
 C   -1.892957   -0.774106    1.263118
 H   -1.487799   -1.789473   -1.298279
 H   -1.573028   -0.255848   -2.169854
 H   -2.984230   -0.849812   -1.277742
 H   -1.818998    1.953871   -0.887687
 H   -1.818853    1.955119    0.885132
 H   -3.175548    1.257054   -0.000696
 H   -2.984908   -0.847581    1.278334
 H   -1.573301   -0.254140    2.170098
 H   -1.489342   -1.788528    1.299744
 C    0.110568    0.070201    0.000179
 C    0.801909    1.297003    0.000069
 C    2.961559    0.136086    0.000028
 H    4.044888    0.172115   -0.000033
 C    2.269112   -1.085347    0.000014
 H    2.824579   -2.017827   -0.000033
 C    0.877111   -1.107028    0.000094
 H    0.375843   -2.067519   -0.000013
 H    0.271974    2.240517    0.000009

4,4-dimethyl-2,5-dioxoimidazolidin-1-yl_N_CC.xyz
 N   -1.042379    1.199211   -0.000168
 C    1.537210   -0.800503   -1.269741
 C    0.745840   -0.450115   -0.000280
 C    1.533534   -0.803245    1.270787
 C    0.339140    1.036883    0.000447
 N   -0.589545   -1.033865   -0.002274
 C   -1.615352   -0.116247   -0.000611
 O    1.121217    1.970899    0.001334
 O   -2.802334   -0.342984    0.000010
 H    2.482812   -0.255792   -1.282654
 H    0.972086   -0.545152   -2.168440
 H    1.757003   -1.871429   -1.290252
 H    0.965549   -0.550184    2.168374
 H    2.479153   -0.258699    1.288283
 H    1.753164   -1.874262    1.289531
 H   -0.779602   -2.025860   -0.002115

4-__tert-butoxy_carbonyl_morpholin-3-yl_C_CNH.xyz
 C    2.053739   -1.208639   -0.205114
 N    1.052349   -0.251457   -0.062044
 C    3.447906   -0.825029    0.159394
 C    2.814021    1.418277    0.305612
 O    3.773263    0.513358   -0.217267
 C    1.425256    1.159402   -0.268893
 C   -0.271183   -0.665445   -0.011880
 O   -0.603802   -1.830092    0.073787
 O   -1.102511    0.395530   -0.074295
 C   -2.568317    0.228360    0.016173
 C   -2.943989   -0.408294    1.356392
 C   -3.064621    1.672585   -0.057061
 C   -3.075467   -0.582447   -1.178463
 H    4.165556   -1.478358   -0.338868
 H    3.609512   -0.923824    1.252373
 H    3.145324    2.422466    0.036525
 H    2.785598    1.340552    1.403756
 H    1.416819    1.380412   -1.341976
 H    0.690273    1.795509    0.219513
 H    1.727307   -2.237148   -0.170827
 H   -2.498974    0.152917    2.182297
 H   -4.030520   -0.380555    1.475686
 H   -2.611321   -1.443360    1.412274
 H   -2.753401    2.138558   -0.994605
 H   -2.664930    2.259984    0.772789
 H   -4.155659    1.695460   -0.003167
 H   -2.745491   -0.124728   -2.114383
 H   -2.717230   -1.609660   -1.140185
 H   -4.168965   -0.591012   -1.171662

4-_acetyloxy_-1-methoxy-1-oxopentan-2-yl_C_CCH.xyz
 C   -0.932636   -1.108584   -0.954298
 C    2.552051   -1.760528    0.635810
 C    1.300271   -0.987318    0.248588
 O    1.669547    0.087727   -0.650899
 C    1.741977    1.391344   -0.269942
 C    1.414055    1.742331    1.167487
 C    0.277082   -1.855578   -0.509967
 C   -1.790254   -0.426690   -0.008027
 O    2.057904    2.209151   -1.093633
 O   -1.595655   -0.360991    1.197705
 O   -2.855333    0.150972   -0.616899
 C   -3.763812    0.862342    0.239656
 H    3.050182   -2.158719   -0.251763
 H    2.298821   -2.591552    1.299622
 H    3.257756   -1.110357    1.158559
 H    0.809058   -0.584097    1.130741
 H    0.380276    1.485521    1.412212
 H    2.063048    1.207552    1.865906
 H    1.561611    2.812972    1.289137
 H    0.767408   -2.311019   -1.373380
 H   -0.020037   -2.665725    0.170533
 H   -1.190774   -1.044251   -2.003280
 H   -3.252422    1.686627    0.740261
 H   -4.543928    1.240745   -0.416976
 H   -4.185113    0.193515    0.992385

4-_acetyloxy_phenyl_C_CC.xyz
 C   -2.946170   -0.176750    0.159731
 C    3.367034    0.305133   -0.285174
 C    2.004487   -0.114511    0.197523
 O    1.769248   -0.842505    1.121553
 O    1.034890    0.467089   -0.581487
 H    4.131244   -0.189855    0.310297
 H    3.472336    1.389258   -0.198849
 H    3.485725    0.048107   -1.340149
 C   -0.310671    0.212822   -0.292504
 C   -0.839892   -1.064530   -0.455490
 H   -0.198121   -1.884882   -0.752255
 C   -2.204932   -1.271498   -0.219599
 H   -2.641202   -2.257016   -0.335050
 C   -2.464767    1.099340    0.328171
 H   -3.097678    1.926588    0.628295
 C   -1.095843    1.293391    0.094236
 H   -0.640884    2.270753    0.205822

4-_chloromethyl_-1,4-diazobicyclo_2.2.2_octan-4-ium-1-ylium-1-yl_N_CCC.xyz
 N    2.080947   -0.424323    0.003217
 C    2.223462    1.018917    0.098991
 C    0.751673    1.554827   -0.104791
 N   -0.214206    0.376081   -0.001431
 C    0.017651   -0.555948   -1.189524
 C    1.559361   -0.900255   -1.265828
 C    1.496159   -1.057417    1.172071
 C    0.072060   -0.381567    1.291436
 C   -1.652501    0.937605   -0.005683
Cl   -2.865284   -0.339429    0.001491
 H    2.882418    1.390554   -0.686858
 H    2.621812    1.286831    1.076454
 H    0.623672    2.007805   -1.087338
 H    0.501018    2.281901    0.666942
 H   -0.309806   -0.050231   -2.097182
 H   -0.583207   -1.449562   -1.037944
 H    2.052557   -0.383813   -2.088122
 H    1.706647   -1.976969   -1.359116
 H    2.094737   -0.852227    2.061038
 H    1.421971   -2.132131    1.012797
 H   -0.699239   -1.137281    1.430006
 H    0.033592    0.335779    2.110483
 H   -1.754613    1.539759   -0.907210
 H   -1.756114    1.550602    0.888156

4-_dimethylamino_benzoyloxidanyl_O_C.xyz
 O   -3.637829    0.891435   -0.620620
 N    2.666284    0.000016   -0.000195
 C    1.297656    0.000048   -0.000120
 C    0.564257    1.210120    0.140432
 H    1.082400    2.151043    0.257062
 C   -0.814960    1.202525    0.136428
 H   -1.362837    2.131560    0.239686
 C   -1.530635    0.000171   -0.000345
 C   -0.815028   -1.202255   -0.136706
 H   -1.363001   -2.131246   -0.239760
 C    0.564162   -1.210062   -0.140427
 H    1.082222   -2.151114   -0.256555
 C    3.406847   -1.251752   -0.108245
 H    4.472239   -1.040684   -0.050621
 H    3.152185   -1.937713    0.706332
 H    3.210394   -1.755636   -1.061116
 C    3.407037    1.251682    0.108403
 H    4.472426    1.040486    0.050537
 H    3.152377    1.938013   -0.705839
 H    3.210731    1.755196    1.061498
 C   -3.009192    0.000102   -0.000177
 O   -3.636420   -0.891871    0.621206

4-_ethoxycarbonyl_phenyl_C_CC.xyz
 C   -3.371702   -0.379061    0.188425
 C   -1.618653    1.193137    0.054386
 C   -2.536912   -1.464366    0.059829
 C   -2.987214    0.941593    0.193642
 C   -0.714058    0.131687   -0.081453
 C   -1.170632   -1.193097   -0.078545
 C    0.732477    0.468360   -0.226502
 O    1.171795    1.596621   -0.236284
 O    1.504456   -0.632388   -0.352269
 C    2.934419   -0.425139   -0.484245
 C    3.596313   -0.230536    0.870563
 H   -1.238344    2.208095    0.049777
 H   -2.904292   -2.484098    0.063382
 H   -3.695298    1.755475    0.298878
 H   -0.461340   -2.003897   -0.183148
 H    3.105456    0.432148   -1.137013
 H    3.286665   -1.331804   -0.976535
 H    3.236756    0.681219    1.349533
 H    4.679150   -0.145009    0.740301
 H    3.397014   -1.081461    1.526654

4-_methylsulfanyl_phenyl_C_CC.xyz
 C    2.610582    0.009391    0.262969
 C    2.002751   -1.218004    0.145874
 C    0.618116    1.210589   -0.156477
 C    0.628648   -1.216423   -0.134178
 C    1.991805    1.229073    0.124359
 C   -0.061428   -0.007119   -0.280096
 S   -1.823568   -0.018153   -0.645172
 C   -2.484747    0.024014    1.067696
 H    2.545260   -2.150044    0.258812
 H    0.076642    2.141181   -0.285082
 H    0.094388   -2.153556   -0.243498
 H    2.526069    2.167632    0.220998
 H   -2.159966   -0.854377    1.626276
 H   -3.572659    0.017685    0.984497
 H   -2.167016    0.932801    1.579874

4-_trifluoromethyl_benzenesulfonyl_S_COO.xyz
 S    3.180170   -0.006030   -0.234182
 O    3.650619   -1.306359    0.302649
 O    3.665723    1.291426    0.295883
 C    1.359625    0.004788   -0.102525
 C    0.698956    1.227819   -0.088733
 H    1.259043    2.153887   -0.096626
 C   -0.693212    1.231077   -0.037917
 H   -1.230774    2.169492   -0.012269
 C   -1.388595    0.023151   -0.018037
 C   -0.706438   -1.197016   -0.042678
 H   -1.255905   -2.130354   -0.020417
 C    0.682171   -1.212667   -0.093714
 H    1.231337   -2.145209   -0.105079
 C   -2.896443    0.004719    0.032160
 F   -3.426972    1.243423    0.055665
 F   -3.348155   -0.645372    1.129597
 F   -3.419712   -0.633950   -1.040628

4-_trifluoromethyl_benzoyloxidanyl_O_C.xyz
 O   -0.785716    3.859371    1.040663
 C   -0.232577    1.032424    1.214076
 C    0.034386   -0.330870   -1.214254
 C    0.034386   -0.330870    1.214254
 C   -0.363586    1.712679   -0.000000
 C   -0.232577    1.032424   -1.214076
 C    0.165806   -1.007675    0.000000
 C    0.515797   -2.474390    0.000000
 C   -0.648572    3.161919   -0.000000
 O   -0.785716    3.859371   -1.040663
 F    0.034386   -3.112803    1.087412
 F    0.034386   -3.112803   -1.087412
 F    1.859035   -2.655722    0.000000
 H   -0.340808    1.571480    2.147752
 H    0.132213   -0.867395   -2.149013
 H    0.132213   -0.867395    2.149013
 H   -0.340808    1.571480   -2.147752

4-acetamidophenyl_C_CC.xyz
 C    3.048554    0.286260   -0.000735
 N   -0.991957   -0.650889   -0.007081
 C   -2.112711    0.149466    0.002477
 C   -3.429920   -0.609508   -0.008897
 O   -2.079084    1.366968    0.021680
 C    0.371917   -0.277795   -0.001932
 C    0.799260    1.057930   -0.009141
 C    1.314723   -1.318308    0.007485
 C    2.684461   -1.039747    0.007751
 C    2.172177    1.343461   -0.008928
 H   -1.158947   -1.644872   -0.022713
 H   -4.021315   -0.262057   -0.858136
 H   -3.982185   -0.360505    0.900064
 H   -3.320539   -1.694391   -0.070797
 H    0.070869    1.854539   -0.015016
 H    0.978838   -2.351845    0.014621
 H    3.410190   -1.845081    0.014956
 H    2.508693    2.374149   -0.015335

4-acetylmorpholin-3-yl_C_CNH.xyz
 C    0.441291   -1.222558   -0.184006
 N   -0.347353   -0.089939   -0.040231
 C    1.900464   -1.138959    0.110922
 C    1.731781    1.178759    0.322968
 O    2.474797    0.117777   -0.248914
 C    0.309350    1.214626   -0.228225
 C   -1.735336   -0.228867    0.030870
 C   -2.566272    1.040187    0.010435
 O   -2.248700   -1.333972    0.100205
 H    2.445807   -1.905168   -0.442579
 H    2.092478   -1.311473    1.189266
 H    2.251073    2.104582    0.070319
 H    1.709508    1.078538    1.419617
 H    0.339452    1.457036   -1.296705
 H   -0.255571    1.988839    0.289136
 H   -0.085200   -2.164323   -0.161627
 H   -2.392484    1.653477    0.899897
 H   -3.612292    0.741360   -0.005577
 H   -2.357744    1.657146   -0.868244

4-acetylphenyl_C_CC.xyz
 C   -0.828563   -2.451654    0.000000
 C    0.402403    1.595798    0.000000
 C    1.879350    1.944492    0.000000
 O   -0.439858    2.473753    0.000000
 C   -0.000000    0.149296    0.000000
 C   -1.370732   -0.155230    0.000000
 C    0.941962   -0.890391    0.000000
 C    0.527478   -2.228871    0.000000
 C   -1.806612   -1.482452    0.000000
 H    2.378508    1.533172    0.882602
 H    1.982325    3.028288    0.000000
 H    2.378508    1.533172   -0.882602
 H   -2.082348    0.662082    0.000000
 H    2.003404   -0.672202    0.000000
 H    1.250188   -3.036674    0.000000
 H   -2.863430   -1.723780    0.000000

4-aminophenyl_C_CC.xyz
 C    1.928622    0.000008    0.008024
 N   -2.269911   -0.000007   -0.070748
 C   -0.877170   -0.000006   -0.006833
 C   -0.158292   -1.205184   -0.004099
 C    1.232723   -1.207810    0.003984
 C    1.232705    1.207817    0.003977
 H    1.765387    2.150661    0.007453
 C   -0.158305    1.205180   -0.004092
 H   -0.692116    2.150081   -0.012429
 H   -2.729455    0.839062    0.249701
 H   -2.729459   -0.839063    0.249730
 H   -0.692095   -2.150089   -0.012446
 H    1.765412   -2.150650    0.007465

4-bromophenyl_C_CC.xyz
 C    0.000000   -0.000000   -2.870069
Br    0.000000    0.000000    1.752933
 C    0.000000   -0.000000   -0.164380
 C    0.000000    1.219388   -0.839722
 H    0.000000    2.152404   -0.289855
 C    0.000000    1.222723   -2.242553
 H    0.000000    2.158705   -2.789474
 C   -0.000000   -1.222723   -2.242553
 H   -0.000000   -2.158705   -2.789474
 C   -0.000000   -1.219388   -0.839722
 H   -0.000000   -2.152404   -0.289855

4-carboxyphenyl_C_CC.xyz
 C    0.435349   -2.525310   -0.000000
 C   -0.184810    1.632399    0.000000
 O    0.710808    2.444604    0.000000
 O   -1.491438    2.003212    0.000000
 C   -0.000000    0.157626    0.000000
 C    1.312504   -0.335229   -0.000000
 C   -1.090817   -0.723402   -0.000000
 C   -0.874607   -2.106272   -0.000000
 C    1.546550   -1.713360   -0.000000
 H   -1.506404    2.971171    0.000000
 H    2.137685    0.367136    0.000000
 H   -2.099875   -0.331028   -0.000000
 H   -1.707194   -2.800142   -0.000000
 H    2.555810   -2.108379   -0.000000

4-chlorobutan-2-yl_C_CCH.xyz
 C   -1.355324   -0.296391   -0.280569
 C   -2.807295   -0.387738    0.040041
 C   -0.520997    0.802076    0.289411
 C    0.876726    0.919286   -0.301089
Cl    1.911398   -0.533517    0.093778
 H   -3.316680   -1.123361   -0.586598
 H   -3.314641    0.577232   -0.087003
 H   -2.976366   -0.685686    1.088781
 H   -0.853293   -1.149893   -0.722639
 H   -0.434082    0.700838    1.384776
 H   -1.021478    1.770491    0.130082
 H    0.852110    0.978968   -1.388566
 H    1.412000    1.777812    0.100181

4-chloropentan-2-yl_C_CCH.xyz
 C   -1.684039   -0.269150   -0.278849
 C   -3.112499   -0.035749    0.075322
 C   -0.624383    0.654978    0.220954
 C    0.764170    0.445650   -0.380364
 C    1.772990    1.502812    0.040283
Cl    1.404715   -1.215353    0.104494
 H   -3.784611   -0.677911   -0.498470
 H   -3.409481    1.007057   -0.095731
 H   -3.305774   -0.237335    1.142510
 H   -1.385216   -1.229688   -0.683331
 H   -0.537469    0.596924    1.320079
 H   -0.915126    1.696253    0.011367
 H    0.695782    0.387626   -1.467477
 H    1.436572    2.485195   -0.307268
 H    2.755583    1.304547   -0.390132
 H    1.872155    1.537084    1.127977

4-chlorophenyl_C_CC.xyz
 C   -0.000000   -2.322514    0.000000
Cl   -0.000001    2.203359    0.000000
 C   -0.000000    0.445349    0.000000
 C   -1.211687   -0.239361    0.000000
 C   -1.211864   -1.633214    0.000000
 C    1.211865   -1.633212    0.000000
 H    2.152887   -2.168440    0.000000
 C    1.211690   -0.239361    0.000000
 H    2.146226    0.306820    0.000000
 H   -2.146224    0.306820    0.000000
 H   -2.152889   -2.168438    0.000000

4-cyanophenyl_C_CC.xyz
 C   -2.230698    0.002190    0.000333
 C   -1.545156   -1.213702    0.000025
 C   -0.154919   -1.213985   -0.000281
 C    0.549794   -0.001719   -0.000319
 C   -0.151486    1.212611   -0.000285
 C   -1.541645    1.216140    0.000028
 H   -2.085226   -2.151687    0.000467
 H    0.387692   -2.151284   -0.000238
 H    0.393818    2.148326   -0.000226
 H   -2.079095    2.155632    0.000450
 C    1.980022   -0.002981    0.000059
 N    3.135334    0.001099    0.000313

4-ethoxycarbonylphenyl_C_CC.xyz
 C   -3.431210   -0.371642    0.176760
 C   -1.609415    1.189197    0.052714
 C   -2.545595   -1.443092    0.064423
 C   -2.972506    0.946293    0.175903
 C   -0.706119    0.128310   -0.069783
 C   -1.182228   -1.187407   -0.058775
 C    0.741408    0.456846   -0.217655
 O    1.181727    1.584601   -0.234565
 O    1.506693   -0.646454   -0.341378
 C    2.936792   -0.441246   -0.488264
 C    3.608896   -0.209128    0.855239
 H   -1.230503    2.203699    0.045760
 H   -2.909615   -2.462240    0.067547
 H   -3.667818    1.770636    0.265504
 H   -0.485343   -2.010103   -0.151051
 H    3.100765    0.397888   -1.166124
 H    3.285240   -1.360472   -0.959146
 H    3.256901    0.717649    1.310260
 H    4.690905   -0.131273    0.713961
 H    3.411961   -1.039735    1.537462

4-fluorophenyl_C_CC.xyz
 C    0.000000    0.000000   -1.883402
 C    0.000000    1.214239    0.198818
 C    0.000000    1.213456   -1.195319
 C    0.000000    0.000000    0.868119
 C   -0.000000   -1.214239    0.198818
 C   -0.000000   -1.213456   -1.195319
 F    0.000000    0.000000    2.221725
 H    0.000000    2.140912    0.758825
 H    0.000000    2.153892   -1.731742
 H   -0.000000   -2.140912    0.758825
 H   -0.000000   -2.153892   -1.731742

4-hydroxyphenyl_C_CC.xyz
 C    0.020206   -1.856365    0.000000
 O    0.053788    2.239915    0.000000
 C   -0.000000    0.869602    0.000000
 C   -1.209318    0.168219    0.000000
 C    1.220802    0.188465    0.000000
 C    1.235959   -1.210662    0.000000
 C   -1.204524   -1.234496    0.000000
 H   -0.838103    2.601505    0.000000
 H   -2.152842    0.707409    0.000000
 H    2.142465    0.758633    0.000000
 H    2.176991   -1.748968    0.000000
 H   -2.137559   -1.786476    0.000000

4-iodophenyl_C_CC.xyz
 C    0.005789    3.338772    0.000000
 I   -0.002219   -1.510561    0.000000
 C   -0.000000    0.627460    0.000000
 C    1.220119    1.305030    0.000000
 C    1.226598    2.708328    0.000000
 C   -1.217608    2.713376    0.000000
 H   -2.153269    3.261031    0.000000
 C   -1.217286    1.309939    0.000000
 H   -2.156061    0.769318    0.000000
 H    2.156509    0.760168    0.000000
 H    2.164754    3.251787    0.000000

4-methoxybenzenesulfonyl_S_COO.xyz
 S   -2.556986   -0.111053   -0.236035
 C    4.218431   -0.609525    0.067913
 O    3.330237    0.506040    0.054662
 C    1.995850    0.283434    0.004020
 C   -0.763061    0.046754   -0.088318
 C    1.405675   -0.987756   -0.029942
 C    1.190458    1.434388   -0.013766
 C   -0.187108    1.320941   -0.070470
 C    0.019332   -1.103301   -0.087932
 O   -3.165824    1.131684    0.304440
 O   -2.934835   -1.455371    0.271306
 H    4.106620   -1.213229   -0.838174
 H    4.056319   -1.233550    0.952497
 H    5.220030   -0.186118    0.101419
 H    2.008241   -1.885354   -0.008783
 H    1.671203    2.404079    0.020648
 H   -0.816086    2.202085   -0.075872
 H   -0.448652   -2.079495   -0.107454

4-methoxybenzoyloxidanyl_O_C.xyz
 O   -3.222676   -1.233772    0.000066
 O    2.961848    0.517468    0.000023
 C    1.629077    0.281848    0.000000
 C    1.051073   -0.996017   -0.000021
 H    1.665041   -1.885969   -0.000019
 C   -0.333461   -1.120334   -0.000043
 H   -0.786230   -2.105247   -0.000060
 C   -1.149408    0.013287   -0.000046
 C   -0.563880    1.289661   -0.000025
 H   -1.198087    2.168568   -0.000026
 C    0.810904    1.424457   -0.000002
 H    1.283269    2.398803    0.000014
 C    3.861154   -0.589852    0.000027
 H    4.859102   -0.156612    0.000046
 H    3.729303   -1.204883   -0.895633
 H    3.729275   -1.204900    0.895670
 C   -2.606789   -0.129952   -0.000070
 O   -3.423384    0.835260    0.000047

4-methoxyphenyl_C_CC.xyz
 C    1.002170   -2.129601    0.000000
 O   -0.385808    1.779744    0.000000
 C   -0.000000    0.473302    0.000000
 C   -0.876663   -0.615509    0.000000
 C    1.382384    0.248243    0.000000
 C    1.883583   -1.045233    0.000000
 C   -0.370820   -1.918815    0.000000
 C   -1.775648    2.080430    0.000000
 H   -1.948924   -0.471953    0.000000
 H    2.049475    1.101715    0.000000
 H    2.953778   -1.207497    0.000000
 H   -1.058031   -2.755166    0.000000
 H   -2.268396    1.685612    0.895121
 H   -2.268396    1.685612   -0.895121
 H   -1.843081    3.166828    0.000000

4-methyl-1,4-diazabicyclo_2.2.2_octan-4-ium-1-ylium-1-yl_N_CCC.xyz
 N    1.515024    0.001217   -0.000798
 C    1.178029   -0.256338    1.387237
 C   -0.395978   -0.089361    1.428548
 N   -0.918052   -0.000919   -0.000131
 C   -0.398567    1.281585   -0.636404
 C    1.174450    1.332059   -0.471842
 C    1.178774   -1.073544   -0.916554
 C   -0.395807   -1.191825   -0.791743
 C   -2.441699   -0.002145    0.000448
 H    1.485486   -1.263845    1.663555
 H    1.660761    0.472690    2.039028
 H   -0.687267    0.823420    1.946726
 H   -0.857471   -0.947599    1.915333
 H   -0.861397    2.131340   -0.136096
 H   -0.690340    1.274822   -1.685855
 H    1.479938    2.074456    0.264133
 H    1.657771    1.533438   -1.428432
 H    1.659746   -2.002191   -0.607248
 H    1.487592   -0.812018   -1.927535
 H   -0.683128   -2.097082   -0.258543
 H   -0.859376   -1.185714   -1.777148
 H   -2.788315    0.819505    0.625489
 H   -2.789540   -0.954320    0.398557
 H   -2.788471    0.128420   -1.023600

4-methylbenzenesulfonyl_S_COO.xyz
 S   -2.165518   -0.003062   -0.241812
 C   -0.358636    0.006167   -0.090406
 C    0.315071    1.223307   -0.073395
 C    1.706480    1.210166   -0.006589
 C    2.421176    0.006780    0.023476
 C    1.705978   -1.198902   -0.008940
 C    0.318482   -1.211730   -0.075846
 O   -2.666500    1.293057    0.282304
 O   -2.653109   -1.303522    0.284421
 C    3.928228   -0.007812    0.089924
 H   -0.236217    2.154638   -0.089047
 H    2.244202    2.151348    0.025056
 H    2.243742   -2.140836    0.020908
 H   -0.233111   -2.143014   -0.092826
 H    4.338742    1.002815    0.106570
 H    4.352310   -0.531336   -0.772305
 H    4.274805   -0.528773    0.987484

4-methylbenzoyloxidanyl_O_C.xyz
 O    0.005654    2.919162    1.039296
 C    0.005654    0.033359    1.211140
 C    0.006224   -1.355371   -1.204869
 C    0.006224   -1.355371    1.204869
 C    0.004399    0.733498    0.000000
 C    0.005654    0.033359   -1.211140
 C    0.002953   -2.071743   -0.000000
 C   -0.032675   -3.579093   -0.000000
 C    0.005495    2.202059    0.000000
 O    0.005654    2.919162   -1.039296
 H    0.009252    0.579042    2.147599
 H    0.011296   -1.895265   -2.145632
 H    0.011296   -1.895265    2.145632
 H    0.009252    0.579042   -2.147599
 H    0.456512   -3.990919   -0.885301
 H   -1.068164   -3.936494   -0.000000
 H    0.456512   -3.990919    0.885301

4-methylmorpholin-3-yl_C_CNH.xyz
 C   -0.273309    1.208122   -0.107190
 C   -0.294880   -1.202771   -0.146813
 C    1.180035   -1.137939    0.238188
 O    1.813550   -0.011591   -0.347091
 C    1.204740    1.198468    0.113475
 N   -0.969129    0.047006    0.209604
 C   -2.402874    0.047541   -0.027434
 H   -0.781118   -2.028847    0.381724
 H   -0.381894   -1.387225   -1.229913
 H    1.705899   -2.021972   -0.126073
 H    1.276854   -1.096925    1.334240
 H    1.680149    2.016147   -0.430413
 H    1.455411    1.317250    1.187467
 H   -0.817031    2.138361    0.012946
 H   -2.839301    0.964673    0.372844
 H   -2.858995   -0.802848    0.484990
 H   -2.646745   -0.015457   -1.099666

4-methylphenyl_C_CC.xyz
 C    0.008425   -1.952498    0.000000
 C    0.000000    0.852169    0.000000
 C    1.199617    0.135695    0.000000
 C    1.215624   -1.259606    0.000000
 C   -1.205240   -1.265264    0.000000
 C   -1.198090    0.127265    0.000000
 C   -0.012458    2.361742    0.000000
 H    2.143528    0.670973    0.000000
 H    2.158684   -1.791732    0.000000
 H   -2.144414   -1.804263    0.000000
 H   -2.145626    0.657032    0.000000
 H    1.001198    2.766651    0.000000
 H   -0.530320    2.752162    0.881361
 H   -0.530320    2.752162   -0.881361

4-nitrobenzoyloxidanyl_O_C.xyz
 O   -1.039036   -3.571460   -0.000000
 O   -1.093134    3.406190    0.000000
 C   -1.211706   -0.697050   -0.000000
 C    1.222786    0.696167    0.000000
 C   -1.219641    0.691584    0.000000
 C    0.005219   -1.385642   -0.000000
 C    1.220392   -0.693137   -0.000000
 C    0.000000    1.361006    0.000000
 C    0.003579   -2.864639   -0.000000
 O    1.043263   -3.575144   -0.000000
 N   -0.005755    2.847364    0.000000
 O    1.077122    3.414598    0.000000
 H   -2.143644   -1.249739   -0.000000
 H    2.142880    1.263223    0.000000
 H   -2.142390    1.254485    0.000000
 H    2.153953   -1.242723   -0.000000

4-nitrophenyl_C_CC.xyz
 C   -2.509267   -0.000601   -0.000023
 C    0.178321    0.000940    0.000034
 C   -0.489011    1.225163    0.000021
 C   -1.887732    1.227054   -0.000007
 C   -1.887357   -1.227846   -0.000014
 H   -2.438575   -2.160703   -0.000029
 C   -0.488776   -1.223463    0.000015
 H    0.079013   -2.144285    0.000025
 N    1.657947   -0.000117    0.000067
 O    2.226855    1.084203   -0.000049
 O    2.225714   -1.085034   -0.000031
 H   -2.441249    2.158471   -0.000016
 H    0.077554    2.146504    0.000036

4-oxocyclohexyl_C_CCH.xyz
 C    0.728827    1.619759   -0.000000
 C   -0.385080   -1.047540    0.000000
 C    0.215667    1.057236    1.283575
 C    0.215667    1.057236   -1.283575
 C    0.215667   -0.495081   -1.282310
 C    0.215667   -0.495081    1.282310
 O   -1.285482   -1.859834    0.000000
 H    0.790286    1.427999    2.136509
 H   -0.823771    1.391827    1.448958
 H    0.790286    1.427999   -2.136509
 H   -0.823771    1.391827   -1.448958
 H    1.276514    2.555070   -0.000000
 H    1.252394   -0.848241   -1.343254
 H   -0.334481   -0.899369   -2.133420
 H    1.252394   -0.848241    1.343254
 H   -0.334481   -0.899369    2.133420

4-phenylmorpholin-3-yl_C_CNH.xyz
 C   -1.281739    1.109506   -0.474588
 N   -0.570217    0.008117   -0.032010
 C   -2.723824    1.222522   -0.121183
 C   -2.731990   -1.008940    0.556476
 O   -3.408234   -0.033081   -0.216992
 C   -1.313344   -1.255336    0.046171
 C    0.832531    0.001296   -0.005486
 C    3.650672    0.027913    0.040865
 C    1.566159   -1.172580   -0.253813
 C    1.537519    1.188900    0.267334
 C    2.926290    1.195846    0.285948
 C    2.957560   -1.151613   -0.225282
 H   -3.230645    1.911849   -0.797269
 H   -2.861448    1.598496    0.912582
 H   -3.314507   -1.929208    0.488854
 H   -2.696795   -0.692014    1.610655
 H   -1.355575   -1.729431   -0.943549
 H   -0.800745   -1.927322    0.736972
 H   -0.732043    1.940747   -0.887710
 H    4.733794    0.038295    0.057958
 H    1.057407   -2.096574   -0.494072
 H    0.989924    2.094589    0.495302
 H    3.446905    2.120836    0.508339
 H    3.502115   -2.067512   -0.426706

4-sulfanylphenyl_C_CC.xyz
 C    2.294433    0.006175   -0.000694
 C    1.668627   -1.216571    0.008740
 C    0.258409    1.213701   -0.020677
 C    0.266288   -1.213539    0.024840
 C    1.659169    1.225738   -0.007836
 C   -0.434517   -0.002814    0.008173
 S   -2.229836   -0.067896   -0.051284
 H    2.217041   -2.151715    0.019029
 H   -0.285277    2.151156   -0.058827
 H   -0.274787   -2.152476    0.062873
 H    2.201425    2.164544   -0.018097
 H   -2.455479    0.998673    0.740300

4-tert-butylphenyl_C_CC.xyz
 C    2.897885   -0.007924    0.000021
 C   -1.899918   -0.733604   -1.262396
 C   -1.400337    0.006842    0.000012
 C   -2.010192    1.420105   -0.000347
 C   -1.900382   -0.733157    1.262527
 H   -1.544579   -1.766153   -1.294937
 H   -1.552575   -0.231980   -2.169615
 H   -2.994052   -0.756251   -1.282176
 H   -1.717985    1.989419   -0.886990
 H   -1.717559    1.990130    0.885704
 H   -3.100886    1.346712   -0.000075
 H   -2.994529   -0.755045    1.282248
 H   -1.552770   -0.231653    2.169713
 H   -1.545820   -1.765965    1.295265
 C    0.138621    0.031999    0.000150
 C    0.874885    1.222601    0.000088
 C    2.280120    1.216558    0.000022
 C    2.245395   -1.218798    0.000021
 H    2.774069   -2.165585   -0.000011
 C    0.846339   -1.181408    0.000062
 H    0.306507   -2.121861   -0.000054
 H    0.371100    2.180430    0.000042
 H    2.834583    2.148533   -0.000066

5-_4-methylbenzenesulfonamido_pentan-2-yl_C_CCH.xyz
 C   -2.334560    2.194093    0.598416
 C   -1.287084    2.929731    1.363201
 C   -2.326212    2.152114   -0.897194
 C   -2.894712    0.856372   -1.515281
 C   -1.965048   -0.350170   -1.371556
 N   -1.867116   -0.762691    0.039486
 S   -0.628870   -1.795961    0.489948
 O   -0.644991   -2.910375   -0.452978
 O   -0.773987   -1.983229    1.929932
 C    0.893495   -0.873002    0.210220
 C    3.187476    0.656931   -0.254329
 C    1.311501    0.049278    1.168808
 C    1.609586   -1.051276   -0.970280
 C    2.751673   -0.284602   -1.192921
 C    2.452564    0.806822    0.930099
 C    4.407402    1.504740   -0.517712
 H   -1.334290    2.713949    2.433512
 H   -1.393416    4.022148    1.251072
 H   -0.281167    2.680973    1.004677
 H   -3.263170    1.933625    1.101912
 H   -1.304384    2.308405   -1.264961
 H   -2.914206    3.001195   -1.286856
 H   -3.869498    0.626365   -1.071858
 H   -3.063315    1.015534   -2.584653
 H   -0.979813   -0.089422   -1.785028
 H   -2.346380   -1.199443   -1.940712
 H   -1.914998    0.021827    0.690124
 H    0.760508    0.152270    2.095915
 H    1.283657   -1.794217   -1.687452
 H    3.316371   -0.429121   -2.108174
 H    2.785232    1.516318    1.680876
 H    4.924451    1.758992    0.410193
 H    5.114889    0.992866   -1.173312
 H    4.126592    2.444597   -1.005313

5-bromo-1H-indole-1-carbothioylsulfanyl_C_NSS.xyz
 S    4.640728    0.367446   -0.008502
 C    3.063953   -0.258189   -0.000433
 C   -1.406159   -1.228815    0.012811
 C   -0.207157    1.280862    0.004096
 C   -2.177834   -0.061889    0.002891
 C   -0.013844   -1.156860    0.017155
 C    0.575902    0.103534    0.009828
 C   -1.600546    1.201229    0.000347
 N    1.934813    0.511127    0.009099
 C    0.697758    2.408265    0.001954
 C    1.958835    1.925011    0.004648
Br   -4.088787   -0.209748   -0.005870
 S    3.135689   -1.944894   -0.005289
 H   -1.890946   -2.196186    0.018069
 H    0.568940   -2.065282    0.026462
 H   -2.210639    2.094885   -0.004476
 H    0.423391    3.451588   -0.000854
 H    2.904976    2.438562    0.003411

5-methyl-2-_methylsulfamoyl_phenyl_C_CC.xyz
 C    0.779354   -0.695319   -0.954298
 C    2.150291    0.468908    1.074537
 C    0.059953   -0.278590    0.135795
 C    2.136033   -0.582712   -1.102548
 C    2.855947    0.025166   -0.051997
 C    0.767737    0.329966    1.178968
 C    4.349412    0.208915   -0.157674
 S   -1.733858   -0.468429    0.217781
 O   -2.140430    0.054126    1.517370
 O   -2.079887   -1.810376   -0.229103
 N   -2.354775    0.569938   -0.942841
 C   -2.038417    1.998183   -0.837646
 H    2.694185    0.929641    1.892070
 H    2.650986   -0.948319   -1.984832
 H    0.227192    0.669197    2.055178
 H    4.803254   -0.566633   -0.778071
 H    4.822869    0.180494    0.825919
 H    4.587560    1.176974   -0.611268
 H   -2.218901    0.169073   -1.865087
 H   -2.610401    2.525263   -1.602295
 H   -0.971648    2.214532   -0.972674
 H   -2.359267    2.357986    0.139502

9,10-dihydroanthracene-9-yl_C_CCH.xyz
 C   -0.000193    1.395607    0.138317
 C   -1.247625    0.711527    0.077922
 C   -1.280362   -0.709376    0.060438
 C   -2.503505   -1.361619   -0.061086
 H   -2.525934   -2.447083   -0.083035
 C   -3.699461   -0.647112   -0.148371
 H   -4.640923   -1.175637   -0.243186
 C   -3.677546    0.752101   -0.111123
 H   -4.603594    1.312398   -0.174387
 C   -2.470658    1.420480   -0.001827
 H   -2.446635    2.505233    0.015210
 C    1.246932    0.713315    0.076499
 C    1.278586   -0.707195    0.058220
 C    2.501453   -1.360667   -0.062768
 H    2.522907   -2.446204   -0.084754
 C    3.698997   -0.648651   -0.148100
 H    4.639730   -1.178983   -0.241536
 C    3.678935    0.750566   -0.109940
 H    4.606174    1.309322   -0.171218
 C    2.472351    1.420381   -0.001997
 H    2.451917    2.505181    0.015999
 H    0.000425    2.480387    0.159639
 C    0.000489   -1.494188    0.233210
 H    0.002108   -2.358718   -0.439250
 H    0.003466   -1.916916    1.250150

9H-fluoren-9-yl_C_CCH.xyz
 C    1.736024   -0.002696   -0.000000
 C    0.900119   -0.002303    1.156991
 C   -0.467737   -0.003060    0.733005
 C   -1.485560   -0.001519    1.671217
 H   -2.526017   -0.002046    1.364968
 C   -1.152585    0.001887    3.034646
 H   -1.942891    0.003466    3.776737
 C    0.183749    0.003446    3.452843
 H    0.412486    0.006585    4.512497
 C    1.219403    0.001277    2.520537
 H    2.254903    0.003040    2.844459
 C    0.900119   -0.002303   -1.156991
 C   -0.467737   -0.003060   -0.733005
 C   -1.485560   -0.001519   -1.671217
 H   -2.526017   -0.002046   -1.364968
 C   -1.152585    0.001887   -3.034646
 H   -1.942891    0.003466   -3.776737
 C    0.183749    0.003446   -3.452843
 H    0.412486    0.006585   -4.512497
 C    1.219403    0.001277   -2.520537
 H    2.254903    0.003040   -2.844459
 H    2.818211   -0.002652   -0.000000

_1,1,1,3,3,3-hexafluoropropan-2-yl_oxidanyl_O_C.xyz
 O    1.011695    1.580338   -0.000000
 C   -0.098988    0.783958    0.000000
 C   -0.086907   -0.085294    1.298709
 C   -0.086907   -0.085294   -1.298709
 H   -1.046934    1.340520    0.000000
 F    0.979801   -0.879653    1.382424
 F   -1.193440   -0.840172    1.362153
 F   -0.086907    0.738523    2.361213
 F    0.979801   -0.879653   -1.382424
 F   -0.086907    0.738523   -2.361213
 F   -1.193440   -0.840172   -1.362153

_1,1,1-trichloropropan-2-ylidene_aminyl_N_C.xyz
 N    2.016158    1.109373    0.000000
 C    1.363599    0.044395    0.000000
 C   -0.179113    0.089073    0.000000
 C    2.045075   -1.309917    0.000000
Cl   -0.786778    1.772460    0.000000
Cl   -0.786778   -0.762341    1.473399
Cl   -0.786778   -0.762341   -1.473399
 H    3.124609   -1.166105    0.000000
 H    1.755301   -1.876525   -0.886380
 H    1.755301   -1.876525    0.886380

_1,3-dimethyl-1H-imidazol-3-ium-2-yl_boranuidyl_C_NNB.xyz
 B   -0.066447    2.169597    0.008153
 C   -0.011033    0.670595    0.006600
 C   -0.650818   -1.517635   -0.000187
 C    0.706094   -1.494759    0.008347
 N    1.100588   -0.170788    0.012500
 C    2.482631    0.270744    0.021722
 N   -1.089997   -0.209547   -0.001280
 C   -2.476730    0.214068   -0.009434
 H   -1.331751   -2.351544   -0.005514
 H    1.414609   -2.305460    0.011759
 H    2.863246    0.462170    0.962116
 H    2.650942    1.130696   -0.688308
 H    3.045144   -0.469195   -0.544527
 H   -2.686089    0.817144   -0.896106
 H   -2.697196    0.814899    0.876069
 H   -3.115075   -0.669435   -0.014553
 H    0.939778    2.810756    0.015273
 H   -1.126370    2.716258    0.002202

_1,3-dioxo-2,3-dihydro-1H-isoindol-2-yl_aminyl_N_NH.xyz
 N   -2.532858   -1.740239    0.000000
 C    2.161589   -0.267818   -0.000000
 C    0.580055    2.094967    0.000000
 C    2.755531    0.999350   -0.000000
 C    0.777458   -0.326560   -0.000000
 C    0.000000    0.835618    0.000000
 C    1.977431    2.162044   -0.000000
 C   -1.429840    0.453619    0.000000
 N   -1.444430   -0.980305    0.000000
 C   -0.112007   -1.520142   -0.000000
 O    0.165202   -2.686292   -0.000000
 O   -2.431672    1.123771    0.000000
 H    2.754397   -1.174344   -0.000000
 H   -0.032174    2.988437    0.000000
 H    3.836005    1.083474   -0.000000
 H    2.466494    3.129110   -0.000000
 H   -3.313249   -1.069161    0.000000

_1,3-dioxo-2,3-dihydro-1H-isoindol-2-yl_methyl_C_NHH.xyz
 C    3.099698   -0.011064    0.004852
 C    0.926824   -1.171222   -0.001957
 C   -0.476987   -0.691728   -0.003678
 C   -0.477305    0.704183   -0.003613
 C   -1.662413    1.421792   -0.000693
 C   -2.861233    0.694999    0.002635
 C   -2.858899   -0.702255    0.002679
 C   -1.655687   -1.419565   -0.000461
 C    0.930652    1.178039   -0.001959
 N    1.731477    0.000093   -0.000166
 O    1.357075   -2.298904   -0.000948
 O    1.368674    2.301871   -0.000672
 H   -1.657971    2.504662    0.000095
 H   -3.807003    1.224462    0.005630
 H   -3.801812   -1.237019    0.005763
 H   -1.640528   -2.502806    0.000617
 H    3.586678   -0.972128    0.007893
 H    3.606404    0.939358    0.007285

_1,3-dioxo-2,3-dihydro-1H-isoindol-2-yl_oxidanyl_O_N.xyz
 O   -0.000353    3.022633   -0.000000
 N    0.000017    1.765029    0.000000
 C    0.000292    0.941849    1.204843
 C    0.000107   -0.450814    0.700216
 C    0.000107   -0.450814   -0.700216
 C    0.000292    0.941849   -1.204843
 C   -0.000021   -1.636449   -1.421264
 H   -0.000019   -1.624515   -2.504299
 C   -0.000111   -2.833324   -0.700237
 H   -0.000193   -3.777935   -1.231337
 C   -0.000111   -2.833324    0.700237
 H   -0.000193   -3.777935    1.231337
 C   -0.000021   -1.636449    1.421264
 H   -0.000019   -1.624515    2.504299
 O   -0.000005    1.375843    2.319834
 O   -0.000005    1.375843   -2.319834

_1-methoxyethylidene_aminyl_N_C.xyz
 N    1.215988    0.845998    0.000000
 C   -0.000000    0.507591    0.000000
 C   -1.133970    1.497718    0.000000
 O   -0.433577   -0.780461    0.000000
 C    0.588302   -1.792131    0.000000
 H   -1.752931    1.339367    0.886407
 H   -1.752931    1.339367   -0.886407
 H   -0.749912    2.516726    0.000000
 H    0.058612   -2.742352    0.000000
 H    1.213937   -1.705239   -0.891686
 H    1.213937   -1.705239    0.891686

_1-phenylethylidene_aminyl_N_C.xyz
 N   -0.419473    2.624370    0.000000
 C    0.421702    1.689963    0.000000
 C    1.903692    2.040973    0.000000
 C    0.000000    0.252132    0.000000
 C   -0.829501   -2.427947    0.000000
 C   -1.365673   -0.072809    0.000000
 C    0.941454   -0.783692    0.000000
 C    0.527456   -2.115781    0.000000
 C   -1.775168   -1.400133    0.000000
 H    2.389120    1.626729    0.887497
 H    2.028173    3.122904    0.000000
 H    2.389120    1.626729   -0.887497
 H   -1.150863   -3.463334    0.000000
 H   -2.098596    0.724861    0.000000
 H    2.000965   -0.561297    0.000000
 H    1.268068   -2.907411    0.000000
 H   -2.833448   -1.636005    0.000000

_2,2,2-trichloro-1-methoxyethylidene_aminyl_N_C.xyz
 N   -1.729802    1.222552    0.000000
 C   -1.046119    0.163783    0.000000
 C    0.491168    0.181434    0.000000
Cl    1.085864    1.871207    0.000000
Cl    1.085864   -0.668047    1.471173
Cl    1.085864   -0.668047   -1.471173
 O   -1.528569   -1.085769    0.000000
 C   -2.964700   -1.211452    0.000000
 H   -3.383771   -0.745002   -0.893925
 H   -3.156435   -2.281201    0.000000
 H   -3.383771   -0.745002    0.893925

_2,2,2-trifluoroacetamido_methyl_C-NHH.xyz
 C   -1.619480    2.313496    0.000000
 C    0.371217   -0.878951    0.000000
 C    0.127463    0.646785    0.000000
 F   -0.793595   -1.586602    0.000000
 F    1.064165   -1.250250    1.085332
 F    1.064165   -1.250250   -1.085332
 O    1.064165    1.417879    0.000000
 N   -1.194979    1.012712    0.000000
 H   -1.883932    0.272535    0.000000
 H   -2.679953    2.501794    0.000000
 H   -0.872397    3.089606    0.000000

_2,2,2-trifluoroacetyl_oxidanyl_O_C.xyz
 O    1.293150   -1.447563    0.000000
 C    0.150928   -0.946127    0.000000
 O   -0.785447   -1.768582    0.000000
 C   -0.088100    0.582980    0.000000
 F    1.077719    1.231200    0.000000
 F   -0.785447    0.934847    1.088194
 F   -0.785447    0.934847   -1.088194

_2,2,2-trifluoroethyl_oxidanyl_O_C.xyz
 O   -1.708260   -1.055982    0.000000
 C   -1.213951    0.222610    0.000000
 C    0.333770    0.164916    0.000000
 H   -1.488086    0.778462    0.907478
 H   -1.488086    0.778462   -0.907478
 F    0.811975   -0.459072    1.085814
 F    0.811975    1.425452    0.000000
 F    0.811975   -0.459072   -1.085814

_2,2,6,6-tetramethylpiperidin-1-yl_oxidanyl_O_N.xyz
 O   -2.025102    0.071469   -0.000000
 C   -0.072538    0.026722    1.328054
 C   -0.072538    0.026722   -1.328054
 C    2.122308    0.004076    0.000000
 C    1.390058    0.502163   -1.244198
 C    1.390058    0.502163    1.244198
 N   -0.752871    0.213646   -0.000000
 C   -0.157402   -1.458584    1.735183
 C   -0.830426    0.882806    2.353127
 C   -0.157402   -1.458584   -1.735183
 C   -0.830426    0.882806   -2.353127
 H    3.152426    0.372870    0.000000
 H    2.187106   -1.088900    0.000000
 H    1.402577    1.598249   -1.244874
 H    1.901101    0.181284   -2.157070
 H    1.402577    1.598249    1.244874
 H    1.901101    0.181284    2.157070
 H    0.168138   -1.573552    2.772559
 H    0.473095   -2.096347    1.113669
 H   -1.188686   -1.805782    1.653064
 H   -1.855403    0.533966    2.473093
 H   -0.859467    1.927425    2.034175
 H   -0.320740    0.828264    3.318929
 H   -1.188686   -1.805782   -1.653064
 H    0.168138   -1.573552   -2.772559
 H    0.473095   -2.096347   -1.113669
 H   -1.855403    0.533966   -2.473093
 H   -0.859467    1.927425   -2.034175
 H   -0.320740    0.828264   -3.318929

_2,2-dimethylpropanoyl_oxidanyl_O_C.xyz
 O   -1.673192   -1.037502   -0.025015
 C   -0.960866    0.001520   -0.035200
 C    0.553422    0.001649   -0.010936
 C    1.072850   -1.238557   -0.760477
 C    0.970605   -0.064314    1.479839
 C    1.072954    1.299879   -0.652631
 O   -1.674359    1.039075   -0.022802
 H    0.802774   -1.206035   -1.818724
 H    0.671325   -2.160659   -0.334473
 H    2.163023   -1.277301   -0.687284
 H    0.595576   -0.973573    1.955068
 H    0.594337    0.798291    2.034614
 H    2.061530   -0.066961    1.547822
 H    0.799742    1.358592   -1.708997
 H    2.163288    1.330020   -0.579639
 H    0.675022    2.183978   -0.149419

_2,3-bis_bis_propan-2-yl_amino_cycloprop-2-en-1-ylium-1-yl_oxidanyl_O_C.xyz
 O   -0.017305   -3.023784   -0.000194
 C   -0.756635   -0.576985   -0.000132
 C   -0.032877   -1.813558   -0.000143
 C    0.663221   -0.560893   -0.000217
 N    1.822423    0.056436   -0.000143
 N   -1.939308   -0.005119    0.000061
 C   -3.132259   -0.919498    0.000186
 H   -2.709576   -1.925424    0.000296
 C   -2.143427    1.471992   -0.000009
 H   -3.224925    1.601000   -0.000086
 C    1.942946    1.540066   -0.000088
 H    0.918850    1.906779    0.000290
 C    3.063466   -0.793071   -0.000063
 H    3.886566   -0.079819   -0.000637
 C    3.132355   -1.637084   -1.275315
 H    4.089443   -2.161666   -1.302320
 H    3.059368   -1.014383   -2.169195
 H    2.340331   -2.388863   -1.294510
 C    3.132920   -1.635746    1.276058
 H    4.089823   -2.160664    1.303011
 H    2.340609   -2.387195    1.296518
 H    3.060706   -1.012077    2.169321
 C    2.629779    2.025964    1.279688
 H    2.107479    1.668540    2.169652
 H    2.623810    3.117803    1.293431
 H    3.670760    1.701440    1.334226
 C    2.628946    2.026048   -1.280283
 H    3.669846    1.701378   -1.335586
 H    2.623121    3.117890   -1.293910
 H    2.105994    1.668777   -2.169928
 C   -3.951521   -0.729504   -1.278520
 H   -4.415126    0.258567   -1.328843
 H   -4.754341   -1.469271   -1.294274
 H   -3.337273   -0.878484   -2.168749
 C   -3.951483   -0.729235    1.278877
 H   -3.337219   -0.878081    2.169116
 H   -4.754342   -1.468953    1.294778
 H   -4.415053    0.258862    1.329038
 C   -1.601033    2.092221    1.291039
 H   -0.527306    1.935719    1.404212
 H   -2.098021    1.665001    2.163640
 H   -1.786411    3.168034    1.284166
 C   -1.600915    2.092187   -1.291015
 H   -2.097571    1.664686   -2.163669
 H   -0.527106    1.936095   -1.403920
 H   -1.786696    3.167934   -1.284324

_2,4,6-trinitrophenyl_oxidanyl_O_C.xyz
 O    2.541772    0.000659    0.186420
 N    1.241713    2.507723    0.016383
 C    0.515541    1.226033    0.014600
 C   -0.851189    1.234809   -0.012503
 H   -1.418357    2.156514   -0.013488
 C   -1.516340   -0.000483   -0.041016
 C   -0.850398   -1.235224   -0.013182
 H   -1.418107   -2.156384   -0.014272
 C    0.516230   -1.225195    0.014467
 N    1.243599   -2.505809    0.017527
 C    1.318973    0.000866    0.060047
 N   -2.998858   -0.001974   -0.085678
 O    1.057671    3.240344    0.974034
 O    1.949266    2.723408   -0.948721
 O   -3.554478    1.085543   -0.105116
 O   -3.551534   -1.091145   -0.102938
 O    1.074497   -3.229775    0.984254
 O    1.937104   -2.729601   -0.955976

_2,4-dinitrophenyl_oxidanyl_O_C.xyz
 O    2.317825    1.842330   -0.150845
 C    1.197944    1.321992   -0.065212
 C    1.008354   -0.131294   -0.011261
 C   -0.224327   -0.722734    0.002003
 H   -0.345131   -1.797815    0.011522
 C   -1.350240    0.115084    0.011737
 C   -1.264572    1.518092   -0.016862
 H   -2.176841    2.098994   -0.014191
 C   -0.027508    2.109421   -0.055410
 H    0.089972    3.185304   -0.095901
 N    2.206069   -0.984839    0.025587
 O    2.354249   -1.766105   -0.901532
 O    2.939623   -0.847130    0.986786
 N   -2.689000   -0.516346    0.045367
 O   -2.731055   -1.736003    0.126038
 O   -3.658816    0.226714   -0.008954

_2,5-dioxopyrrolidin-1-yl_methyl_C_NHH.xyz
 C   -0.000676    2.060276    0.001059
 C    1.176350   -0.098139   -0.000419
 C    0.767707   -1.561214    0.002869
 C   -0.767407   -1.560966   -0.001736
 C   -1.175890   -0.098509   -0.000255
 N   -0.000199    0.686385   -0.000092
 O    2.289863    0.363769   -0.002059
 O   -2.289801    0.362814   -0.000235
 H    1.198739   -2.040538    0.884609
 H    1.205473   -2.047129   -0.871804
 H   -1.203659   -2.045620    0.874537
 H   -1.198768   -2.042585   -0.882093
 H    0.956289    2.554841    0.001845
 H   -0.957696    2.554986    0.002790

_2,6-di-tert-butyl-4-methylphenyl_oxidanyl_O_C.xyz
 O    0.000299   -1.820878    0.017706
 C    2.595730   -0.601589   -0.001489
 C    1.275670    0.176051    0.003247
 C    1.223180    1.551465   -0.005327
 H    2.137211    2.131736   -0.012471
 C    0.002589    2.260382   -0.008843
 C    0.006778    3.763243    0.010257
 C   -1.213891    1.551990   -0.007674
 H   -2.127941    2.131748   -0.016479
 C   -1.269101    0.174565    0.001652
 C   -2.596821   -0.595017   -0.001444
 C    0.001963   -0.570605    0.010174
 C    3.815030    0.338816   -0.010927
 C    2.688650   -1.483689    1.269406
 C    2.674214   -1.489154   -1.269820
 C   -2.698969   -1.474988    1.270456
 C   -2.686471   -1.485985   -1.266729
 C   -3.813423    0.350665   -0.012147
 H    3.846888    0.979593    0.874847
 H    3.837250    0.973622   -0.901299
 H    4.729064   -0.260186   -0.013933
 H    2.619192   -0.867543    2.171057
 H    3.654363   -1.998192    1.287964
 H    1.896896   -2.229961    1.295756
 H    2.594885   -0.876782   -2.173262
 H    1.882100   -2.235445   -1.284586
 H    3.639498   -2.004066   -1.297193
 H   -2.632127   -0.858502    2.172012
 H   -1.911268   -2.225327    1.301037
 H   -3.667190   -1.985088    1.284514
 H   -1.898889   -2.236969   -1.283561
 H   -2.610659   -0.877350   -2.172921
 H   -3.654706   -1.995914   -1.286033
 H   -3.845253    0.993101    0.872409
 H   -4.728448   -0.247026   -0.013572
 H   -3.836369    0.983551   -0.903853
 H   -0.969338    4.171625   -0.258094
 H    0.752942    4.167957   -0.679381
 H    0.258742    4.135542    1.010645

_2,6-dimethylphenyl_sulfanyl_S_C.xyz
 S   -0.028231   -2.154415    0.000001
 C   -0.006051   -0.432622   -0.000019
 C   -1.237987    0.306750   -0.000026
 C   -2.571708   -0.389650    0.000006
 C   -1.188784    1.695829    0.000009
 H   -2.114692    2.260269    0.000045
 C    0.030910    2.374128    0.000005
 H    0.045313    3.458607    0.000011
 C    1.232491    1.664803   -0.000011
 H    2.173232    2.204319   -0.000025
 C    1.244988    0.275000   -0.000010
 C    2.561320   -0.455369    0.000015
 H   -3.383590    0.339823    0.000033
 H   -2.679895   -1.035396    0.874705
 H   -2.679954   -1.035419   -0.874666
 H    3.391878    0.252914   -0.000049
 H    2.654152   -1.103913   -0.874481
 H    2.654184   -1.103782    0.874606

_2-bromoethyl_oxidanyl_O_C.xyz
 O    2.949827    0.022543   -0.000005
 C    1.664806   -0.427168    0.000005
 C    0.626799    0.694560    0.000003
Br   -1.195115   -0.063054   -0.000001
 H    1.532021   -1.101034    0.868250
 H    1.532015   -1.101037   -0.868238
 H    0.708371    1.312137   -0.891729
 H    0.708367    1.312138    0.891735

_2-chloroethyl_oxidanyl_O_C.xyz
 O    2.315320    0.121015   -0.000004
 C    1.103582   -0.518169    0.000001
 C    0.035872    0.617302    0.000001
Cl   -1.618955   -0.104445   -0.000001
 H    0.951723   -1.122590    0.904949
 H    0.951707   -1.122641   -0.904909
 H    0.129758    1.228941   -0.893678
 H    0.129762    1.228946    0.893675

_2-ethoxy-2-oxoethyl_sulfanyl_S_C.xyz
 S    2.369089   -0.834462   -0.337508
 C    1.469242    0.301574    0.761032
 C    0.163697    0.776805    0.160790
 O    0.022007    1.824899   -0.419669
 O   -0.809078   -0.131201    0.345285
 C   -2.097422    0.161255   -0.257986
 C   -3.011521   -1.010735    0.033368
 H    2.113471    1.161163    0.961110
 H    1.300465   -0.229272    1.703210
 H   -2.473490    1.095315    0.166099
 H   -1.947920    0.313572   -1.329194
 H   -3.133057   -1.154925    1.109490
 H   -2.614920   -1.932736   -0.397596
 H   -3.997375   -0.824698   -0.401156

_2-fluoroethyl_oxidanyl_O_C.xyz
 O    1.858545    0.173815   -0.000010
 C    0.642521   -0.438941    0.000010
 C   -0.542865    0.524701    0.000008
 F   -1.731641   -0.217961   -0.000009
 H    0.596032   -1.125348    0.868526
 H    0.596021   -1.125346   -0.868508
 H   -0.536781    1.153642   -0.893120
 H   -0.536801    1.153627    0.893147

_2-hydroxyethyl_sulfanyl_S_C.xyz
 S    1.470344   -0.303916    0.067237
 C   -1.223781    0.461902    0.313184
 C    0.132959    0.884245   -0.257133
 O   -1.668746   -0.780169   -0.200871
 H   -1.978462    1.199627    0.027564
 H   -1.172112    0.441257    1.410255
 H    0.437136    1.870269    0.108629
 H    0.073110    0.954008   -1.351416
 H   -0.990272   -1.438038   -0.000163

_2-methoxyethyl_oxidanyl_O_C.xyz
 O   -2.311860   -0.125302    0.193647
 C   -1.092033   -0.427576   -0.293526
 C   -0.082303    0.701925    0.198366
 O    1.186090    0.536660   -0.368683
 H   -1.033598   -0.466960   -1.392015
 H   -0.717946   -1.369069    0.146530
 H   -0.051462    0.681780    1.293899
 H   -0.459742    1.664470   -0.143733
 C    1.962572   -0.515378    0.184375
 H    2.961650   -0.423548   -0.240338
 H    1.556729   -1.500572   -0.076442
 H    2.021114   -0.430792    1.277098

_2-methylundecan-2-yl_sulfanyl_S_C.xyz
 S   -5.348110   -1.069915   -0.053928
 C    7.578140   -0.374242    0.012816
 C    6.296158    0.460541   -0.067611
 C    5.020666   -0.384128    0.035282
 C    3.730379    0.439034   -0.043697
 C    2.458005   -0.410499    0.051330
 C    1.165489    0.409725   -0.025724
 C   -0.102965   -0.447335    0.052513
 C   -1.398646    0.371730   -0.008801
 C   -2.646354   -0.524957    0.018112
 C   -4.009925    0.209659    0.028067
 C   -4.199388    1.072441   -1.237695
 C   -4.194643    1.066598    1.289983
 H    7.620908   -1.110973   -0.795838
 H    8.471602    0.252269   -0.060727
 H    7.632514   -0.921224    0.959691
 H    6.280488    1.021490   -1.010285
 H    6.297182    1.211330    0.732195
 H    5.020345   -1.135831   -0.765044
 H    5.035211   -0.946835    0.978057
 H    3.717872    1.005034   -0.984316
 H    3.727843    1.186926    0.759987
 H    2.460554   -1.157032   -0.753496
 H    2.471171   -0.978421    0.990679
 H    1.155884    0.985485   -0.960309
 H    1.155830    1.148586    0.786173
 H   -0.097083   -1.177936   -0.766405
 H   -0.088695   -1.032519    0.980849
 H   -1.393424    0.977651   -0.921346
 H   -1.414721    1.074789    0.831225
 H   -2.625409   -1.194268   -0.847641
 H   -2.597198   -1.168244    0.904223
 H   -4.034519    0.491324   -2.147860
 H   -3.484352    1.900081   -1.221391
 H   -5.202456    1.504530   -1.278304
 H   -3.461386    1.878864    1.316220
 H   -5.193004    1.507009    1.315473
 H   -4.066887    0.465152    2.193576

_2-oxopyrrolidin-1-yl_methyl_C_NHH.xyz
 C   -1.799592   -1.112512   -0.030553
 C   -0.330727    0.825881    0.007700
 N   -0.554563   -0.549407   -0.005601
 C    0.680815   -1.325447    0.138664
 C    1.789048   -0.315213   -0.214121
 C    1.170309    1.047232    0.133811
 O   -1.209002    1.664817   -0.047606
 H    0.663699   -2.190166   -0.528559
 H    0.768112   -1.689632    1.169492
 H    2.003784   -0.365934   -1.284413
 H    2.714437   -0.523382    0.324053
 H    1.489157    1.863352   -0.515322
 H    1.385542    1.347897    1.165939
 H   -1.883308   -2.186873   -0.045112
 H   -2.646586   -0.447599   -0.079026

_2-phenylethyl_sulfanyl_S_C.xyz
 S    3.664420   -0.016182   -0.000354
 C    1.919436    0.488730    0.000384
 C    0.922028   -0.669820    0.000111
 C   -0.546441   -0.277804    0.000511
 C   -1.513004   -1.294385    0.000369
 H   -1.190960   -2.331469    0.000426
 C   -2.871802   -0.997009   -0.000234
 H   -3.599461   -1.801208   -0.000563
 C   -3.298038    0.332617   -0.000410
 H   -4.356245    0.568018   -0.000909
 C   -2.351191    1.351813   -0.000081
 H   -2.668851    2.388780   -0.000084
 C   -0.987237    1.048793    0.000289
 H   -0.274585    1.864444    0.000302
 H    1.788188    1.137521    0.874562
 H    1.787291    1.138467   -0.872757
 H    1.121032   -1.302283    0.872014
 H    1.120374   -1.300980   -0.872965

_2-phenylpropan-2-yl_oxidanyl_O_C.xyz
 O   -1.958706    1.386260   -0.123303
 C   -1.478215    0.103858   -0.039726
 C   -2.046157   -0.397886    1.335661
 C   -2.083177   -0.739735   -1.188736
 C    0.056965    0.040861   -0.023037
 C    0.810238    1.216164   -0.060358
 H    0.295887    2.167630   -0.100922
 C    2.204103    1.167026   -0.044825
 H    2.773531    2.089470   -0.077246
 C    2.864759   -0.058689    0.010468
 H    3.948198   -0.096726    0.022362
 C    2.120524   -1.237554    0.050216
 H    2.623161   -2.197430    0.094791
 C    0.728180   -1.186411    0.032629
 H    0.167727   -2.114563    0.064211
 H   -3.135806   -0.356027    1.327319
 H   -1.659873    0.219482    2.146905
 H   -1.718544   -1.428100    1.486329
 H   -3.171478   -0.663186   -1.166541
 H   -1.796032   -1.788474   -1.095646
 H   -1.720438   -0.367969   -2.148891

_3,4-dichlorophenyl_methyl_C_CHH.xyz
 C    3.524289    0.398632    0.001545
 C    2.172078    0.026591   -0.001354
 C    1.138770    1.005818    0.000003
 H    1.398399    2.057098    0.000631
 C   -0.195271    0.643239    0.000164
Cl   -1.411187    1.903781   -0.000470
 C   -0.561394   -0.714055    0.000660
Cl   -2.232879   -1.211692    0.000528
 C    0.439742   -1.695396   -0.000203
 H    0.145652   -2.737336    0.000268
 C    1.772570   -1.341730   -0.001514
 H    2.532310   -2.114873   -0.002155
 H    4.307488   -0.348881    0.000568
 H    3.820578    1.439871    0.003889

_3,5-bis_trifluoromethyl_phenyl_methyl_C_CHH.xyz
 C   -0.014014    3.604029    0.007338
 C   -0.007451    2.200028   -0.002576
 C    1.214624    1.467227   -0.002846
 H    2.154055    2.005103    0.001830
 C    1.209804    0.085553   -0.019245
 C    2.503843   -0.688852   -0.000809
 C    0.007134   -0.633922   -0.032553
 C   -1.200541    0.070796   -0.034279
 C   -2.496943   -0.699644   -0.002593
 C   -1.219734    1.455099   -0.017777
 H   -2.165265    1.982711   -0.025662
 H   -0.943901    4.158144    0.005671
 H    0.910741    4.166601    0.017567
 H    0.013111   -1.715470   -0.055081
 F    2.527111   -1.641033   -0.962010
 F    2.681266   -1.328237    1.180946
 F    3.582593    0.097690   -0.190844
 F   -2.408987   -1.861774   -0.685317
 F   -3.522906    0.000913   -0.532215
 F   -2.853415   -1.018556    1.265853

_3,5-bis_trifluoromethyl_phenyl_oxidanyl_O_C.xyz
 O   -0.008036    3.490720    0.003381
 C   -2.504285   -0.683612   -0.003218
 C   -1.215549    0.107053   -0.025984
 C   -1.240843    1.483092   -0.024943
 H   -2.168798    2.040178   -0.045750
 C   -0.003932    2.240751   -0.000278
 C    1.239040    1.490962    0.018884
 H    2.163396    2.053705    0.034209
 C    1.222173    0.116830    0.018519
 C    2.507704   -0.677711    0.002163
 C    0.004645   -0.591433   -0.002436
 H    0.007683   -1.674093   -0.003645
 F   -2.826413   -1.054859    1.257271
 F   -2.402742   -1.815570   -0.732457
 F   -3.541036    0.022222   -0.489662
 F    3.586403    0.088234    0.242692
 F    2.694540   -1.275019   -1.197668
 F    2.490170   -1.660690    0.930036

_3,5-dichlorophenyl_methyl_C_CHH.xyz
 C    0.000220    3.197890    0.001010
 C    0.000048    1.793191   -0.001445
 C   -1.221650    1.060361    0.001044
 H   -2.166611    1.587790    0.003782
 C   -1.196554   -0.319799   -0.000563
Cl   -2.714307   -1.209705    0.000316
 C    0.000018   -1.043788   -0.001705
 H   -0.000311   -2.124543   -0.001593
 C    1.196620   -0.319961   -0.001844
Cl    2.714183   -1.209863    0.001353
 C    1.221590    1.060328   -0.002010
 H    2.166698    1.587431   -0.001167
 H    0.927602    3.756227   -0.001153
 H   -0.927023    3.756426    0.004826

_3-_trifluoromethyl_phenyl_methyl_C_CHH.xyz
 C   -3.059387   -1.552742    0.002221
 C   -2.091393   -0.535136   -0.001519
 C   -0.700809   -0.845486   -0.019733
 H   -0.389486   -1.882569   -0.031063
 C    0.248347    0.160253   -0.030529
 C    1.714090   -0.182972   -0.003267
 C   -0.130907    1.511342   -0.017956
 C   -1.490036    1.836466    0.001629
 H   -1.789945    2.878066    0.008442
 C   -2.453661    0.842697    0.010467
 H   -3.505266    1.107610    0.025025
 H   -4.116176   -1.318325    0.017012
 H   -2.772702   -2.596688   -0.009485
 H    0.621907    2.289210   -0.030881
 F    2.436857    0.609880   -0.829702
 F    1.957688   -1.461121   -0.366628
 F    2.242589   -0.024740    1.237782

_3-_trifluoromethyl_phenyl_oxidanyl_O_C.xyz
 O    2.951487   -1.553378   -0.000031
 C   -1.713872   -0.155230    0.000025
 F   -2.003896   -1.468667   -0.000319
 F   -2.311696    0.391884   -1.085703
 F   -2.311909    0.391380    1.085886
 C   -0.229394    0.114690    0.000191
 C    0.198473    1.460820   -0.000003
 H   -0.536534    2.256551   -0.000208
 C    1.567553    1.770450   -0.000023
 H    1.875606    2.809636   -0.000049
 C    2.509447    0.766029    0.000049
 H    3.572714    0.974449    0.000201
 C    2.109054   -0.627708    0.000005
 C    0.682961   -0.911535    0.000031
 H    0.378487   -1.950082   -0.000117

_3-chlorophenyl_methyl_C_CHH.xyz
 C    2.596939   -1.451234    0.000844
 C    1.559993   -0.503952   -0.001293
 C    0.193702   -0.911165   -0.000149
 H   -0.053404   -1.965306   -0.000336
 C   -0.810149    0.036339    0.000444
Cl   -2.492784   -0.492418   -0.000255
 C   -0.534127    1.407631    0.000967
 C    0.803908    1.819742    0.000125
 H    1.029766    2.880110    0.000609
 C    1.832648    0.895175   -0.001121
 H    2.864502    1.228013   -0.001179
 H    3.634188   -1.140434    0.001033
 H    2.387358   -2.513329    0.003055
 H   -1.342565    2.126839    0.002241

_3-cyanophenyl_methyl_C_CHH.xyz
 C   -2.480852   -1.494073    0.001199
 C   -1.738642    0.862188   -0.001664
 C   -0.723370    1.803008    0.000074
 H   -0.967309    2.859079   -0.001168
 C    0.616176    1.407480    0.001839
 H    1.413930    2.139020    0.004526
 C    0.925873    0.033457    0.000779
 C   -0.085788   -0.922584    0.000216
 H    0.172998   -1.974731    0.000067
 C   -1.453717   -0.534939   -0.001046
 H   -2.774290    1.184093   -0.004851
 H   -2.257628   -2.553318    0.002348
 H   -3.521585   -1.195854    0.000594
 C    2.295848   -0.385420   -0.000112
 N    3.400102   -0.724712   -0.001319

_3-ethoxy-3-oxopropyl_sulfanyl_S_C.xyz
 S    3.582877   -0.466567   -0.000145
 C    0.770718   -0.408550   -0.051593
 C    2.023471    0.456684    0.066924
 C   -0.506561    0.408002   -0.023910
 O   -0.564134    1.614770   -0.014570
 O   -1.586500   -0.395622   -0.019007
 C   -2.886713    0.250163   -0.011215
 C   -3.933866   -0.844016    0.041376
 H    0.728284   -1.149093    0.751788
 H    0.784745   -0.982460   -0.983230
 H    2.024626    1.033887    0.997416
 H    2.064592    1.206543   -0.730809
 H   -2.940278    0.915078    0.853597
 H   -2.975547    0.862326   -0.911869
 H   -3.821774   -1.447619    0.944847
 H   -4.932426   -0.398624    0.046738
 H   -3.855486   -1.501856   -0.827032

_3-fluorophenyl_methyl_C_CHH.xyz
 C    2.487776   -0.978261    0.000585
 C    1.254237   -0.306878   -0.000778
 C    0.023797   -1.026956    0.000333
 H    0.015170   -2.110131   -0.000431
 C   -1.165008   -0.334524    0.000082
 F   -2.327936   -1.034718   -0.000404
 C   -1.234645    1.057056    0.000575
 C   -0.031659    1.774492    0.000171
 H   -0.061210    2.858066    0.000977
 C    1.186610    1.118033   -0.000718
 H    2.110098    1.685652   -0.001276
 H    3.420563   -0.428649   -0.000156
 H    2.538602   -2.059692    0.001797
 H   -2.198440    1.549441    0.001223

_3-methoxyphenyl_methyl_C_CHH.xyz
 C   -2.224431   -1.826190    0.000620
 C   -1.418183   -0.676861   -0.000887
 C    0.006929   -0.780797   -0.000970
 H    0.447459   -1.768857   -0.001895
 C    0.796095    0.357865   -0.000753
 O    2.161884    0.355485   -0.001486
 C    0.202389    1.635203    0.000456
 H    0.845389    2.506438    0.001092
 C   -1.186589    1.750343    0.000647
 H   -1.635972    2.737271    0.001783
 C   -1.995307    0.623920   -0.000161
 H   -3.074781    0.721880    0.000159
 H   -3.304452   -1.748320    0.001520
 H   -1.789876   -2.818252    0.000641
 C    2.838925   -0.893505    0.001431
 H    3.901265   -0.655221   -0.000939
 H    2.597244   -1.482124   -0.890725
 H    2.599674   -1.476565    0.897960

_3-methylphenyl_methyl_C_CHH.xyz
 C   -2.446215   -1.155498   -0.000602
 C   -1.276609   -0.378256    0.000598
 C    0.014274   -0.986354   -0.001179
 H    0.073461   -2.070575   -0.001931
 C    1.181547   -0.239200   -0.001368
 C    2.537760   -0.904033    0.001780
 C    1.084443    1.165656   -0.002375
 C   -0.165524    1.793067    0.000290
 H   -0.220910    2.876345   -0.000247
 C   -1.330423    1.045141    0.001982
 H   -2.297445    1.536315    0.003417
 H   -3.425199   -0.692678    0.002965
 H   -2.399135   -2.237471   -0.004631
 H    3.132837   -0.589182   -0.860752
 H    2.448225   -1.991866   -0.029387
 H    3.103813   -0.639195    0.900371
 H    1.988838    1.765165   -0.004556

_3-nitrophenyl_methyl_C_CHH.xyz
 C   -2.800265   -1.480878   -0.000244
 C   -2.095233    0.889509   -0.000249
 C   -1.095079    1.846920    0.000464
 H   -1.355645    2.898799   -0.000140
 C    0.252338    1.474632    0.000877
 H    1.049303    2.204308    0.001815
 C    0.554548    0.110571    0.000804
 N    1.981104   -0.301525    0.000196
 C   -0.415837   -0.871834   -0.000187
 H   -0.121140   -1.912692   -0.000353
 C   -1.790320   -0.503819   -0.000903
 O    2.826058    0.584340   -0.001825
 O    2.228608   -1.500456    0.001063
 H   -3.135444    1.196040   -0.000422
 H   -2.556839   -2.535600   -0.000368
 H   -3.846199   -1.201850    0.000819

_3-nitrophenyl_oxidanyl_O_C.xyz
 O   -2.667008   -1.511332   -0.000009
 N    1.983746   -0.241854    0.000058
 C    0.532651    0.094092    0.000032
 C    0.161448    1.448106    0.000015
 H    0.930044    2.208596    0.000023
 C   -1.203602    1.781877   -0.000008
 H   -1.489394    2.827070   -0.000020
 C   -2.167020    0.798260   -0.000016
 H   -3.224789    1.032614   -0.000034
 C   -1.802711   -0.606651   -0.000001
 C   -0.385600   -0.925946    0.000022
 H   -0.081832   -1.963932    0.000034
 O    2.288693   -1.424083   -0.000038
 O    2.774410    0.691691   -0.000037

_4-_dimethylamino_pyridin-1-ium-1-yl_boranuidyl_B_NHH.xyz
 B    3.715288   -0.000039    0.068284
 N    2.288123    0.000019    0.018874
 C    1.534362    1.185286   -0.002650
 H    2.115936    2.094747    0.030894
 C    0.171139    1.199254   -0.053416
 H   -0.307863    2.168036   -0.059627
 C   -0.592062    0.000079   -0.092876
 N   -1.983198   -0.000051   -0.206854
 C    0.171120   -1.199134   -0.053887
 H   -0.307941   -2.167894   -0.060552
 C    1.534324   -1.185215   -0.003085
 H    2.115876   -2.094701    0.030088
 C   -2.698693   -1.231650    0.093911
 C   -2.699054    1.231543    0.093069
 H    4.276434   -1.048739    0.088037
 H    4.276510    1.048612    0.088401
 H   -2.567990   -1.557673    1.138052
 H   -2.372900   -2.040591   -0.563070
 H   -3.761710   -1.075019   -0.088048
 H   -2.373748    2.040119   -0.564601
 H   -2.568297    1.558314    1.136964
 H   -3.762036    1.074230   -0.088497

_4-_methoxycarbonyl_phenyl_methyl_C_CHH.xyz
 C    4.016431   -0.294109    0.000552
 C    2.625513   -0.140193    0.000491
 C   -0.191646    0.166733   -0.001030
 C    2.018257    1.153252   -0.000122
 C    1.753666   -1.271668    0.000630
 C    0.383221   -1.119103   -0.000186
 C    0.648024    1.297150   -0.001084
 C   -1.658510    0.382700   -0.000615
 O   -2.196497    1.468867    0.001427
 O   -2.350920   -0.780721   -0.002292
 C   -3.783743   -0.660707    0.001288
 H    4.469671   -1.277604    0.000169
 H    4.675005    0.565525    0.000705
 H    2.655969    2.030565    0.000052
 H    2.187491   -2.265736    0.000943
 H   -0.263155   -1.986907    0.000141
 H    0.191980    2.279519   -0.001263
 H   -4.159094   -1.681825   -0.002161
 H   -4.124953   -0.122678   -0.884546
 H   -4.120861   -0.130363    0.893343

_4-_methoxycarbonyl_phenyl_oxidanyl_O_C.xyz
 O   -3.900378   -0.298137    0.000229
 C    1.630445    0.385829   -0.000385
 C    0.157185    0.161676   -0.000235
 C   -0.680357    1.302440   -0.000087
 H   -0.213866    2.279931   -0.000097
 C   -2.043858    1.162242    0.000075
 H   -2.708283    2.018136    0.000192
 C   -2.659442   -0.156308    0.000095
 C   -1.764531   -1.304009   -0.000053
 H   -2.221351   -2.286564   -0.000039
 C   -0.402716   -1.138356   -0.000213
 H    0.259771   -1.993905   -0.000325
 O    2.150191    1.478842    0.000067
 O    2.323299   -0.770097   -0.000109
 C    3.759281   -0.648097    0.000362
 H    4.134434   -1.668686    0.000630
 H    4.093883   -0.113017    0.889973
 H    4.094478   -0.113268   -0.889177

_4-_trifluoromethyl_phenyl_methyl_C_CHH.xyz
 C   -3.888124   -0.016815   -0.001406
 C    1.839678    0.007550   -0.000272
 C    0.339523    0.023395    0.000956
 C   -0.352220   -1.199788    0.001515
 H    0.200977   -2.131761    0.001598
 C   -1.731094   -1.216003    0.000696
 H   -2.259383   -2.162741   -0.000084
 C   -2.485266   -0.003923    0.000204
 C   -1.754362    1.219221    0.000675
 H   -2.298700    2.156789    0.000511
 C   -0.371734    1.229675    0.001213
 H    0.164009    2.170032    0.001879
 F    2.374676    1.247502   -0.005338
 F    2.339886   -0.641434   -1.083542
 F    2.342109   -0.633727    1.086570
 H   -4.455718    0.905394   -0.001320
 H   -4.439626   -0.948651   -0.003287

_4-_trifluoromethyl_phenyl_oxidanyl_O_C.xyz
 O   -3.767843   -0.017658    0.000154
 C    1.814640    0.008083    0.000041
 F    2.348931    1.244706   -0.000436
 F    2.299963   -0.638873   -1.085913
 F    2.300351   -0.638219    1.086205
 C    0.308034    0.026505    0.000242
 C   -0.374694   -1.210706    0.000023
 H    0.192836   -2.134027   -0.000135
 C   -1.745922   -1.237543   -0.000098
 H   -2.299694   -2.168641   -0.000205
 C   -2.517129   -0.005340   -0.000021
 C   -1.772192    1.240804   -0.000094
 H   -2.343932    2.160980   -0.000181
 C   -0.396295    1.244335    0.000022
 H    0.151684    2.177599   -0.000103

_4-_trifluoromethyl_phenyl_sulfanyl_S_C.xyz
 S    3.805446   -0.013875    0.000408
 C   -2.235767    0.005402    0.000079
 C   -0.729206    0.027414   -0.000875
 C   -0.044276   -1.195434   -0.000708
 H   -0.596968   -2.127305   -0.000648
 C    1.338500   -1.209095   -0.000353
 H    1.880521   -2.146462   -0.000146
 C    2.075077    0.002624   -0.000134
 C    1.360630    1.224614   -0.000362
 H    1.916788    2.153620   -0.000170
 C   -0.026356    1.235184   -0.000701
 H   -0.564045    2.174021   -0.000633
 F   -2.772733    1.241456   -0.000242
 F   -2.721440   -0.640948    1.086672
 F   -2.723055   -0.642299   -1.084940

_4-_trimethylsilyl_phenyl_methyl_C_CHH.xyz
 C   -4.301632   -0.017307    0.001120
 H   -4.871138    0.903940    0.000479
 H   -4.851722   -0.950273    0.001812
 C   -2.898691   -0.002490    0.000041
 C   -2.139818   -1.210524    0.000012
 H   -2.666659   -2.159285    0.000528
 C   -0.758866   -1.185220   -0.000635
 H   -0.224317   -2.131120   -0.000586
 C   -0.032539    0.027127   -0.001008
Si    1.855080    0.007776   -0.000053
 C   -0.780713    1.222651   -0.001129
 H   -0.264212    2.176903   -0.001414
 C   -2.164435    1.218892   -0.000530
 H   -2.709804    2.157139   -0.000343
 C    2.512208    1.775093   -0.005296
 C    2.459862   -0.913375   -1.532642
 C    2.459656   -0.902481    1.539235
 H    2.179638    2.326863   -0.889668
 H    3.606686    1.774218   -0.009706
 H    2.186442    2.328780    0.880381
 H    2.134350   -0.413758   -2.449785
 H    2.069695   -1.935673   -1.555207
 H    3.552735   -0.975630   -1.550934
 H    2.132654   -0.397438    2.452895
 H    3.552674   -0.962351    1.558643
 H    2.071677   -1.925373    1.568632

_4-acetylphenyl_oxidanyl_O_C.xyz
 O   -3.495257    0.109216    0.004956
 C    2.088081   -0.181380   -0.000555
 C    0.594124   -0.063299   -0.002603
 C   -0.170976   -1.258960    0.001074
 H    0.364963   -2.200171    0.003506
 C   -1.538767   -1.217854    0.002317
 H   -2.140283   -2.119271    0.004949
 C   -2.248774    0.053275    0.000494
 C   -1.436376    1.261641   -0.005575
 H   -1.961539    2.209495   -0.008528
 C   -0.066031    1.190632   -0.006714
 H    0.514152    2.105289   -0.008796
 O    2.611599   -1.281020   -0.006353
 C    2.926275    1.081359    0.009066
 H    2.714241    1.699292   -0.868590
 H    3.978266    0.801872    0.007067
 H    2.714128    1.685440    0.896549

_4-aminophenyl_methyl_C_CHH.xyz
 C    2.882217   -0.000039    0.010224
 N   -2.767194   -0.000055   -0.063512
 C   -1.375403   -0.000013   -0.005820
 C   -0.652809   -1.210270   -0.007174
 H   -1.193842   -2.151753   -0.014584
 C    0.726313   -1.211769   -0.001391
 H    1.257696   -2.157512    0.001398
 C    1.481684    0.000070    0.001931
 C    0.726359    1.211847   -0.001107
 H    1.257518    2.157701    0.001835
 C   -0.652800    1.210199   -0.006746
 H   -1.193770    2.151701   -0.014154
 H   -3.227929    0.840296    0.252482
 H   -3.227723   -0.839887    0.254363
 H    3.442714    0.926523    0.008859
 H    3.442325   -0.926833    0.014887

_4-aminophenyl_sulfanyl_S_C.xyz
 S    2.771702   -0.000252    0.004850
 C    1.054423    0.000635   -0.000538
 C    0.310807    1.213872   -0.002358
 H    0.857270    2.149203   -0.000860
 C   -1.066384    1.216424   -0.004777
 H   -1.609193    2.156210   -0.008464
 C   -1.784946   -0.000152   -0.003683
 C   -1.065246   -1.215954   -0.004835
 H   -1.608166   -2.155782   -0.008764
 C    0.311966   -1.212904   -0.002382
 H    0.858058   -2.148594   -0.000983
 N   -3.157444   -0.000976   -0.039351
 H   -3.653558    0.851545    0.163329
 H   -3.653249   -0.853251    0.165023

_4-bromophenyl_methyl_C_CHH.xyz
 C    3.936957   -0.001082    0.005511
 H    4.495841   -0.928490    0.007205
 H    4.497413    0.925361    0.009352
 C    2.534464   -0.000054   -0.000023
 C    1.789221    1.216449   -0.002015
 H    2.323528    2.160199   -0.000144
 C    0.406728    1.218711   -0.004603
 H   -0.141476    2.152399   -0.005361
 C   -0.282880    0.000828   -0.004593
Br   -2.195150   -0.000227    0.001910
 C    0.406225   -1.217365   -0.004312
 H   -0.142520   -2.150641   -0.004985
 C    1.788518   -1.215956   -0.002000
 H    2.322046   -2.160054   -0.000704

_4-bromophenyl_sulfanyl_S_C.xyz
 S    0.000000   -0.000000   -3.853980
 C    0.000000   -0.000000   -2.128806
 C   -0.000000    1.216715   -1.399127
 H   -0.000000    2.151782   -1.945441
 C   -0.000000    1.220294   -0.014463
 H   -0.000000    2.152254    0.535978
 C    0.000000    0.000000    0.669127
Br    0.000000    0.000000    2.577250
 C   -0.000000   -1.220294   -0.014463
 H   -0.000000   -2.152254    0.535978
 C   -0.000000   -1.216715   -1.399127
 H   -0.000000   -2.151782   -1.945441

_4-carboxyphenyl_methyl_C_CHH.xyz
 C   -3.587249   -0.043899    0.000520
 C   -2.188368   -0.017448    0.000151
 C   -1.422807   -1.223226    0.001563
 H   -1.944476   -2.173923    0.003817
 C   -0.044269   -1.195250    0.000965
 H    0.519633   -2.118820    0.003516
 C    0.642984    0.034466   -0.000933
 C   -0.090811    1.237028   -0.002150
 H    0.451426    2.174606   -0.003798
 C   -1.467806    1.216642   -0.001792
 H   -2.024003    2.147580   -0.003368
 C    2.118984    0.114940    0.000299
 O    2.761527    1.141728    0.005151
 O    2.720159   -1.106232   -0.004077
 H    3.674350   -0.944256   -0.002198
 H   -4.129892   -0.981164    0.004248
 H   -4.164470    0.872479   -0.002555

_4-chlorophenyl_methyl_C_CHH.xyz
 C    3.288346   -0.000306   -0.000794
 H    3.847809   -0.927347   -0.002066
 H    3.848304    0.926441   -0.000086
 C    1.885702    0.000063   -0.000169
 C    1.139999    1.216328    0.000463
 H    1.674040    2.160118    0.001356
 C   -0.242094    1.217637    0.000202
 H   -0.794529    2.148826    0.000305
 C   -0.931250    0.000126    0.000285
Cl   -2.687427   -0.000140   -0.000398
 C   -0.242073   -1.217368    0.000446
 H   -0.794525   -2.148492    0.000431
 C    1.139928   -1.216036    0.000542
 H    1.673813   -2.159831    0.000987

_4-cyanophenyl_methyl_C_CHH.xyz
 C   -3.171995   -0.005948    0.000738
 C   -1.773932   -0.000672   -0.000108
 C   -1.033056    1.221255   -0.000051
 C    0.344223    1.223254   -0.000633
 C    1.056728    0.004307   -0.000738
 C    0.348611   -1.216747   -0.000848
 C   -1.028175   -1.219401   -0.000179
 H   -1.572313    2.161559    0.000503
 H    0.893018    2.157045   -0.000860
 H    0.900254   -2.148942   -0.000716
 H   -1.564056   -2.161829    0.000784
 C    2.480848    0.001903   -0.000033
 N    3.638134   -0.005506    0.001273
 H   -3.727558   -0.935423    0.002019
 H   -3.735801    0.918428    0.000463

_4-cyanophenyl_oxidanyl_O_C.xyz
 O    3.063787   -0.001182   -0.000032
 C   -1.014633    0.001053   -0.000009
 C   -0.311169    1.234781   -0.000002
 H   -0.874429    2.160167   -0.000004
 C    1.058089    1.242650    0.000018
 H    1.622591    2.167264    0.000029
 C    1.817578   -0.000486    0.000028
 C    1.056733   -1.242805    0.000018
 H    1.620228   -2.168034    0.000027
 C   -0.312517   -1.233486   -0.000002
 H   -0.876927   -2.158172   -0.000004
 C   -2.435628    0.001331   -0.000031
 N   -3.593211   -0.001429    0.000014

_4-fluorophenyl_methyl_C_CHH.xyz
 C    2.844840   -0.000839   -0.000391
 C    0.696992   -1.216088    0.000304
 C   -0.686337   -1.218676   -0.000162
 C   -1.359454   -0.000091   -0.000186
 C   -0.687640    1.219334    0.000072
 C    0.695896    1.217897    0.000439
 C    1.440252    0.000980   -0.000162
 F   -2.714487   -0.001416   -0.000146
 H    1.232614   -2.158724    0.001349
 H   -1.253086   -2.141765    0.000259
 H   -1.255545    2.141593    0.000039
 H    1.230941    2.160642    0.001110
 H    3.405984    0.924955   -0.001388
 H    3.402196   -0.929065    0.000465

_4-formyl-2-methoxyphenyl_oxidanyl_O_C.xyz
 O   -2.473091   -1.544686   -0.000013
 C    1.416721   -0.307885    0.000007
 C    0.397476    0.657476    0.000022
 H    0.692199    1.698783    0.000042
 C   -0.929663    0.264810    0.000018
 O   -1.978130    1.084945    0.000035
 C   -1.293504   -1.177978   -0.000003
 C   -0.184003   -2.121656   -0.000007
 H   -0.450185   -3.171802   -0.000013
 C    1.113129   -1.696998   -0.000006
 H    1.929279   -2.412744   -0.000013
 C    2.827632    0.123968    0.000018
 O    3.190462    1.282754   -0.000017
 H    3.568324   -0.701024   -0.000038
 C   -1.760193    2.498958   -0.000029
 H   -2.752065    2.944295   -0.000143
 H   -1.213445    2.807055   -0.895514
 H   -1.213604    2.807158    0.895519

_4-formylphenyl_oxidanyl_O_C.xyz
 O    3.113162   -0.247711    0.000094
 C   -2.406160    0.396726   -0.000216
 C   -0.939435    0.217499   -0.000115
 C   -0.380939   -1.087293   -0.000112
 H   -1.059557   -1.932365   -0.000171
 C    0.976008   -1.256540   -0.000042
 H    1.434333   -2.238465   -0.000037
 C    1.874539   -0.106840    0.000031
 C    1.263725    1.216847    0.000026
 H    1.932530    2.069220    0.000081
 C   -0.100860    1.356494   -0.000042
 H   -0.552476    2.343865   -0.000045
 O   -3.203925   -0.516607    0.000238
 H   -2.749979    1.450932    0.000331

_4-hydroxy-2,3,6-trimethylphenyl_oxidanyl_O_C.xyz
 O    2.033903    1.602996    0.000592
 C    1.131557    0.736012   -0.000735
 C   -0.886049   -1.222510   -0.000322
 C    1.476240   -0.685042   -0.001014
 C   -0.285520    1.106034   -0.001648
 C   -1.275713    0.138373   -0.004561
 C    0.466938   -1.615560    0.000597
 O   -1.877442   -2.154404    0.004659
 C    2.926042   -1.061019   -0.001208
 C   -0.625866    2.568719    0.004250
 C   -2.739108    0.511173   -0.004719
 H    0.703969   -2.677076    0.002597
 H   -1.496772   -3.039367    0.002965
 H    3.431672   -0.639822   -0.874710
 H    3.431678   -0.641225    0.873007
 H    3.056107   -2.144868   -0.002052
 H   -1.225493    2.840869   -0.871042
 H    0.285126    3.164546    0.001531
 H   -1.216089    2.834082    0.888212
 H   -2.965733    1.194906   -0.827705
 H   -3.377359   -0.364752   -0.101257
 H   -3.009911    1.026879    0.922605

_4-hydroxyphenyl_methyl_C_CHH.xyz
 C    2.863141   -0.018588    0.000724
 C    1.459911   -0.007465   -0.000238
 C    0.718054    1.212933   -0.000283
 H    1.259574    2.152664    0.000717
 C   -0.661572    1.225459   -0.000838
 H   -1.214762    2.157109   -0.000503
 C   -1.374146    0.017649   -0.000416
 O   -2.739786    0.092861    0.000774
 C   -0.681531   -1.201042   -0.000663
 H   -1.234053   -2.136648   -0.001217
 C    0.701474   -1.214437   -0.000223
 H    1.225560   -2.163788    0.000086
 H    3.415803   -0.949753    0.000331
 H    3.430098    0.903873    0.002111
 H   -3.115920   -0.793401    0.003914

_4-iodophenyl_methyl_C1_CC.xyz
 C   -1.902909   -0.000033    0.009853
 C    2.352949    0.000019    0.009254
 H    2.759193   -0.883328   -0.489182
 H    2.759205    0.884671   -0.486838
 C    0.841999    0.000045   -0.012495
 C    0.130041    1.205534   -0.008940
 H    0.670425    2.147647   -0.018330
 C   -1.272120    1.220633    0.003054
 H   -1.817792    2.157763    0.002636
 C   -1.272035   -1.220686    0.003049
 H   -1.817687   -2.157826    0.002636
 C    0.130090   -1.205510   -0.008938
 H    0.670551   -2.147580   -0.018325
 H    2.728018   -0.001362    1.038377

_4-iodophenyl_methyl_C2_CHH.xyz
 C   -2.398952   -0.000001    0.000016
 C    1.837181    0.000001   -0.000013
 H   -2.958220    0.927392    0.000017
 H   -2.958225   -0.927392    0.000019
 C   -0.994216   -0.000001   -0.000062
 C   -0.251660   -1.217251    0.000008
 H   -0.790922   -2.158653    0.000032
 C    1.132041   -1.210608    0.000010
 H    1.674394   -2.149795    0.000022
 C    1.132037    1.210610    0.000010
 H    1.674391    2.149796    0.000023
 C   -0.251662    1.217251    0.000008
 H   -0.790928    2.158652    0.000033
 H    2.920901    0.000004   -0.000010

_4-methoxyphenyl_methyl_C_CHH.xyz
 C   -3.300734   -0.321602    0.000997
 C   -1.912062   -0.121342    0.000372
 C    0.899680    0.279337   -0.001363
 C   -0.998373   -1.212142   -0.000473
 C   -1.339042    1.188158    0.000306
 C    0.023729    1.380941   -0.000994
 C    0.374793   -1.020915   -0.001397
 O    2.229493    0.578649   -0.000119
 C    3.169181   -0.488836    0.001563
 H   -3.987682    0.515085    0.002165
 H   -3.719711   -1.320046    0.000274
 H   -1.390411   -2.223696   -0.000913
 H   -2.000449    2.047748    0.001239
 H    0.450766    2.376859   -0.000577
 H    1.028824   -1.882994   -0.001471
 H    3.061408   -1.113091    0.895259
 H    3.066947   -1.111330   -0.894014
 H    4.151334   -0.019327    0.004928

_4-methoxyphenyl_oxidanyl_O_C.xyz
 O    0.663293   -3.136135    0.000000
 C   -1.404200    2.849696    0.000000
 O   -0.108470    2.248344    0.000000
 C   -0.000000    0.903831    0.000000
 C    0.463459   -1.900456    0.000000
 C   -1.097125    0.015027    0.000000
 C    1.327144    0.403776    0.000000
 C    1.558220   -0.943235    0.000000
 C   -0.875765   -1.343156    0.000000
 H   -1.966074    2.569181    0.895681
 H   -1.966074    2.569181   -0.895681
 H   -1.227884    3.923010    0.000000
 H   -2.110579    0.394380    0.000000
 H    2.138345    1.122653    0.000000
 H    2.564929   -1.344185    0.000000
 H   -1.701643   -2.044788    0.000000

_4-methoxyphenyl_sulfanyl_S_C.xyz
 S   -3.197502   -0.217443    0.000002
 C   -1.487134   -0.028189   -0.000000
 C   -0.622056   -1.151827   -0.000002
 H   -1.062208   -2.141627   -0.000003
 C    0.755855   -1.008997   -0.000003
 H    1.382193   -1.890923   -0.000006
 C    1.320308    0.277918   -0.000002
 O    2.647935    0.531242   -0.000004
 C    0.484203    1.411734   -0.000000
 H    0.945504    2.391917    0.000000
 C   -0.883887    1.261625    0.000000
 H   -1.528482    2.131794    0.000001
 C    3.565600   -0.561330    0.000006
 H    4.556242   -0.111647    0.000015
 H    3.442991   -1.177988   -0.895591
 H    3.442974   -1.177987    0.895600

_4-methylbenzenesulfonamido_methyl_C_NHH.xyz
 C   -2.235751    1.793969    1.199715
 N   -2.321984    0.417907    1.067911
 S   -1.708116   -0.391741   -0.313116
 O   -2.174646    0.383424   -1.454343
 O   -2.061596   -1.790531   -0.103958
 C    0.072266   -0.229053   -0.214678
 C    2.832189    0.088249    0.057498
 C    0.819127   -1.233436    0.399816
 C    0.678022    0.930854   -0.695162
 C    2.054228    1.079990   -0.551977
 C    2.193710   -1.066637    0.529243
 C    4.328490    0.240539    0.169276
 H   -2.436552    2.395217    0.326931
 H   -2.222559    2.205580    2.196650
 H   -2.208617   -0.144170    1.903480
 H    0.328894   -2.132324    0.752916
 H    0.083019    1.690344   -1.185406
 H    2.532085    1.978914   -0.926446
 H    2.781308   -1.848783    0.998224
 H    4.620661    1.291344    0.224673
 H    4.824902   -0.193306   -0.705532
 H    4.716854   -0.270315    1.053028

_4-methylbenzenesulfonyl_oxidanyl_O_S.xyz
 O   -1.498471    1.920481   -0.000000
 O    0.618824    2.460158    1.258446
 C    0.007564   -1.890282    1.215234
 C    0.007564   -0.509851    1.227015
 C    0.044776    0.179485   -0.000000
 C    0.007564   -0.509851   -1.227015
 C    0.007564   -1.890282   -1.215234
 C    0.009226   -2.604411    0.000000
 C    0.036491   -4.104638    0.000000
 S    0.072984    1.969001   -0.000000
 O    0.618824    2.460158   -1.258446
 H    0.001642   -2.435388    2.152266
 H    0.004747    0.053411    2.151673
 H    0.004747    0.053411   -2.151673
 H    0.001642   -2.435388   -2.152266
 H   -0.446963   -4.515972    0.888068
 H    1.075497   -4.455507    0.000000
 H   -0.446963   -4.515972   -0.888068

_4-methylphenyl_methyl_C_CHH.xyz
 C    2.904776   -0.001798    0.001474
 C    0.756254    1.212052   -0.000675
 C   -0.627363    1.204870   -0.001372
 C   -1.355266    0.004510   -0.000773
 C   -0.630761   -1.202912   -0.001046
 C    0.750072   -1.214423   -0.000574
 C    1.501421   -0.001301   -0.000173
 C   -2.863123    0.001288    0.001709
 H    1.290662    2.156161   -0.000002
 H   -1.164573    2.148163   -0.001478
 H   -1.171964   -2.144286   -0.001564
 H    1.282734   -2.159419   -0.000398
 H    3.465344   -0.928259    0.001060
 H    3.463717    0.925837    0.003187
 H   -3.262484    1.017436    0.001113
 H   -3.258007   -0.513306    0.884130
 H   -3.261485   -0.516046   -0.877464

_4-methylphenyl_oxidanyl_O_C.xyz
 O    2.798613   -0.005688   -0.000000
 C   -2.813900   -0.000245    0.000000
 C   -1.311144    0.008106   -0.000001
 C   -0.592581   -1.214266   -0.000000
 H   -1.148876   -2.146737   -0.000000
 C    0.778508   -1.235595    0.000000
 H    1.336594   -2.164692    0.000001
 C    1.546428   -0.001894    0.000000
 C    0.786830    1.234801    0.000000
 H    1.349706    2.160979    0.000001
 C   -0.587899    1.222024   -0.000000
 H   -1.137717    2.157750   -0.000000
 H   -3.222529    1.011108   -0.000008
 H   -3.201765   -0.525232    0.879546
 H   -3.201766   -0.525246   -0.879537

_4-methylphenyl_sulfanyl_S_C.xyz
 S   -2.795840   -0.004936    0.000090
 C    3.272474   -0.004262    0.000146
 C    1.766923    0.007717   -0.000027
 C    1.048342   -1.201622   -0.000091
 H    1.590846   -2.141733   -0.000145
 C   -0.333481   -1.212023   -0.000081
 H   -0.879722   -2.147459   -0.000102
 C   -1.070282    0.001476   -0.000042
 C   -0.340597    1.216684   -0.000093
 H   -0.889347    2.150596   -0.000111
 C    1.044848    1.211328   -0.000079
 H    1.583544    2.152960   -0.000115
 H    3.682603    1.006322   -0.000809
 H    3.658177   -0.529632   -0.879157
 H    3.657975   -0.527868    0.880597

_4-nitrophenyl_methyl_C_CHH.xyz
 C    3.537524   -0.000013    0.000931
 C    2.139825   -0.000148   -0.000688
 C    1.398167   -1.222375   -0.000577
 H    1.936751   -2.163049   -0.000281
 C    0.020463   -1.223481   -0.001462
 H   -0.545651   -2.144677   -0.002579
 C   -0.662084    0.000199   -0.000578
 N   -2.127409   -0.000055    0.000145
 C    0.020668    1.223839    0.000056
 H   -0.545126    2.145279    0.001100
 C    1.398341    1.222124    0.000265
 H    1.937120    2.162605    0.001190
 O   -2.700193   -1.086922    0.002090
 O   -2.700343    1.086836   -0.000996
 H    4.097795    0.926758    0.000718
 H    4.097846   -0.926715    0.002399

_4-nitrophenyl_oxidanyl_O_C.xyz
 O    3.427154   -0.001067   -0.000021
 N   -2.099462   -0.000020    0.000045
 C   -0.622449    0.001251    0.000026
 C    0.049017   -1.234845    0.000018
 H   -0.530090   -2.148142    0.000024
 C    1.420907   -1.243215    0.000002
 H    1.984773   -2.168059   -0.000004
 C    2.179407   -0.000375   -0.000007
 C    1.422292    1.243459    0.000002
 H    1.987143    2.167655   -0.000005
 C    0.050213    1.236754    0.000017
 H   -0.528205    2.150438    0.000023
 O   -2.665633    1.086063   -0.000032
 O   -2.663235   -1.087488   -0.000034

_4-nitrophenyl_sulfanyl_S_C.xyz
 S   -3.446453   -0.001296   -0.000006
 C   -1.718244    0.000374    0.000001
 C   -0.995831    1.221360    0.000001
 H   -1.546323    2.153423   -0.000004
 C    0.388478    1.224616    0.000007
 H    0.955154    2.145499    0.000006
 C    1.060581    0.001385    0.000011
 C    0.389903   -1.222145    0.000009
 H    0.957028   -2.142764    0.000013
 C   -0.993984   -1.219575    0.000005
 H   -1.543097   -2.152541    0.000005
 N    2.542950   -0.000457    0.000010
 O    3.109514    1.084587   -0.000007
 O    3.107288   -1.086558   -0.000017

_4-tert-butylphenyl_methyl_C_CHH.xyz
 C    3.950475   -0.014842    0.002199
 C    2.547043    0.001937   -0.001054
 C    1.781931   -1.201636   -0.000640
 H    2.302561   -2.153617   -0.000232
 C    0.402762   -1.174441   -0.001818
 H   -0.133598   -2.116444   -0.002998
 C   -0.322227    0.036213   -0.001516
 C   -1.856119    0.005050    0.000314
 C    0.424065    1.226549   -0.001805
 H   -0.081743    2.183055   -0.001609
 C    1.809497    1.218615   -0.001098
 H    2.350423    2.159220   -0.000416
 H    4.521521    0.905453    0.002857
 H    4.499867   -0.948163    0.004109
 C   -2.471941    1.415638    0.003216
 C   -2.351175   -0.740967    1.262335
 C   -2.354245   -0.737609   -1.262285
 H   -2.180551    1.985213    0.889968
 H   -3.562319    1.337948    0.004012
 H   -2.181913    1.987775   -0.882255
 H   -2.010714   -0.235898    2.170163
 H   -1.985922   -1.769957    1.295476
 H   -3.445138   -0.773940    1.279066
 H   -2.015024   -0.230882   -2.169650
 H   -3.448288   -0.770027   -1.277560
 H   -1.989554   -1.766768   -1.298024

_4-tert-butylphenyl_oxidanyl_O_C.xyz
 O   -3.830362   -0.013529    0.000001
 C    1.823291    0.006869   -0.000000
 C    0.293103    0.038066    0.000001
 C   -0.427618   -1.187099    0.000003
 H    0.122517   -2.120668    0.000004
 C   -1.797189   -1.223328    0.000001
 H   -2.342822   -2.159954    0.000000
 C   -2.578122    0.000320   -0.000000
 C   -1.825954    1.239178   -0.000004
 H   -2.393803    2.162542   -0.000002
 C   -0.449606    1.240819   -0.000004
 H    0.068756    2.190262   -0.000003
 C    2.444814    1.414816   -0.000072
 C    2.314161   -0.741069   -1.264207
 C    2.314167   -0.740938    1.264281
 H    2.158933    1.987182   -0.886595
 H    3.534264    1.330194   -0.000057
 H    2.158913    1.987273    0.886385
 H    1.974545   -0.236050   -2.172189
 H    1.952654   -1.771063   -1.297189
 H    3.407718   -0.770338   -1.279130
 H    1.974559   -0.235819    2.172210
 H    3.407724   -0.770213    1.279201
 H    1.952652   -1.770925    1.297372

_4-tert-butylphenyl_sulfanyl_S_C.xyz
 S    3.857822   -0.012385   -0.001089
 C    2.133182    0.006555    0.000450
 C    1.411678    1.224672    0.001172
 H    1.966270    2.155276    0.000960
 C    0.024698    1.233955    0.001661
 H   -0.483888    2.188396    0.001691
 C   -0.715712    0.040063    0.001595
 C   -2.250018    0.004959   -0.000172
 C    0.003583   -1.172427    0.001510
 H   -0.534888   -2.112551    0.001423
 C    1.383968   -1.198612    0.000766
 H    1.917103   -2.141765    0.000149
 C   -2.744438   -0.740649    1.263185
 C   -2.741539   -0.746137   -1.261504
 C   -2.872849    1.412053   -0.004576
 H   -2.385271   -1.771574    1.296423
 H   -3.838189   -0.768259    1.276639
 H   -2.405750   -0.236914    2.172181
 H   -2.382981   -1.777411   -1.289514
 H   -2.400308   -0.246539   -2.171849
 H   -3.835278   -0.773209   -1.277740
 H   -2.588786    1.987054    0.880816
 H   -3.962377    1.326892   -0.005990
 H   -2.586132    1.982175   -0.892295

_5R_-3,4,5-tris_acetyloxy_-6-__acetyloxy_methyl_oxan-2-yl_C_OC.xyz
 C    0.305899   -2.283516   -0.051432
 C   -1.326231   -0.568619    0.147286
 C    1.107710    0.091264    0.174747
 C    1.442326   -1.329289   -0.267064
 C   -0.299657    0.495841   -0.269439
 O   -0.951562   -1.859013   -0.356850
 C   -2.705203   -0.254861   -0.390741
 O   -3.644183   -1.088651    0.310827
 C   -4.950739   -0.906776    0.000741
 O   -5.329764   -0.093002   -0.804470
 C   -5.824916   -1.843553    0.792630
 O   -0.690498    1.697760    0.418401
 O    2.089024    0.944350   -0.440878
 C   -0.479512    2.902676   -0.182220
 C    2.563168    2.014406    0.248022
 O   -0.052311    3.021682   -1.301880
 O    2.234250    2.285105    1.376149
 C   -0.821833    4.019540    0.761919
 C    3.505335    2.810658   -0.611221
 O    2.596535   -1.735312    0.502296
 C    3.423074   -2.655924   -0.058241
 O    3.221894   -3.163308   -1.132762
 C    4.594625   -2.934860    0.845675
 H   -1.360465   -0.618351    1.241861
 H    0.451475   -3.335219   -0.261682
 H    1.181102    0.178638    1.260399
 H    1.733707   -1.313205   -1.325584
 H   -0.318600    0.666001   -1.348942
 H   -2.754610   -0.462584   -1.462264
 H   -2.950972    0.793969   -0.221930
 H   -6.867101   -1.679274    0.526995
 H   -5.543862   -2.878461    0.584587
 H   -5.680736   -1.673059    1.862158
 H   -1.767687    3.825117    1.269778
 H   -0.865094    4.960029    0.216294
 H   -0.037548    4.070300    1.522809
 H    4.075534    3.498481    0.010308
 H    4.170283    2.154381   -1.173905
 H    2.907771    3.378451   -1.330549
 H    5.172261   -2.019404    0.995018
 H    4.240402   -3.262282    1.825595
 H    5.222786   -3.702330    0.398406

_6-sulfanylhexyl_sulfanyl_S_C.xyz
 S    4.835687    0.183747    0.001305
 S   -4.722829   -0.183633   -0.083647
 C   -3.090355    0.665298    0.033694
 C   -1.885623   -0.273501   -0.005165
 C   -0.551194    0.482733    0.031687
 C    0.667915   -0.445475   -0.015349
 C    2.001289    0.311991    0.016744
 C    3.208776   -0.624981   -0.027691
 H   -4.615147   -0.892416    1.058568
 H   -3.081452    1.340921   -0.825773
 H   -3.079917    1.286273    0.932261
 H   -1.941612   -0.890610   -0.907955
 H   -1.937282   -0.964919    0.844440
 H   -0.506265    1.181506   -0.813440
 H   -0.502384    1.097977    0.938882
 H    0.618447   -1.061147   -0.922508
 H    0.624481   -1.144904    0.829760
 H    2.055478    1.005183   -0.829503
 H    2.059009    0.926736    0.921313
 H    3.194135   -1.254087   -0.927199
 H    3.201934   -1.328725    0.815105

__2,2-dimethylpropanoyl_oxy_methyl_C_OHH.xyz
 C   -2.750512   -0.296532    0.000329
 C    1.133124   -0.956909    1.267232
 C    0.922970   -0.097185   -0.000113
 C    1.133365   -0.964392   -1.262107
 C    1.896789    1.091090   -0.003563
 C   -0.506453    0.440260   -0.000840
 O   -0.845753    1.593826   -0.000499
 O   -1.420750   -0.591829   -0.000720
 H    0.965454   -0.369973    2.174523
 H    0.458203   -1.813982    1.280184
 H    2.162003   -1.326718    1.289177
 H    2.161957   -1.335128   -1.281033
 H    0.457703   -1.820865   -1.270533
 H    0.966993   -0.382584   -2.172945
 H    1.754844    1.722257    0.875976
 H    1.754538    1.716772   -0.886957
 H    2.925701    0.721624   -0.002616
 H   -3.391397   -1.161506   -0.000481
 H   -3.059664    0.736136   -0.001175

__2,4,6-trimethylphenyl_methyl_sulfanyl_S_C.xyz
 S    2.705525   -0.014019    0.951294
 C   -0.178267   -1.214062   -0.285093
 C   -1.556682    1.197336    0.006613
 C   -1.541837   -1.196384   -0.001075
 C    0.508169    0.012873   -0.438321
 C   -0.191618    1.230366   -0.277464
 C   -2.252557   -0.004399    0.155054
 C   -3.718299   -0.024001    0.511735
 C    0.520542   -2.541996   -0.456472
 C    0.499328    2.561931   -0.438240
 C    1.987282    0.015348   -0.734659
 H   -2.091570    2.135605    0.117066
 H   -2.066148   -2.141752    0.103492
 H   -4.233006   -0.863093    0.036763
 H   -4.218282    0.898734    0.209554
 H   -3.850466   -0.131622    1.594170
 H    0.803955   -2.708763   -1.501741
 H   -0.136977   -3.361391   -0.161248
 H    1.428447   -2.601354    0.147825
 H    0.809817    2.724036   -1.476345
 H    1.391180    2.628909    0.189274
 H   -0.171989    3.377703   -0.165452
 H    2.297660    0.910552   -1.269868
 H    2.292607   -0.865344   -1.296664

__2R,3S,4R,5R_-3,4-dihydroxy-5-_hydroxymethyl_oxolan-2-yl_aminyl_N_CH.xyz
 N    0.528367    2.019756   -0.722018
 O    0.246099    0.704700    1.202704
 C   -0.409304    1.449421    0.186952
 C   -1.335902    0.391016   -0.476281
 C   -0.390280   -0.828267   -0.536306
 C    0.497862   -0.649707    0.724876
 C    1.990415   -0.857734    0.483810
 O   -1.068306   -2.064001   -0.600958
 O   -2.464855    0.121539    0.347094
 O    2.496833   -0.145949   -0.630700
 H   -1.006961    2.230288    0.678171
 H   -1.726733    0.683613   -1.450076
 H    0.234393   -0.759536   -1.428895
 H    0.170114   -1.331346    1.515616
 H    2.528828   -0.594349    1.404183
 H    2.163758   -1.918880    0.281636
 H    0.027767    2.651906   -1.356796
 H   -1.902971   -1.966323   -0.123080
 H   -2.181312    0.130888    1.270759
 H    2.199619    0.776761   -0.580823

__2R_-2-amino-2-carboxyethyl_sulfanyl_S_C.xyz
 S    2.559785   -0.255957    0.076627
 C   -1.584011   -0.239040   -0.118988
 C   -0.170264    0.173052   -0.504848
 C    0.815038   -0.588828    0.427637
 O   -2.214893   -1.123067   -0.637136
 O   -2.041529    0.469968    0.942328
 N   -0.041140    1.621104   -0.511482
 H   -0.023846   -0.191600   -1.522912
 H    0.650661   -0.287347    1.470371
 H    0.655959   -1.672019    0.385422
 H   -2.933236    0.150851    1.146753
 H    0.896733    1.886276   -0.794604
 H   -0.228060    2.015109    0.404966

__2R_-2-amino-3-methoxy-3-oxopropyl_sulfanyl_S_C.xyz
 S    2.882596   -0.630322    0.054610
 C    1.115644   -0.580636    0.442562
 C    0.288460    0.372234   -0.471860
 N    0.730874    1.751962   -0.502597
 C   -1.149010    0.326439    0.030762
 O   -1.601857    1.069341    0.866795
 O   -1.829955   -0.690859   -0.524437
 C   -3.182932   -0.878800   -0.059845
 H    1.050744   -0.232271    1.482361
 H    0.722952   -1.602206    0.423249
 H    0.309414   -0.034839   -1.485682
 H    0.501837    2.226124    0.365619
 H    1.731722    1.803940   -0.661470
 H   -3.782530    0.006113   -0.275844
 H   -3.558223   -1.740381   -0.606796
 H   -3.192049   -1.068335    1.014409

__2S_-2-amino-2-carboxyethyl_oxidanyl_O_C.xyz
 O    2.517782   -0.477515    0.204521
 C    1.204493   -0.737340    0.416690
 C    0.264739    0.117044   -0.516291
 C   -1.168589   -0.186933   -0.125414
 O   -1.623238    0.654677    0.835557
 O   -1.817160   -1.106963   -0.551702
 N    0.556586    1.534507   -0.516676
 H    1.012366   -0.417661    1.463134
 H    0.976049   -1.815139    0.371834
 H    0.391964   -0.275990   -1.527805
 H   -2.527695    0.386849    1.057135
 H    0.278075    1.977406    0.352253
 H    1.550217    1.684759   -0.656735

__3S_-3-amino-3-carboxypropyl__methyl_sulfaniumyl_S_CC.xyz
 S    1.812193   -0.676807   -0.563488
 O   -1.471746   -1.647878    0.206683
 C   -1.749535   -0.529363   -0.124071
 C   -0.782744    0.655351    0.055114
 C    0.125084    0.541374    1.296108
 C    1.146044   -0.598246    1.138598
 C    2.954898    0.739613   -0.604998
 O   -2.885134   -0.154829   -0.723982
 N   -1.421568    1.895356   -0.045211
 H   -0.046660    0.471157   -0.816066
 H    0.651856    1.492611    1.418017
 H   -0.473435    0.386765    2.197305
 H    0.679745   -1.569611    1.292710
 H    1.982542   -0.480558    1.830146
 H    3.751647    0.577677    0.123695
 H    3.378852    0.775918   -1.607854
 H    2.438253    1.676096   -0.389859
 H   -3.459097   -0.928240   -0.852904
 H   -0.978710    2.739402    0.288299
 H   -2.276539    1.989497   -0.577308

__4-_trifluoromethyl_phenyl_methyl_sulfanyl_S_C.xyz
 S    4.125311   -0.307366   -0.682567
 C   -0.519299    1.267884   -0.029238
 C    0.973792   -1.014537    0.532908
 C   -1.144502    0.024125    0.041624
 C    0.853427    1.364124    0.183036
 C    1.614428    0.227530    0.466698
 C   -0.395781   -1.120181    0.326721
 C   -2.634812   -0.073665   -0.131988
 F   -3.020046   -1.281078   -0.602336
 F   -3.292854    0.109495    1.042761
 F   -3.111808    0.859631   -0.987426
 C    3.100984    0.341293    0.681765
 H   -1.098508    2.154418   -0.255312
 H    1.555340   -1.907829    0.733338
 H    1.335122    2.333931    0.122656
 H   -0.881175   -2.086497    0.378757
 H    3.401419    1.373468    0.878146
 H    3.415773   -0.241506    1.557329

__4-methoxyphenyl_methyl_sulfanyl_S_C.xyz
 S    3.223597   -0.227889   -0.846696
 C    0.474797    1.304214    0.301799
 C   -1.122529   -0.981608    0.246216
 C   -0.876086    1.419131    0.029464
 C    1.058189    0.052910    0.567829
 C    0.240297   -1.080894    0.518317
 C   -1.686878    0.275205   -0.000953
 O   -3.000558    0.492526   -0.277953
 C   -3.884955   -0.620677   -0.338804
 C    2.534014   -0.061032    0.841049
 H    1.094735    2.193880    0.315923
 H   -1.728540   -1.877412    0.230112
 H   -1.332743    2.382160   -0.164161
 H    0.672993   -2.058047    0.701883
 H   -3.936608   -1.140929    0.623539
 H   -3.585030   -1.324828   -1.122210
 H   -4.862878   -0.207740   -0.579445
 H    2.764814   -0.938721    1.445082
 H    2.919063    0.834168    1.330533

__E_-_1-phenylethylidene_amino_oxidanyl_O_N.xyz
 O    3.261124   -1.001873   -0.062608
 C    1.310786    0.251930    0.010430
 C    1.955741    1.614442    0.092823
 C   -0.153514    0.079987    0.002914
 C   -2.951894   -0.230632   -0.007775
 C   -0.737943   -1.198521    0.054507
 C   -1.000783    1.196287   -0.051367
 C   -2.386570    1.040097   -0.057096
 C   -2.117608   -1.350215    0.048047
 N    2.048227   -0.804704   -0.054765
 H    3.037527    1.517368    0.173428
 H    1.584439    2.160542    0.964113
 H    1.725813    2.206672   -0.798111
 H   -4.029102   -0.351557   -0.010237
 H   -0.098766   -2.072360    0.103333
 H   -0.586102    2.195414   -0.092173
 H   -3.022953    1.916758   -0.100682
 H   -2.546727   -2.345171    0.089650

__methoxycarbonyl_amino_methyl_C_NHH.xyz
 C    2.112755   -0.805290    0.000000
 N    1.369115    0.359475    0.000000
 C    0.000000    0.489601    0.000000
 O   -0.573034    1.560917    0.000000
 O   -0.606581   -0.715805    0.000000
 C   -2.044895   -0.683099    0.000000
 H    3.185877   -0.712507    0.000000
 H    1.598349   -1.749484    0.000000
 H    1.847764    1.248295    0.000000
 H   -2.415749   -0.172459    0.889699
 H   -2.354538   -1.725869    0.000000
 H   -2.415749   -0.172459   -0.889699

__methylamino__phenyl_methylidene_aminyl_N_C.xyz
 N   -1.690301    1.427311    0.758154
 C    1.069784    1.205391   -0.245467
 C    2.141788   -1.326512    0.226192
 C    2.443058    0.999680   -0.344543
 C    0.223383    0.141640    0.085403
 C    0.766385   -1.126442    0.325393
 C    2.982015   -0.265261   -0.109953
 C   -1.250512    0.373416    0.197939
 N   -2.068393   -0.636473   -0.287418
 C   -3.511323   -0.430480   -0.317374
 H    0.642937    2.184261   -0.425808
 H    2.558266   -2.308682    0.418967
 H    3.093226    1.826828   -0.606549
 H    0.113578   -1.944298    0.606359
 H    4.052127   -0.422031   -0.186468
 H   -1.675928   -1.143674   -1.068332
 H   -3.808203    0.398281   -0.971628
 H   -3.990397   -1.348710   -0.659008
 H   -3.862206   -0.206433    0.691773

__methylsulfanyl__phenyl_methylidene_aminyl_N_C.xyz
 N    1.338181    1.599491    0.697773
 C   -0.551409    0.210104    0.100314
 C   -3.283946   -0.323885   -0.077255
 C   -1.440990    1.222259   -0.278155
 C   -1.033797   -1.069852    0.392368
 C   -2.398697   -1.331756    0.303220
 C   -2.802750    0.952652   -0.368318
 H   -4.345329   -0.532596   -0.147585
 H   -1.054934    2.208219   -0.505774
 H   -0.346654   -1.849542    0.697372
 H   -2.770634   -2.323160    0.534487
 H   -3.486826    1.738180   -0.668068
 C    0.905448    0.531350    0.210615
 S    2.029151   -0.728881   -0.442484
 C    3.648450   -0.030374    0.036938
 H    3.699009    0.111518    1.115817
 H    4.390341   -0.765376   -0.276638
 H    3.827495    0.915427   -0.472632

__tert-butoxy_carbonyl__butyl_aminyl_N_CC.xyz
 N   -0.863449   -0.338331   -0.407803
 C   -1.749111   -0.862284    0.604754
 C   -3.218078   -0.686198    0.226993
 C   -3.643277    0.780519    0.104587
 C   -5.108045    0.944262   -0.310228
 C    0.484348   -0.654378   -0.255242
 O    0.904901   -1.784404   -0.395737
 O    1.198784    0.449243   -0.022268
 C    2.682890    0.421224    0.043020
 H   -1.533191   -0.350853    1.560032
 H   -1.502218   -1.921901    0.771923
 H   -3.832117   -1.190184    0.983265
 H   -3.396691   -1.206428   -0.721084
 H   -2.992070    1.276981   -0.621975
 H   -3.475009    1.285927    1.064590
 H   -5.295861    0.479246   -1.283176
 H   -5.384860    1.999244   -0.387770
 H   -5.781755    0.476399    0.415296
 C    3.025300    1.884258    0.318692
 C    3.241837   -0.029549   -1.307619
 C    3.137275   -0.476374    1.195867
 H    2.642035    2.524622   -0.478359
 H    4.109586    2.007565    0.374713
 H    2.589758    2.211296    1.265403
 H    2.857458    0.606095   -2.108988
 H    2.980849   -1.065447   -1.520149
 H    4.331460    0.059123   -1.295133
 H    2.659547   -0.167888    2.129405
 H    4.219257   -0.381184    1.320989
 H    2.899648   -1.521892    1.004736

__tert-butoxy_carbonyl__methyl_aminyl_N_CC.xyz
 N    2.164555   -0.483409   -0.609326
 C    3.259989   -0.445715    0.323861
 C    1.019714    0.207543   -0.215158
 O    1.027421    1.399852    0.018698
 O   -0.038596   -0.604125   -0.225150
 C   -1.410901   -0.101883    0.041916
 C   -1.796737    0.923544   -1.026009
 C   -2.252029   -1.370227   -0.088953
 C   -1.489050    0.467255    1.459788
 H    3.363088    0.550215    0.773310
 H    3.070616   -1.155372    1.145335
 H    4.185483   -0.733927   -0.174474
 H   -1.649991    0.504614   -2.024603
 H   -1.210331    1.837137   -0.936570
 H   -2.854839    1.176130   -0.915896
 H   -2.150586   -1.794785   -1.089731
 H   -1.934617   -2.120221    0.638770
 H   -3.305167   -1.137748    0.086769
 H   -2.528554    0.713877    1.692360
 H   -0.886887    1.368810    1.562431
 H   -1.146613   -0.273783    2.186530

__trimethylsilyl_oxy_aminyl_N_OH.xyz
 N    2.253623   -0.007723   -0.164806
Si   -0.348868    0.002310    0.039079
 C   -0.365866    1.599747    1.014805
 C   -0.366051   -1.495919    1.160668
 O    1.102197   -0.043392   -0.904393
 C   -1.691848   -0.060392   -1.261199
 H    0.507925    1.655823    1.669233
 H   -1.263695    1.665523    1.637570
 H   -0.349892    2.469083    0.351473
 H    0.499141   -1.483341    1.828532
 H   -0.335661   -2.423043    0.581436
 H   -1.271724   -1.510951    1.775788
 H   -2.681113   -0.018835   -0.794094
 H   -1.634934   -0.983654   -1.844497
 H   -1.612080    0.782861   -1.952870
 H    2.975852   -0.045220   -0.896536

_acetyloxy_methyl_C_OHH.xyz
 C   -1.906421   -0.175966   -0.000034
 C    1.721002   -0.568089    0.000989
 C    0.425139    0.192344   -0.000929
 O    0.287215    1.385948   -0.000598
 O   -0.639869   -0.681559   -0.001612
 H    1.779314   -1.205077    0.887080
 H    2.552067    0.133969   -0.006327
 H    1.774658   -1.219484   -0.874680
 H   -2.045690    0.892874    0.008825
 H   -2.677427   -0.927124    0.002633

_adamantan-1-yl_sulfanyl_S_C.xyz
 S    2.817591   -0.006076   -0.000014
 C   -1.574964    0.727632   -1.273199
 C   -1.102766   -0.738740   -1.242385
 C   -1.633673   -1.426499    0.029647
 C   -1.102750   -0.686385    1.271900
 C   -1.574993    0.779963    1.241622
 C   -1.041309    1.464513   -0.030560
 C    0.503197    1.430940   -0.029651
 C    0.984688   -0.047381    0.001082
 C    0.439743   -0.778637   -1.246015
 C    0.439781   -0.725911    1.277632
 H   -2.669714    0.772049   -1.291350
 H   -1.218140    1.218239   -2.185661
 H   -1.474034   -1.263301   -2.129104
 H   -2.729735   -1.422206    0.029765
 H   -1.315066   -2.475057    0.051585
 H   -1.474050   -1.173515    2.179723
 H   -1.217937    1.308092    2.132828
 H   -2.669740    0.825154    1.258310
 H   -1.362202    2.511585   -0.052271
 H    0.891900    1.930050   -0.922856
 H    0.891623    1.966539    0.842314
 H    0.788113   -1.816497   -1.245342
 H    0.833871   -0.304191   -2.149329
 H    0.833564   -0.213898    2.160400
 H    0.788369   -1.762807    1.320765

_benzenesulfinyl_oxidanyl_O_S.xyz
 O    0.405951   -2.186256    1.297783
 S   -0.145879   -1.722863    0.000000
 C   -0.088634    0.096788   -0.000000
 C   -0.105850    2.851967   -0.000000
 C   -0.104156    0.765752    1.221209
 C   -0.104156    0.765752   -1.221209
 C   -0.104156    2.158951   -1.211078
 C   -0.104156    2.158951    1.211078
 O    0.405951   -2.186256   -1.297783
 H   -0.107912    3.935960   -0.000000
 H   -0.093452    0.208992    2.149349
 H   -0.093452    0.208992   -2.149349
 H   -0.099842    2.701499   -2.149147
 H   -0.099842    2.701499    2.149147

_benzenesulfonyl_methyl_C_SHH.xyz
 C    1.949906   -0.000272    1.571275
 O    1.935012    1.281983   -0.700848
 S    1.504865    0.000260   -0.133000
 O    1.936902   -1.280050   -0.702148
 C   -0.294219   -0.000113   -0.074281
 C   -0.972896    1.218838   -0.042923
 H   -0.416014    2.146304   -0.094374
 C   -2.363449    1.210904    0.028068
 H   -2.906685    2.148474    0.045044
 C   -3.055509   -0.000727    0.065292
 H   -4.138285   -0.000935    0.118166
 C   -2.362838   -1.212053    0.028118
 H   -2.905635   -2.149897    0.045389
 C   -0.972266   -1.219280   -0.042483
 H   -0.415021   -2.146483   -0.092801
 H    2.098474   -0.953234    2.060504
 H    2.057652    0.952367    2.071637

_bis__methoxycarbonyl_amino_methylidene_aminyl_N_C.xyz
 N   -2.372756    0.634785    0.000000
 C   -1.213874    0.109146    0.000000
 N   -1.127721   -1.302102    0.000000
 N    0.000000    0.781093    0.000000
 C   -0.000590   -2.086513    0.000000
 C    0.078475    2.160028    0.000000
 O   -0.859531    2.915563    0.000000
 O    1.379718    2.521712    0.000000
 O    1.148132   -1.689947    0.000000
 O   -0.362756   -3.380862    0.000000
 C    0.717637   -4.336413    0.000000
 C    1.623807    3.940371    0.000000
 H   -2.017082   -1.781183    0.000000
 H    0.849552    0.222013    0.000000
 H    1.333354   -4.212504    0.891311
 H    1.333354   -4.212504   -0.891311
 H    0.232628   -5.309322    0.000000
 H    1.193932    4.401209    0.890453
 H    2.706426    4.043198    0.000000
 H    1.193932    4.401209   -0.890453

_diaminomethylidene_aminyl_N_C.xyz
 N   -0.000000    0.000000    1.441953
 C   -0.000000    0.000000    0.171196
 N    0.000000    1.170348   -0.598133
 N   -0.000000   -1.170348   -0.598133
 H    0.696055    1.169522   -1.334616
 H    0.033378    2.012628   -0.038876
 H   -0.033378   -2.012628   -0.038876
 H   -0.696055   -1.169522   -1.334616

_diethoxyphosphoryl__methyl_aminyl_N_CP.xyz
 N   -0.091722    1.531752   -0.887573
 P    0.032968    0.527315    0.465806
 O    0.304210    1.305961    1.694958
 O   -1.281199   -0.385651    0.557992
 O    1.138127   -0.550553    0.025313
 C   -1.626945   -1.406651   -0.417082
 C   -2.962133   -1.993750   -0.010196
 C    2.526463   -0.156227   -0.151453
 C    3.320363   -1.399414   -0.491212
 C   -1.267319    2.353161   -1.006443
 H   -1.677139   -0.948624   -1.410093
 H   -0.835339   -2.158597   -0.422610
 H   -3.738478   -1.225476    0.000465
 H   -3.255685   -2.773773   -0.718686
 H   -2.899096   -2.435760    0.986289
 H    2.571058    0.585982   -0.953222
 H    2.873671    0.304907    0.776652
 H    4.372643   -1.138087   -0.634069
 H    3.253263   -2.134047    0.314389
 H    2.951429   -1.856681   -1.412388
 H   -1.339154    2.754092   -2.019692
 H   -2.200490    1.844683   -0.729238
 H   -1.160820    3.208614   -0.319665

_diethylcarbamothioyl_sulfanyl_C_NSS.xyz
 S   -0.000000    1.389280   -1.701121
 C   -0.000000    0.000000   -0.707275
 N    0.000000   -0.000000    0.627077
 C   -0.009082   -1.255232    1.392725
 C   -1.426554   -1.730243    1.713599
 C    0.009082    1.255232    1.392725
 C    1.426554    1.730243    1.713599
 S   -0.000000   -1.389280   -1.701121
 H    0.527369   -2.009682    0.814674
 H    0.562560   -1.079117    2.307235
 H   -1.982133   -1.918653    0.793151
 H   -1.972389   -0.988346    2.302328
 H   -1.389319   -2.658627    2.289656
 H   -0.562560    1.079117    2.307235
 H   -0.527369    2.009682    0.814674
 H    1.972389    0.988346    2.302328
 H    1.982133    1.918653    0.793151
 H    1.389319    2.658627    2.289656

_dimethoxymethoxy_methyl_C_OHH.xyz
 C   -0.102117    2.381177    0.225940
 C    0.004417    0.028099    0.152390
 O    1.299111    0.005439   -0.331893
 O   -0.702994   -1.042029   -0.365122
 O   -0.609766    1.222030   -0.281181
 C    2.087052   -1.076825    0.161074
 C   -2.005993   -1.215139    0.189951
 H   -0.004204    0.003464    1.259621
 H    0.947163    2.408000    0.493439
 H   -0.626465    3.259316   -0.121205
 H    3.094896   -0.917144   -0.218819
 H    1.704218   -2.035667   -0.196577
 H    2.108967   -1.077390    1.258593
 H   -2.392057   -2.146097   -0.222150
 H   -2.663693   -0.387592   -0.087130
 H   -1.959771   -1.294282    1.283676

_dimethoxymethylidene_aminyl_N_C.xyz
 N    0.000000    0.000000    1.360163
 C    0.000000    0.000000    0.086563
 O    0.000000    1.093587   -0.688708
 O   -0.000000   -1.093587   -0.688708
 C    0.000000    2.355444    0.003012
 C   -0.000000   -2.355444    0.003012
 H    0.000000    3.110906   -0.779127
 H    0.892481    2.451420    0.625229
 H   -0.892481    2.451420    0.625229
 H   -0.892481   -2.451420    0.625229
 H   -0.000000   -3.110906   -0.779127
 H    0.892481   -2.451420    0.625229

_dimethoxyphosphoryl_oxidanyl_O_P.xyz
 O   -0.000991    1.115099   -1.198145
 P    0.000020    0.164024   -0.000168
 O    1.205463   -0.869867   -0.000740
 O   -1.205539   -0.869720   -0.001232
 C    2.571309   -0.387406   -0.000077
 C   -2.571446   -0.387337    0.001063
 H    2.775522    0.156821   -0.923504
 H    3.196096   -1.274845    0.061146
 H    2.742351    0.256652    0.864047
 H   -3.196224   -1.275117   -0.054224
 H   -2.745601    0.252932   -0.865235
 H   -2.772527    0.160779    0.922850
 O    0.001181    1.113346    1.199057

_dimethyl_phenyl_silyl_methyl_C_SiHH.xyz
 C   -2.075083   -1.470745   -1.059486
Si   -1.492122   -0.036442   -0.032138
 C   -2.136962    1.594265   -0.738879
 C   -2.131210   -0.242364    1.731319
 C    0.399187   -0.006675   -0.036312
 C    3.220910    0.011292    0.034843
 C    1.117540    1.199003    0.012687
 C    1.135223   -1.203412   -0.051961
 C    2.528879   -1.198577   -0.016038
 C    2.511870    1.211625    0.048616
 H   -1.782061    1.755922   -1.760415
 H   -1.812983    2.443212   -0.128263
 H   -3.230595    1.596815   -0.755761
 H   -3.225617   -0.265495    1.752019
 H   -1.764120   -1.169555    2.180877
 H   -1.799261    0.587615    2.362111
 H   -1.693593   -1.674215   -2.057304
 H   -2.846547   -2.161198   -0.727817
 H    4.305094    0.018469    0.061059
 H    0.586963    2.145550    0.019469
 H    0.611748   -2.153786   -0.098739
 H    3.074647   -2.135951   -0.030410
 H    3.043899    2.156322    0.084368

_dimethylamino_oxidanyl_O_N.xyz
 O   -0.000123    1.384121    0.043313
 N    0.000003    0.119486   -0.153334
 C   -1.257333   -0.603369    0.025609
 C    1.257426   -0.603205    0.025613
 H   -2.061860    0.024138   -0.354340
 H   -1.435825   -0.813356    1.088678
 H   -1.226446   -1.546038   -0.524601
 H    2.061880    0.024469   -0.354205
 H    1.226784   -1.545846   -0.524699
 H    1.435867   -0.813290    1.088667

_dimethylcarbamoyl_methyl_C_CHH.xyz
 C    1.691121    0.964225    0.034103
 N   -0.570196    0.050949   -0.073558
 C   -1.478510   -1.081355    0.047646
 C   -1.174741    1.374234   -0.015568
 C    0.791022   -0.179654   -0.023529
 O    1.258566   -1.323951   -0.015022
 H   -2.240026   -1.038052   -0.736994
 H   -1.981862   -1.077864    1.022758
 H   -0.907367   -2.000965   -0.051021
 H   -2.161875    1.328157   -0.479801
 H   -0.587886    2.101828   -0.574623
 H   -1.300548    1.732007    1.014940
 H    1.382426    1.983986    0.215674
 H    2.746632    0.741168   -0.031767

_diphenylmethyl_oxidanyl_O_C.xyz
 O   -0.233996    2.202663   -0.698514
 C   -0.023663    1.286895    0.303595
 C    1.283594    0.514647    0.209617
 C    2.064460    0.554653   -0.945303
 H    1.741424    1.167484   -1.778103
 C    3.247099   -0.182970   -1.017801
 H    3.850398   -0.144355   -1.918174
 C    3.655903   -0.962816    0.062480
 H    4.575491   -1.534330    0.005545
 C    2.878384   -1.000519    1.221435
 H    3.192126   -1.602375    2.067244
 C    1.699690   -0.262859    1.293822
 H    1.093892   -0.297174    2.194412
 C   -1.273884    0.399519    0.118262
 C   -2.425444    0.665496    0.865391
 H   -2.423199    1.479843    1.581437
 C   -3.562624   -0.119091    0.696652
 H   -4.447693    0.077405    1.290973
 C   -3.562468   -1.155024   -0.239066
 H   -4.449274   -1.764102   -0.373309
 C   -2.422694   -1.403722   -1.004708
 H   -2.422863   -2.204669   -1.735262
 C   -1.281802   -0.624258   -0.834384
 H   -0.393159   -0.818057   -1.421967
 H   -0.104486    1.759335    1.295378

_diphenylmethylidene_aminyl_N_C.xyz
 N    0.000000   -0.000000    2.438946
 C    0.000000   -0.000000    1.178743
 C    0.000000    1.294446    0.423399
 C   -0.042716    3.729124   -0.951238
 C    0.739611    2.384407    0.897615
 C   -0.762439    1.432961   -0.742734
 C   -0.786159    2.647617   -1.423312
 C    0.719890    3.594266    0.209030
 C   -0.000000   -1.294446    0.423399
 C    0.042716   -3.729124   -0.951238
 C    0.762439   -1.432961   -0.742734
 C   -0.739611   -2.384407    0.897615
 C   -0.719890   -3.594266    0.209030
 C    0.786159   -2.647617   -1.423312
 H   -0.055374    4.671736   -1.486676
 H    1.332746    2.270553    1.796639
 H   -1.338640    0.593276   -1.112516
 H   -1.383428    2.748637   -2.322483
 H    1.302560    4.431566    0.575939
 H    0.055374   -4.671736   -1.486676
 H    1.338640   -0.593276   -1.112516
 H   -1.332746   -2.270553    1.796639
 H   -1.302560   -4.431566    0.575939
 H    1.383428   -2.748637   -2.322483

_diphenylphosphoroso__methyl_aminyl_N_CP.xyz
 N    0.102817    1.870432   -1.137602
 P    0.019104    0.997898    0.335720
 O    0.109487    1.746436    1.629637
 C    1.416258   -0.156744    0.098788
 C    3.583963   -1.888421   -0.173816
 C    2.457619   -0.123888    1.033047
 C    1.466127   -1.053048   -0.975011
 C    2.548116   -1.917968   -1.108712
 C    3.538004   -0.993499    0.894781
 C   -1.527920    0.067697    0.132834
 C   -3.909726   -1.373818   -0.059697
 C   -2.085200   -0.200375   -1.123204
 C   -2.171412   -0.380604    1.292645
 C   -3.358183   -1.102717    1.192940
 C   -3.274492   -0.921223   -1.215476
 C    0.753375    3.151538   -1.079135
 H    4.424076   -2.566073   -0.277927
 H    2.399912    0.569480    1.864196
 H    0.658591   -1.081868   -1.696936
 H    2.582402   -2.615885   -1.937842
 H    4.340398   -0.976268    1.623593
 H   -4.837781   -1.929767   -0.134711
 H   -1.602321    0.176262   -2.015927
 H   -1.749083   -0.144892    2.262409
 H   -3.858232   -1.444905    2.091856
 H   -3.710461   -1.119006   -2.188427
 H    0.655996    3.669500   -2.034489
 H    0.368937    3.775675   -0.260859
 H    1.826203    3.013198   -0.864505

_ethoxymethanethioyl_sulfanyl_C_OSS.xyz
 S    1.003932    1.521765   -0.004964
 C    0.536164   -0.096539    0.001914
 C   -3.085580   -0.463632   -0.015614
 C   -1.821863    0.368596    0.017521
 O   -0.696632   -0.561815    0.010938
 S    1.840578   -1.169218   -0.001594
 H   -3.144673   -1.119525    0.855106
 H   -3.955081    0.198969   -0.008330
 H   -3.126914   -1.075772   -0.918786
 H   -1.751999    0.979036    0.920763
 H   -1.732759    1.020502   -0.854262

_methanesulfonyloxy__methyl_aminyl_N_OC.xyz
 N   -1.625159    0.375120    0.282637
 C   -2.940875   -0.092231   -0.092791
 O   -0.739705   -0.411901   -0.432992
 S    0.886176   -0.163760    0.049934
 O    0.988027   -0.418782    1.472037
 O    1.621283   -0.938454   -0.927355
 C    1.065960    1.597234   -0.267270
 H   -3.094156   -0.019012   -1.176848
 H   -3.075665   -1.140251    0.202308
 H   -3.667367    0.532672    0.427230
 H    0.330719    2.123107    0.338035
 H    0.914363    1.766195   -1.331734
 H    2.082063    1.854697    0.030456

_methoxy_phenyl_methylidene_aminyl_N_C.xyz
 N    1.751218    1.564902    0.251718
 C    1.250520    0.418217    0.048376
 O    2.007435   -0.693496   -0.145015
 C    3.431071   -0.506288   -0.084284
 C   -0.214235    0.158662    0.013717
 C   -2.969172   -0.307545   -0.017707
 C   -1.109220    1.231615   -0.091271
 C   -0.706016   -1.148195    0.098905
 C   -2.080591   -1.376544    0.083521
 C   -2.479694    0.996712   -0.105586
 H    3.759549    0.186152   -0.863073
 H    3.725450   -0.118710    0.893955
 H    3.861021   -1.492004   -0.248159
 H   -4.038170   -0.488015   -0.030567
 H   -0.725573    2.241971   -0.165440
 H   -0.012741   -1.974972    0.176940
 H   -2.456301   -2.391236    0.150069
 H   -3.167219    1.830660   -0.189647

_methoxycarbonyl__2,2,2-trifluoroethyl_aminyl_N_CC.xyz
 N   -0.306460    0.982457    0.975309
 C   -1.345143    0.587555    0.130812
 C    0.986150    1.137898    0.358854
 C    1.624823   -0.185872   -0.070995
 F    2.833925    0.043086   -0.623003
 F    1.802672   -1.019170    0.971162
 F    0.874292   -0.837616   -0.984297
 O   -1.674593    1.243483   -0.833708
 O   -1.955090   -0.502496    0.588658
 C   -3.084371   -0.969321   -0.182588
 H    0.894091    1.754878   -0.544771
 H    1.669657    1.620637    1.057955
 H   -3.879033   -0.222723   -0.174934
 H   -3.407369   -1.880889    0.313395
 H   -2.781413   -1.175270   -1.209675

_methoxycarbonyl__methyl_aminyl_N_CC.xyz
 N   -0.675034   -0.618170    0.380868
 C   -0.023427    0.556765    0.049859
 O   -0.591785    1.629634    0.010274
 O    1.306756    0.475413   -0.110672
 C    1.950071   -0.811618   -0.033477
 C   -1.989287   -0.816246   -0.167144
 H    1.573700   -1.485909   -0.805639
 H    1.804669   -1.259981    0.949821
 H    3.004862   -0.608591   -0.206398
 H   -2.339148    0.010630   -0.790878
 H   -1.966861   -1.744924   -0.755380
 H   -2.695904   -0.997813    0.650159

_methoxydimethylsilyl_methyl_C_SiHH.xyz
 C   -0.469276    0.086846    1.900519
Si   -0.391919    0.002390    0.045913
 C   -0.562629    1.742958   -0.647669
 C   -1.700400   -1.144608   -0.649522
 O    1.058368   -0.684735   -0.432136
 C    2.342719   -0.160245   -0.137320
 H   -1.518975    2.184851   -0.349315
 H    0.231007    2.404416   -0.287180
 H   -0.524696    1.735251   -1.741088
 H   -2.707252   -0.785465   -0.416963
 H   -1.604410   -1.215300   -1.737228
 H   -1.594893   -2.150923   -0.235272
 H   -0.226232   -0.761971    2.536019
 H   -0.781882    0.973484    2.446796
 H    2.512970   -0.089598    0.944229
 H    2.483213    0.834437   -0.578941
 H    3.088588   -0.834481   -0.562810

_methoxydimethylsilyl_oxidanyl_O_Si.xyz
 O    0.512668    0.372862    1.688028
Si    0.384858   -0.010263    0.064274
 C    1.722576   -1.210972   -0.441705
 C    0.521238    1.698227   -0.728997
 O   -1.049793   -0.740192   -0.328557
 C   -2.347233   -0.216679   -0.065676
 H    1.651384   -1.420438   -1.512499
 H    2.710465   -0.797214   -0.226500
 H    1.615572   -2.155842    0.096061
 H    0.346448    1.584581   -1.804191
 H   -0.221116    2.392068   -0.329089
 H    1.513445    2.125966   -0.574340
 H   -2.540003    0.682090   -0.662872
 H   -2.469437    0.027480    0.994694
 H   -3.077249   -0.979833   -0.338598

_methoxysulfonyl__methyl_aminyl_N_CS.xyz
 N   -0.286943    1.538020    0.000000
 C    0.847450    2.438732    0.000000
 S    0.190511   -0.075368    0.000000
 O    0.847450   -0.402921    1.258353
 O    0.847450   -0.402921   -1.258353
 O   -1.306903   -0.687909    0.000000
 C   -1.391541   -2.137043    0.000000
 H    1.479700    2.276081    0.883821
 H    0.468408    3.459213    0.000000
 H    1.479700    2.276081   -0.883821
 H   -0.924400   -2.542574   -0.898963
 H   -2.458018   -2.346613    0.000000
 H   -0.924400   -2.542574    0.898963

_methoxysulfonyl_oxidanyl_O_S.xyz
 O    1.495490    1.052633    0.000410
 S    0.487188    0.025227   -0.000470
 O    0.481618   -0.929712   -1.157336
 O   -0.915008    0.801359   -0.001129
 C   -2.140526    0.013586    0.000868
 H   -2.192125   -0.588841    0.908116
 H   -2.179334   -0.614574   -0.889419
 H   -2.935193    0.754465   -0.015592
 O    0.482250   -0.928805    1.157957

_methyldisulfanyl_sulfanyl_S_S.xyz
 S    1.054148   -0.915463    0.000000
 S    0.000000    0.783884    0.000000
 C   -1.760943    0.263601    0.000000
 H   -2.363331    1.174110    0.000000
 H   -1.968693   -0.325227    0.893087
 H   -1.968693   -0.325227   -0.893087

_methylsulfanyl_methyl_C_SHH.xyz
 C   -1.353746    0.581613    0.027045
 C    1.389584    0.429032    0.012661
 S   -0.111961   -0.610746   -0.011571
 H    1.431862    1.012246    0.933291
 H    2.245483   -0.244668   -0.030640
 H    1.407798    1.090604   -0.854760
 H   -2.373544    0.227951    0.069036
 H   -1.135250    1.621929   -0.170036

_N-methylacetamido_methyl_C_NHH.xyz
 C    1.543793   -1.076390    0.008458
 C   -1.634683    0.936955   -0.000778
 C   -0.714407   -0.269058   -0.003983
 N    0.660627   -0.019756   -0.027685
 C    1.198418    1.342611    0.013003
 O   -1.142011   -1.412585    0.008697
 H   -2.652208    0.569891    0.115387
 H   -1.409430    1.631137    0.813718
 H   -1.568542    1.492866   -0.941007
 H    0.642397    2.002398   -0.651434
 H    2.233475    1.320097   -0.324914
 H    1.171531    1.752314    1.027603
 H    1.137251   -2.072293    0.021922
 H    2.598506   -0.862135   -0.037252

_propan-2-ylidene_aminyl_N_C.xyz
 N    0.000000    0.000000    1.466771
 C    0.000000    0.000000    0.216035
 C   -0.000000    1.299589   -0.573646
 C   -0.000000   -1.299589   -0.573646
 H   -0.000000    2.160994    0.093345
 H   -0.884172    1.342045   -1.216637
 H    0.884172    1.342045   -1.216637
 H   -0.000000   -2.160994    0.093345
 H    0.884172   -1.342045   -1.216637
 H   -0.884172   -1.342045   -1.216637

_pyridin-1-ium-1-yl_oxidanyl_O_N.xyz
 O    0.070379    2.294376   -0.000000
 C   -0.102809   -1.821647    0.000000
 C   -1.235064   -1.105248   -0.000000
 C   -1.153849    0.375349   -0.000000
 N    0.000000    0.975135   -0.000000
 C    1.219434    0.224351    0.000000
 C    1.198094   -1.119650    0.000000
 H   -0.138229   -2.906338    0.000000
 H   -2.200591   -1.600807   -0.000000
 H   -2.076625    0.948810   -0.000000
 H    2.173232    0.743745    0.000000
 H    2.124343   -1.685289    0.000000

_tert-butoxy_methyl_C_OHH.xyz
 C   -2.054802   -0.143822   -0.062298
 C    0.366632    0.012822    0.012144
 C    0.420487   -0.135413    1.537074
 C    1.478572   -0.798025   -0.652995
 C    0.439687    1.483694   -0.417012
 O   -0.856096   -0.597560   -0.501579
 H    0.330257   -1.186716    1.819653
 H    1.373086    0.245792    1.913824
 H   -0.385177    0.418593    2.022911
 H    1.385207   -1.854365   -0.391725
 H    2.458407   -0.442478   -0.324886
 H    1.420042   -0.706214   -1.739962
 H   -0.333065    2.089243    0.061163
 H    1.408779    1.904826   -0.137722
 H    0.325789    1.567053   -1.500223
 H   -2.142572    0.868267    0.315389
 H   -2.895432   -0.639057   -0.527261

_trifluoromethanesulfonamido_methyl_C_NHH.xyz
 C   -2.187846    1.393830    0.016749
 N   -1.633329    0.283939   -0.622322
 S   -0.471045   -0.693744    0.075625
 O   -0.779482   -0.824143    1.484243
 O   -0.264154   -1.809058   -0.826309
 C    1.120540    0.347417   -0.009386
 F    2.146257   -0.369110    0.440507
 F    0.987694    1.449872    0.726948
 F    1.347383    0.698424   -1.280071
 H   -2.280389    1.361796    1.090050
 H   -2.706087    2.106921   -0.603002
 H   -1.622581    0.249067   -1.634904

_trifluoromethyl_sulfanyl_S_C.xyz
 S    1.492102   -0.041778    0.000024
 C   -0.326753   -0.004467   -0.000000
 F   -0.857347   -0.602660    1.079983
 F   -0.857314   -0.603449   -1.079561
 F   -0.720130    1.283360   -0.000464

_triisopropylsilyl_sulfanyl_S_Si.xyz
 S   -0.171784    0.002229    2.102575
Si    0.023120    0.009103   -0.048751
 C   -1.767770   -0.228438   -0.720272
 C   -2.839025    0.575056    0.042251
 C   -2.201533   -1.698386   -0.842712
 C    1.125553   -1.448005   -0.637616
 C    0.949745   -2.723070    0.206541
 C    2.620968   -1.108338   -0.774810
 C    0.757332    1.668662   -0.651909
 C   -0.276859    2.796566   -0.812204
 C    1.921805    2.149078    0.237133
 H   -1.694019    0.183231   -1.738705
 H   -2.997280    0.157568    1.041092
 H   -3.796661    0.528489   -0.488219
 H   -2.576791    1.626068    0.164614
 H   -2.281572   -2.171858    0.139704
 H   -1.512636   -2.292178   -1.446660
 H   -3.188860   -1.759626   -1.314758
 H    0.747874   -1.656583   -1.650637
 H    1.452384   -3.571414   -0.271394
 H   -0.096601   -2.993102    0.352693
 H    1.386216   -2.590978    1.199830
 H    3.162641   -1.956597   -1.208061
 H    3.075105   -0.900593    0.198622
 H    2.797637   -0.243611   -1.418192
 H    1.161855    1.440517   -1.649724
 H    0.204276    3.704289   -1.193880
 H   -0.732521    3.051983    0.149246
 H   -1.079030    2.533850   -1.506270
 H    2.416599    3.018376   -0.209997
 H    2.681760    1.381067    0.391608
 H    1.553198    2.449239    1.221993

_trimethoxyphosphaniumyl_boranuidyl_B_PHH.xyz
 B   -0.403073   -1.062119    1.945798
 P   -0.022617   -0.101408    0.426313
 O   -0.911185   -0.510726   -0.873307
 O   -0.135535    1.489879    0.631973
 O    1.450003   -0.160147   -0.270025
 C   -2.340513   -0.665202   -0.775750
 C    0.353797    2.451377   -0.329609
 C    2.027945   -1.419239   -0.655304
 H    0.018246   -0.652712    2.976806
 H   -1.005175   -2.075596    1.789325
 H   -2.680706   -0.947529   -1.770834
 H   -2.595643   -1.445468   -0.056764
 H   -2.807775    0.276741   -0.478454
 H    0.030182    3.424655    0.034367
 H    1.441584    2.406985   -0.384287
 H   -0.074977    2.259608   -1.315678
 H    1.469501   -1.852395   -1.487992
 H    2.036971   -2.113319    0.189652
 H    3.048766   -1.202924   -0.964971

_trimethylazaniumyl_boranuidyl_B_NHH.xyz
 B   -0.003084    1.025037   -1.330841
 N   -0.000080    0.024969   -0.061045
 H    1.049399    1.583477   -1.434137
 H   -1.062748    1.568159   -1.444113
 C    1.213242   -0.842997   -0.104195
 C   -1.217357   -0.837483   -0.092787
 C    0.007048    0.809689    1.215714
 H    1.198718   -1.410153   -1.033217
 H    1.226957   -1.518302    0.756772
 H    2.098027   -0.208785   -0.097325
 H   -1.219095   -1.396203   -1.026926
 H   -2.098407   -0.198981   -0.065550
 H   -1.220418   -1.519979    0.762393
 H    0.895019    1.438964    1.231846
 H    0.006224    0.139961    2.084063
 H   -0.875303    1.446613    1.235329

_trimethylsilyl_aminyl_N_SiH.xyz
 N   -0.197762   -0.000002    1.822009
Si    0.011946   -0.000000    0.059018
 C   -0.802148    1.547464   -0.657549
 C    1.853158   -0.000037   -0.299115
 C   -0.802214   -1.547426   -0.657556
 H   -0.666564    1.573296   -1.743964
 H   -0.360521    2.458502   -0.244371
 H   -1.876579    1.567191   -0.452535
 H    2.050265   -0.000035   -1.376094
 H    2.333585   -0.883036    0.132346
 H    2.333621    0.882936    0.132356
 H   -0.666630   -1.573260   -1.743971
 H   -1.876646   -1.567107   -0.452543
 H   -0.360627   -2.458485   -0.244381
 H   -1.185594    0.000022    2.098172

_trimethylsilyl_methyl_C_SiH.xyz
 C   -0.000256   -0.382008    1.866473
Si   -0.000011   -0.014218    0.043586
 C    1.549913   -0.751393   -0.742774
 C   -1.550343   -0.750357   -0.742956
 C    0.000669    1.857261   -0.239725
 H   -0.912388   -0.481802    2.450360
 H    0.911733   -0.482393    2.450482
 H    2.456438   -0.342716   -0.284994
 H    1.589603   -0.526294   -1.813503
 H    1.579313   -1.839051   -0.628067
 H   -1.580337   -1.838022   -0.628463
 H   -1.589907   -0.525027   -1.813642
 H   -2.456650   -0.341281   -0.285102
 H   -0.882942    2.325523    0.203776
 H    0.000905    2.084216   -1.311189
 H    0.884492    2.324884    0.204025

_trimethylsilyl_oxidanyl_O_Si.xyz
 O   -0.453839   -0.000024    1.684930
Si    0.020801   -0.000002    0.071949
 C    1.003612    1.545700   -0.347947
 C    1.004153   -1.545375   -0.347886
 C   -1.665464   -0.000304   -0.792343
 H    1.262564    1.563820   -1.411811
 H    1.937731    1.583335    0.220253
 H    0.432131    2.448963   -0.118698
 H    1.263083   -1.563459   -1.411756
 H    0.433017   -2.448839   -0.118572
 H    1.938302   -1.582637    0.220289
 H   -1.493482   -0.000354   -1.874351
 H   -2.243950    0.887836   -0.531573
 H   -2.243707   -0.888567   -0.531454

_trimethylsilyl_sulfanyl_S_Si.xyz
 S   -1.850801   -0.146947    0.000155
Si    0.311720    0.002411   -0.000007
 C    1.015963   -0.806463    1.545591
 C    1.015995   -0.809951   -1.543759
 C    0.647680    1.860453   -0.002084
 H    2.106500   -0.706749    1.570826
 H    0.777977   -1.873578    1.575923
 H    0.606548   -0.344940    2.447845
 H    2.106528   -0.710252   -1.569221
 H    0.606563   -0.350515   -2.447070
 H    0.778052   -1.877142   -1.571651
 H    1.730063    2.029743   -0.002309
 H    0.229375    2.344277    0.883685
 H    0.229313    2.342319   -0.888890

_triphenylmethyl_sulfanyl_S_C.xyz
 S   -0.305703   -0.198075    2.398521
 C   -0.010028   -0.030108    0.566175
 C    1.148934   -0.933729    0.131728
 C    3.368325   -2.450967   -0.693218
 C    1.066793   -1.767935   -0.985506
 C    2.366130   -0.856315    0.818884
 C    3.463567   -1.609791    0.417100
 C    2.167887   -2.523689   -1.393632
 C    0.284890    1.421525    0.136082
 C    0.721495    4.046731   -0.786316
 C    0.890784    1.656406   -1.105606
 C   -0.096361    2.524089    0.906256
 C    0.121703    3.824317    0.450774
 C    1.103548    2.954586   -1.563859
 C   -1.385047   -0.507163    0.068418
 C   -3.904661   -1.429010   -0.773345
 C   -1.782299   -1.838845    0.301187
 C   -2.279235    0.353367   -0.581052
 C   -3.524104   -0.107433   -1.003880
 C   -3.028366   -2.293119   -0.116740
 H    4.221999   -3.041178   -1.006800
 H    0.143685   -1.830516   -1.547775
 H    2.454304   -0.196226    1.675129
 H    4.394548   -1.539810    0.968456
 H    2.081643   -3.168268   -2.261520
 H    0.893627    5.057419   -1.139058
 H    1.201867    0.822113   -1.721343
 H   -0.567991    2.362409    1.866146
 H   -0.179082    4.663058    1.069058
 H    1.573646    3.110263   -2.528665
 H   -4.875890   -1.781865   -1.101559
 H   -1.102538   -2.515627    0.802810
 H   -1.999600    1.381318   -0.766899
 H   -4.198496    0.570654   -1.514894
 H   -3.314214   -3.322053    0.069892

acetamidomethyl_C-NHH.xyz
 C   -0.416497   -1.873055    0.000000
 C    1.495056    0.365373    0.000000
 C   -0.000000    0.586198    0.000000
 O   -0.521801    1.691327    0.000000
 N   -0.793143   -0.550395    0.000000
 H    1.984068    1.336928    0.000000
 H    1.808984   -0.198597    0.883773
 H    1.808984   -0.198597   -0.883773
 H   -1.782862   -0.335076    0.000000
 H   -1.191793   -2.620897    0.000000
 H    0.627666   -2.132711    0.000000

acetamidooxidanyl_O_N.xyz
 O   -1.819787    0.191771   -0.000281
 C    0.740819    1.333743    0.000001
 C    0.537403   -0.153729    0.000118
 O    1.400028   -1.003859   -0.000231
 N   -0.813761   -0.583932    0.000308
 H    1.809194    1.539372   -0.003204
 H    0.265250    1.781835   -0.875779
 H    0.271340    1.781127    0.879496
 H   -0.960718   -1.598183    0.000712

acetyl_C-CO.xyz
 C   -0.246500   -0.428597   -0.000410
 C    1.169263    0.097583   -0.000130
 O   -1.261914    0.172771    0.000109
 H    1.689547   -0.303052   -0.873196
 H    1.680535   -0.285372    0.886317
 H    1.188653    1.192342   -0.010753

acetyloxidanyl_O_C.xyz
 O   -1.017442    0.843123    0.000000
 C    0.000000    0.104543    0.000000
 O    1.063702    0.777724    0.000000
 C   -0.041786   -1.387833    0.000000
 H   -1.074589   -1.738901    0.000000
 H    0.477613   -1.764065    0.884758
 H    0.477613   -1.764065   -0.884758

acetylperoxy_O_O.xyz
 O    0.779854   -1.718043    0.000000
 C   -1.307583    1.206774    0.000000
 C   -0.000000    0.479195    0.000000
 O    1.108152    0.888768    0.000000
 O   -0.294794   -0.951255    0.000000
 H   -1.122128    2.278844    0.000000
 H   -1.889035    0.924787    0.881177
 H   -1.889035    0.924787   -0.881177

adamantan-1-yl_C_CCC.xyz
 C    0.006825   -0.003376    1.487076
 C   -0.823694    1.204021   -0.981915
 C    0.631598    1.316958   -0.481346
 C    1.447329    0.110679   -0.991660
 C    0.820135   -1.205729   -0.487377
 C   -0.636507   -1.309289   -0.986013
 C   -1.459403   -0.107569   -0.475715
 C    0.633668    1.302278    1.081386
 C   -1.439343   -0.109147    1.087660
 C    0.820358   -1.199577    1.075403
 H   -0.844165    1.229157   -2.077879
 H   -1.407021    2.064359   -0.633886
 H    1.079606    2.249717   -0.842262
 H    2.485478    0.186524   -0.647577
 H    1.472727    0.115918   -2.087685
 H    1.400394   -2.060458   -0.853297
 H   -1.087127   -2.246859   -0.640145
 H   -0.654329   -1.333511   -2.081976
 H   -2.493315   -0.183345   -0.830998
 H    0.066682    2.159357    1.460919
 H    1.662046    1.389546    1.448309
 H   -1.897126   -1.030854    1.462983
 H   -2.026339    0.735055    1.465994
 H    1.850215   -1.136295    1.443781
 H    0.386479   -2.133808    1.448716

adenosine_radical_N_CH.xyz
 N   -4.861463   -1.067764    0.208489
 C    3.439218   -1.631869    0.811962
 O    2.442716   -1.644829    1.827743
 C    3.157959   -0.602240   -0.273915
 O    1.898968   -0.959629   -0.921657
 C    0.988929    0.109894   -0.840694
 C    1.469693    1.011539    0.316724
 C    2.990473    0.843099    0.210534
 O    3.521056    1.708526   -0.782378
 O    1.125324    2.368981    0.182568
 N   -0.344391   -0.461219   -0.609033
 C   -1.470297    0.221907   -0.204045
 N   -3.915073    1.068210    0.531445
 N   -1.580961    1.494236    0.140431
 C   -2.519473   -0.737450   -0.220512
 C   -3.812357   -0.268957    0.177909
 C   -2.853893    1.838175    0.496984
 N   -2.046993   -1.949869   -0.627792
 C   -0.763403   -1.750317   -0.860133
 H    4.384312   -1.388220    1.303311
 H    3.543712   -2.620903    0.350483
 H    1.650471   -2.051956    1.462162
 H    3.946430   -0.634513   -1.030773
 H    0.964157    0.677551   -1.777685
 H    1.122909    0.592991    1.267672
 H    3.477871    1.009825    1.176622
 H    3.053861    2.551568   -0.702261
 H    0.150960    2.422496    0.212853
 H   -2.987102    2.876989    0.781518
 H   -0.067540   -2.497080   -1.208623
 H   -5.663487   -0.510982    0.520866

aminomethyl_C_NHH.xyz
 C   -0.011303    0.733307   -0.000000
 N   -0.011303   -0.661470    0.000000
 H   -0.268755    1.220630    0.931115
 H   -0.268755    1.220630   -0.931115
 H    0.342224   -1.105406    0.836110
 H    0.342224   -1.105406   -0.836110

aminooxidanyl_O_N.xyz
 O    0.007584   -0.735392   -0.000000
 N    0.007584    0.541112    0.000000
 H   -0.056881    1.047674    0.879002
 H   -0.056881    1.047674   -0.879002

ammoniumyl_N_HHH.xyz
 N   -0.000001    0.000004   -0.000050
 H    0.862622    0.557655    0.000117
 H   -0.914279    0.468180    0.000117
 H    0.051663   -1.025863    0.000117

azanyl_N_HH.xyz
 N   -0.000000    0.000000    0.142325
 H   -0.000000    0.806583   -0.498138
 H   -0.000000   -0.806583   -0.498138

azido_N_N.xyz
 N    0.000000    0.000000    1.177657
 N    0.000000    0.000000   -0.000000
 N    0.000000    0.000000   -1.177657

benzenesulfinyl_O_S.xyz
 S   -1.109781    1.649963   -0.000000
 O   -2.532111    1.099696   -0.000000
 C   -0.494518   -1.056147   -0.000000
 C    2.264651   -0.572109    0.000000
 C    0.403372   -2.118931   -0.000000
 C   -0.000000    0.251271    0.000000
 C    1.378439    0.500623    0.000000
 C    1.779992   -1.881525    0.000000
 H   -1.565993   -1.217813   -0.000000
 H    3.332711   -0.387126    0.000000
 H    0.028888   -3.136348   -0.000000
 H    1.752598    1.519542    0.000000
 H    2.473561   -2.714323    0.000000

benzenesulfonyl_S_OOC.xyz
 S   -1.709383   -0.000944   -0.254448
 C    0.101566   -0.004295   -0.082264
 C    0.766720    1.218253   -0.054300
 C    2.156891    1.212615    0.033881
 C    2.852387    0.003847    0.074563
 C    2.163971   -1.209269    0.031236
 C    0.773505   -1.223925   -0.056691
 O   -2.203703    1.299750    0.263228
 O   -2.209438   -1.296532    0.270440
 H    0.207796    2.144877   -0.077912
 H    2.694774    2.152630    0.073480
 H    2.708268   -2.145507    0.068823
 H    0.219854   -2.153561   -0.082004
 H    3.934319    0.007556    0.140890

benzoyl_C_CO.xyz
 C   -0.302557    2.059038   -0.000000
 C   -1.040371   -0.332224   -0.000000
 C    1.629688   -1.171750    0.000000
 C   -0.738533   -1.688451    0.000000
 C    0.000000    0.610470   -0.000000
 C    1.333649    0.188912    0.000000
 C    0.595018   -2.107213    0.000000
 O   -1.358247    2.599477   -0.000000
 H   -2.068133    0.011386   -0.000000
 H    2.661410   -1.503537    0.000000
 H   -1.536887   -2.422142    0.000000
 H    2.122185    0.932470   -0.000000
 H    0.826043   -3.166685    0.000000

benzoyloxidanyl_O_C.xyz
 O   -0.000000    1.039581   -2.435372
 C    0.000000   -1.215095    0.446790
 C   -0.000000    1.211618    1.837628
 C   -0.000000   -1.211618    1.837628
 C    0.000000    0.000000   -0.247287
 C    0.000000    1.215095    0.446790
 C    0.000000   -0.000000    2.531357
 C    0.000000    0.000000   -1.719958
 O   -0.000000   -1.039581   -2.435372
 H    0.000000   -2.148089   -0.104770
 H   -0.000000    2.149007    2.381126
 H   -0.000000   -2.149007    2.381126
 H    0.000000    2.148089   -0.104770
 H    0.000000   -0.000000    3.615546

benzyl_C_CHH.xyz
 C   -2.454473   -0.044852   -0.046000
 C    1.836121    0.027821    0.040266
 C    1.115111    1.219462    0.020599
 C   -0.277992    1.192654   -0.037577
 C   -0.966057   -0.025108   -0.061144
 C   -0.231010   -1.218426   -0.047015
 C    1.157937   -1.192832    0.001853
 H    2.919178    0.047146    0.083424
 H    1.634547    2.170592    0.051415
 H   -0.835387    2.123341   -0.052262
 H   -0.755659   -2.166994   -0.090963
 H    1.714067   -2.123446    0.010510
 H   -2.892954    0.939253    0.091017
 H   -2.861622   -0.742214    0.680961

benzylperoxy_O_O.xyz
 O   -3.514871   -0.010588   -0.366005
 C   -1.461054    0.026997    0.701554
 O   -2.215999   -0.011420   -0.571898
 C   -0.001615    0.012478    0.372204
 C    2.715013   -0.014801   -0.300543
 C    0.675222   -1.200561    0.208686
 C    0.695099    1.211342    0.191592
 C    2.047555    1.199070   -0.141809
 C    2.027310   -1.215498   -0.125552
 H   -1.776487   -0.846738    1.273350
 H   -1.770503    0.937543    1.216529
 H    3.768229   -0.024419   -0.557702
 H    0.139923   -2.134384    0.344110
 H    0.176721    2.156528    0.313758
 H    2.579944    2.133838   -0.276063
 H    2.543963   -2.160470   -0.247547

benzylsulfanyl_S_C.xyz
 S    2.701850   -0.136554   -0.520338
 C    1.497037    0.319755    0.776857
 C    0.049827    0.145308    0.398365
 C   -2.643934   -0.166507   -0.318819
 C   -0.740599    1.259330    0.104811
 C   -0.524374   -1.128665    0.327639
 C   -1.860893   -1.285058   -0.026727
 C   -2.080408    1.105691   -0.252670
 H    1.709440    1.344152    1.093749
 H    1.763491   -0.323561    1.625880
 H   -3.685152   -0.287672   -0.595193
 H   -0.306717    2.252892    0.155402
 H    0.084125   -2.001216    0.542435
 H   -2.293238   -2.278290   -0.075114
 H   -2.681497    1.979439   -0.478491

bis_dimethylamino_phosphanyl_P_NN.xyz
 P   -0.001846   -1.057004   -0.002021
 N   -1.309072    0.069533   -0.001076
 N    1.311007    0.060625   -0.008235
 C   -1.404638    1.155402    0.969180
 C   -2.595436   -0.381813   -0.514324
 C    2.592102   -0.381770    0.524329
 C    1.409773    1.152401   -0.971204
 H   -0.412063    1.407675    1.341205
 H   -2.039194    0.875672    1.823550
 H   -1.836078    2.048741    0.501757
 H   -2.449862   -1.195917   -1.227177
 H   -3.102813    0.438005   -1.037265
 H   -3.261396   -0.735596    0.286924
 H    2.440830   -1.202343    1.228589
 H    3.082066    0.439274    1.061999
 H    3.276429   -0.723628   -0.266540
 H    0.417293    1.414915   -1.336146
 H    2.037581    0.873545   -1.830799
 H    1.850545    2.038286   -0.498498

bis_trimethylsilyl_aminyl_N_SiSi.xyz
 N    0.000000    0.000024   -0.758173
Si   -1.611772    0.006447   -0.101696
 C   -1.968029    1.796959    0.393568
 C   -2.842423   -0.562432   -1.404232
 C   -1.741375   -1.113685    1.415475
 H   -2.992259    1.875709    0.773159
 H   -1.872408    2.471393   -0.461336
 H   -1.287162    2.136861    1.178157
 H   -3.869797   -0.523181   -1.026923
 H   -2.637846   -1.592170   -1.712419
 H   -2.781499    0.069574   -2.294755
 H   -2.761998   -1.114552    1.812764
 H   -1.069623   -0.779820    2.211410
 H   -1.482399   -2.147534    1.168271
Si    1.611774   -0.006450   -0.101695
 C    1.967999   -1.796946    0.393644
 C    1.741370    1.113740    1.415435
 C    2.842455    0.562352   -1.404236
 H    1.287120   -2.136806    1.178241
 H    2.992225   -1.875692    0.773243
 H    1.872376   -2.471417   -0.461232
 H    1.069586    0.779927    2.211364
 H    1.482431    2.147586    1.168179
 H    2.761983    1.114591    1.812748
 H    2.781473   -0.069639   -2.294766
 H    3.869830    0.523017   -1.026938
 H    2.637951    1.592108   -1.712410

boranuidyl_B_HHH.xyz
 B    0.000000    0.000000    0.000000
 H    0.000000    1.207165    0.000000
 H   -1.045435   -0.603582    0.000000
 H    1.045435   -0.603582   -0.000000

boranyl_B_HH.xyz
 B    0.000000   -0.000000    0.144127
 H    0.000000    1.074982   -0.360317
 H   -0.000000   -1.074982   -0.360317

bromanyl_Br.xyz
Br    0.000000    0.000000    0.000000

bromomethyl_C_BrHH.xyz
 C    0.000983    1.496441   -0.000000
Br    0.000983   -0.370611    0.000000
 H   -0.020144    1.996376    0.955108
 H   -0.020144    1.996376   -0.955108

but-3-en-2-yl_C_CCH.xyz
 C    0.475590   -0.418378   -0.000548
 C   -1.963569   -0.080701    0.000027
 C   -0.658782    0.379335   -0.000235
 C    1.876305    0.100880   -0.000042
 H   -2.802840    0.602940    0.000946
 H   -2.185186   -1.142617    0.000512
 H   -0.505151    1.458328    0.000029
 H    0.344968   -1.498922    0.000946
 H    2.427716   -0.233486    0.888441
 H    2.440391   -0.266639   -0.866748
 H    1.902843    1.193580   -0.019338

but-3-yn-2-yl_C_CCH.xyz
 C    0.498860    0.570137    0.000608
 C   -1.968623   -0.232228    0.000086
 C   -0.808412    0.153622   -0.001304
 C    1.667341   -0.368043    0.000002
 H   -2.978600   -0.561827    0.002789
 H    0.694637    1.638697    0.000676
 H    2.300649   -0.206629    0.881372
 H    2.304289   -0.201384   -0.877578
 H    1.344038   -1.409786   -0.003612

butan-2-yl_C_CCH.xyz
 C   -0.591694    0.528968   -0.177732
 C    1.955986    0.128844   -0.010658
 C    0.547486   -0.463699    0.027004
 C   -1.972875   -0.081250    0.008181
 H    2.059470    0.947711    0.707980
 H    2.700083   -0.631490    0.240352
 H    2.195338    0.521244   -1.001254
 H    0.373269   -0.915424    1.014534
 H    0.454171   -1.276610   -0.700519
 H   -0.459729    1.404974    0.457904
 H   -2.057957   -0.466524    1.031514
 H   -2.766332    0.650726   -0.148137
 H   -2.131730   -0.911787   -0.683143

butyl_C_CHH.xyz
 C    2.024673    0.157749   -0.077993
 C   -1.887134   -0.150997    0.057032
 C   -0.523174    0.530989   -0.089069
 C    0.639065   -0.464263   -0.018961
 H   -2.051906   -0.878153   -0.744215
 H   -2.701753    0.576774    0.016347
 H   -1.966424   -0.684937    1.009634
 H   -0.482298    1.074516   -1.038531
 H   -0.399166    1.281481    0.701383
 H    0.538727   -1.218113   -0.806756
 H    0.584514   -1.007164    0.936138
 H    2.143220    0.986327    0.617701
 H    2.814501   -0.571603    0.082239

carboxylato_C_OO.xyz
 C   -0.000000    0.408889    0.000000
 O   -0.941537   -0.547826   -0.000000
 O    1.167956    0.257050    0.000000
 H   -1.811355   -0.127129   -0.000000

carboxylatooxidanyl_O_C.xyz
 O    0.000000    1.102353   -0.636450
 O    0.000000    0.000000    1.272899
 C    0.000000    0.000000    0.000000
 O   -0.000000   -1.102353   -0.636450

chloranyl_Cl.xyz
Cl    0.000000    0.000000    0.000000

chloromethyl_C_ClHH.xyz
 C    0.039302    1.186919   -0.000000
 H   -0.451974    1.535105    0.900990
Cl    0.039302   -0.599513    0.000000
 H   -0.451974    1.535105   -0.900990

cyano_C_N.xyz
 C    0.000000    0.000000   -0.627788
 N    0.000000    0.000000    0.538104

cyano_methyl_aminyl_C_NN.xyz
 N    0.409423   -0.604510   -0.000345
 C   -0.768571   -0.113699    0.000050
 C    1.560878    0.282894   -0.000403
 N   -1.895427    0.255148    0.000056
 H    2.156128    0.059552    0.891155
 H    1.308622    1.345853   -0.024053
 H    2.183443    0.024960   -0.862964

cyanodifluoromethyl_C_CFF.xyz
 C   -0.359539   -0.000051    0.122840
 F   -1.069307   -1.099092   -0.031675
 C    1.017543   -0.001521   -0.003027
 F   -1.067107    1.100227   -0.031643
 N    2.182815   -0.000111   -0.021287

cyanomethyl_C_CHH.xyz
 C   -0.323448   -1.199112    0.000000
 C   -0.000000    0.208502   -0.000000
 N    0.261548    1.331879   -0.000000
 H    0.054926   -1.689744    0.893970
 H    0.054926   -1.689744   -0.893970

cyclobutyl_C_CCH.xyz
 C   -0.004076    1.081983   -0.000000
 C   -0.004076    0.062048    1.103697
 C   -0.004076    0.062048   -1.103697
 C    0.012672   -1.049121    0.000000
 H   -0.893731    0.057592    1.748206
 H    0.870864    0.074215    1.767619
 H   -0.005998    2.165463   -0.000000
 H    0.870864    0.074215   -1.767619
 H   -0.893731    0.057592   -1.748206
 H    0.910742   -1.668685    0.000000
 H   -0.861679   -1.702134   -0.000000

cyclohepta-2,4,6-trien-1-yl_C_CCH.xyz
 C    0.782198   -1.423707   -0.000221
 C   -0.634771   -1.481484   -0.000286
 C    1.589225   -0.268064    0.000094
 C    1.227978    1.061997    0.000093
 C   -1.555463   -0.464012    0.000567
 C   -1.301042    0.962568   -0.000280
 C   -0.108006    1.612870   -0.000063
 H    1.301280   -2.375406    0.000127
 H   -1.050338   -2.486722   -0.000742
 H    2.660290   -0.458658    0.000484
 H    2.034646    1.786964    0.000434
 H   -2.601263   -0.752724    0.001407
 H   -2.189903    1.587135   -0.000881
 H   -0.155425    2.698406   -0.000261

cyclohexa-2,4-dien-1-yl_C_CCH.xyz
 C    1.453938    0.005000    0.000001
 C   -0.628253    1.254136   -0.000001
 C    0.735651    1.228137    0.000000
 C    0.744409   -1.223473   -0.000000
 C   -0.619143   -1.257855    0.000000
 C   -1.446804   -0.005094    0.000001
 H   -1.157804    2.201163   -0.000004
 H    1.287931    2.162748   -0.000001
 H    2.536881    0.009521    0.000001
 H    1.302294   -2.154640   -0.000003
 H   -1.142208   -2.208440   -0.000005
 H   -2.132941   -0.007726    0.865946
 H   -2.132947   -0.007727   -0.865939

cyclohexa-2,5-dien-1-yl_C_CCH.xyz
 C    1.453811    0.005571    0.000834
 C    0.735151    1.228431   -0.000019
 C   -0.628690    1.253467   -0.001158
 C    0.744938   -1.222932   -0.000025
 C   -0.618747   -1.258298   -0.001160
 C   -1.446690   -0.005510    0.001233
 H    2.536715    0.010263    0.000613
 H    1.286443    2.163529   -0.000589
 H   -1.158372    2.200321   -0.002910
 H    1.303644   -2.153541   -0.000578
 H   -1.141240   -2.209073   -0.002890
 H   -2.129699   -0.007921    0.869944
 H   -2.136129   -0.007946   -0.861816

cyclohexa-3,5-dien-2-id-1-yl_C_CFF.xyz
 C   -1.599606   -0.000006    0.016214
 C   -0.210143   -0.000003    0.005019
 C    0.515206   -1.227165    0.002777
 H   -0.026001   -2.164812    0.004014
 C    1.897743   -1.210799   -0.001491
 H    2.439516   -2.149951   -0.003779
 C    2.603231   -0.000004   -0.003367
 H    3.686461    0.000013   -0.006503
 C    1.897733    1.210802   -0.001485
 H    2.439524    2.149944   -0.003772
 C    0.515206    1.227169    0.002786
 H   -0.026016    2.164807    0.004033
 F   -2.346099   -1.097082   -0.006476
 F   -2.346091    1.097086   -0.006493

cyclohexa-3,5-dien-2-ylium-1-yl_C_CClCl.xyz
 C   -1.078120   -0.000008    0.000092
 C    2.465470    1.205648    0.000722
 C    3.172605   -0.000112    0.000218
 C    2.465648   -1.205802   -0.000653
 C    1.080669    1.216338    0.000655
 C    0.344491   -0.000032   -0.000629
 C    1.080638   -1.216262   -0.000803
 H    4.256075    0.000261    0.000496
 H    3.001839   -2.148097   -0.001216
 H    3.001943    2.147799    0.001048
 H    0.553930    2.160771    0.001295
 H    0.554170   -2.160855   -0.001196
Cl   -2.016528   -1.455247    0.000681
Cl   -2.016199    1.455335   -0.000565

cyclohexyl_C_CCH.xyz
 C    0.545897    1.368527   -0.000000
 C    0.047876    0.793549    1.286032
 C    0.047876    0.793549   -1.286032
 C   -0.625140   -1.294893    0.000000
 C    0.047876   -0.750078   -1.267950
 C    0.047876   -0.750078    1.267950
 H    0.631120    1.167531    2.133183
 H   -0.991110    1.130805    1.463076
 H    0.631120    1.167531   -2.133183
 H   -0.991110    1.130805   -1.463076
 H   -0.599344   -2.389734    0.000000
 H   -1.685541   -1.007505    0.000000
 H    1.084081   -1.107249   -1.306999
 H   -0.454442   -1.132660   -2.162436
 H    1.084081   -1.107249    1.306999
 H   -0.454442   -1.132660    2.162436
 H    1.072026    2.316942   -0.000000

cyclohexylsulfanyl_S_C.xyz
 S   -0.570984    2.392271    0.000000
 C    0.180687    0.005349    1.272978
 C    0.180687    0.005349   -1.272978
 C    0.842890   -2.093223   -0.000000
 C    0.180687   -1.532384   -1.265287
 C    0.180687   -1.532384    1.265287
 C   -0.474049    0.568720    0.000000
 H    1.213110    0.371203    1.328761
 H   -0.337567    0.389347    2.155210
 H    1.213110    0.371203   -1.328761
 H   -0.337567    0.389347   -2.155210
 H    1.907379   -1.823691   -0.000000
 H    0.797265   -3.186929   -0.000000
 H    0.689036   -1.904093   -2.160790
 H   -0.854803   -1.892705   -1.323087
 H    0.689036   -1.904093    2.160790
 H   -0.854803   -1.892705    1.323087
 H   -1.537992    0.278209    0.000000

cyclopenta-2,4-dien-1-yl_C_CCH.xyz
 C    0.015415    1.187625   -0.000129
 C    0.729043   -0.955912   -0.000146
 C    1.173799    0.339980    0.000024
 C   -1.165566    0.366702    0.000069
 C   -0.753179   -0.938562   -0.000094
 H    1.336570   -1.850912    0.000632
 H    2.200624    0.674113    0.000031
 H   -2.183184    0.727251   -0.000120
 H   -1.380417   -1.819543    0.000472
 H    0.029340    2.270096    0.000637

cyclopentyl_C_CC.xyz
 C    0.016821   -1.287662   -0.250709
 C    1.201429   -0.467883    0.253828
 C    0.779905    0.968489   -0.129600
 C   -0.777044    0.989160   -0.029331
 C   -1.215623   -0.488136    0.174948
 H    2.151864   -0.777786   -0.182696
 H    1.282098   -0.566566    1.340383
 H    1.094473    1.186692   -1.153921
 H    1.249173    1.715219    0.514123
 H   -1.215797    1.406552   -0.938052
 H   -1.119002    1.608533    0.802126
 H   -2.105653   -0.760964   -0.393675
 H   -1.429055   -0.680162    1.229226
 H    0.058974   -1.415324   -1.332331

cyclopropyl_C_CCH.xyz
 C    0.000227    0.870993   -0.165793
 C    0.769455   -0.363698    0.030341
 C   -0.769592   -0.363530    0.030274
 H    0.000134    1.820890    0.349238
 H    1.300196   -0.517691    0.967496
 H    1.254730   -0.824628   -0.826828
 H   -1.300218   -0.516507    0.967681
 H   -1.255381   -0.824658   -0.826521

dibutylaminyl_N_CC.xyz
 N    0.000034   -0.331439   -0.002375
 C   -2.466137   -0.381912   -0.045816
 C   -1.198777    0.462451    0.086949
 C    1.198891    0.462530   -0.092664
 C    2.466123   -0.381362    0.047192
 C   -3.752405    0.438126    0.097253
 H   -2.440011   -1.174624    0.710377
 H   -2.451969   -0.886119   -1.018795
 H   -1.198704    0.987247    1.060403
 H   -1.193357    1.266450   -0.671908
 H    1.192051    1.268099    0.664109
 H    2.447904   -0.882613    1.021657
 C    3.752777    0.439716   -0.091021
 H    2.444510   -1.175536   -0.707200
 H    1.201578    0.983948   -1.067770
 C   -5.020319   -0.406639   -0.062110
 C    5.019956   -0.407925    0.061812
 H   -3.755040    1.245864   -0.645885
 H   -3.763543    0.930141    1.077990
 H    3.755978    1.241286    0.658314
 H    3.763228    0.938537   -1.068374
 H   -5.057257   -0.880364   -1.048121
 H   -5.923190    0.200258    0.049909
 H   -5.058973   -1.203189    0.687745
 H    5.054475   -0.890981    1.043407
 H    5.923792    0.198799   -0.043137
 H    5.057633   -1.197040   -0.695670

dichloro_cyano_methyl_C_CClCl.xyz
 C    0.065548   -0.000257    0.001520
Cl   -0.808469   -1.475905   -0.000201
 C    1.449787   -0.002652    0.000025
 N    2.614959   -0.004073   -0.000346
Cl   -0.803103    1.478609   -0.000201

dichloromethyl_C_CClCl.xyz
 C   -0.011932    0.697572   -0.000000
Cl   -0.011932   -0.171957    1.484447
 H    0.477281    1.661119   -0.000000
Cl   -0.011932   -0.171957   -1.484447

dicyano_phenyl_methyl_C_CCC.xyz
 C   -1.260087   -0.000476   -0.001088
 N   -2.579106    2.206467    0.001038
 C   -1.995354    1.204446    0.000897
 C   -1.997862   -1.203507   -0.000428
 C    0.179535   -0.001020   -0.001390
 C    0.900435    1.217854   -0.001257
 H    0.362584    2.158408   -0.001507
 C    2.285222    1.210423   -0.000037
 H    2.826529    2.149133   -0.000339
 C    2.985621   -0.000439    0.001171
 H    4.069350    0.000051    0.002245
 C    2.285967   -1.211771    0.000742
 H    2.827126   -2.150553    0.001603
 C    0.901194   -1.219347   -0.000907
 H    0.362937   -2.159533   -0.000617
 N   -2.586116   -2.202821    0.000733

dicyanomethyl_C_CCH.xyz
 C   -0.000303    0.728943    0.000000
 C    0.000154    0.053484    1.219736
 C    0.000154    0.053484   -1.219736
 N    0.000154   -0.487755    2.249398
 N    0.000154   -0.487755   -2.249398
 H   -0.002197    1.813106    0.000000

diethoxy_methyl_silyl_Si_COO.xyz
Si    0.017848    0.485976   -0.494081
 O    1.323232   -0.370060    0.073146
 O   -1.286319   -0.448768   -0.055542
 C   -0.112353    2.182210    0.350134
 C    2.689149    0.006550   -0.114521
 C    3.575627   -1.170485    0.249925
 C   -2.641919   -0.008395    0.060586
 C   -3.554693   -1.219211    0.145713
 H    0.737547    2.822204    0.100732
 H   -1.024312    2.699367    0.038601
 H   -0.142324    2.047651    1.437778
 H    2.858348    0.305140   -1.157337
 H    2.916663    0.872680    0.520369
 H    3.356744   -2.024971   -0.394484
 H    4.630834   -0.904945    0.132972
 H    3.403792   -1.469765    1.286399
 H   -2.744802    0.611879    0.959946
 H   -2.919021    0.613282   -0.801807
 H   -3.288642   -1.839565    1.004928
 H   -4.596560   -0.901980    0.254346
 H   -3.468312   -1.828022   -0.757156

diethoxyphosphoroso_P_OOO.xyz
 P   -0.000602    0.700750   -0.385709
 O    0.003429    1.763256    0.669232
 O   -1.220321   -0.375000   -0.320842
 O    1.223450   -0.369230   -0.334946
 C   -2.574147    0.078697   -0.044900
 C   -3.393323   -1.139475    0.328873
 C    2.572596    0.080580   -0.031079
 C    3.390250   -1.144511    0.322840
 H   -2.545807    0.810478    0.766327
 H   -2.968359    0.565074   -0.942339
 H   -4.424865   -0.839928    0.535816
 H   -3.400769   -1.869029   -0.483897
 H   -2.985107   -1.617272    1.221782
 H    2.976269    0.589771   -0.911486
 H    2.531965    0.792684    0.796865
 H    3.408680   -1.854388   -0.507015
 H    4.418799   -0.847850    0.548219
 H    2.973506   -1.644748    1.199398

diethylaminyl_N_CC.xyz
 N   -0.000148   -0.315504   -0.007597
 C    2.461127   -0.377596   -0.029107
 C    1.200779    0.478003    0.068944
 C   -1.201496    0.479135   -0.068528
 C   -2.460508   -0.378274    0.033608
 H    3.359694    0.242253    0.040851
 H    2.487539   -0.915068   -0.980107
 H    2.487564   -1.116883    0.775052
 H    1.198956    1.253616   -0.718024
 H    1.194188    1.037340    1.021799
 H   -1.202899    1.043038   -1.018714
 H   -2.479531   -1.126428   -0.762450
 H   -3.360250    0.238438   -0.048366
 H   -2.490597   -0.904911    0.990566
 H   -1.193038    1.249525    0.723075

difluoro_phenyl_methyl_C_CFF.xyz
 C    1.607413   -0.000735    0.114916
 C    0.208147   -0.001688    0.039409
 C   -0.515164   -1.225633    0.024021
 H    0.024131   -2.164209    0.035547
 C   -1.898687   -1.209730   -0.010858
 H   -2.440534   -2.148527   -0.027854
 C   -2.601402    0.001301   -0.027647
 H   -3.684406    0.002523   -0.054384
 C   -1.896135    1.210768   -0.011522
 H   -2.435959    2.150774   -0.028800
 C   -0.512656    1.223651    0.023452
 H    0.028429    2.161260    0.034909
 F    2.340620    1.097310   -0.047591
 F    2.343740   -1.096135   -0.049080

difluoroaminyl_N_FF.xyz
 N    0.000000    0.000000    0.604981
 F   -0.000000    1.065366   -0.235270
 F   -0.000000   -1.065366   -0.235270

difluoromethyl_C_FFH.xyz
 C    0.030141    0.511367    0.000000
 F    0.030141   -0.242596    1.099443
 F    0.030141   -0.242596   -1.099443
 H   -0.723380    1.298517    0.000000

dihydroxyboranyl_B_OO.xyz
 B    0.000751   -0.519220   -0.000024
 O    1.141730    0.219655   -0.000019
 O   -1.230427    0.019000    0.000012
 H   -1.242841    0.988802    0.000018
 H    1.948656   -0.301946    0.000159

dimethoxyphosphanyl_P_OO.xyz
 P   -0.000000    0.000000    0.600962
 O    0.000000    1.215797   -0.522174
 O   -0.000000   -1.215797   -0.522174
 C    0.000000    2.572747   -0.069029
 C   -0.000000   -2.572747   -0.069029
 H    0.000000    3.194689   -0.962865
 H    0.894149    2.794603    0.523610
 H   -0.894149    2.794603    0.523610
 H   -0.894149   -2.794603    0.523610
 H   -0.000000   -3.194689   -0.962865
 H    0.894149   -2.794603    0.523610

dimethylaminyl_N_CC.xyz
 N    0.000000    0.000000    0.633072
 C   -0.000000    1.194813   -0.169939
 C   -0.000000   -1.194813   -0.169939
 H    0.882569    1.233793   -0.830497
 H   -0.000013    2.082536    0.464902
 H   -0.882553    1.233782   -0.830519
 H    0.882553   -1.233782   -0.830519
 H   -0.882569   -1.233793   -0.830497
 H    0.000013   -2.082536    0.464902

dimethylazaniumyl_N_CCH.xyz
 N   -0.000003   -0.444424   -0.009492
 C    1.278828    0.207581   -0.001147
 C   -1.278846    0.207546   -0.001310
 H   -0.000060   -1.466078    0.017415
 H    1.164121    1.283674   -0.107049
 H    1.901171   -0.208136   -0.805172
 H    1.793019   -0.032537    0.943626
 H   -1.164366    1.283165   -0.112279
 H   -1.790463   -0.027807    0.946161
 H   -1.903294   -0.212070   -0.801521

dimethylboranyl_B_CC.xyz
 B    0.001117   -0.563300   -0.033849
 C   -1.400196    0.100339   -0.009105
 C    1.404760    0.093600   -0.008379
 H   -1.706963    0.140373    1.048119
 H   -2.175045   -0.479048   -0.519108
 H   -1.416543    1.132865   -0.388316
 H    1.572220    0.423653    1.030463
 H    1.457063    1.000106   -0.628988
 H    2.236300   -0.565078   -0.268021

dimethyloxidaniumyl_O_CC.xyz
 O   -0.000112   -0.496187   -0.000404
 C   -1.230300    0.186601   -0.002049
 C    1.230346    0.186618    0.001759
 H   -1.804887   -0.234086   -0.845474
 H   -1.118207    1.268163   -0.038658
 H   -1.765718   -0.168751    0.898264
 H    1.772401   -0.179131   -0.890034
 H    1.798758   -0.224814    0.854088
 H    1.118271    1.268802    0.026790

dimethylphosphanyl_P_CC.xyz
 P    0.000000    0.000000    0.712522
 C    0.000000    1.408118   -0.509571
 C   -0.000000   -1.408118   -0.509571
 H    0.885181    1.369675   -1.153709
 H   -0.000003    2.362503    0.020934
 H   -0.885178    1.369672   -1.153713
 H    0.885178   -1.369672   -1.153713
 H   -0.885181   -1.369675   -1.153709
 H    0.000003   -2.362503    0.020934

dimethylphosphoroso_P_CCO.xyz
 P   -0.225794    0.333283    0.000000
 O    0.928192    1.314140    0.000000
 C   -0.225794   -0.788521    1.463560
 C   -0.225794   -0.788521   -1.463560
 H    0.680954   -1.401404    1.457881
 H   -1.104565   -1.436983    1.443526
 H   -0.240934   -0.186671    2.373080
 H    0.680954   -1.401404   -1.457881
 H   -0.240934   -0.186671   -2.373080
 H   -1.104565   -1.436983   -1.443526

diphenoxyphosphoroso_P_OOO.xyz
 P   -0.014665    1.588983   -0.362927
 O   -0.730802    2.812541    0.090706
 O    1.488026    1.486906    0.285883
 O   -0.632629    0.146979    0.166010
 C    2.353661    0.396911    0.177693
 C    4.146410   -1.708239    0.025305
 C    2.146103   -0.729348    0.968529
 C    3.441253    0.494821   -0.682200
 C    4.339689   -0.568123   -0.754657
 C    3.051560   -1.783890    0.886624
 C   -1.955256   -0.258846    0.028121
 C   -4.552380   -1.215158   -0.167055
 C   -3.007067    0.532229    0.487826
 C   -2.180205   -1.515502   -0.528124
 C   -3.485860   -1.991925   -0.620905
 C   -4.308210    0.042649    0.383544
 H    4.846729   -2.532828   -0.036153
 H    1.286079   -0.771468    1.623158
 H    3.572898    1.393077   -1.272620
 H    5.191936   -0.502455   -1.420799
 H    2.899406   -2.665477    1.498814
 H   -5.567333   -1.587260   -0.243947
 H   -2.805487    1.507567    0.911172
 H   -1.336311   -2.100288   -0.872534
 H   -3.669473   -2.970156   -1.050223
 H   -5.133417    0.649660    0.738049

diphenylaminyl_N_CC.xyz
 N   -0.000000    0.000000    1.160139
 C    0.000000    1.196632    0.502432
 C   -0.000638    3.770242   -0.653837
 C    0.526111    2.314813    1.200288
 C   -0.568995    1.421192   -0.780950
 C   -0.570171    2.691733   -1.337530
 C    0.546379    3.571907    0.619264
 C   -0.000000   -1.196632    0.502432
 C    0.000638   -3.770242   -0.653837
 C    0.568995   -1.421192   -0.780950
 C   -0.526111   -2.314813    1.200288
 C   -0.546379   -3.571907    0.619264
 C    0.570171   -2.691733   -1.337530
 H    0.000115    4.757982   -1.100218
 H    0.926963    2.145125    2.192381
 H   -1.045659    0.600675   -1.302101
 H   -1.027045    2.849833   -2.308432
 H    0.975466    4.408171    1.159884
 H   -0.000115   -4.757982   -1.100218
 H    1.045659   -0.600675   -1.302101
 H   -0.926963   -2.145125    2.192381
 H   -0.975466   -4.408171    1.159884
 H    1.027045   -2.849833   -2.308432

diphenylboranyl_B_CC.xyz
 B    0.000015    0.000082   -0.059181
 C   -1.469941    0.001513   -0.027265
 C   -4.302480    0.004401    0.031820
 C   -2.201165    1.139483    0.427808
 C   -2.221949   -1.134646   -0.452438
 C   -3.606531   -1.130817   -0.399906
 C   -3.586763    1.138176    0.433806
 C    1.469905   -0.000369   -0.027434
 C    4.302497   -0.005377    0.032009
 C    2.222737    1.135179   -0.452429
 C    2.200393   -1.138970    0.427749
 C    3.585982   -1.138673    0.433947
 C    3.607298    1.130291   -0.399769
 H   -5.385793    0.005549    0.054540
 H   -1.666975    2.016818    0.775652
 H   -1.704482   -2.012627   -0.823205
 H   -4.154194   -2.011861   -0.716559
 H   -4.118795    2.020247    0.773420
 H    5.385808   -0.007138    0.054714
 H    1.705899    2.013560   -0.823110
 H    1.665627   -2.015980    0.775559
 H    4.117299   -2.021106    0.773743
 H    4.155633    2.010986   -0.716233

diphenylmethyl_C_CCH.xyz
 C    0.000100   -1.059879    0.003442
 C    1.296976   -0.451471   -0.020193
 C    2.425320   -1.244795    0.316534
 H    2.269192   -2.280462    0.599974
 C    3.708391   -0.721071    0.307917
 H    4.547695   -1.350714    0.582124
 C    3.924009    0.612201   -0.055157
 H    4.927322    1.022086   -0.064288
 C    2.833867    1.404635   -0.424501
 H    2.994016    2.430162   -0.739299
 C    1.545133    0.889166   -0.411918
 H    0.726177    1.507592   -0.753026
 C   -1.296710   -0.451599    0.023966
 C   -2.424124   -1.244867   -0.316516
 H   -2.265843   -2.280834   -0.598302
 C   -3.707414   -0.721383   -0.313165
 H   -4.545444   -1.350669   -0.591901
 C   -3.924095    0.611383    0.050857
 H   -4.927299    1.021626    0.057304
 C   -2.835230    1.403559    0.424558
 H   -2.997332    2.428714    0.739556
 C   -1.546055    0.889081    0.415532
 H   -0.729016    1.509488    0.758228
 H   -0.000470   -2.146743    0.001490

diphenylphosphanyl_P_CC.xyz
 P   -0.000000   -0.000000    1.631704
 C   -0.000000    1.435035    0.504754
 C   -0.066234    3.796037   -1.031886
 C    0.593446    2.624812    0.973750
 C   -0.646925    1.465476   -0.747430
 C   -0.677399    2.632451   -1.503568
 C    0.567400    3.788159    0.211364
 C   -0.000000   -1.435035    0.504754
 C    0.066234   -3.796037   -1.031886
 C   -0.593446   -2.624812    0.973750
 C    0.646925   -1.465476   -0.747430
 C    0.677399   -2.632451   -1.503568
 C   -0.567400   -3.788159    0.211364
 H   -0.090827    4.703018   -1.625418
 H    1.085070    2.629118    1.941377
 H   -1.138518    0.575154   -1.119944
 H   -1.184851    2.637581   -2.462171
 H    1.040410    4.688923    0.586468
 H    0.090827   -4.703018   -1.625418
 H   -1.085070   -2.629118    1.941377
 H    1.138518   -0.575154   -1.119944
 H    1.184851   -2.637581   -2.462171
 H   -1.040410   -4.688923    0.586468

diphenylphosphoroso_P_CCO.xyz
 P   -0.045960    1.226918   -0.616971
 O   -0.100990    2.614598   -0.015211
 C   -1.482664    0.192666   -0.167138
 C   -3.788904   -1.271904    0.432592
 C   -2.711310    0.848613    0.005649
 C   -1.419137   -1.201908   -0.041181
 C   -2.569838   -1.927027    0.260284
 C   -3.855269    0.116729    0.308837
 C    1.477649    0.308801   -0.220693
 C    3.854851   -1.033455    0.369209
 C    1.866403   -0.803446   -0.980658
 C    2.301602    0.765020    0.817120
 C    3.483056    0.088405    1.110891
 C    3.047039   -1.477122   -0.678537
 H   -4.682186   -1.839669    0.666820
 H   -2.757100    1.928159   -0.080111
 H   -0.475317   -1.721174   -0.149591
 H   -2.510892   -3.004277    0.368750
 H   -4.799230    0.630756    0.451165
 H    4.776692   -1.554798    0.600750
 H    1.256330   -1.134188   -1.814662
 H    2.010897    1.642607    1.382437
 H    4.115076    0.438214    1.919457
 H    3.342174   -2.338432   -1.267001

diphenylsulfanyliumyl_S_CC.xyz
 S   -0.000000    0.000000    1.489633
 C    0.000000    1.412009    0.456946
 C    0.046865    3.785301   -0.982519
 C   -0.581219    2.575574    1.008155
 C    0.630909    1.447545   -0.806808
 C    0.646097    2.636333   -1.515777
 C   -0.561297    3.752061    0.278802
 C   -0.000000   -1.412009    0.456946
 C   -0.046865   -3.785301   -0.982519
 C   -0.630909   -1.447545   -0.806808
 C    0.581219   -2.575574    1.008155
 C    0.561297   -3.752061    0.278802
 C   -0.646097   -2.636333   -1.515777
 H    0.067683    4.711455   -1.544381
 H   -1.051999    2.541178    1.983761
 H    1.127073    0.569595   -1.198395
 H    1.141779    2.680583   -2.477819
 H   -1.016828    4.645728    0.686971
 H   -0.067683   -4.711455   -1.544381
 H   -1.127073   -0.569595   -1.198395
 H    1.051999   -2.541178    1.983761
 H    1.016828   -4.645728    0.686971
 H   -1.141779   -2.680583   -2.477819

dodecanoyloxidanyl_O_C.xyz
 O    6.278451    1.276256    0.307158
 C    6.127743    0.062503    0.016134
 O    7.218038   -0.465424   -0.332959
 C    4.827938   -0.678116    0.096947
 C    3.592070    0.215536   -0.081831
 C    2.285480   -0.566890    0.090297
 C    1.035996    0.299382   -0.098738
 C   -0.272713   -0.477564    0.081480
 C   -1.525727    0.384809   -0.104283
 C   -2.833808   -0.392307    0.079520
 C   -4.088400    0.468171   -0.104809
 H    4.809344   -1.163469    1.081254
 H    4.856573   -1.484166   -0.643549
 H    3.620239    0.676379   -1.075048
 H    3.627280    1.037895    0.639662
 H    2.264226   -1.021873    1.088914
 H    2.262149   -1.400344   -0.623995
 H    1.055678    0.751379   -1.098587
 H    1.062796    1.135054    0.612519
 H   -0.289950   -0.930380    1.081316
 H   -0.298659   -1.313681   -0.629794
 H   -1.509950    0.836400   -1.104655
 H   -1.498834    1.221916    0.605736
 H   -2.848682   -0.844560    1.079697
 H   -2.860300   -1.229273   -0.630834
 H   -4.071507    0.923901   -1.103399
 H   -4.063870    1.302761    0.608452
 C   -5.396247   -0.310895    0.072943
 C   -6.652360    0.549603   -0.103912
 C   -7.953768   -0.240599    0.064081
 H   -5.412005   -0.771276    1.069633
 H   -5.423076   -1.142636   -0.643825
 H   -6.633434    1.016284   -1.096504
 H   -6.628253    1.375044    0.618769
 H   -8.026355   -1.043252   -0.676950
 H   -8.831390    0.401128   -0.054773
 H   -8.011158   -0.701705    1.055405

eosin_y_anion_C_CCC.xyz
 C   -0.037129    1.176890   -0.277459
 O    0.255578   -1.617490   -0.052809
 C    1.359389   -0.833871   -0.099689
 C    2.592298   -1.477272   -0.027599
Br    2.661857   -3.378693    0.082141
 C    3.794249   -0.746574   -0.034089
 O    4.977469   -1.414985    0.026261
 C    3.689161    0.644796   -0.095599
Br    5.322632    1.680265   -0.067939
 C    2.472941    1.304518   -0.166209
 H    2.452482    2.384198   -0.179429
 C    1.262160    0.580479   -0.204639
 C   -1.012091   -1.075539   -0.119459
 C   -1.182860    0.331851   -0.246179
 C   -0.172577    2.640500   -0.378599
 C    0.351293    3.309300   -1.499519
 H    0.871033    2.725169   -2.250229
 C    0.179664    4.675670   -1.682359
 H    0.587145    5.154909   -2.566499
 C   -0.542405    5.423741   -0.748539
 H   -0.694484    6.487381   -0.893479
 C   -1.070955    4.789041    0.368691
 H   -1.628505    5.354462    1.104581
 C   -0.872077    3.416991    0.575961
 C   -1.327457    2.811841    1.859291
 O   -0.779698    1.922941    2.462871
 O   -2.453637    3.413122    2.342261
 H   -2.671907    2.948793    3.163241
 C   -2.073702   -1.948658   -0.073739
 C   -3.468342   -1.524177   -0.157559
 C   -3.581660   -0.079816   -0.318679
 C   -2.520619    0.786923   -0.367769
 O   -4.434162   -2.301176   -0.109519
Br   -1.748404   -3.825248    0.094341
Br   -5.363469    0.626725   -0.482569
 H    5.691339   -0.762965    0.035101
 H   -2.708718    1.842223   -0.512419

eosin_y_C_CCC.xyz
 C   -0.022534    1.166663   -0.295326
 O    0.176064   -1.635352   -0.033330
 C    1.304801   -0.882836   -0.103530
 C    2.516107   -1.558160   -0.029560
Br    2.547626   -3.449655    0.129492
 C    3.728691   -0.846672   -0.067590
 O    4.882764   -1.533519    0.000376
 C    3.664242    0.558820   -0.168367
Br    5.316971    1.534674   -0.194548
 C    2.470282    1.239317   -0.241439
 H    2.466075    2.317790   -0.300195
 C    1.236780    0.536540   -0.232850
 C   -1.059223   -1.060436   -0.123669
 C   -1.218292    0.329395   -0.268185
 C   -0.140907    2.637933   -0.394325
 C    0.220127    3.262036   -1.595199
 H    0.583703    2.647975   -2.411045
 C    0.099945    4.639311   -1.759429
 H    0.379788    5.094818   -2.702579
 C   -0.390031    5.425637   -0.718084
 H   -0.491603    6.497361   -0.841175
 C   -0.747637    4.828385    0.484916
 H   -1.119579    5.430924    1.302495
 C   -0.621941    3.443804    0.663783
 C   -0.946958    2.831923    1.982379
 O   -0.762005    1.676853    2.288951
 O   -1.480669    3.722708    2.855974
 H   -1.646757    3.239979    3.678919
 C   -2.154156   -1.914407   -0.069417
 C   -3.527511   -1.406867   -0.173741
 C   -3.628931    0.037072   -0.344155
 C   -2.523909    0.852559   -0.392857
 O   -4.511317   -2.162442   -0.124374
Br   -1.903536   -3.765328    0.138821
Br   -5.365097    0.780350   -0.502168
 H    5.627335   -0.914521   -0.025910
 H   -2.650091    1.918146   -0.527320

ethenyl_C_CH.xyz
 C    0.048035    0.719397    0.000000
 C    0.048035   -0.586264    0.000000
 H    0.967939   -1.167543    0.000000
 H   -0.881306   -1.163732    0.000000
 H   -0.663054    1.532478    0.000000

ethoxydimethylsilyl_Si_CCO.xyz
Si    0.991492   -0.006751   -0.451094
 C   -2.957193   -0.329137    0.303871
 C   -1.744166    0.398699   -0.249852
 O   -0.587619   -0.416247   -0.064135
 C    2.045272   -1.397188    0.261220
 C    1.439835    1.664210    0.325792
 H   -3.097128   -1.283400   -0.209311
 H   -3.859809    0.274829    0.168515
 H   -2.829797   -0.528453    1.370755
 H   -1.878481    0.609238   -1.319010
 H   -1.610307    1.360150    0.263321
 H    3.104649   -1.233950    0.043854
 H    1.755403   -2.364807   -0.154910
 H    1.918187   -1.442053    1.349290
 H    2.487885    1.906785    0.127323
 H    1.297721    1.627154    1.413111
 H    0.829246    2.479499   -0.070748

ethoxysulfonyl_S_OOO.xyz
 S   -1.086092    0.006116   -0.251717
 O   -1.209041    1.378596    0.275471
 O   -1.934735   -1.086317    0.233954
 O    0.473714   -0.522579   -0.020519
 C    1.551064    0.458401   -0.137524
 C    2.837658   -0.289514    0.144129
 H    2.987512   -1.096095   -0.575934
 H    1.370382    1.260326    0.580347
 H    1.540255    0.877790   -1.147560
 H    3.680525    0.403320    0.069968
 H    2.826950   -0.714104    1.149776

ethyl_C_CHH.xyz
 C    0.057208    0.820321   -0.000000
 C    0.057208   -0.694944    0.000000
 H   -0.402710    1.244771    0.889030
 H   -0.402710    1.244771   -0.889030
 H   -0.982695   -1.044452   -0.000000
 H    0.550807   -1.098676    0.885550
 H    0.550807   -1.098676   -0.885550

ethyloxidanyl_O_C.xyz
 O   -1.257383   -0.364423   -0.000125
 C   -0.180145    0.476352    0.000061
 C    1.190461   -0.194575    0.000049
 H   -0.304196    1.159781    0.865014
 H   -0.304078    1.159955   -0.864771
 H    1.308326   -0.824338    0.885258
 H    1.988933    0.553865   -0.000122
 H    1.308182   -0.824540   -0.885040

ethylperoxy_O_O.xyz
 O   -1.489097   -1.080763    0.000000
 C    1.495255    0.922722    0.000000
 C   -0.000000    0.684229    0.000000
 O   -0.210964   -0.766257    0.000000
 H    1.962489    0.489991    0.887255
 H    1.691724    1.997959    0.000000
 H    1.962489    0.489991   -0.887255
 H   -0.493871    1.078253    0.890914
 H   -0.493871    1.078253   -0.890914

ethylsulfanyl_S_C.xyz
 S   -1.198086   -0.159192   -0.000022
 C    1.630135   -0.337988    0.000014
 C    0.443667    0.623078    0.000015
 H    2.572762    0.219602   -0.002589
 H    1.612035   -0.982228   -0.881780
 H    1.614817   -0.979039    0.884172
 H    0.463727    1.289366   -0.871258
 H    0.463228    1.288825    0.871635

ethynyl_C_C.xyz
 C    0.000000    0.000000    0.729779
 C    0.000000    0.000000   -0.473408
 H    0.000000    0.000000   -1.538224

fluoranyl_F.xyz
 F    0.000000    0.000000    0.000000

fluoromethyl_C_FHH.xyz
 C    0.023578    0.658663    0.000000
 F    0.023578   -0.686370   -0.000000
 H   -0.176834    1.112676    0.960762
 H   -0.176834    1.112676   -0.960762

formyl_C_OH.xyz
 C    0.061719    0.583702    0.000000
 O    0.061719   -0.590542   -0.000000
 H   -0.864066    1.222123    0.000000

formyloxidanyl_O_C.xyz
 O    1.044485   -0.257818    0.000000
 C    0.000000    0.433071    0.000000
 O   -1.044480   -0.258390   -0.000000
 H   -0.000045    1.531240    0.000000

furan-2-yl_C_CO.xyz
 C   -0.722489   -0.931260    0.000000
 O   -1.145616    0.328822    0.000000
 C    0.625839   -1.061734    0.000000
 C    1.095802    0.306884    0.000000
 C    0.000000    1.108446    0.000000
 H    2.125004    0.631424    0.000000
 H   -0.160763    2.172211    0.000000
 H    1.205774   -1.968223    0.000000

furan-3-yl_C_CC.xyz
 C    0.754605   -0.968192    0.000000
 O   -1.077522    0.252160   -0.000000
 C   -0.592123   -1.036363    0.000000
 C    1.170900    0.392523   -0.000000
 C    0.000000    1.090232   -0.000000
 H    2.170056    0.795983   -0.000000
 H   -0.228275    2.143006   -0.000000
 H   -1.321897   -1.825472    0.000000

guanosine_radical_N_CC.xyz
 O   -4.495789   -1.908646    0.227767
 N   -1.566231   -2.405277   -0.395989
 O    2.189567   -0.811501   -0.652886
 C    1.113727    0.090206   -0.732541
 C    1.390067    1.170367    0.332702
 C    2.918433    1.294335    0.228315
 C    3.363118   -0.134941   -0.093665
 N   -0.121669   -0.664445   -0.493186
 C   -0.308096   -2.019998   -0.602005
 C   -2.247966   -1.268595   -0.159115
 C   -1.372309   -0.137898   -0.216808
 N   -1.704241    1.114502   -0.030772
 C   -3.078649    1.257918    0.241966
 C   -3.670013   -1.013884    0.144917
 N   -3.989683    0.325879    0.328789
 N   -3.439523    2.548391    0.439211
 O    3.279997    2.137887   -0.851346
 O    0.787943    2.415778    0.090864
 C    3.839060   -0.939145    1.107892
 O    4.158930   -2.274619    0.759463
 H    1.052146    0.548057   -1.726880
 H    1.115813    0.769827    1.317677
 H    3.352081    1.658600    1.167569
 H    4.131250   -0.121515   -0.869133
 H    0.513867   -2.678415   -0.831860
 H   -4.409589    2.754375    0.612962
 H   -2.773404    3.292983    0.328369
 H    2.675583    2.892671   -0.838902
 H   -0.177256    2.262999    0.049056
 H    3.081011   -0.910037    1.904515
 H    4.757469   -0.493285    1.497504
 H    3.381042   -2.671008    0.351894

hex-5-en-1-yl_C_CHH.xyz
 C    2.621838   -0.704078   -0.029361
 C   -2.971952    0.059744   -0.238549
 C   -1.839395   -0.331478    0.342687
 C   -0.481050   -0.311439   -0.296376
 C    0.502532    0.624033    0.428753
 C    1.917909    0.600909   -0.179189
 H   -2.989305    0.422737   -1.262331
 H   -3.921509    0.028352    0.284242
 H   -1.873049   -0.684842    1.373276
 H   -0.061531   -1.325745   -0.297688
 H   -0.569149   -0.008446   -1.346076
 H    0.109704    1.645778    0.403481
 H    0.562871    0.341760    1.487560
 H    1.870303    0.883223   -1.238183
 H    2.508204    1.397139    0.307317
 H    3.326962   -1.056137   -0.772007
 H    2.537211   -1.269960    0.892615

hexan-2-yl_C_CCH.xyz
 C    1.910375    0.481296   -0.059596
 C    3.277455   -0.092652    0.093426
 C    0.701288   -0.393295   -0.078019
 C   -0.626911    0.369338    0.022811
 C   -1.861486   -0.535558   -0.039157
 C   -3.179849    0.238089    0.061454
 H    3.571521   -0.694709   -0.783101
 H    4.036521    0.683161    0.219411
 H    3.337408   -0.768999    0.956462
 H    1.802339    1.519578   -0.359213
 H    0.693057   -1.001292   -1.002255
 H    0.765459   -1.131061    0.736547
 H   -0.678013    1.108492   -0.787360
 H   -0.640188    0.941953    0.958352
 H   -1.844295   -1.107219   -0.975390
 H   -1.809186   -1.276304    0.768771
 H   -3.278393    0.956954   -0.758305
 H   -4.042788   -0.432563    0.020670
 H   -3.238671    0.798701    0.999903

hexan-2-yloxidanyl_O_C.xyz
 O   -1.776990    1.403326   -0.311702
 C    3.447449    0.233494    0.122832
 C    2.170216   -0.510644   -0.278318
 C    0.895014    0.169179    0.233823
 C   -0.382630   -0.580637   -0.147349
 C   -1.679431    0.158010    0.252191
 C   -2.954552   -0.679987    0.061428
 H    3.444246    1.258121   -0.262117
 H    4.340088   -0.265196   -0.265129
 H    3.546069    0.290997    1.211672
 H    2.119082   -0.590145   -1.371148
 H    2.212663   -1.540126    0.099437
 H    0.839054    1.189674   -0.159537
 H    0.949535    0.262997    1.326895
 H   -0.414350   -0.744287   -1.231553
 H   -0.392363   -1.573453    0.317848
 H   -1.595719    0.408144    1.336201
 H   -3.066860   -0.952475   -0.991623
 H   -3.832939   -0.107610    0.364884
 H   -2.908985   -1.599733    0.650137

hexylsulfanyl_S_C.xyz
 S    2.524361   -2.662132    0.000000
 C   -3.469629    2.565688    0.000000
 C   -1.949132    2.381109    0.000000
 C   -1.520160    0.909699    0.000000
 C    0.000000    0.714583    0.000000
 C    0.417968   -0.760978    0.000000
 C    1.936066   -0.942750    0.000000
 H   -3.924713    2.105060    0.882796
 H   -3.744363    3.624185    0.000000
 H   -3.924713    2.105060   -0.882796
 H   -1.519877    2.882204    0.876397
 H   -1.519877    2.882204   -0.876397
 H   -1.949792    0.407589    0.876643
 H   -1.949792    0.407589   -0.876643
 H    0.429814    1.215987    0.877170
 H    0.429814    1.215987   -0.877170
 H   -0.001604   -1.266617    0.876294
 H   -0.001604   -1.266617   -0.876294
 H    2.398123   -0.461309    0.871936
 H    2.398123   -0.461309   -0.871936

hydrazinyl_N_NC.xyz
 N   -0.740644   -0.150882    0.023242
 N    0.595434    0.024498   -0.067164
 H    1.136030   -0.801854    0.143682
 H    1.033242    0.901544    0.194880
 H   -1.152802    0.784994   -0.031103

hydrogen_H.xyz
 H    0.000000    0.000000    0.000000

hydroperoxyl_O_O.xyz
 O    0.055269    0.718669    0.000000
 O    0.055269   -0.609082    0.000000
 H   -0.884303   -0.876698    0.000000

hydroxyaminyl_N_OH.xyz
 N   -0.706755   -0.177610   -0.000181
 O    0.624872    0.148502   -0.000188
 H    1.084627   -0.701617    0.001439
 H   -1.136322    0.756871    0.001333

hydroxyl_O_H.xyz
 O    0.000000    0.000000    0.108417
 H    0.000000    0.000000   -0.867334

hydroxymethyl_C_OHH.xyz
 C   -0.685237    0.027773   -0.059076
 O    0.670543   -0.125472    0.021106
 H   -1.235753   -0.888981    0.090380
 H   -1.120814    0.996338    0.157123
 H    1.103641    0.729778   -0.061897

imidazolidin-2-yl_C_NNH.xyz
 C   -0.532795    1.120970    0.123361
 N    0.864108    0.895265   -0.015567
 C    1.079689   -0.558944   -0.159317
 C   -0.288104   -1.176493    0.183173
 N   -1.187467   -0.086629   -0.215329
 H   -0.952684    2.045840   -0.267370
 H    1.422524    1.332028    0.704787
 H    1.878734   -0.916936    0.492851
 H    1.352364   -0.786695   -1.194938
 H   -0.357095   -1.400365    1.258992
 H   -0.494572   -2.086616   -0.382741
 H   -2.138503   -0.160907    0.121388

iodanyl_I.xyz
 I    0.000000    0.000000    0.000000

iodomethyl_C_IHH.xyz
 C   -0.001479    1.770261   -0.000000
 I   -0.001479   -0.286528    0.000000
 H    0.043633    2.282213    0.948590
 H    0.043633    2.282213   -0.948590

isocyanato_N_C.xyz
 N    0.000000    0.000000   -1.263861
 C    0.000000    0.000000   -0.040576
 O    0.000000    0.000000    1.136310

methanesulfinyl_O_S.xyz
 S   -0.000000    0.557558    0.000000
 O    1.399510   -0.057394    0.000000
 C   -1.167565   -0.851310    0.000000
 H   -2.181206   -0.443874    0.000000
 H   -1.004741   -1.455026    0.894217
 H   -1.004741   -1.455026   -0.894217

methanesulfinylmethyl_C_SHH.xyz
 C   -0.968420    1.254619    0.226498
 O   -0.580802   -1.395365    0.310134
 S   -0.126494   -0.143538   -0.397269
 C    1.575565    0.269425    0.194313
 H    2.227528   -0.520156   -0.177993
 H    1.565697    0.283132    1.283628
 H    1.870673    1.235701   -0.216884
 H   -0.666190    2.229455   -0.139506
 H   -1.970254    1.087136    0.601125

methanesulfonyl_S_COO.xyz
 S   -0.292792    0.198284   -0.000000
 O    0.176540    0.752769    1.294440
 O    0.176540    0.752769   -1.294440
 C    0.176540   -1.588179    0.000000
 H   -0.232813   -2.034822    0.903638
 H    1.266425   -1.618120    0.000000
 H   -0.232813   -2.034822   -0.903638

methanesulfonyloxidanyl_O_S.xyz
 O   -0.581356    1.275954   -0.611403
 C    1.667573    0.001188    0.008259
 S   -0.125516    0.000980   -0.003473
 O   -0.592558   -0.108612    1.405242
 O   -0.576867   -1.170580   -0.796831
 H    2.000383    0.858406    0.591890
 H    2.008839    0.076454   -1.023326
 H    1.999852   -0.931767    0.461388

methoxy_methyl_aminyl_N_CO.xyz
 N    0.037568   -0.734881    0.000000
 C   -1.342362   -1.172033    0.000000
 O    0.000000    0.631973    0.000000
 C    1.325364    1.173244    0.000000
 H   -1.875126   -0.807275    0.888453
 H   -1.341821   -2.262604    0.000000
 H   -1.875126   -0.807275   -0.888453
 H    1.864141    0.851275   -0.894298
 H    1.202803    2.255724    0.000000
 H    1.864141    0.851275    0.894298

methoxy_phenyl_aminyl_N_CO.xyz
 N   -1.305799    0.667717    0.000000
 O   -2.145911   -0.413056    0.000000
 C   -3.507611    0.023298    0.000000
 C    0.000000    0.261491    0.000000
 C    2.744526   -0.323670    0.000000
 C    0.443850   -1.084820    0.000000
 C    0.960167    1.303901    0.000000
 C    2.313022    1.008113    0.000000
 C    1.802925   -1.359351    0.000000
 H   -3.715689    0.614939    0.894719
 H   -4.105659   -0.887364    0.000000
 H   -3.715689    0.614939   -0.894719
 H    3.803887   -0.552668    0.000000
 H   -0.284707   -1.883502    0.000000
 H    0.605733    2.327957    0.000000
 H    3.039587    1.812900    0.000000
 H    2.139148   -2.390532    0.000000

methoxyaminyl_N_OH.xyz
 N   -1.212834   -0.074200    0.000000
 C    1.059519   -0.427860    0.000000
 O   -0.000000    0.537848    0.000000
 H    0.994223   -1.051000    0.894679
 H    0.994223   -1.051000   -0.894679
 H    1.985241    0.145748    0.000000
 H   -1.840965    0.740031    0.000000

methoxycarbonyl_C_OO.xyz
 C   -0.359651   -0.676317    0.000000
 O   -1.457370   -1.113969    0.000000
 O   -0.000000    0.604586    0.000000
 C    1.422924    0.875424    0.000000
 H    1.886266    0.460498    0.895686
 H    1.506785    1.959425    0.000000
 H    1.886266    0.460498   -0.895686

methoxymethyl_C_OHH.xyz
 C    1.205976    0.225319    0.063628
 C   -1.142643    0.167980    0.013250
 O    0.092249   -0.539029   -0.037819
 H   -1.188487    0.925643   -0.778091
 H   -1.932608   -0.565831   -0.139066
 H   -1.269836    0.650816    0.988074
 H    1.145224    1.274129   -0.211820
 H    2.127723   -0.332320   -0.017809

methoxysulfonyl_S_OOO.xyz
 S   -0.580178    0.053555    0.263066
 O   -1.658448   -0.818052   -0.210324
 O   -0.449316    1.450280   -0.191769
 O    0.824909   -0.765365   -0.106677
 C    2.068130   -0.028365   -0.020584
 H    2.263345    0.284332    1.007425
 H    2.048297    0.836389   -0.683656
 H    2.825263   -0.742315   -0.339159

methoxytrimethylsilanidyl_Si_CCO.xyz
Si   -0.377498    0.000166   -0.011460
 C    2.354694   -0.002140    0.203982
 O    1.083475   -0.008928    0.824000
 C   -0.531927    1.552696   -1.061362
 C   -0.530069   -1.527078   -1.098097
 C   -1.669476   -0.016968    1.351472
 H    3.120632   -0.010747    0.986979
 H    2.502103    0.894337   -0.414611
 H    2.502068   -0.884836   -0.434126
 H    0.231684    1.591784   -1.847475
 H   -0.441405    2.458252   -0.448419
 H   -1.510948    1.570185   -1.556995
 H    0.233096   -1.546230   -1.885387
 H   -1.509365   -1.534265   -1.593450
 H   -0.437771   -2.446904   -0.507048
 H   -1.567763    0.863805    1.996121
 H   -1.567076   -0.913240    1.974276
 H   -2.677407   -0.012107    0.922595

methyl_C_HHH.xyz
 C   -0.000000    0.000000    0.108439
 H    0.000000    1.035705   -0.216878
 H   -0.896947   -0.517853   -0.216878
 H    0.896947   -0.517853   -0.216878

methyl_methylimino_sulfanyl_N_CS.xyz
 S   -0.000000    0.720789    0.000000
 N    0.226672   -0.922698    0.000000
 C   -1.818443    0.766496    0.000000
 C    1.634727   -1.298863    0.000000
 H   -2.113502    1.817117    0.000000
 H   -2.197525    0.272005    0.893918
 H   -2.197525    0.272005   -0.893918
 H    1.689702   -2.388533    0.000000
 H    2.167223   -0.926068    0.886674
 H    2.167223   -0.926068   -0.886674

methyl_nitro_aminyl_N_CN.xyz
 N   -0.684541   -0.031040    0.711452
 C   -1.736485   -0.001520   -0.286759
 N    0.580788    0.000984    0.073842
 O    1.050976    1.103648   -0.125382
 O    1.093256   -1.078620   -0.144590
 H   -1.665276    0.913945   -0.889237
 H   -2.692399   -0.029487    0.232301
 H   -1.651003   -0.865175   -0.959789

methyl_phenyl_aminyl_N_CC.xyz
 N    0.289318    1.898993    0.000000
 C    1.678822    2.297617    0.000000
 C   -0.000000    0.582964    0.000000
 C   -0.848460   -2.114073    0.000000
 C   -1.386423    0.237867    0.000000
 C    0.946272   -0.489279    0.000000
 C    0.518508   -1.805778    0.000000
 C   -1.796705   -1.081863    0.000000
 H    2.216763    1.926634    0.885008
 H    2.216763    1.926634   -0.885008
 H    1.736147    3.386630    0.000000
 H   -1.169942   -3.149214    0.000000
 H   -2.097941    1.055050    0.000000
 H    2.006927   -0.274559    0.000000
 H    1.248454   -2.608238    0.000000
 H   -2.854487   -1.320614    0.000000

methylaminyl_N_CH.xyz
 N   -0.803348    0.153009   -0.000217
 C    0.628547   -0.012171   -0.000347
 H    0.970367   -0.593695   -0.872334
 H    0.968783   -0.574376    0.885172
 H    1.127168    0.959000   -0.009475
 H   -1.214162   -0.788965    0.000235

methyloxidanyl_O_C.xyz
 O    0.000000    0.000000    0.795185
 C    0.000000    0.000000   -0.577220
 H    0.000000    1.031080   -0.966054
 H   -0.892942   -0.515540   -0.966054
 H    0.892942   -0.515540   -0.966054

morpholin-3-yl_C_CNH.xyz
 C    0.395073    1.361006   -0.144258
 O    0.943174   -0.997172   -0.322332
 C    1.399474    0.287048    0.120674
 N   -0.924600    1.050563    0.182460
 C   -1.380139   -0.294948   -0.179653
 C   -0.321020   -1.308662    0.246848
 H    2.332689    0.486859   -0.407765
 H    1.632413    0.209943    1.202343
 H    0.686521    2.399645   -0.041254
 H   -1.591968    1.780537   -0.024530
 H   -1.540386   -0.381385   -1.264125
 H   -2.323886   -0.504059    0.332005
 H   -0.584946   -2.308377   -0.102023
 H   -0.243952   -1.326393    1.345127

N,N-dimethylcarbamoyl_C_NO.xyz
 C   -0.875071   -0.718740   -0.000055
 N    0.319638   -0.092954   -0.000015
 C    0.317733    1.377123    0.000025
 C    1.645103   -0.699929    0.000005
 O   -1.962319   -0.223207    0.000015
 H    0.837115    1.744118    0.889785
 H   -0.705651    1.741043    0.000005
 H    0.837171    1.744163   -0.889685
 H    2.195506   -0.380199   -0.889895
 H    2.195475   -0.380231    0.889935
 H    1.574885   -1.783275   -0.000015

N,N-dimethylsulfamoyl_S_NOO.xyz
 S    0.826877   -0.001925    0.263492
 O    1.390817    1.288172   -0.180432
 O    1.398915   -1.283225   -0.195203
 N   -0.845336   -0.002176   -0.257473
 C   -1.582266   -1.236078    0.022150
 H   -1.929362   -1.294205    1.061750
 H   -0.956970   -2.096988   -0.205926
 H   -2.454106   -1.251488   -0.636614
 C   -1.578375    1.236840    0.010568
 H   -2.474854    1.224496   -0.613900
 H   -0.966539    2.091663   -0.270489
 H   -1.884873    1.328405    1.060379

N-_benzenesulfonyl_benzenesulfonamido_N_SS.xyz
 N    0.000000    0.000000    0.992847
 S   -1.104559    1.019651    0.118178
 S    1.104559   -1.019651    0.118178
 O   -2.160416    1.315529    1.074356
 O   -1.427059    0.490301   -1.202934
 O    2.160416   -1.315529    1.074356
 O    1.427059   -0.490301   -1.202934
 C    0.000000    2.412197   -0.019840
 C    1.742200    4.538562   -0.187116
 C    0.789561    2.545746   -1.165345
 C    0.069065    3.314804    1.046615
 C    0.948590    4.386262    0.952296
 C    1.661456    3.625024   -1.241008
 C   -0.000000   -2.412197   -0.019840
 C   -1.742200   -4.538562   -0.187116
 C   -0.789561   -2.545746   -1.165345
 C   -0.069065   -3.314804    1.046615
 C   -0.948590   -4.386262    0.952296
 C   -1.661456   -3.625024   -1.241008
 H    2.431233    5.372879   -0.252603
 H    0.721281    1.813373   -1.957511
 H   -0.562003    3.173183    1.914517
 H    1.016160    5.100501    1.764073
 H    2.282783    3.751732   -2.119292
 H   -2.431233   -5.372879   -0.252603
 H   -0.721281   -1.813373   -1.957511
 H    0.562003   -3.173183    1.914517
 H   -1.016160   -5.100501    1.764073
 H   -2.282783   -3.751732   -2.119292

N-butyl-4-methylbenzenesulfonamido_N_CS.xyz
 N   -1.609662    0.771251   -0.412210
 C   -1.503822   -0.669093   -0.471208
 C   -2.867268   -1.298265   -0.752912
 C   -3.876717   -1.072432    0.377916
 C   -5.240753   -1.704388    0.089879
 H   -1.081836   -1.062275    0.467414
 H   -0.774819   -0.942110   -1.251329
 H   -2.720425   -2.373132   -0.913911
 H   -3.258520   -0.888611   -1.690602
 H   -3.989347    0.004129    0.541161
 H   -3.469247   -1.482974    1.310677
 H   -5.684556   -1.286637   -0.819254
 H   -5.940250   -1.528063    0.911227
 H   -5.156773   -2.787168   -0.049642
 C    1.182442    0.596125    0.087318
 C    1.532274   -0.119575    1.230893
 H    0.958329    0.004594    2.140987
 C    2.636799   -0.965082    1.186993
 H    2.916803   -1.519632    2.076292
 C    3.394929   -1.105861    0.017780
 C    4.610572   -1.997888   -0.012096
 C    3.020411   -0.370947   -1.114612
 H    3.601839   -0.461098   -2.026027
 C    1.921178    0.481356   -1.089375
 H    1.646000    1.063776   -1.960098
 H    4.794632   -2.388168   -1.015247
 H    4.503803   -2.844183    0.670090
 H    5.502664   -1.440677    0.293138
 S   -0.268474    1.654599    0.115557
 O   -0.076311    2.702553   -0.881887
 O   -0.566857    1.974473    1.512914

N-butyltrifluoromethanesulfonamido_N_CS.xyz
 N    0.580155    0.791973    0.284576
 C    1.159908   -0.438790    0.780700
 C    2.680355   -0.311942    0.846751
 C    3.327915   -0.184682   -0.536395
 C    4.849319   -0.034559   -0.468854
 H    0.866083   -1.298964    0.163647
 H    0.737915   -0.624142    1.782072
 H    3.069486   -1.195986    1.365093
 H    2.934097    0.556320    1.463754
 H    2.892599    0.678456   -1.052373
 H    3.070009   -1.065602   -1.137783
 H    5.132859    0.857161    0.098376
 H    5.280802    0.057510   -1.468756
 H    5.314878   -0.898869    0.015481
 S   -1.050279    0.951485   -0.008156
 O   -1.635144    1.558341    1.177615
 O   -1.194750    1.527019   -1.332021
 C   -1.845405   -0.778041   -0.140726
 F   -1.722898   -1.444519    1.012953
 F   -1.250266   -1.481233   -1.111234
 F   -3.132253   -0.632943   -0.428903

N-methyl-4-methylbenzenesulfonamido_N_CS.xyz
 N   -1.484850   -1.909437   -0.000000
 C   -1.785019   -3.325894   -0.000000
 S    0.195160   -1.608640   -0.000000
 O    0.735958   -2.095404    1.272770
 O    0.735958   -2.095404   -1.272770
 C    0.231362    0.176616    0.000000
 C    0.233206    2.962385    0.000000
 C    0.232355    0.857011    1.214442
 C    0.232355    0.857011   -1.214442
 C    0.232355    2.247439   -1.204034
 C    0.232355    2.247439    1.204034
 C    0.268751    4.469317    0.000000
 H   -2.867483   -3.448140   -0.000000
 H   -1.355042   -3.818266   -0.883103
 H   -1.355042   -3.818266    0.883103
 H    0.240785    0.303982    2.145210
 H    0.240785    0.303982   -2.145210
 H    0.232358    2.785167   -2.145975
 H    0.232358    2.785167    2.145975
 H   -0.221216    4.880135    0.885285
 H    1.303455    4.828919    0.000000
 H   -0.221216    4.880135   -0.885285

N-methyl-4-nitrobenzenesulfonamido_N_CS.xyz
 N   -2.653284   -0.033721    1.238933
 N    3.776785   -0.008636    0.181902
 C    2.297656   -0.005123    0.032462
 C   -0.415749    0.007620   -0.243010
 C    1.639172    1.218453   -0.017243
 C    1.632265   -1.223109   -0.060272
 C    0.248918   -1.215537   -0.201586
 C    0.256342    1.223405   -0.157596
 S   -2.203319    0.022661   -0.401023
 O    4.337264   -1.094660    0.222327
 O    4.338743    1.075014    0.256550
 O   -2.621121   -1.225381   -1.041236
 O   -2.610105    1.319779   -0.943315
 C   -4.089277   -0.074461    1.416626
 H    2.205139    2.137186    0.049860
 H    2.194226   -2.145928   -0.025208
 H   -0.305089   -2.140687   -0.289875
 H   -0.292724    2.154351   -0.211619
 H   -4.301676   -0.104500    2.484245
 H   -4.566587    0.806796    0.966159
 H   -4.518902   -0.958784    0.926058

N-methylacetamidyl_N_CC.xyz
 N    0.646949   -0.604987   -0.358613
 C   -0.470210    0.154798   -0.046907
 C    1.918809   -0.185836    0.162422
 C   -1.748125   -0.629750    0.119807
 O   -0.416274    1.377353   -0.032370
 H    1.894430    0.821628    0.589708
 H    2.210775   -0.899637    0.948176
 H    2.680498   -0.257670   -0.618620
 H   -1.584049   -1.520665    0.731305
 H   -2.091262   -0.966979   -0.862640
 H   -2.511690    0.004135    0.569399

N-methylformamidyl_N_CC.xyz
 N    0.405105   -0.533996   -0.005636
 C    1.689024    0.102862    0.002769
 C   -0.678061    0.313223   -0.003623
 O   -1.825585   -0.106517    0.004210
 H    2.243014   -0.249821    0.883464
 H    1.671452    1.201470   -0.003521
 H    2.262134   -0.261995   -0.859968
 H   -0.473433    1.403943   -0.009080

N-methylmethanesulfonamido_N_CS.xyz
 N    1.047562   -0.795464   -0.310615
 C    2.203355    0.030566   -0.052197
 S   -0.481061   -0.148810    0.012731
 C   -0.386070    1.660320   -0.002455
 O   -1.331625   -0.544460   -1.101476
 O   -0.780363   -0.571336    1.381535
 H    3.097557   -0.550544   -0.276383
 H    2.236990    0.334296    1.004828
 H    2.210563    0.946449   -0.658593
 H   -0.059800    1.994919   -0.986470
 H    0.276153    2.007545    0.788431
 H   -1.405218    1.997601    0.186232

N-methyltrifluoromethanesulfonamido_N_CS.xyz
 N   -1.629673   -0.231573    0.000000
 C   -2.529073   -1.365471    0.000000
 S   -0.002191   -0.673028    0.000000
 O    0.350874   -1.286968    1.272142
 O    0.350874   -1.286968   -1.272142
 C    0.735012    1.071055    0.000000
 F    0.350874    1.732319   -1.087339
 F    2.061752    0.949869    0.000000
 F    0.350874    1.732319    1.087339
 H   -2.363965   -1.996885   -0.883979
 H   -2.363965   -1.996885    0.883979
 H   -3.550411   -0.989357    0.000000

N-pentyl-4-methylbenzenesulfonamido_N_CS.xyz
 N    0.341535    0.611146    0.000000
 S   -1.336513    0.322334    0.000000
 O   -1.877640    0.808536    1.273077
 O   -1.877640    0.808536   -1.273077
 C   -1.379652   -1.463610    0.000000
 C   -1.380545   -4.251367    0.000000
 C   -1.380688   -2.145005    1.214483
 C   -1.380688   -2.145005   -1.214483
 C   -1.380688   -3.535882   -1.204052
 C   -1.380688   -3.535882    1.204052
 C   -1.419821   -5.758968    0.000000
 C    0.672238    2.022481    0.000000
 C    2.186795    2.219578    0.000000
 C    2.584283    3.699314    0.000000
 C    4.102315    3.911434    0.000000
 C    4.503583    5.389509    0.000000
 H   -1.390851   -1.592905    2.145761
 H   -1.390851   -1.592905   -2.145761
 H   -1.383033   -4.074091   -2.145806
 H   -1.383033   -4.074091    2.145806
 H   -0.930850   -6.171846   -0.885045
 H   -2.455464   -6.115863    0.000000
 H   -0.930850   -6.171846    0.885045
 H    0.209850    2.503726    0.876467
 H    0.209850    2.503726   -0.876467
 H    2.608295    1.718295    0.877971
 H    2.608295    1.718295   -0.877971
 H    2.149306    4.196244    0.877125
 H    2.149306    4.196244   -0.877125
 H    4.534757    3.413520    0.876436
 H    4.534757    3.413520   -0.876436
 H    4.113437    5.905396    0.883126
 H    5.590695    5.507666    0.000000
 H    4.113437    5.905396   -0.883126

N-phenyl-4-methylbenzenesulfonamido_N_CS.xyz
 N   -0.936316    0.471434   -0.009188
 C   -2.282123    0.458802   -0.008375
 C   -5.084977    0.740922   -0.008458
 C   -3.134331   -0.693828    0.007288
 C   -2.897973    1.751720   -0.024604
 C   -4.270946    1.883179   -0.024388
 C   -4.505450   -0.537353    0.007035
 S   -0.086448   -0.994817    0.012423
 O   -0.324428   -1.710057   -1.246094
 O   -0.326303   -1.672037    1.291465
 C    1.592346   -0.375274    0.004328
 C    4.202090    0.608843   -0.008284
 C    2.223513   -0.100709    1.214653
 C    2.237481   -0.170529   -1.211188
 C    3.540349    0.319591   -1.207481
 C    3.525064    0.389160    1.198424
 C    5.623660    1.113611   -0.010002
 H   -6.163875    0.844203   -0.008165
 H   -2.701460   -1.684230    0.019522
 H   -2.242913    2.613941   -0.036555
 H   -4.720793    2.869148   -0.036494
 H   -5.141836   -1.414629    0.019108
 H    1.704946   -0.279000    2.148291
 H    1.729682   -0.401711   -2.139109
 H    4.050201    0.478137   -2.151789
 H    4.023644    0.602630    2.138119
 H    5.790704    1.833282    0.794936
 H    6.327664    0.287574    0.138097
 H    5.875032    1.595619   -0.957079

N-phenylbenzamidyl_N_CC.xyz
 N   -0.513602    0.377204   -0.700477
 C    0.453394   -0.620110   -0.642236
 O    0.231881   -1.776125   -0.979823
 C    1.812194   -0.155048   -0.229272
 C    4.366542    0.623659    0.584889
 C    2.816579   -1.114048   -0.048591
 C    2.095131    1.197136   -0.000432
 C    3.370247    1.583068    0.404616
 C    4.087878   -0.725895    0.357321
 C   -1.766493    0.201287   -0.260055
 C   -4.435399    0.050708    0.631168
 C   -2.714559    1.222417   -0.583648
 C   -2.213115   -0.903181    0.537038
 C   -3.523471   -0.961723    0.967980
 C   -4.021659    1.141352   -0.147630
 H    5.359494    0.925793    0.898963
 H    2.579158   -2.154772   -0.232942
 H    1.316648    1.933137   -0.156194
 H    3.588375    2.631148    0.575151
 H    4.862262   -1.471740    0.496717
 H   -5.461927   -0.011516    0.973928
 H   -2.367420    2.052334   -1.186790
 H   -1.516993   -1.693202    0.781599
 H   -3.853168   -1.800482    1.570610
 H   -4.729872    1.920144   -0.405994

N-tert-butylphenylamidyl_N_CC.xyz
 N    1.125112    0.298538   -0.534040
 O    0.495871   -1.882852   -0.436215
 C    0.185190   -0.696183   -0.363636
 C   -1.222394   -0.234247   -0.194347
 C   -3.865712    0.575789    0.182476
 C   -2.198886   -1.170897    0.164790
 C   -1.576627    1.110125   -0.365357
 C   -2.896228    1.511755   -0.177530
 C   -3.515305   -0.765470    0.353762
 C    2.428963    0.271899    0.120341
 C    3.386478   -0.494373   -0.831281
 C    2.410804   -0.389489    1.510548
 C    2.883384    1.740920    0.228722
 H   -4.893432    0.889747    0.327495
 H   -1.906376   -2.206407    0.289467
 H   -0.819520    1.825649   -0.662429
 H   -3.169673    2.551330   -0.318038
 H   -4.269940   -1.491299    0.634238
 H    3.374279   -0.050638   -1.828697
 H    3.088784   -1.539730   -0.906595
 H    4.403132   -0.432991   -0.431733
 H    1.711930    0.127812    2.173946
 H    2.121939   -1.438341    1.445393
 H    3.405581   -0.332937    1.960086
 H    3.892328    1.790377    0.646474
 H    2.885998    2.215196   -0.754804
 H    2.214223    2.306313    0.882279

N-trifluoromethanesulfonyltrifluoromethanesulfonamido_N_SS.xyz
 N    0.181370    0.842670   -0.055441
 S   -1.493705    1.046742    0.046484
 S    1.078434   -0.563721    0.205774
 O   -1.730565    1.525319    1.394118
 O   -1.860356    1.788381   -1.139824
 O    1.031505   -0.898707    1.615234
 O    0.805257   -1.528010   -0.841697
 C   -2.343119   -0.659205   -0.115034
 C    2.780453    0.207141   -0.153249
 F   -1.869284   -1.489852    0.804458
 F   -3.639371   -0.456702    0.080301
 F   -2.135041   -1.146108   -1.326473
 F    3.022931    1.184349    0.705489
 F    3.679775   -0.760327   -0.008369
 F    2.805882    0.667473   -1.395514

nonafluorobutyl_C_CFF.xyz
 C   -1.824466   -0.779728    0.104164
 C   -1.052103    0.552621    0.344046
 C    0.382028    0.686279   -0.297537
 C    1.452892   -0.400321    0.048175
 F    1.489990   -0.636470    1.363032
 F    2.652961    0.039591   -0.342442
 F    1.192031   -1.541384   -0.596434
 F    0.257079    0.724873   -1.640161
 F    0.868124    1.875293    0.122973
 F   -1.778881    1.566488   -0.174353
 F   -0.931068    0.741497    1.674487
 F   -1.911612   -1.018128   -1.214456
 F   -1.144191   -1.790993    0.674790

nonyl_C_CHH.xyz
 C   -5.170802   -0.363018   -0.039243
 C    5.050779   -0.349388    0.051390
 C    3.770920    0.480063   -0.091879
 C    2.492456   -0.353669    0.050564
 C    1.205628    0.470790   -0.061012
 C   -0.071164   -0.371961    0.030006
 C   -1.358078    0.459897    0.011126
 C   -2.633005   -0.389146   -0.006481
 C   -3.922640    0.443361    0.065290
 H    5.097951   -1.136474   -0.708273
 H    5.945488    0.270350   -0.056676
 H    5.099084   -0.834789    1.031486
 H    3.767354    0.981807   -1.067355
 H    3.765677    1.279709    0.659594
 H    2.488422   -1.142085   -0.714183
 H    2.506078   -0.872663    1.018035
 H    1.207464    1.020134   -1.011517
 H    1.196452    1.234072    0.728622
 H   -0.088367   -1.089985   -0.800582
 H   -0.045570   -0.973179    0.948187
 H   -1.353024    1.121485   -0.865369
 H   -1.371765    1.120348    0.888117
 H   -2.650440   -0.997672   -0.919574
 H   -2.617951   -1.097223    0.831284
 H   -3.897000    1.198273   -0.742343
 H   -3.933630    1.029520    0.993951
 H   -5.184693   -1.290330   -0.601131
 H   -6.116095    0.017134    0.329154

octadecafluorooctyl_C_CFF.xyz
 C   -3.283973   -1.499553   -0.059313
 C   -2.596633   -0.539212    0.899026
 C   -2.084603    0.844461    0.347616
 C   -1.098169    0.853361   -0.869741
 C    0.340415    0.218661   -0.755145
 C    1.288277    0.757474    0.366627
 C    2.825225    0.441768    0.205890
 C    3.256781   -1.051776    0.046592
 F   -4.308634   -1.007862   -0.733335
 F   -2.499407   -2.247453   -0.812941
 F   -3.497244   -0.222383    1.864689
 F   -1.557900   -1.185252    1.472668
 F   -1.712824    0.186045   -1.879237
 F   -0.950954    2.138888   -1.243653
 F    1.191632    2.104069    0.410630
 F    0.887617    0.254185    1.550487
 F    4.587707   -1.124538    0.133462
 F    2.719928   -1.805863    1.010617
 F    2.882373   -1.531837   -1.143133
 F    3.412003    0.907730    1.331079
 F    3.309569    1.131295   -0.845481
 F    0.203369   -1.114870   -0.593372
 F    0.925174    0.447236   -1.952702
 F   -1.515543    1.520297    1.368894
 F   -3.175078    1.533525   -0.059708

oxan-3-yl_C_CCH.xyz
 C    0.241280    1.416123   -0.146322
 C   -1.146065    0.952099    0.156200
 C    1.371846    0.480790    0.121414
 C   -0.129549   -1.350563    0.245769
 O    1.092843   -0.859739   -0.294408
 C   -1.325716   -0.529127   -0.235818
 H   -1.339425    1.048863    1.240998
 H   -1.890493    1.583323   -0.337843
 H    1.612328    0.465244    1.205103
 H    2.279766    0.780242   -0.405814
 H   -0.079129   -1.338785    1.347899
 H   -0.203282   -2.390538   -0.077310
 H   -2.250578   -0.933165    0.189417
 H   -1.394885   -0.616907   -1.324732
 H    0.452174    2.463705   -0.329914

oxan-4-yl_C_CCH.xyz
 C    0.518819    1.358015    0.000000
 C    0.023245   -0.776650    1.182895
 C    0.023245   -0.776650   -1.182895
 O   -0.628318   -1.227941   -0.000000
 C    0.023245    0.759961   -1.274742
 C    0.023245    0.759961    1.274742
 H    1.066725    2.292673    0.000000
 H   -0.520079   -1.224464    2.016730
 H    1.058324   -1.150640    1.199408
 H   -0.520079   -1.224464   -2.016730
 H    1.058324   -1.150640   -1.199408
 H   -1.014053    1.083177   -1.469564
 H    0.620323    1.083442   -2.133529
 H   -1.014053    1.083177    1.469564
 H    0.620323    1.083442    2.133529

oxidanidyloxidanyl_O_O.xyz
 O    0.000000    0.000000    0.673047
 O    0.000000    0.000000   -0.673047

oxidodiphenylmethyl_C_CCO.xyz
 C   -0.011675    0.927735   -0.037753
 O   -0.051969    2.299722   -0.070413
 C    1.284710    0.289050   -0.024238
 C    2.409320    0.966215    0.508522
 H    2.277503    1.928779    0.990998
 C    3.672863    0.389029    0.483948
 H    4.512493    0.923531    0.914487
 C    3.862419   -0.876575   -0.072082
 H    4.848433   -1.325691   -0.089587
 C    2.765908   -1.557018   -0.610871
 H    2.905020   -2.532427   -1.063990
 C    1.500638   -0.989358   -0.592988
 H    0.672546   -1.512112   -1.053914
 C   -1.300091    0.294070    0.011675
 C   -1.474619   -1.026255    0.495928
 H   -0.621142   -1.577653    0.868334
 C   -2.733252   -1.607020    0.542900
 H   -2.839894   -2.616620    0.924405
 C   -3.862076   -0.896719    0.124600
 H   -4.843253   -1.355439    0.163471
 C   -3.712502    0.416226   -0.329751
 H   -4.582486    0.980650   -0.647359
 C   -2.459197    1.008409   -0.382388
 H   -2.352312    2.025162   -0.736237
 H    0.784174    2.637312   -0.412318

oxolan-2-yl_C_COH.xyz
 C    0.625816   -1.060204   -0.150742
 C   -1.158736    0.355423    0.147221
 C    0.064009    1.216360   -0.192220
 C    1.232570    0.271330    0.158741
 O   -0.744228   -1.014688   -0.055283
 H   -2.027039    0.540597   -0.486309
 H   -1.454840    0.464226    1.196585
 H    0.079903    2.153185    0.367412
 H    0.078552    1.450774   -1.259653
 H    1.502111    0.370450    1.224031
 H    2.136903    0.474385   -0.420715
 H    1.056280   -2.033565    0.042919

pentafluorophenyl_C_CC.xyz
 C    0.000326   -1.639672    0.000000
 F    2.374913   -1.672802    0.000000
 C    1.215617   -1.007970    0.000000
 C    1.213504    0.388376    0.000000
 C   -0.000000    1.074532    0.000000
 C   -1.213177    0.388134   -0.000000
 C   -1.214865   -1.008052   -0.000000
 F    2.360248    1.071295    0.000000
 F   -0.001101    2.408289   -0.000000
 F   -2.360964    1.069527   -0.000000
 F   -2.374032   -1.673207   -0.000000

pentyl_C_CHH.xyz
 C   -2.598452   -0.341259    0.010359
 C    2.495586   -0.304581    0.022970
 C    1.206720    0.519696   -0.048527
 C   -0.060829   -0.335536    0.048624
 C   -1.359302    0.485215   -0.016363
 H    2.558290   -0.860451    0.963952
 H    3.382514    0.331504   -0.046390
 H    2.544986   -1.032844   -0.793129
 H    1.202985    1.264798    0.757055
 H    1.187853    1.088065   -0.986664
 H   -0.046350   -0.908746    0.983506
 H   -0.063345   -1.075606   -0.762438
 H   -1.378401    1.215396    0.803191
 H   -1.337521    1.094412   -0.938731
 H   -2.617661   -1.319447   -0.457326
 H   -3.535687    0.061711    0.374595

pentylaminyl_N_CH.xyz
 N   -1.439685   -2.880169    0.000000
 C    1.437029    2.789244    0.000000
 C    1.416523    1.257943    0.000000
 C   -0.000000    0.672400    0.000000
 C   -0.024779   -0.858703    0.000000
 C   -1.438526   -1.438326    0.000000
 H    0.930067    3.191986    0.882913
 H    2.459923    3.176010    0.000000
 H    0.930067    3.191986   -0.882913
 H    1.960415    0.883950    0.876064
 H    1.960415    0.883950   -0.876064
 H   -0.544446    1.048432    0.876915
 H   -0.544446    1.048432   -0.876915
 H    0.508301   -1.242918    0.876983
 H    0.508301   -1.242918   -0.876983
 H   -2.005312   -1.065614    0.873762
 H   -2.005312   -1.065614   -0.873762
 H   -2.421659   -3.181844    0.000000

pentylazaniumyl_N_CHH.xyz
 N    3.102018   -0.168556    0.002484
 C   -3.160104    0.237414    0.000968
 C   -1.852549   -0.569907   -0.010621
 C   -0.631066    0.384160    0.010939
 C    0.648571   -0.449643    0.011760
 C    1.923948    0.582013   -0.015918
 H   -3.241008    0.858721    0.895959
 H   -4.008580   -0.453073   -0.007979
 H   -3.241141    0.883165   -0.876493
 H   -1.816138   -1.235430    0.857260
 H   -1.808776   -1.200506   -0.903360
 H   -0.675641    1.017878    0.901099
 H   -0.663039    1.039342   -0.864706
 H    0.742387   -1.063084    0.909333
 H    0.729654   -1.087830   -0.869773
 H    1.841433    1.156598   -0.938137
 H    1.845462    1.207908    0.872622
 H    3.499789   -0.552205   -0.850869
 H    3.508672   -0.495816    0.874888

phenyl_C_CFF.xyz
 C   -1.824466   -0.779728    0.104164
 C   -1.052103    0.552621    0.344046
 C    0.382028    0.686279   -0.297537
 C    1.452892   -0.400321    0.048175
 F    1.489990   -0.636470    1.363032
 F    2.652961    0.039591   -0.342442
 F    1.192031   -1.541384   -0.596434
 F    0.257079    0.724873   -1.640161
 F    0.868124    1.875293    0.122973
 F   -1.778881    1.566488   -0.174353
 F   -0.931068    0.741497    1.674487
 F   -1.911612   -1.018128   -1.214456
 F   -1.144191   -1.790993    0.674790

phenyl_methylimino_sulfanyl_N_CS.xyz
 S   -1.473230   -0.587952    0.000000
 N   -0.847874   -2.115475    0.000000
 C    1.283458   -0.125871    0.000000
 C    0.926065    2.649816    0.000000
 C    2.384657    0.727474    0.000000
 C   -0.000000    0.422921    0.000000
 C   -0.183980    1.809327    0.000000
 C    2.213380    2.112239    0.000000
 C   -1.877942   -3.147003    0.000000
 H    1.399535   -1.201568    0.000000
 H    0.783428    3.724567    0.000000
 H    3.383754    0.305731    0.000000
 H   -1.184790    2.228545    0.000000
 H    3.076792    2.767545    0.000000
 H   -2.524771   -3.093570    0.886944
 H   -1.376207   -4.115555    0.000000
 H   -2.524771   -3.093570   -0.886944

phenylaminyl_N_CH.xyz
 N    0.068555    2.354951    0.000000
 C   -0.000000    1.019759    0.000000
 C    0.019806   -1.806744    0.000000
 C   -1.221251    0.265909    0.000000
 C    1.230106    0.283788    0.000000
 C    1.230799   -1.096591    0.000000
 C   -1.201793   -1.114920    0.000000
 H   -0.876981    2.747777    0.000000
 H    0.026645   -2.890515    0.000000
 H   -2.163733    0.804603    0.000000
 H    2.151336    0.853875    0.000000
 H    2.170298   -1.637783    0.000000
 H   -2.133455   -1.669813    0.000000

phenylethanyliumyl_C_CHH.xyz
 C    2.793096   -0.190773    0.680820
 C    1.978573    0.230795   -0.498748
 C    0.484896    0.114926   -0.273178
 C   -0.310395    1.247734   -0.083302
 H    0.145810    2.232073   -0.117732
 C   -1.681287    1.129118    0.148782
 H   -2.282448    2.020137    0.292975
 C   -2.276369   -0.129625    0.193005
 H   -3.341672   -0.224163    0.370851
 C   -1.491996   -1.268349    0.004867
 H   -1.947189   -2.252241    0.035409
 C   -0.123990   -1.144735   -0.224488
 H    0.482891   -2.033278   -0.366854
 H    3.846222   -0.419749    0.568320
 H    2.373366   -0.163410    1.678578
 H    2.220860    1.270950   -0.772561
 H    2.266990   -0.364873   -1.375533

phenylmethanesulfonyl_S_COO.xyz
 S   -2.074622   -0.048753   -0.397447
 O   -1.817378    1.391629   -0.647187
 O   -3.380351   -0.486821    0.158591
 C   -0.766754   -0.595148    0.923069
 C    0.621236   -0.310513    0.490874
 C    1.397952   -1.318558   -0.096185
 H    0.982214   -2.313203   -0.219398
 C    2.699334   -1.054041   -0.511674
 H    3.294710   -1.841852   -0.958540
 C    3.235667    0.224238   -0.352345
 H    4.249212    0.430971   -0.676693
 C    2.465666    1.236608    0.221668
 H    2.877839    2.231792    0.341037
 C    1.164447    0.973344    0.636719
 H    0.558259    1.764355    1.062737
 H   -0.991316   -1.650926    1.061879
 H   -1.100429   -0.015130    1.784140

phenyloxidanyl_O_C.xyz
 O    2.300533   -0.000301    0.000000
 C   -1.782815    0.000421   -0.000001
 C   -1.086212   -1.224226    0.000001
 C    0.289264   -1.239675    0.000001
 C   -1.085255    1.224530   -0.000001
 C    0.290204    1.239359   -0.000001
 C    1.047354   -0.000297    0.000000
 H   -2.866779    0.001345   -0.000001
 H   -1.643092   -2.154565    0.000001
 H    0.855375   -2.163716    0.000002
 H   -1.641540    2.155325   -0.000002
 H    0.856528    2.163344   -0.000001

piperidin-1-ium-1-yl_N_CCH.xyz
 N    0.000274   -1.352219   -0.207013
 C   -1.238640   -0.784991    0.236182
 C   -1.266502    0.722844   -0.238368
 C   -0.000244    1.438754    0.226142
 C    1.266350    0.723255   -0.238498
 C    1.238872   -0.784706    0.236360
 H   -1.264365   -0.802073    1.330156
 H   -2.076199   -1.348632   -0.171323
 H   -2.173844    1.160073    0.184275
 H   -1.360813    0.742894   -1.327464
 H   -0.000277    1.538058    1.316556
 H   -0.000358    2.456318   -0.181426
 H    2.173618    1.160870    0.183879
 H    1.360348    0.743181   -1.327642
 H    1.263935   -0.801113    1.330333
 H    2.076703   -1.348276   -0.170632
 H    0.000318   -1.926707   -1.048523

piperidin-1-yl_N_CC.xyz
 N    0.001849   -1.448457   -0.320064
 C   -1.192981   -0.813914    0.191122
 C   -1.259186    0.676678   -0.223563
 C   -0.001732    1.420254    0.239995
 C    1.257491    0.679615   -0.223649
 C    1.195029   -0.811101    0.191257
 H   -1.205391   -0.867068    1.294253
 H   -2.069236   -1.352290   -0.178756
 H   -2.165197    1.125784    0.195261
 H   -1.345759    0.733812   -1.314171
 H   -0.001870    1.486219    1.335375
 H   -0.002873    2.447543   -0.138930
 H    2.162541    1.130989    0.194775
 H    1.343467    0.736730   -1.314323
 H    1.207122   -0.864153    1.294390
 H    2.072531   -1.347558   -0.178401

piperidin-2-yl_C_CNH.xyz
 C   -0.096609    1.444120    0.149642
 N    1.128379    0.853882   -0.166530
 C    1.327761   -0.555483    0.184751
 C    0.135224   -1.392868   -0.282551
 C   -1.175924   -0.819275    0.272337
 C   -1.331559    0.651081   -0.153323
 H    1.929977    1.434521    0.037161
 H    1.442832   -0.674274    1.275099
 H    2.251138   -0.900216   -0.288107
 H    0.275150   -2.430088    0.037192
 H    0.102498   -1.390171   -1.378641
 H   -1.164861   -0.881153    1.367202
 H   -2.029741   -1.408638   -0.076108
 H   -2.194749    1.108652    0.338782
 H   -1.545274    0.673525   -1.238475
 H   -0.118978    2.525214    0.066471

piperidin-3-yl_C_CCH.xyz
 C    0.372476    1.355107    0.274110
 N    0.887208   -0.883106   -0.479809
 C   -0.270805   -1.325474    0.302953
 C   -1.459815   -0.370597    0.062220
 C   -0.974688    1.063963   -0.294410
 C    1.457450    0.347971    0.075644
 H    1.590300   -1.610110   -0.531762
 H   -0.037124   -1.355278    1.382621
 H   -0.531041   -2.342696    0.001406
 H   -2.081230   -0.341734    0.962191
 H   -2.085719   -0.748089   -0.751220
 H   -1.707020    1.808336    0.028074
 H   -0.923393    1.136426   -1.392884
 H    0.612219    2.313491    0.718383
 H    1.979700    0.173751    1.039786
 H    2.225140    0.721824   -0.621020

piperidin-4-yl_C_CCH.xyz
 C   -0.005935    1.455831    0.166927
 C    1.219154   -0.726252    0.217541
 C    1.280262    0.765632   -0.154221
 C   -1.286532    0.755631   -0.154211
 C   -1.212927   -0.735812    0.217491
 N    0.005394   -1.319779   -0.347029
 H    1.254029   -0.819022    1.318361
 H    2.087711   -1.251773   -0.188532
 H    1.480225    0.831477   -1.237854
 H    2.124113    1.246113    0.350974
 H   -0.011863    2.514461    0.402404
 H   -1.487103    0.820388   -1.237795
 H   -2.134299    1.228883    0.351258
 H   -2.077334   -1.268260   -0.188405
 H   -1.246750   -0.828922    1.318316
 H    0.009384   -2.325068   -0.220691

prop-1-en-1-yl_C_CH.xyz
 C   -1.305537    0.353055    0.000000
 C   -0.000000    0.443598    0.000000
 C    0.974161   -0.707731    0.000000
 H   -2.160331    1.012519    0.000000
 H    0.448689    1.445545    0.000000
 H    0.454376   -1.666903    0.000000
 H    1.622759   -0.662345    0.880939
 H    1.622759   -0.662345   -0.880939

prop-2-en-1-ly_C_CHH.xyz
 C    1.283582   -0.162934   -0.098508
 C   -1.193669   -0.224568    0.031033
 C   -0.056564    0.466862   -0.045484
 H   -0.079555    1.553001   -0.058311
 H   -2.154252    0.272826    0.097126
 H   -1.201042   -1.310179    0.034429
 H    1.981497    0.254876    0.623167
 H    1.253254   -1.246682   -0.018655

propan-2-yl_C_CCH.xyz
 C    0.035474    0.622389    0.000000
 C    0.035474   -0.208354    1.274270
 C    0.035474   -0.208354   -1.274270
 H    0.025006    0.415242    2.169330
 H    0.910030   -0.861751    1.320120
 H   -0.861629   -0.839651    1.285390
 H   -0.785345    1.338237   -0.000000
 H    0.910030   -0.861751   -1.320120
 H    0.025006    0.415242   -2.169330
 H   -0.861629   -0.839651   -1.285390

propan-2-ylperoxy_O_O.xyz
 O    1.938325   -0.150183   -0.122480
 C   -0.491396    1.467543    0.108742
 C   -0.371889    0.020436   -0.341421
 C   -1.557427   -0.855706    0.022599
 O    0.790667   -0.603904    0.332981
 H   -0.679015    1.524324    1.184396
 H   -1.322378    1.949548   -0.413130
 H    0.423929    2.015889   -0.119908
 H   -0.147324   -0.036843   -1.409700
 H   -1.725116   -0.853361    1.102560
 H   -2.458501   -0.474835   -0.464327
 H   -1.399251   -1.885661   -0.303417

propanyliumyl_C_CCH.xyz
 C    0.000001    0.539395   -0.040721
 C   -1.294070   -0.198823    0.002394
 C    1.294071   -0.198820    0.002397
 H   -2.148427    0.453405   -0.194270
 H   -1.313767   -1.016856   -0.729981
 H   -0.000009    1.615675    0.092459
 H    1.313873   -1.016684   -0.730168
 H    1.463699   -0.669869    0.985731
 H    2.148450    0.453455   -0.194012
 H   -1.463825   -0.669642    0.985818

propyl_C_CHH.xyz
 C   -1.317649   -0.325968   -0.142158
 C   -0.077591    0.528938    0.057919
 C    1.247558   -0.229325   -0.032443
 H   -1.371842   -1.155182    0.561419
 H   -2.238237    0.251097   -0.103228
 H   -0.177326    0.970083    1.060216
 H   -0.085703    1.364162   -0.648824
 H    1.264267   -1.082496    0.652849
 H    1.407608   -0.612263   -1.042434
 H    2.087324    0.422728    0.220097

propyloxidanyl_O_C.xyz
 O   -1.949354    0.141105    0.000744
 C    1.827398   -0.170555    0.002046
 C    0.476644    0.552170   -0.001788
 C   -0.705068   -0.419889   -0.004003
 H    1.935027   -0.820232   -0.872741
 H    2.655445    0.541890   -0.013572
 H    1.945251   -0.794137    0.894140
 H    0.394578    1.196855   -0.883139
 H    0.388620    1.204307    0.873160
 H   -0.649889   -1.128318   -0.856256
 H   -0.668049   -1.099561    0.874919

pyranose_C_COO.xyz
 C   -1.118200   -1.270015   -0.185642
 C    1.080624   -0.457757   -0.603593
 C    0.716370    0.862764    0.077693
 C   -0.738539    1.190876   -0.215561
 C   -1.643720    0.062119    0.293968
 O    0.232700   -1.493400   -0.063848
 C    2.541111   -0.858791   -0.403891
 H    0.886722   -0.381680   -1.681683
 O    1.608406    1.864412   -0.397815
 H    0.833039    0.733705    1.161249
 O   -1.037244    2.429558    0.416845
 O   -2.996825    0.297244   -0.085403
 H   -1.643918    0.086709    1.393448
 O   -1.843157   -2.342245    0.233382
 O    3.034430   -0.634641    0.908173
 H    3.142641   -0.321462   -1.144436
 H    2.632261   -1.929249   -0.597473
 H    1.252844    2.719019   -0.124699
 H   -1.980848    2.599470    0.311082
 H   -3.142180   -0.106691   -0.949855
 H   -1.325471   -3.139980    0.065814
 H    3.201455    0.309608    1.001545
 H   -0.868895    1.287943   -1.303518

pyrazin-2-yl_C_CN.xyz
 C   -0.011266   -1.379945    0.000000
 C   -1.188177    0.547859    0.000000
 C    0.000000    1.272717    0.000000
 N   -1.187778   -0.791295    0.000000
 C    1.195650   -0.664704    0.000000
 N    1.191580    0.665174    0.000000
 H   -2.155169    1.039976    0.000000
 H   -0.003506    2.357678    0.000000
 H    2.154815   -1.170369    0.000000

pyridin-1-ium-2-yl_C_CN.xyz
 C    0.025517   -1.366358    0.000000
 C    1.219242    0.647279    0.000000
 C   -0.000000    1.337489    0.000000
 C   -1.186162    0.634869    0.000000
 C    1.247946   -0.755412    0.000000
 N   -1.137710   -0.729201    0.000000
 H    2.154757    1.196291    0.000000
 H   -0.027042    2.419249    0.000000
 H   -2.169328    1.086590    0.000000
 H    2.171135   -1.320550    0.000000
 H   -2.004803   -1.264376    0.000000

pyridin-1-ium-3-yl_C_CC.xyz
 C   -1.240833   -0.664746    0.000000
 C   -0.121068   -1.462882    0.000000
 C    1.118518   -0.802806    0.000000
 C    1.153055    0.581151    0.000000
 C   -1.225372    0.699721    0.000000
 N   -0.000000    1.286285    0.000000
 H   -0.179305   -2.546326    0.000000
 H    2.047389   -1.359300    0.000000
 H    2.070938    1.153479    0.000000
 H    0.051559    2.302378    0.000000
 H   -2.096379    1.343148    0.000000

pyridin-1-ium-4-yl_C_CC.xyz
 C   -0.000023   -1.407670    0.000000
 C   -1.228441   -0.787026    0.000000
 C   -1.195338    0.599384    0.000000
 C    1.228380   -0.786993    0.000000
 C    1.195344    0.599326    0.000000
 N    0.000000    1.234430    0.000000
 H   -2.171710   -1.319517    0.000000
 H   -2.080518    1.222676    0.000000
 H    0.000091    2.250642    0.000000
 H    2.080724    1.222766    0.000000
 H    2.171882   -1.319700    0.000000

pyridin-1-ylium-1-yl_N_CC.xyz
 N   -0.000000    1.276032    0.000000
 C    1.199111    0.747150    0.000000
 C   -1.199304    0.747497    0.000000
 C   -1.214057   -0.655905    0.000000
 C    0.000017   -1.341610    0.000000
 C    1.214110   -0.656163    0.000000
 H    2.079269    1.382841    0.000000
 H   -2.078720    1.383998    0.000000
 H   -2.173724   -1.159227    0.000000
 H    0.000089   -2.426033    0.000000
 H    2.173830   -1.159614    0.000000

pyridin-2-yl_C_CN.xyz
 C   -0.099058   -1.371811    0.000000
 C    1.202161    0.589103    0.000000
 C   -0.000000    1.306850    0.000000
 C   -1.200957    0.608738    0.000000
 C    1.172367   -0.804923    0.000000
 N   -1.215936   -0.740971    0.000000
 H    2.151722    1.114759    0.000000
 H   -0.002693    2.390279    0.000000
 H   -2.160155    1.114746    0.000000
 H    2.075599   -1.400733    0.000000

pyridin-3-yl_C_CC.xyz
 C   -0.075205   -1.378513    0.000000
 H   -0.009668    2.368281    0.000000
 C    0.000000    1.282224    0.000000
 N   -1.197604    0.690381    0.000000
 C   -1.248050   -0.654646    0.000000
 H   -2.231289   -1.111613    0.000000
 C    1.174901   -0.809520    0.000000
 H    2.085338   -1.399377    0.000000
 C    1.212311    0.590935    0.000000
 H    2.155105    1.127158    0.000000

pyridin-4-yl_C_CC.xyz
 C    1.204135   -0.693606    0.000000
 C    1.250785    0.677329   -0.000000
 C   -0.000000    1.319916   -0.000000
 C    0.041671   -1.421801    0.000000
 C   -1.141747   -0.662425    0.000000
 N   -1.164789    0.670970   -0.000000
 H    2.170425    1.250647   -0.000000
 H   -0.047837    2.405885   -0.000000
 H    0.007371   -2.504841    0.000000
 H   -2.105498   -1.164958    0.000000

pyrimidin-2-yl_C_NN.xyz
 C    0.000234   -1.325319   -0.000000
 N   -1.188613   -0.784331    0.000000
 C   -1.189858    0.561663    0.000000
 C   -0.000000    1.286141    0.000000
 C    1.189897    0.562182   -0.000000
 N    1.188452   -0.784073   -0.000000
 H   -0.000779    2.368747    0.000000
 H    2.159001    1.051205   -0.000000
 H   -2.158728    1.050861    0.000000

pyrimidin-4-yl_C_CN.xyz
 C    1.150006   -0.735819    0.000000
 N    0.050525   -1.399969    0.000000
 C    1.239112    0.650492    0.000000
 C    0.000000    1.292422    0.000000
 C   -1.101843   -0.694675    0.000000
 N   -1.165409    0.629257    0.000000
 H    2.173427    1.195670    0.000000
 H   -0.061582    2.377711    0.000000
 H   -2.031303   -1.252922    0.000000

pyrrolidin-2-yl_C_CNH.xyz
 C   -0.146512    1.252867   -0.093753
 N    1.078158    0.574124   -0.170554
 C   -1.256341    0.269782    0.140348
 C   -0.577325   -1.081438   -0.191069
 C    0.894493   -0.839698    0.179459
 H    1.906481    1.037413    0.176434
 H   -0.166985    2.309527    0.131380
 H   -2.140481    0.451896   -0.478820
 H   -1.602629    0.274726    1.187961
 H   -0.657977   -1.284457   -1.262464
 H   -1.009412   -1.925440    0.349555
 H    1.586547   -1.478033   -0.375232
 H    1.051458   -1.013579    1.255152

pyrrolidin-3-yl_C_CCH.xyz
 C    0.187378    1.250686   -0.021894
 C    1.260305    0.208522    0.117449
 N    0.598017   -1.089061   -0.144829
 C   -0.817218   -0.884651    0.215445
 C   -1.153719    0.593091   -0.121354
 H    0.354948    2.318852    0.027467
 H    1.679432    0.199496    1.137362
 H    2.111619    0.350261   -0.558712
 H    0.659864   -1.291130   -1.137949
 H   -0.929629   -1.052901    1.292112
 H   -1.449616   -1.608799   -0.301310
 H   -1.900965    1.025955    0.554799
 H   -1.572241    0.675801   -1.137841

sulfanyl_S_H.xyz
 S    0.000000    0.000000    0.079552
 H    0.000000    0.000000   -1.272826

sulfanylmethyl_C_SHH.xyz
 C    0.051582    1.144510   -0.000000
 S    0.051582   -0.589559   -0.000000
 H    1.014800    1.630726   -0.000000
 H   -0.866534    1.710602    0.000000
 H   -1.283079   -0.775441    0.000000

sulfonatooxidanyl_O_S.xyz
 O    1.238692    0.881193    0.000000
 S   -0.000001    0.079029    0.000000
 O   -1.238689    0.881202    0.000000
 O   -0.000001   -0.960227    1.137670
 O   -0.000001   -0.960227   -1.137670

sulfonatoperoxy_O_O.xyz
 O    2.006646   -0.894229    0.000000
 S   -0.513356    0.129386    0.000000
 O   -0.790977   -0.593782    1.247796
 O   -0.790977   -0.593782   -1.247796
 O   -0.790977    1.572318    0.000000
 O    1.392999    0.250703    0.000000

tert-butyl_C_CCC.xyz
 C   -0.000824   -0.000133   -0.161575
 C    0.753955   -1.278853    0.015798
 C   -1.485626   -0.012765    0.015959
 C    0.731636    1.291534    0.015657
 H    0.901709   -1.519159    1.084685
 H    1.751364   -1.227430   -0.432394
 H    0.223713   -2.129633   -0.423914
 H   -1.768147   -0.008753    1.084614
 H   -1.940269   -0.906621   -0.423003
 H   -1.956834    0.867191   -0.433746
 H    0.883387    1.530950    1.084577
 H    1.727013    1.260345   -0.439011
 H    0.183223    2.134417   -0.416844

tert-butyloxidanyl_O_C.xyz
 O    0.004264    0.265808    1.430620
 C    1.261702   -0.816441   -0.313401
 C   -0.000583   -0.026409    0.082891
 C    0.025405    1.388696   -0.581246
 C   -1.290261   -0.770502   -0.314092
 H    2.160257   -0.261733   -0.036050
 H    1.280789   -1.007775   -1.390081
 H    1.278393   -1.778792    0.204578
 H    0.924794    1.931756   -0.288624
 H   -0.854132    1.964000   -0.289973
 H    0.023820    1.250613   -1.665632
 H   -2.168446   -0.183821   -0.037333
 H   -1.341718   -1.731574    0.203986
 H   -1.315445   -0.961199   -1.390745

tert-butylsulfanyl_S_C.xyz
 S    1.535391    0.004766   -0.073936
 C   -0.313094    0.000436   -0.006850
 C   -0.862508   -1.209152   -0.778243
 C   -0.859646    1.315086   -0.585842
 C   -0.668033   -0.113978    1.490882
 H   -0.588453   -1.161795   -1.835111
 H   -1.956420   -1.227239   -0.714312
 H   -0.474447   -2.143794   -0.369154
 H   -0.574956    1.433171   -1.634308
 H   -0.480579    2.176271   -0.032414
 H   -1.954143    1.320049   -0.532587
 H   -0.281243   -1.038745    1.924678
 H   -1.758646   -0.120090    1.594762
 H   -0.277685    0.731557    2.061743

tetramethyl-1,3,2-dioxaborolan-2-yl_B_OO.xyz
 B    0.000171    1.982066   -0.001778
 O   -1.085890    1.258768   -0.368654
 O    1.086168    1.259399    0.366473
 C    0.788990   -0.154988    0.042085
 C   -0.788736   -0.155096   -0.041758
 C    1.376268   -1.025137    1.144631
 C   -1.376075   -1.027284   -1.142743
 H    2.464442   -0.935583    1.140270
 H   -2.464212   -0.937259   -1.138882
 C    1.475167   -0.444823   -1.294170
 C   -1.475712   -0.442108    1.294846
 H    1.121287   -2.076257    0.980993
 H    1.017358   -0.727262    2.129103
 H   -1.121548   -2.078178   -0.976936
 H   -1.016720   -0.731615   -2.127773
 H    1.079187    0.184914   -2.092854
 H    1.354826   -1.491929   -1.582598
 H    2.541848   -0.234665   -1.195900
 H   -1.080803    0.189368    2.092713
 H   -1.355902   -1.488624    1.585755
 H   -2.542254   -0.231954    1.195109

thian-2-yl_C_CSH.xyz
 C   -0.407076    1.385080    0.198540
 S   -1.520598    0.084660   -0.100474
 C   -0.458644   -1.380541    0.258267
 C    0.952064   -1.256206   -0.314180
 C    1.702864   -0.039018    0.244027
 C    1.045469    1.291658   -0.158560
 H   -0.992660   -2.230543   -0.170400
 H   -0.424545   -1.508634    1.343693
 H    0.898743   -1.190567   -1.406995
 H    1.502859   -2.173391   -0.075558
 H    2.738682   -0.051868   -0.109163
 H    1.738680   -0.108667    1.337961
 H    1.167926    1.422492   -1.248404
 H    1.579297    2.125769    0.308622
 H   -0.887474    2.355006    0.259266

thiophen-2-yl_C_CS.xyz
 C    0.026091   -1.251347    0.000000
 C    0.000000    1.188584    0.000000
 C    1.262252    0.667911    0.000000
 C    1.291068   -0.772856    0.000000
 S   -1.219998   -0.070333    0.000000
 H   -0.303414    2.224763    0.000000
 H    2.156139    1.278674    0.000000
 H    2.190776   -1.371871    0.000000

thiophen-3-yl_C_CC.xyz
 C    0.753894   -1.262344    0.000000
 S   -0.000000    1.148177    0.000000
 C   -1.207800   -0.103065    0.000000
 C   -0.658155   -1.357937    0.000000
 C    1.303533   -0.034545    0.000000
 H   -2.253759    0.166456    0.000000
 H   -1.227784   -2.276191    0.000000
 H    2.332710    0.286246    0.000000

tributylstannyl_Sn_CCC.xyz
Sn   -0.981150    0.005932    0.000000
 C    0.993939    0.929233   -0.000000
 H    1.091149    1.577413    0.883740
 H    1.091149    1.577413   -0.883740
 C   -0.971079   -1.304388   -1.751940
 H   -1.996779   -1.631089   -1.977720
 H   -0.412069   -2.201498   -1.436580
 C   -0.325320   -0.680468   -3.013880
 H   -0.236439   -1.449478   -3.800400
 H    0.702470   -0.351707   -2.792930
 C   -1.116940    0.513052   -3.594180
 H   -1.192121    1.308422   -2.835140
 H   -2.147960    0.190851   -3.806750
 C   -0.472921    1.086052   -4.873500
 H   -1.047301    1.934392   -5.268570
 H   -0.416500    0.320312   -5.659620
 H    0.549929    1.434283   -4.672520
 C   -0.971079   -1.304388    1.751940
 H   -1.996779   -1.631089    1.977720
 H   -0.412069   -2.201498    1.436580
 C   -0.325320   -0.680468    3.013880
 H   -0.236439   -1.449478    3.800400
 H    0.702470   -0.351707    2.792930
 C   -1.116940    0.513052    3.594180
 H   -1.192121    1.308422    2.835140
 H   -2.147960    0.190851    3.806750
 C   -0.472921    1.086052    4.873500
 H   -0.416500    0.320312    5.659620
 H   -1.047301    1.934392    5.268570
 H    0.549929    1.434283    4.672520
 C    2.117420   -0.142376   -0.000000
 H    2.020670   -0.796116   -0.881230
 H    2.020670   -0.796116    0.881230
 C    3.536370    0.476225   -0.000000
 H    3.643099    1.126015   -0.882130
 H    3.643099    1.126015    0.882130
 C    4.649430   -0.593335   -0.000000
 H    4.572881   -1.237115    0.887420
 H    5.647610   -0.135414   -0.000000
 H    4.572881   -1.237115   -0.887420

trichloromethyl_C_ClClCl.xyz
 C    0.000245   -0.000058    0.278299
Cl   -0.451682    1.642276   -0.032781
Cl   -1.197048   -1.212106   -0.032762
Cl    1.648644   -0.430149   -0.032679

tricyanomethyl_C_CCC.xyz
 C    0.000000    0.000332   -0.000000
 C   -0.004272   -1.407007   -0.000000
 C   -1.216788    0.707523   -0.000000
 C    1.221058    0.700124    0.000000
 N   -0.007820   -2.567042   -0.000000
 N   -2.220064    1.289886   -0.000000
 N    2.227886    1.276324    0.000000

triethoxysilyl_Si_OOO.xyz
Si   -0.006766   -0.000591   -0.729611
 O    0.406959    1.497029   -0.152593
 O    1.082387   -1.093769   -0.124482
 O   -1.501985   -0.385993   -0.127550
 C    1.714775    2.085307   -0.111712
 C    1.624514    3.423519    0.599234
 C   -2.680656    0.430816   -0.115312
 C   -3.788264   -0.326408    0.595014
 C    0.954051   -2.521942   -0.084550
 C    2.195895   -3.104172    0.566188
 H    2.089675    2.215791   -1.133933
 H    2.395928    1.407086    0.413122
 H    2.612441    3.891207    0.653301
 H    0.950382    4.098598    0.066412
 H    1.247378    3.291756    1.616252
 H   -2.458666    1.372938    0.397132
 H   -2.973714    0.667648   -1.145116
 H   -3.493788   -0.561399    1.620599
 H   -4.007850   -1.262850    0.076399
 H   -4.701319    0.276198    0.625127
 H    0.054288   -2.784226    0.481999
 H    0.835428   -2.909504   -1.103573
 H    2.313685   -2.716362    1.580868
 H    3.088709   -2.844698   -0.007992
 H    2.121374   -4.194760    0.617780

triethylsilyl_Si_CCC.xyz
Si    0.175745   -0.012118   -0.639329
 C   -1.603657   -1.800878    0.779003
 C   -1.170769   -1.362995   -0.636297
 H   -2.390847   -2.560886    0.739237
 H   -1.991998   -0.957888    1.357478
 H   -0.767595   -2.226216    1.341021
 H   -2.039660   -0.993125   -1.192359
 H   -0.801975   -2.226983   -1.201032
 C   -0.405498    1.480704    0.394525
 C    1.796869   -0.697312    0.092838
 C   -1.779292    2.048725    0.000190
 H    0.355464    2.266651    0.336984
 H   -0.419786    1.157751    1.446151
 H    1.557483   -1.111701    1.082787
 C    2.935294    0.329852    0.220785
 H    2.121698   -1.548705   -0.516162
 H   -1.782495    2.397063   -1.036917
 H   -2.061072    2.895900    0.632984
 H   -2.567214    1.295702    0.092719
 H    2.645943    1.167152    0.862091
 H    3.208823    0.744215   -0.754156
 H    3.835120   -0.117851    0.653511

trifluoroboranuidyl_B_ClClCl.xyz
 B    0.000069   -0.000724    0.361574
 F   -1.131068   -0.717390   -0.066997
 F    1.187458   -0.619762   -0.067005
 F   -0.056428    1.337553   -0.066872

trifluoromethanesulfonyl_S_OCC.xyz
 S   -1.042852   -0.000000   -0.332037
 C    0.897551    0.000000    0.007903
 O   -1.512071    1.292080    0.202667
 O   -1.512071   -1.292080    0.202667
 F    1.414368   -1.087355   -0.544581
 F    1.114982   -0.000004    1.313877
 F    1.414367    1.087358   -0.544575

trifluoromethanesulfonyloxidanyl_O_S.xyz
 O    1.290067   -0.663006    1.253785
 C   -1.008986   -0.000022    0.000013
 S    0.880123    0.000905   -0.000088
 O    1.289983   -0.755413   -1.200462
 F   -1.444373    0.668268    1.062045
 F   -1.442580   -1.254586    0.048170
 F   -1.444434    0.584899   -1.110096
 O    1.289254    1.418222   -0.053292

trifluoromethyl_C_ClClCl.xyz
 C    0.000261   -0.000162    0.327047
 F   -0.405540    1.194935   -0.072728
 F   -0.832624   -0.948404   -0.072687
 F    1.237991   -0.246423   -0.072616

trimethoxyboranuidyl_B_OOO.xyz
 B    0.185264   -0.301865   -0.018735
 O    0.130433    1.062698    0.028624
 O    1.445009   -0.865899   -0.021513
 O   -0.820766   -1.223247   -0.068710
 C   -1.025796    1.892879   -0.026575
 C    2.583949   -0.024438    0.027925
 H   -1.655123    1.763613    0.861061
 H   -1.620140    1.700169   -0.926836
 H   -0.683666    2.929505   -0.056833
 H    3.470382   -0.665160    0.009479
 H    2.597689    0.578591    0.943447
 H    2.617399    0.657847   -0.829400
 C   -2.211708   -0.955905    0.053254
 H   -2.444989   -0.427267    0.985254
 H   -2.731742   -1.916818    0.067167
 H   -2.592205   -0.374781   -0.794503

trimethoxymethyl_C_OOO.xyz
 C    0.000272   -0.005305    0.082511
 O    0.739387   -1.087562   -0.298086
 C    2.077347   -1.121723    0.207932
 O   -1.304379   -0.099565   -0.308252
 C   -2.022919   -1.221627    0.211432
 O    0.571518    1.174994   -0.298457
 C   -0.059267    2.355397    0.207385
 H    2.073406   -1.065965    1.301213
 H    2.495504   -2.074268   -0.113575
 H    2.667869   -0.298757   -0.199440
 H   -1.620466   -2.157688   -0.181240
 H   -1.977903   -1.230906    1.305100
 H   -3.053933   -1.095121   -0.115707
 H   -1.066332    2.464549   -0.200312
 H    0.563283    3.189073   -0.113932
 H   -0.106246    2.325703    1.300688

trimethoxyphosphaniumyl_P_OOO.xyz
 P   -0.002479    0.000355    0.408083
 O    1.134824    0.933066   -0.154005
 O    0.241865   -1.453592   -0.144516
 O   -1.379801    0.513373   -0.156804
 C    1.487545   -2.242663   -0.095363
 C    1.210885    2.405107   -0.090539
 C   -2.692245   -0.157649   -0.092056
 H    1.711844   -2.491526    0.940376
 H    2.288074   -1.669182   -0.558219
 H    1.259838   -3.137685   -0.666398
 H    0.310087    2.826555   -0.532030
 H    1.337260    2.711197    0.946449
 H    2.091470    2.652740   -0.675549
 H   -3.025283   -0.188838    0.943847
 H   -2.603864   -1.153657   -0.521221
 H   -3.344461    0.473526   -0.688138

trimethylazaniumyl_N_CCC.xyz
 N   -0.000723    0.000016    0.000666
 C    0.561352    1.335055    0.000124
 C   -1.438062   -0.181985    0.000090
 C    0.876758   -1.153307   -0.000490
 H   -0.227675    2.083492    0.009192
 H    1.190231    1.456495   -0.890573
 H    1.207283    1.450862    0.878928
 H   -1.858209    0.303991   -0.889198
 H   -1.861027    0.316888    0.880451
 H   -1.688925   -1.240102    0.006567
 H    1.918321   -0.840737   -0.019305
 H    0.648602   -1.775319   -0.874278
 H    0.676172   -1.754255    0.895210

trimethylboranuidyl_B_CCC.xyz
 B    0.001725   -0.001685   -0.195717
 C   -1.198119   -1.016648    0.001042
 C   -0.281796    1.543977    0.000336
 C    1.481080   -0.528851    0.000945
 H   -2.121258   -0.717028   -0.503782
 H   -1.426616   -1.020634    1.093873
 H   -0.968656   -2.051287   -0.272908
 H   -1.262969    1.875635   -0.352818
 H    0.483959    2.199865   -0.424352
 H   -0.269424    1.719285    1.103394
 H    1.655132   -1.530211   -0.403623
 H    1.638950   -0.601854    1.104602
 H    2.255266    0.143782   -0.379736

trimethylhydrazin-1-yl_N_CN.xyz
 N    0.642209   -0.826031    0.075536
 N   -0.415898   -0.036699   -0.211227
 C   -1.690429   -0.699496    0.032707
 C   -0.417242    1.405525    0.039695
 C    1.923280   -0.156469    0.000970
 H   -2.471399   -0.230423   -0.570273
 H   -1.589562   -1.745471   -0.250488
 H   -1.978735   -0.646230    1.092911
 H   -1.317459    1.834395   -0.402624
 H   -0.416145    1.631530    1.117497
 H    0.447242    1.880864   -0.420769
 H    2.099720    0.305783   -0.983363
 H    2.692164   -0.913021    0.161024
 H    2.056347    0.624329    0.765689

trimethylphosphaniumyl_P_CCC.xyz
 P    0.000037   -0.001330   -0.340136
 C   -1.504520   -0.878824    0.153635
 C   -0.010764    1.740456    0.153083
 C    1.515153   -0.860163    0.153658
 H   -2.381835   -0.355757   -0.231453
 H   -1.557988   -0.912824    1.248680
 H   -1.487511   -1.898104   -0.236406
 H   -0.896628    2.235745   -0.248736
 H    0.886280    2.237597   -0.220394
 H   -0.028731    1.804214    1.248011
 H    1.505414   -1.882585   -0.228211
 H    1.575797   -0.885207    1.248662
 H    2.385434   -0.331942   -0.240362

trimethylsilyl_Si_CCC.xyz
Si   -0.000580   -0.000637   -0.431404
 C   -1.787739   -0.158963    0.179320
 C    1.032471   -1.466517    0.179189
 C    0.756056    1.626201    0.178780
 H   -2.404008    0.675211   -0.167425
 H   -1.819750   -0.164282    1.276782
 H   -2.249911   -1.085881   -0.171375
 H    2.062493   -1.407736   -0.183376
 H    0.611565   -2.419150   -0.153988
 H    1.064251   -1.479671    1.276458
 H    0.775994    1.648578    1.276207
 H    0.179268    2.490547   -0.161781
 H    1.783492    1.746981   -0.175580

trimethylstannyl_Sn_CCC.xyz
Sn   -0.000000   -0.000012   -0.297808
 C   -1.698345   -1.084590    0.501792
 H   -2.642557   -0.631890    0.174992
 H   -1.682813   -2.132458    0.177702
 H   -1.656262   -1.055694    1.600112
 C    1.788502   -0.928452    0.501782
 H    1.869942   -1.971823    0.173132
 H    2.687990   -0.389552    0.179612
 H    1.741262   -0.908574    1.600102
 C   -0.090148    2.013107    0.501762
 H    0.773681    2.604720    0.174562
 H   -1.005683    2.523353    0.178132
 H   -0.085595    1.962130    1.600072

triphenylazaniumyl_N_CCC.xyz
 N   -0.000316   -0.001573   -0.000383
 C    0.153274    1.401349   -0.000147
 C    0.456296    4.165955    0.000243
 C   -0.705507    2.198172   -0.780126
 C    1.164168    1.993036    0.780090
 C    1.304953    3.372341    0.778448
 C   -0.544146    3.575232   -0.778096
 C   -1.291780   -0.569027   -0.000112
 C   -3.839733   -1.686146    0.001607
 C   -2.313657    0.021278    0.767387
 C   -1.550296   -1.721249   -0.766482
 C   -2.823952   -2.268806   -0.763305
 C   -3.579479   -0.544086    0.765810
 C    1.137853   -0.834929   -0.000452
 C    3.384294   -2.476155   -0.001057
 C    2.263316   -0.479624   -0.767797
 C    1.141081   -2.015595    0.766192
 C    2.266391   -2.825358    0.763623
 C    3.377120   -1.305087   -0.765639
 H    0.574358    5.242995    0.000365
 H   -1.461188    1.730394   -1.398374
 H    1.800518    1.372527    1.398246
 H    2.067928    3.833926    1.393290
 H   -1.189020    4.191298   -1.392776
 H   -4.831752   -2.121532    0.002363
 H   -2.096081    0.888227    1.378124
 H   -0.764348   -2.150157   -1.374822
 H   -3.032772   -3.143017   -1.367630
 H   -4.363063   -0.105235    1.371132
 H    4.258841   -3.115561   -0.001327
 H    2.238370    0.413673   -1.378799
 H    0.280837   -2.264452    1.374302
 H    2.281216   -3.723842    1.368237
 H    4.237181   -1.046031   -1.370782

triphenylmethyl_C_CCC.xyz
 C    0.031803   -0.015786    0.009201
 C    1.481080   -0.146866    0.008045
 C    4.298394   -0.388875    0.006649
 C    2.123975   -1.236398   -0.624040
 C    2.301228    0.818566    0.636260
 C    3.684005    0.695230    0.637824
 C    3.507549   -1.351158   -0.625380
 C   -0.832570   -1.191411   -0.005876
 C   -2.544841   -3.442652   -0.027371
 C   -0.485337   -2.382217    0.669681
 C   -2.069236   -1.168788   -0.690537
 C   -2.906818   -2.276307   -0.704355
 C   -1.330457   -3.485414    0.660331
 C   -0.589222    1.311830    0.014525
 C   -1.814692    3.859262    0.003939
 C   -1.753081    1.568042    0.771604
 C   -0.060252    2.374682   -0.747361
 C   -0.667986    3.625094   -0.756708
 C   -2.350669    2.822804    0.770390
 H    5.378279   -0.481622    0.005870
 H    1.522944   -1.976681   -1.137855
 H    1.835536    1.655327    1.142428
 H    4.287214    1.443958    1.139507
 H    3.973905   -2.189064   -1.131941
 H   -3.200827   -4.305693   -0.034176
 H    0.442507   -2.422376    1.226524
 H   -2.357342   -0.274194   -1.229179
 H   -3.843672   -2.232697   -1.249198
 H   -1.047276   -4.381365    1.201985
 H   -2.285330    4.835869   -0.001651
 H   -2.176280    0.774364    1.375368
 H    0.819618    2.201744   -1.355093
 H   -0.250948    4.418938   -1.366765
 H   -3.235557    2.995667    1.373251

triphenylphosphanyliumyl_P_CCC.xyz
 P   -0.004842   -0.002454   -0.723591
 C    1.232965   -1.204026   -0.253482
 C    3.135700   -3.121407    0.421869
 C    1.144191   -2.503675   -0.791755
 C    2.293224   -0.864809    0.608147
 C    3.233545   -1.830478    0.945816
 C    2.091552   -3.457043   -0.444050
 C   -1.664374   -0.468695   -0.254824
 C   -4.282776   -1.147417    0.409135
 C   -2.736960    0.317555   -0.724086
 C   -1.914570   -1.611355    0.528980
 C   -3.223550   -1.938117    0.860779
 C   -4.038387   -0.020883   -0.381073
 C    0.424219    1.668419   -0.257087
 C    1.156314    4.275262    0.397391
 C   -0.409336    2.443162    0.571400
 C    1.618034    2.215365   -0.770841
 C    1.980489    3.512322   -0.434159
 C   -0.032552    3.740045    0.898287
 H    3.876251   -3.867056    0.686278
 H    0.344764   -2.759083   -1.478161
 H    2.365485    0.131771    1.024658
 H    4.041574   -1.578433    1.621961
 H    2.025294   -4.457137   -0.854858
 H   -5.300907   -1.411382    0.669807
 H   -2.549922    1.181238   -1.352083
 H   -1.094779   -2.218911    0.890348
 H   -3.419139   -2.806898    1.477774
 H   -4.863538    0.584259   -0.736263
 H    1.440211    5.289287    0.652991
 H   -1.324763    2.027928    0.973062
 H    2.250501    1.629362   -1.428170
 H    2.898225    3.933642   -0.826158
 H   -0.662992    4.332858    1.549986

triphenylsilyl_Si_CCC.xyz
Si   -0.004550   -0.019215   -0.832389
 C    0.082731    1.784732   -0.308122
 C   -0.880572    2.704523   -0.766827
 H   -1.671192    2.368822   -1.430981
 C   -0.840817    4.042590   -0.383843
 H   -1.595770    4.731385   -0.747362
 C    0.172516    4.498235    0.460747
 H    0.206988    5.540895    0.756912
 C    1.140994    3.606538    0.920164
 H    1.928681    3.953516    1.580370
 C    1.097257    2.266152    0.540158
 H    1.852753    1.585676    0.916510
 C   -1.607109   -0.837424   -0.293182
 C   -1.903330   -2.158556   -0.683630
 H   -1.197592   -2.709808   -1.297693
 C   -3.091451   -2.774508   -0.300121
 H   -3.295608   -3.793910   -0.609300
 C   -4.022228   -2.078859    0.473224
 H   -4.950579   -2.555703    0.767865
 C   -3.753828   -0.766900    0.861707
 H   -4.472087   -0.221495    1.464613
 C   -2.560940   -0.153465    0.483674
 H   -2.365353    0.863753    0.803877
 C    1.521921   -0.979010   -0.306741
 C    1.446608   -2.170263    0.438680
 H    0.479567   -2.553554    0.744399
 C    2.599576   -2.861486    0.807279
 H    2.517572   -3.774515    1.387352
 C    3.855178   -2.378275    0.440711
 H    4.751864   -2.915441    0.729556
 C    3.952423   -1.200230   -0.301661
 H    4.925924   -0.819351   -0.591095
 C    2.800296   -0.514949   -0.675858
 H    2.893182    0.395667   -1.259739

triphenylstannyl_Sn_CCC.xyz
Sn   -0.000149   -0.000339   -0.955060
 C   -1.672984   -1.090362   -0.172190
 C   -3.008584   -0.699278   -0.449520
 C   -1.468098   -2.232029    0.645940
 C   -4.101173   -1.410374    0.084830
 H   -3.207926    0.163761   -1.084460
 C   -2.559426   -2.945935    1.180410
 H   -0.457714   -2.559026    0.884730
 C   -3.878253   -2.536823    0.901410
 H   -5.116955   -1.089109   -0.136000
 H   -2.380042   -3.813531    1.812080
 H   -4.720548   -3.088447    1.313380
 C    1.780520   -0.903492   -0.172120
 C    2.665505   -0.155550    0.647700
 C    2.111252   -2.254887   -0.451350
 C    3.829885   -0.743225    1.181730
 H    2.442231    0.882339    0.888070
 C    3.273853   -2.845082    0.082530
 H    1.464499   -2.858811   -1.087530
 C    4.136725   -2.089099    0.900660
 H    4.490584   -0.154325    1.814640
 H    3.504808   -3.884778   -0.139900
 H    5.035980   -2.542322    1.312220
 C   -0.107843    1.993577   -0.172730
 C    0.899664    2.953999   -0.448770
 C   -1.199934    2.387841    0.643740
 C    0.830153    4.255951    0.085150
 H    1.747631    2.694375   -1.082240
 C   -1.272506    3.690092    1.177770
 H   -1.989094    1.676869    0.881580
 C   -0.257819    4.626996    0.900030
 H    1.617059    4.974442   -0.134670
 H   -2.114300    3.969208    1.808170
 H   -0.314380    5.632383    1.311690

triplet_acetone_O_C.xyz
 O    0.000024    1.423769    0.146269
 C   -0.000005    0.125903   -0.295666
 C   -1.286225   -0.627957    0.078174
 C    1.286207   -0.627988    0.078174
 H   -1.329156   -0.766050    1.161976
 H   -1.311703   -1.613194   -0.394633
 H   -2.163704   -0.059081   -0.233491
 H    1.329115   -0.766118    1.161973
 H    2.163696   -0.059113   -0.233458
 H    1.311672   -1.613208   -0.394667
 H    0.000017    0.266866   -1.401939

triplet_dioxygen_O_O.xyz
 O    0.000000    0.000000    0.602910
 O    0.000000    0.000000   -0.602910

triplet_diphenylmethanone_O_C.xyz
 O   -0.244906    2.137613   -0.839108
 C   -0.024676    1.292905    0.222278
 C   -1.277024    0.396896    0.098940
 C   -2.432555    0.728588    0.812788
 H   -2.431401    1.597544    1.461361
 C   -3.573968   -0.058704    0.696742
 H   -4.462408    0.191049    1.265470
 C   -3.574260   -1.165489   -0.153608
 H   -4.464490   -1.777229   -0.246595
 C   -2.430767   -1.481019   -0.887931
 H   -2.430774   -2.337292   -1.552723
 C   -1.286276   -0.697531   -0.770968
 H   -0.394996   -0.941829   -1.335430
 C    1.286767    0.523146    0.172135
 C    1.743927   -0.129655    1.319690
 H    1.166544   -0.070413    2.237488
 C    2.928849   -0.860299    1.290789
 H    3.274617   -1.364982    2.186076
 C    3.671036   -0.940034    0.111499
 H    4.595363   -1.506212    0.087856
 C    3.222425   -0.282621   -1.032451
 H    3.799600   -0.334160   -1.949120
 C    2.034019    0.447911   -1.003139
 H    1.681128    0.969559   -1.884533
 H   -0.098895    1.828505    1.182425

tris_propan-2-yl_silyl_Si_CCC.xyz
Si    0.046339   -0.055352   -0.578617
 C    1.869217   -0.539487   -0.207303
 C    2.884242    0.346222   -0.953350
 C    2.166094   -0.549536    1.308855
 C   -1.149150   -1.339385    0.203909
 C   -0.752712   -2.789109   -0.128397
 C   -2.620013   -1.076101   -0.172035
 C   -0.320865    1.730623    0.048203
 C   -0.767858    1.768453    1.524056
 C   -1.317548    2.498880   -0.842416
 H    1.984830   -1.565976   -0.578352
 H    3.910832    0.019370   -0.751156
 H    2.731333    0.317412   -2.035821
 H    2.812064    1.392212   -0.637038
 H    2.094877    0.458269    1.728906
 H    3.182603   -0.912294    1.502876
 H    1.475412   -1.191093    1.863563
 H   -1.052826   -1.203429    1.291405
 H   -0.792547   -2.972323   -1.207593
 H   -1.438835   -3.498328    0.348616
 H    0.257914   -3.031488    0.211557
 H   -3.284111   -1.790253    0.328517
 H   -2.945808   -0.071356    0.109976
 H   -2.776445   -1.181666   -1.250550
 H    0.645855    2.247161   -0.022113
 H   -1.739955    1.284990    1.657767
 H   -0.871206    2.804153    1.869247
 H   -0.058566    1.268995    2.188346
 H   -2.304072    2.025169   -0.840147
 H   -1.447894    3.527245   -0.485134
 H   -0.980642    2.544794   -1.881370

undecyl_C_CHH.xyz
 C    6.455074   -0.338668   -0.167697
 C    5.195777    0.497901   -0.010861
 C    3.930266   -0.374787   -0.029953
 C    2.645653    0.452855    0.096268
 C    1.366907   -0.391540    0.077012
 C    0.086534    0.450558    0.096549
 C   -1.199556   -0.382709    0.123872
 C   -2.473051    0.458016   -0.016994
 C   -3.763926   -0.364622    0.054987
 C   -5.033785    0.469430   -0.147916
 C   -6.319953   -0.358204   -0.063119
 H    6.480924   -0.885145   -1.108641
 H    5.142374    1.236510   -0.816777
 H    5.243316    1.061004    0.926399
 H    3.975940   -1.109569    0.784087
 H    3.898469   -0.951687   -0.962732
 H    2.608429    1.183843   -0.721932
 H    2.681052    1.038387    1.023567
 H    1.364919   -1.025928   -0.818847
 H    1.370158   -1.077341    0.934310
 H    0.075137    1.102960   -0.786527
 H    0.102951    1.119992    0.966289
 H   -1.167967   -1.125142   -0.684769
 H   -1.241724   -0.956130    1.058861
 H   -2.441542    0.998332   -0.972143
 H   -2.491427    1.228926    0.764931
 H   -3.729822   -1.160423   -0.701311
 H   -3.816760   -0.874013    1.026177
 H   -4.983213    0.969463   -1.123030
 H   -5.063706    1.270653    0.601298
 H   -6.335721   -1.142757   -0.826562
 H   -7.207780    0.263832   -0.208081
 H   -6.411887   -0.846283    0.912588
 H    6.608238   -1.028869    0.659964

