ID,Name,w_MeOH,w_PBE0_SMD_DCM,w_B3LYP_SMD_DCM,w_SMD_MeCN,w_SMD_H2O,w_SMD_DMSO,w_SMD_DCM,w_SMD_THF,fA_N_SMD_DCM_NBO,fA_N_SMD_DCM_Mulliken,fKN_gas,fKN_QZVP-B3,fKN_def2SVP,fKN_PBE0,fKM_PBE0,fKN_B3LYP,fKM_B3LYP,fKN_def2QZVP,fKM_def2QZVP,fkM_SMD_MeCN,fkN_SMD_MeCN,fkM_SMD_MeOH,fkN_SMD_MeOH,fkM_SMD_THF,fkN_SMD_THF,fkM_SMD_DMSO,fkN_SMD_DMSO,fkM_SMD_H2O,fkN_SMD_H2O,fkM_SMD_DCM,fkN_SMD_DCM,fkM_PCM_DCM,fkN_PCM_DCM,w_DCM,w_DMSO,w_MeCN,w_H2O,w_B3LYP,w_M062X,w_PBE0,w_wB97XD,w_SMD,fk-M,fk-N,MaxEStateIndex,MinEStateIndex,MaxAbsEStateIndex,MinAbsEStateIndex,qed,MolWt,HeavyAtomMolWt,ExactMolWt,NumValenceElectrons,NumRadicalElectrons,MaxPartialCharge,MinPartialCharge,MaxAbsPartialCharge,MinAbsPartialCharge,FpDensityMorgan1,FpDensityMorgan2,FpDensityMorgan3,BCUT2D_MWHI,BCUT2D_MWLOW,BCUT2D_CHGHI,BCUT2D_CHGLO,BCUT2D_LOGPHI,BCUT2D_LOGPLOW,BCUT2D_MRHI,BCUT2D_MRLOW,BalabanJ,BertzCT,Chi0,Chi0n,Chi0v,Chi1,Chi1n,Chi1v,Chi2n,Chi2v,Chi3n,Chi3v,Chi4n,Chi4v,HallKierAlpha,Ipc,Kappa1,Kappa2,Kappa3,LabuteASA,PEOE_VSA1,PEOE_VSA10,PEOE_VSA11,PEOE_VSA12,PEOE_VSA13,PEOE_VSA14,PEOE_VSA2,PEOE_VSA3,PEOE_VSA4,PEOE_VSA5,PEOE_VSA6,PEOE_VSA7,PEOE_VSA8,PEOE_VSA9,SMR_VSA1,SMR_VSA10,SMR_VSA2,SMR_VSA3,SMR_VSA4,SMR_VSA5,SMR_VSA6,SMR_VSA7,SMR_VSA8,SMR_VSA9,SlogP_VSA1,SlogP_VSA10,SlogP_VSA11,SlogP_VSA12,SlogP_VSA2,SlogP_VSA3,SlogP_VSA4,SlogP_VSA5,SlogP_VSA6,SlogP_VSA7,SlogP_VSA8,SlogP_VSA9,TPSA,EState_VSA1,EState_VSA10,EState_VSA11,EState_VSA2,EState_VSA3,EState_VSA4,EState_VSA5,EState_VSA6,EState_VSA7,EState_VSA8,EState_VSA9,VSA_EState1,VSA_EState10,VSA_EState2,VSA_EState3,VSA_EState4,VSA_EState5,VSA_EState6,VSA_EState7,VSA_EState8,VSA_EState9,FractionCSP3,HeavyAtomCount,NHOHCount,NOCount,NumAliphaticCarbocycles,NumAliphaticHeterocycles,NumAliphaticRings,NumAromaticCarbocycles,NumAromaticHeterocycles,NumAromaticRings,NumHAcceptors,NumHDonors,NumHeteroatoms,NumRotatableBonds,NumSaturatedCarbocycles,NumSaturatedHeterocycles,NumSaturatedRings,RingCount,MolLogP,MolMR,fr_Al_COO,fr_Al_OH,fr_Al_OH_noTert,fr_ArN,fr_Ar_COO,fr_Ar_N,fr_Ar_NH,fr_Ar_OH,fr_COO,fr_COO2,fr_C_O,fr_C_O_noCOO,fr_C_S,fr_HOCCN,fr_Imine,fr_NH0,fr_NH1,fr_NH2,fr_N_O,fr_Ndealkylation1,fr_Ndealkylation2,fr_Nhpyrrole,fr_SH,fr_aldehyde,fr_alkyl_carbamate,fr_alkyl_halide,fr_allylic_oxid,fr_amide,fr_amidine,fr_aniline,fr_aryl_methyl,fr_azide,fr_azo,fr_barbitur,fr_benzene,fr_benzodiazepine,fr_bicyclic,fr_diazo,fr_dihydropyridine,fr_epoxide,fr_ester,fr_ether,fr_furan,fr_guanido,fr_halogen,fr_hdrzine,fr_hdrzone,fr_imidazole,fr_imide,fr_isocyan,fr_isothiocyan,fr_ketone,fr_ketone_Topliss,fr_lactam,fr_lactone,fr_methoxy,fr_morpholine,fr_nitrile,fr_nitro,fr_nitro_arom,fr_nitro_arom_nonortho,fr_nitroso,fr_oxazole,fr_oxime,fr_para_hydroxylation,fr_phenol,fr_phenol_noOrthoHbond,fr_phos_acid,fr_phos_ester,fr_piperdine,fr_piperzine,fr_priamide,fr_prisulfonamd,fr_pyridine,fr_quatN,fr_sulfide,fr_sulfonamd,fr_sulfone,fr_term_acetylene,fr_tetrazole,fr_thiazole,fr_thiocyan,fr_thiophene,fr_unbrch_alkane,fr_urea,Charge,AR,AN,AW,EA,DP,EV,EN,Density,sasa,disp,homo,lumo,Atom,Ato_num1,Ato_num2,Ato_num3,Ele1,Ele2,Ele3,ANN,ENN,spin,BV
0,"__2,2-dimethylpropanoyl_oxy_methyl",2.528 ,1.861 ,1.978 ,2.303 ,2.636 ,2.275 ,1.994 ,1.868 ,0.764,0.685,0.546,0.58,0.615,0.587,0.486,0.582,0.465,0.608,0.776,0.576,0.618,0.566,0.616,0.552,0.605,0.574,0.616,0.569,0.618,0.56,0.61,0.524,0.592,1.98,2.27,2.25,2.31,0.93,0.9,0.88,0.87,1.98,-0.353,-0.518,11.65256944,-3.819097222,11.65256944,1.548958333,0.445507132,115.152,104.064,115.0759046,47,0,0,0,0,0,-666,-666,-666,-3.27E-17,-0.244322203,-3.81E-16,-2.589049066,-2.90E-16,-2.56893416,-7.81E-17,-1.10130628,6.196978196,298.5261481,15.86180732,14.81649658,3.816496581,8.087222523,7.112372436,1.612372436,1.139519551,1.139519551,0.398883921,0.398883921,0.076546554,0.076546554,-0.08,2837.497791,1.18103117,2.464484912,2.284554637,65.29370443,0,0,0,0,0,63.61161718,0,0,0,0,0,0,0,0,24.60974426,5.969305288,0,0,5.414990469,20.55567635,0,7.06190082,0,0,0,0,0,0,5.969305288,9.531400138,12.47689129,35.63402047,0,0,0,0,-666,39.00187293,4.794537184,0,0,0,0,0,0,0,4.736862954,15.07834412,80.94256944,0,11.65256944,0,-3.819097222,-2.173611111,0,0,-11.22013889,-1.548958333,0.666666667,8,0,2,0,0,0,0,0,0,2,0,2,-666,0,0,0,-666,1.36729,30.904,0,0,0,0,0,0,0,0,0,0,1,1,0,0,0,0,0,0,0,0,0,0,0,0,0,0,0,0,0,0,0,0,0,0,0,0,-666,0,0,0,1,1,0,0,0,0,0,0,0,0,0,0,0,0,-666,0,0,0,0,0,0,0,0,0,0,0,0,0,0,0,0,0,0,0,0,0,0,0,0,0,0,0,0,-666,0,0,70,6,12.011,1.262119,11.3,4,2.55,2.2,295.8,15,-0.412451901,-0.326793589,C,8,1,1,3.44,2.1,2.1,10,7.64,0.992,25.484
1,"__2,4,6-trimethylphenyl_methyl_sulfanyl",5.682 ,4.691 ,4.805 ,5.709 ,5.882 ,5.784 ,4.933 ,4.760 ,0.798,0.726,0.321,0.258,0.274,0.25,0.221,0.26,0.23,0.27,0.226,0.214,0.263,0.214,0.263,0.225,0.276,0.213,0.262,0.212,0.261,0.223,0.273,0.286,0.34,5.18,6.25,6.16,6.38,1.99,2.1,1.98,2.03,4.8,-0.275,-0.308,7.884027778,-3.188217593,7.884027778,1.027314815,0.59861871,165.281,152.177,165.0737964,59,0,0,0,0,0,-666,-666,-666,5.11E-16,-0.245937018,-1.67E-16,-2.456360023,1.99E-17,-2.329754708,8.63E-17,-0.949985284,4.181346369,626.1146893,19.46410162,18.40824829,6.224744871,10.30940108,9.204124145,3.112372436,1.852062073,2.056186218,1.102062073,1.306186218,0.633312073,0.837436218,0.35,34615.57276,2.050589031,3.840137826,2.14309372,92.36877297,0,0,0,0,0,91.10584523,0,0,0,0,0,0,0,0,17.81986123,12.62878915,0,0,0,20.55567635,5.704956885,34.39656161,0,0,0,0,0,12.62878915,5.704956885,0,0,38.37553758,34.39656161,0,0,0,0,60.65719485,0,0,0,0,0,0,0,0,12.62878915,17.81986123,98.02848639,4.54617158,0,0,-7.179128874,0,-2.228287037,0,-9.500575397,0,0.4,11,0,0,0,0,0,0,0,0,0,0,1,-666,0,0,0,-666,3.4066,52.672,0,0,0,0,0,0,0,0,0,0,0,0,0,0,0,0,0,0,0,0,0,0,0,0,0,0,5,0,0,0,0,0,0,0,0,0,-666,0,0,0,0,0,0,0,0,0,0,0,0,0,0,0,0,0,-666,0,0,0,0,0,0,0,0,0,0,0,0,0,0,0,0,0,0,0,0,0,0,0,0,0,0,0,0,-666,0,0,100,16,32.06,2.07710403,19.4,6,2.58,2.07,357.7,17.7,-0.363912017,-0.362950186,S,6,0,0,2.55,0,0,6,2.55,0.923,30.731
2,"__2R,3S,4R,5R_-3,4-dihydroxy-5-_hydroxymethyl_oxolan-2-yl_aminyl",4.092 ,3.285 ,3.439 ,3.926 ,4.188 ,3.917 ,3.589 ,3.472 ,0.783,0.639,0.299,0.267,0.39,0.281,0.219,0.261,0.193,0.421,0.333,0.373,0.433,0.372,0.429,0.355,0.414,0.376,0.437,0.375,0.432,0.358,0.416,0.341,0.397,3.5,3.86,3.83,3.9,1.92,2.06,1.87,1.93,3.44,-0.114,-0.176,7.73375,-3.4875,7.73375,2.505294785,0.389821533,148.138,138.058,148.0609828,59,0,0,0,0,0,-666,-666,-666,-2.77E-17,-0.166353547,-0.112546042,-2.52187587,-0.022824467,-2.728465661,-1.38E-16,-1.031366325,3.59090553,386.6594517,16.03553391,14.58020676,4.580206757,8.949747468,6.916185991,2.244227524,1.496649145,1.496649145,0.898134786,0.898134786,0.456790315,0.456790315,-0.2,13821.92307,1.935802469,2.811342155,1.138341119,72.39709792,0,0,0,0,0,70.72296427,0,0,0,0,0,0,0,0,29.69968094,0,4.293598972,5.726692226,0,24.44400689,6.558985243,0,0,0,5.726692226,0,0,0,50.62301568,4.736862954,0,8.224551337,0,1.411842078,0,0,-666,31.00299213,0,0,0,0,0,0,0,0,25.78997975,13.92999239,76.62313917,0,0,11.21121882,2.505294785,0,0,-13.62548611,-3.464166667,0,1,10,4,5,0,0,0,0,0,0,4,3,5,-666,0,0,0,-666,-2.2917,30.8571,0,3,0,0,0,0,0,0,0,0,0,0,0,0,0,0,1,0,0,0,0,0,0,0,0,0,0,0,0,0,0,0,0,0,0,0,-666,0,0,0,0,1,0,0,0,0,0,0,0,0,0,0,0,0,-666,0,0,0,0,0,0,0,0,0,0,0,0,0,0,0,0,0,0,0,0,0,0,0,0,0,0,0,0,-666,0,0,65,7,14.007,-1.4,7.4,5,3.04,0.001145,295.6,15.3,-0.408421025,-0.397882277,N,6,1,0,2.55,2.1,0,7,4.65,0.984,39.091
3,__2R_-2-amino-2-carboxyethyl_sulfanyl,5.228 ,4.547 ,4.691 ,5.225 ,5.352 ,5.267 ,4.722 ,4.601 ,0.867,0.754,0.507,0.398,0.501,0.409,0.359,0.395,0.347,0.553,0.491,0.471,0.559,0.468,0.555,0.464,0.551,0.475,0.564,0.47,0.557,0.463,0.549,0.542,0.635,5.11,5.86,5.8,5.94,2.33,2.45,2.31,2.37,4.69,-0.355,-0.396,10.73631944,-3.037615741,10.73631944,0.53087963,0.520657509,120.153,114.105,120.0119244,41,0,0,0,0,0,-666,-666,-666,10.46559949,-0.16525321,-1.84E-17,-2.429921937,1.98E-18,-2.756106807,-5.85E-33,-0.856434712,5.079185826,206.54627,10.86180732,9.171958467,3.988455048,5.674756148,4.138654715,1.744227524,0.738126349,0.942250494,0.290023748,0.483372914,0.041666667,0.125,0.23,355.2737065,1.87612373,3.259979205,2.872054575,55.55245499,0,0,0,0,0,54.31116562,0,0,0,0,0,0,0,0,16.8393052,18.59809444,1.431199657,0,5.719716976,6.017892468,5.704956885,0,0,0,5.719716976,0,0,12.62878915,22.80096283,4.794537184,0,4.112275669,0,2.823684157,1.431199657,0,-666,23.41187162,4.794537184,0,0,0,0,0,0,0,17.73759734,8.367159482,40.31344907,4.118518519,10.73631944,3.338402778,-3.425092593,-1.710648148,-3.037615741,0,0,0,0.666666667,7,3,3,0,0,0,0,0,0,3,2,4,-666,0,0,0,-666,-0.4042,28.0692,1,0,0,0,0,0,0,0,1,1,1,0,0,0,0,0,0,1,0,0,-666,0,0,0,0,0,0,0,0,0,0,0,0,0,0,0,-666,0,0,0,0,0,0,0,0,0,0,0,0,0,0,0,0,0,-666,0,0,0,0,0,0,0,0,0,0,0,0,0,0,0,0,0,0,0,0,0,0,0,0,0,0,0,0,-666,0,0,100,16,32.06,2.07710403,19.4,6,2.58,2.07,270,15.5,-0.385305104,-0.385115115,S,6,0,0,2.55,0,0,6,2.55,0.971,23.826
4,__2R_-2-amino-3-methoxy-3-oxopropyl_sulfanyl,5.266 ,4.561 ,4.705 ,5.255 ,5.393 ,5.296 ,4.736 ,4.605 ,0.866,0.751,0.489,0.391,0.485,0.401,0.353,0.388,0.342,0.531,0.475,0.451,0.536,0.45,0.534,0.444,0.528,0.453,0.539,0.451,0.536,0.444,0.527,0.521,0.61,5.12,5.9,5.83,5.98,2.27,2.39,2.25,2.32,4.7,-0.348,-0.386,11.21069444,-3.253240741,11.21069444,0.63087963,0.526675854,134.18,126.116,134.0275745,47,0,0,0,0,0,-666,-666,-666,1.13E-15,-0.243133883,-4.72E-17,-2.446010839,-9.59E-18,-2.758201438,3.90E-17,-0.948366449,5.174401725,274.1923256,13.36180732,11.67195847,4.488455048,6.821202758,5.43453057,1.948351669,0.840188422,1.044312567,0.382721451,0.576070617,0.090003958,0.173337291,0.23,968.0055364,1.854712603,4.142997967,2.515890609,64.95997933,0,0,0,0,0,63.65824886,0,0,0,0,0,0,0,0,20.57963563,18.59809444,0,0,5.719716976,6.017892468,12.74290934,0,0,0,5.719716976,0,0,12.62878915,24.7301071,9.531400138,0,8.224551337,0,2.823684157,0,0,-666,30.44982408,4.794537184,0,0,0,0,0,0,0,17.3656521,11.04823549,58.28586876,4.141052532,11.21069444,0,-3.687592593,-1.918981481,-3.253240741,0,0,-3.194467593,0.75,8,2,3,0,0,0,0,0,0,3,1,4,-666,0,0,0,-666,-0.3158,32.4494,0,0,0,0,0,0,0,0,0,0,1,1,0,0,0,0,0,1,0,0,-666,0,0,0,0,0,0,0,0,0,0,0,0,0,0,0,-666,0,0,0,1,1,0,0,0,0,0,0,0,0,0,0,0,0,-666,1,0,0,0,0,0,0,0,0,0,0,0,0,0,0,0,0,0,0,0,0,0,0,0,0,0,0,0,-666,0,0,100,16,32.06,2.07710403,19.4,6,2.58,2.07,301.5,15.8,-0.382252344,-0.381940807,S,6,0,0,2.55,0,0,6,2.55,0.97,23.813
5,__2S_-2-amino-2-carboxyethyl_oxidanyl,6.114 ,4.084 ,4.325 ,4.673 ,6.324 ,4.538 ,4.334 ,4.056 ,0.723,0.571,0.159,0.107,0.126,0.1,0.094,0.106,0.097,0.128,0.101,0.118,0.121,0.153,0.148,0.122,0.125,0.115,0.118,0.153,0.148,0.124,0.126,0.149,0.15,4.6,5.19,5.14,5.25,2.25,2.34,2.18,2.23,4.32,-0.129,-0.138,10.64722222,-3.727546296,10.64722222,0.739212963,0.462585181,104.085,98.037,104.0347681,41,0,0,0,0,0,-666,-666,-666,10.44172189,-0.165661783,-3.88E-17,-2.415015233,1.57E-33,-2.767351839,-1.22E-18,-0.902735243,5.079185826,203.7913825,10.86180732,9.171958467,3.171958467,5.674756148,4.138654715,1.335979233,0.738126349,0.738126349,0.290023748,0.290023748,0.041666667,0.041666667,-0.16,355.2737065,1.664096056,2.924094251,2.524931507,49.19162208,0,0,0,0,0,47.64293223,0,0,0,0,0,0,0,0,21.9458326,5.969305288,1.431199657,0,5.719716976,6.017892468,6.558985243,0,0,0,5.719716976,0,0,0,23.65499119,9.901064579,0,4.112275669,0,2.823684157,1.431199657,0,-666,24.26589997,9.901064579,0,0,0,0,0,0,0,5.108808191,8.367159482,39.00511574,0,10.60298611,13.85229167,-0.739212963,-1.918981481,-3.407986111,0,-3.727546296,0,0.666666667,7,3,4,0,0,0,0,0,0,3,2,4,-666,0,0,0,-666,-1.1712,21.1647,1,0,0,0,0,0,0,0,1,1,1,0,0,0,0,0,0,1,0,0,-666,0,0,0,0,0,0,0,0,0,0,0,0,0,0,0,-666,0,0,0,0,0,0,0,0,0,0,0,0,0,0,0,0,0,-666,0,0,0,0,0,0,0,0,0,0,0,0,0,0,0,0,0,0,0,0,0,0,0,0,0,0,0,0,-666,0,0,60,8,15.999,1.4611135,5.3,6,3.44,0.001308,253.2,14.1,-0.402124532,-0.398031111,O,6,0,0,2.55,0,0,6,2.55,0.879,28.124
6,__3S_-3-amino-3-carboxypropyl__methyl_sulfaniumyl,10.271 ,8.485 ,8.564 ,10.129 ,10.394 ,10.157 ,9.710 ,9.602 ,0.313,0.26,0.321,0.33,0.373,0.339,0.271,0.326,0.259,0.36,0.27,0.297,0.373,0.295,0.372,0.282,0.355,0.298,0.374,0.299,0.376,0.285,0.358,0.3,0.369,8.97,9.37,9.34,9.42,8.68,9.34,8.65,9.08,8.56,-0.282,-0.35,11.29871268,-3.638194444,11.29871268,0.485852702,0.596996208,149.215,138.127,149.0510496,54,0,0,0,0,0,-666,-666,-666,-1.11E-17,-0.242569652,-1.25E-16,-2.557365996,-1.44E-16,-2.761202822,-1.40E-16,-0.951190182,5.828347638,370.3152098,16.5689141,15.17195847,4.988455048,8.63186293,7.09277886,2.60659996,0.965188422,1.373436712,0.413812938,0.617937083,0.124883846,0.272589465,0.23,6277.014637,1.690607545,5.049786625,4.716026731,74.27523508,0,0,0,0,0,72.85490321,0,0,0,0,0,0,0,0,23.69309798,17.73119024,1.431199657,0,5.719716976,12.39081737,11.88888099,0,0,0,5.719716976,0,0,11.76188495,28.98488693,4.794537184,0,17.33899335,0,2.823684157,1.431199657,0,-666,47.73060557,4.794537184,0,0,0,0,0,0,0,5.108808191,15.22095226,78.16728824,-0.485852702,11.29871268,3.373638275,-4.114761432,-2.025447373,-3.586805556,-6.626772132,0,0,0.8,9,3,3,0,0,0,0,0,0,4,2,4,-666,0,0,0,-666,0.1514,38.6102,1,0,0,0,0,0,0,0,1,1,1,0,0,0,0,0,0,1,0,0,-666,0,0,0,0,0,0,0,0,0,0,0,0,0,0,0,-666,0,0,0,0,0,0,0,0,0,0,0,0,0,0,0,0,0,-666,0,0,0,0,0,0,0,0,0,0,0,0,0,0,0,0,0,0,0,0,1,0,0,0,0,0,0,0,-666,0,1,100,16,32.06,2.07710403,19.4,6,2.58,2.07,316.3,16.4,-0.33583911,-0.227958693,S,6,6,0,2.55,2.55,0,12,5.1,0.382,45.077
7,__4-_trifluoromethyl_phenyl_methyl_sulfanyl,5.203 ,4.532 ,4.679 ,5.220 ,5.327 ,5.266 ,4.715 ,4.598 ,0.853,0.765,0.567,0.366,0.524,0.388,0.349,0.364,0.328,0.534,0.477,0.478,0.548,0.478,0.548,0.46,0.528,0.48,0.55,0.481,0.552,0.463,0.532,0.552,0.628,5.07,5.82,5.75,5.9,2.39,2.5,2.36,2.44,4.67,-0.345,-0.38,12.57134307,-5.049140212,12.57134307,0.860648148,0.637749944,191.197,185.149,191.0142309,65,0,0,0,0,0,-666,-666,-666,12.98655728,-0.163835761,0.001163923,-2.327393974,0.443503278,-2.231760686,2.797771793,-0.711600294,3.663855281,438.0412162,14.46410162,11.54214171,6.35863829,7.886751346,5.771070855,3.179319145,1.849821142,2.053945287,1.010535427,1.214659573,0.505267714,0.607329786,0.14,3673.145375,4.578408118,3.898876382,2.574279991,82.30070145,0,0,0,0,0,81.26033707,0,0,0,0,0,0,0,0,21.39579648,12.62878915,0,0,0,6.176298517,5.704956885,35.35449604,0,0,0,13.17124514,0,12.62878915,11.8812554,0,0,8.224551337,35.35449604,0,0,0,0,47.23575145,13.17124514,0,0,0,0,0,0,0,12.62878915,8.224551337,81.04426635,4.327768802,0,0,-5.259098639,0,-4.89712963,-5.049140212,0,0,0.25,12,0,0,0,0,0,0,0,0,0,0,4,-666,0,0,0,-666,3.1688,43.819,0,0,0,0,0,0,0,0,0,0,0,0,0,0,0,0,0,0,0,0,0,0,0,0,0,3,5,0,0,0,0,0,0,0,0,0,-666,0,0,0,0,0,0,0,3,0,0,0,0,0,0,0,0,0,-666,0,0,0,0,0,0,0,0,0,0,0,0,0,0,0,0,0,0,0,0,0,0,0,0,0,0,0,0,-666,0,0,100,16,32.06,2.07710403,19.4,6,2.58,2.07,348,17.3,-0.394266166,-0.39383576,S,6,0,0,2.55,0,0,6,2.55,0.972,24.114
8,__4-methoxyphenyl_methyl_sulfanyl,5.745 ,4.724 ,4.855 ,5.757 ,5.956 ,5.828 ,4.938 ,4.749 ,0.801,0.732,0.314,0.23,0.248,0.216,0.191,0.23,0.205,0.235,0.202,0.179,0.221,0.174,0.216,0.199,0.244,0.18,0.222,0.17,0.211,0.193,0.237,0.258,0.306,5.28,6.45,6.35,6.59,1.9,2.02,1.89,1.95,4.85,-0.271,-0.3,7.575949074,-2.931568287,7.575949074,0.615377929,0.633563189,153.226,144.154,153.0374109,53,0,0,0,0,0,-666,-666,-666,10.22107144,-0.243137128,-1.17E-17,-2.345958725,9.10E-17,-2.289514514,0.672252657,-0.943199837,3.471477522,493.3294477,15.1712084,13.81649658,5.632993162,8.359877892,6.862372436,2.770620726,1.40824829,1.612372436,0.806186218,1.010310363,0.403093109,0.505155182,0.31,5991.871165,2.396588548,4.242634534,2.168485438,79.13255197,0,0,0,0,0,77.98594484,0,0,0,0,0,0,0,0,17.07368996,12.62878915,0,0,0,0,12.74290934,35.54055639,0,0,0,0,0,12.62878915,12.74290934,4.736862954,0,12.33682701,35.54055639,0,0,0,-666,48.28346573,0,0,0,0,0,0,0,0,17.3656521,12.33682701,70.04733729,4.473353135,0,0,-3.117085105,-0.751851852,-3.053518519,0,0,-2.931568287,0.25,10,0,1,0,0,0,0,0,0,1,0,2,-666,0,0,0,-666,2.2104,44.773,0,0,0,0,0,0,0,0,0,0,0,0,0,0,0,0,0,0,0,0,0,0,0,0,0,0,4,0,0,0,0,0,0,0,0,0,-666,0,0,0,0,1,0,0,0,0,0,0,0,0,0,0,0,0,-666,1,0,0,0,0,0,0,0,0,0,0,0,0,0,0,0,0,0,0,0,0,0,0,0,0,0,0,0,-666,0,0,100,16,32.06,2.07710403,19.4,6,2.58,2.07,334.5,17.3,-0.366303034,-0.365431923,S,6,0,0,2.55,0,0,6,2.55,0.928,26.55
9,__E_-_1-phenylethylidene_amino_oxidanyl,4.251 ,3.100 ,3.182 ,3.661 ,4.383 ,3.604 ,3.345 ,3.174 ,0.352,0.301,0.301,0.254,0.286,0.276,0.238,0.252,0.213,0.307,0.239,0.266,0.305,0.338,0.364,0.262,0.299,0.26,0.298,0.341,0.367,0.27,0.308,0.293,0.33,3.3,3.65,3.62,3.69,1.67,1.76,1.66,1.68,3.18,-0.182,-0.209,10.58110119,-2.948637094,10.58110119,0.662462207,0.414428894,134.158,126.094,134.0605889,51,0,0,0,0,0,-666,-666,-666,10.74594607,-0.243496184,8.98E-17,-2.293866216,-1.69E-16,-2.245122225,1.937404063,-0.921891212,3.6021325,504.1704521,14.24855867,12.85546189,4.855461886,8.124114886,6.406180984,2.406180984,1.439893891,1.439893891,0.828090492,0.828090492,0.414045246,0.414045246,-0.08,5414.26079,2.457906569,3.937882077,1.957306778,71.10256432,0,0,0,0,0,69.72607458,0,0,0,0,0,0,0,0,16.17332147,5.711685003,0,0,5.155712727,6.851892117,0,35.83346326,0,0,0,0,0,0,5.711685003,5.207253025,0,17.81796057,40.98917599,0,0,0,-666,48.39704038,5.207253025,0,0,0,0,0,0,0,5.155712727,10.96606845,58.31234221,0,0,12.88047005,-1.726388889,0,-3.601119615,0,-2.948637094,0,0.125,10,0,2,0,0,0,0,0,0,1,0,2,-666,0,0,0,-666,1.8452,40.1585,0,0,0,0,0,0,0,0,0,0,0,0,0,0,0,1,0,0,0,0,0,0,0,0,0,0,6,0,0,0,0,0,0,0,0,0,-666,0,0,0,0,0,0,0,0,0,0,0,0,0,0,0,0,0,-666,0,0,0,0,0,0,0,0,0,0,0,0,0,0,0,0,0,0,0,0,0,0,0,0,0,0,0,0,-666,0,0,60,8,15.999,1.4611135,5.3,6,3.44,0.001308,311.8,16.9,-0.385041411,-0.356146952,O,7,0,0,3.04,0,0,7,3.04,0.57,26.576
10,__methoxycarbonyl_amino_methyl,2.235 ,1.545 ,1.629 ,2.050 ,2.339 ,2.051 ,1.726 ,1.622 ,0.729,0.681,0.469,0.513,0.533,0.515,0.435,0.514,0.418,0.529,0.687,0.509,0.541,0.502,0.533,0.489,0.531,0.512,0.543,0.505,0.535,0.492,0.531,0.46,0.51,1.62,1.89,1.87,1.92,0.7,0.71,0.67,0.67,1.63,-0.32,-0.455,10.49548611,-2.952546296,10.49548611,0.285347222,-666,88.086,82.038,88.03985343,35,0,0,0,0,0,-666,-666,-666,0,0,0.00E+00,0,0.00E+00,0,0.00E+00,0,4.358023728,215.3233125,9.939157589,8.763710176,2.763710176,5.237869424,4.006799627,1.059586031,0.479772991,0.479772991,0.178597306,0.178597306,0.022821773,0.022821773,-0.12,205.1146195,1.182930363,3.084918033,2.137731959,44.12740471,0,0,0,0,0,42.58327644,0,0,0,0,0,0,0,0,17.797035,12.76285951,4.985429482,0,0,0,7.037952459,0,0,0,0,4.794537184,0,0,19.80081196,4.736862954,4.985429482,6.853792781,0,1.411842078,0,0,-666,19.80081196,4.794537184,0,4.985429482,0,0,0,0,0,4.736862954,8.265634859,42.5625463,0,10.21013889,0,0,0,0,-1.574074074,-1.162731481,-2.952546296,0.333333333,6,1,3,0,0,0,0,0,0,-666,0,3,-666,0,0,0,-666,0.56787,22.2457,0,0,0,0,0,0,0,0,0,0,1,1,0,0,0,0,1,0,0,0,-666,0,0,0,0,0,0,1,0,0,0,0,0,0,0,0,-666,0,0,0,0,1,0,0,0,0,0,0,0,0,0,0,0,0,-666,1,0,0,0,0,0,0,0,0,0,0,0,0,0,0,0,0,0,0,0,0,0,0,0,0,0,0,0,-666,0,0,70,6,12.011,1.262119,11.3,4,2.55,2.2,245,13.9,-0.424025668,-0.306549319,C,7,1,1,3.04,2.1,2.1,9,7.24,0.926,23.572
11,__methylamino__phenyl_methylidene_aminyl,3.448 ,2.797 ,2.889 ,3.463 ,3.552 ,3.501 ,3.049 ,2.956 ,0.65,0.495,0.439,0.4,0.463,0.418,0.3,0.398,0.277,0.493,0.355,0.351,0.503,0.351,0.502,0.341,0.491,0.352,0.504,0.353,0.505,0.342,0.494,0.332,0.488,2.79,3.16,3.13,3.2,1.38,1.43,1.34,1.35,2.89,-0.242,-0.369,9.653301682,-3.02085282,9.653301682,0.276872638,0.437845581,133.174,124.102,133.0765733,51,0,0,0,0,0,-666,-666,-666,10.18192252,-0.244003902,-2.54E-17,-2.368905966,-4.16E-17,-2.573438134,1.666059002,-0.944513344,3.3975448,519.3181478,15.11880215,13.89442719,4.894427191,8.496793686,6.868033989,2.420820393,1.435410197,1.435410197,0.829508497,0.829508497,0.417705098,0.417705098,-0.08,8079.136356,2.204951884,3.937882077,1.957306778,73.1572099,0,0,0,0,0,71.74191743,0,0,0,0,0,0,0,0,12.37791053,5.835619786,0,10.71909696,0,0,6.9758269,35.83346326,0,0,10.71909696,0,0,0,12.81144669,0,0,10.96606845,35.83346326,1.411842078,0,0,-666,48.64490995,5.409283606,0,5.309813353,0,0,0,0,0,0,12.37791053,65.1684303,0,0,9.376429044,-0.724884259,-1.225,-3.657455593,0,-3.02085282,0,0.125,10,1,2,0,0,0,0,0,0,-666,1,2,-666,0,0,0,-666,0.4568,42.5637,0,0,0,0,0,0,0,0,0,0,0,0,0,0,0,1,1,0,0,1,-666,0,0,0,0,0,4,0,1,0,0,0,0,0,0,0,-666,0,0,0,0,0,0,0,0,0,0,0,0,0,0,0,0,0,-666,0,0,0,0,0,0,0,0,0,0,0,0,0,0,0,0,0,0,0,0,0,0,0,0,0,0,0,0,-666,0,0,65,7,14.007,-1.4,7.4,5,3.04,0.001145,321.9,16.8,-0.377413565,-0.351954908,N,6,0,0,2.55,0,0,6,2.55,1.054,38.054
12,__methylsulfanyl__phenyl_methylidene_aminyl,4.130 ,3.395 ,3.502 ,4.146 ,4.246 ,4.189 ,3.679 ,3.573 ,0.574,0.426,0.389,0.37,0.418,0.384,0.283,0.367,0.262,0.44,0.318,0.332,0.449,0.331,0.448,0.321,0.437,0.332,0.449,0.333,0.451,0.323,0.439,0.308,0.428,3.46,3.9,3.86,3.94,1.69,1.76,1.66,1.68,3.5,-0.226,-0.334,9.6093202,-2.562519487,9.6093202,0.06574452,0.44004097,150.226,142.162,150.0377453,51,0,0,0,0,0,-666,-666,-666,10.73063371,-2.087502031,2.90E-17,-2.27017337,0.000595744,-2.18389873,2.049849899,-2.094980892,3.287418235,492.2068,14.24855867,12.85546189,5.671958467,8.05923663,6.381855088,3.198351669,1.407214637,1.998037113,0.810540054,1.208013365,0.407963772,0.612087917,0.31,4799.239468,2.665516275,4.242634534,2.168485438,76.2674306,0,0,0,0,0,75.19834135,0,0,0,0,0,0,0,0,10.96606845,16.80560194,0,5.409283606,0,0,6.183924101,35.83346326,0,0,5.409283606,0,0,11.76188495,11.22764109,0,0,10.96606845,35.83346326,0,0,0,-666,47.06110435,5.409283606,0,11.76188495,0,0,0,0,0,0,10.96606845,58.04723037,0.06574452,0,8.796357237,-0.498032407,0,-3.098780234,-2.562519487,0,0,0.125,10,0,1,0,0,0,0,0,0,1,0,2,-666,0,0,0,-666,1.6004,47.019,0,0,0,0,0,0,0,0,0,0,0,0,0,0,0,1,0,0,0,0,0,0,0,0,0,0,5,0,0,0,0,0,0,0,0,0,-666,0,0,0,0,0,0,0,0,0,0,0,0,0,0,0,0,0,-666,0,0,0,0,0,0,0,0,0,0,0,0,0,0,0,0,0,0,0,0,1,0,0,0,0,0,0,0,-666,0,0,65,7,14.007,-1.4,7.4,5,3.04,0.001145,331.2,17.6,-0.382878082,-0.369120028,N,6,0,0,2.55,0,0,6,2.55,0.998,40.223
13,__tert-butoxy_carbonyl__butyl_aminyl,4.214 ,3.168 ,3.267 ,3.869 ,4.340 ,3.836 ,3.489 ,3.327 ,0.668,0.439,0.389,0.349,0.39,0.345,0.252,0.336,0.238,0.433,0.258,0.318,0.425,0.321,0.424,0.313,0.419,0.317,0.424,0.322,0.425,0.315,0.421,0.314,0.423,3.31,3.71,3.67,3.75,1.71,1.83,1.67,1.71,3.26,-0.198,-0.288,12.02897959,-4.195017243,12.02897959,2.442916667,0.612827163,172.248,154.104,172.1337538,71,0,0,0,0,0,-666,-666,-666,2.44E-17,-1.841467976,-0.013131797,-2.598100176,-7.77E-17,-2.668284982,1.36E-16,-2.09451192,6.275587075,599.9642941,24.99156383,23.76371018,5.763710176,12.60095363,11.55958603,2.559586031,1.522762607,1.522762607,0.505993814,0.505993814,0.255332339,0.255332339,-0.12,263408.0517,1.686086509,5.512693569,7.981214575,99.77318646,0,0,0,0,0,97.86641159,0,0,0,0,0,0,0,0,34.20505415,6.093240071,0,5.316788604,0,45.75446908,6.496859684,0,0,0,5.316788604,4.794537184,0,0,18.19115057,4.736862954,0,64.82707228,0,0,0,0,-666,58.34456884,4.794537184,0,0,0,0,0,0,0,10.05365156,24.67365401,135.2573334,0,12.02897959,2.442916667,-4.195017243,0,0,-10.5105689,-19.8569768,0,0.888888889,12,0,3,0,0,0,0,0,0,-666,0,3,-666,0,0,0,-666,2.326,48.143,0,0,0,0,0,0,0,0,0,0,1,1,0,0,0,1,0,0,0,0,0,0,0,0,0,0,0,1,0,0,0,0,0,0,0,0,-666,0,0,0,0,1,0,0,0,0,0,0,0,0,0,0,0,0,-666,0,0,0,0,0,0,0,0,0,0,0,0,0,0,0,0,0,0,0,0,0,0,0,0,0,0,0,0,-666,0,0,65,7,14.007,-1.4,7.4,5,3.04,0.001145,413.2,15.8,-0.39586986,-0.381312429,N,6,6,0,2.55,0,0,12,2.55,0.948,51.586
14,__tert-butoxy_carbonyl__methyl_aminyl,4.426 ,3.338 ,3.448 ,4.051 ,4.556 ,4.018 ,3.657 ,3.486 ,0.658,0.467,0.412,0.383,0.418,0.38,0.284,0.37,0.269,0.465,0.289,0.349,0.456,0.348,0.454,0.344,0.45,0.35,0.456,0.349,0.454,0.345,0.452,0.343,0.453,3.48,3.91,3.87,3.95,1.75,1.86,1.71,1.75,3.44,-0.22,-0.317,11.31541667,-3.890046296,11.31541667,2.112615741,0.49325699,130.167,118.071,130.0868036,53,0,0,0,0,0,-666,-666,-666,2.01E-16,-0.246856001,-2.89E-17,-2.595445305,-1.24E-16,-2.610805916,8.13E-18,-1.102282564,5.911297252,350.4736319,17.49156383,16.26371018,4.263710176,8.850953631,7.809586031,1.809586031,1.160959209,1.160959209,0.331690415,0.331690415,0.153787093,0.153787093,-0.12,6157.454408,1.395187706,3.150977509,5.755777447,72.24853711,0,0,0,0,0,70.52308555,0,0,0,0,0,0,0,0,25.98050281,6.093240071,0,5.316788604,0,26.15672716,6.9758269,0,0,0,5.316788604,4.794537184,0,0,18.67011778,4.736862954,0,37.00477903,0,0,0,0,-666,39.22579413,4.794537184,0,0,0,0,0,0,0,10.05365156,16.44910267,88.23859269,0,11.31541667,2.423541667,-3.890046296,0,0,-2.112615741,-14.55822232,0,0.833333333,9,0,3,0,0,0,0,0,0,-666,0,3,-666,0,0,0,-666,1.1557,34.292,0,0,0,0,0,0,0,0,0,0,1,1,0,0,0,1,0,0,0,0,0,0,0,0,0,0,0,1,0,0,0,0,0,0,0,0,-666,0,0,0,0,1,0,0,0,0,0,0,0,0,0,0,0,0,-666,0,0,0,0,0,0,0,0,0,0,0,0,0,0,0,0,0,0,0,0,0,0,0,0,0,0,0,0,-666,0,0,65,7,14.007,-1.4,7.4,5,3.04,0.001145,320.4,15.2,-0.400510742,-0.391102573,N,6,6,0,2.55,0,0,12,2.55,0.93,42.036
15,__trimethylsilyl_oxy_aminyl,2.573 ,1.893 ,1.975 ,2.404 ,2.658 ,2.386 ,2.137 ,2.030 ,0.721,0.64,0.433,0.447,0.477,0.457,0.399,0.449,0.386,0.494,0.481,0.455,0.505,0.437,0.492,0.441,0.493,0.456,0.506,0.439,0.493,0.443,0.495,0.426,0.482,1.96,2.23,2.2,2.26,0.94,1,0.9,0.93,1.97,-0.314,-0.386,7.058395062,-5.254436728,7.058395062,2.23929784,0.36113628,104.205,94.125,104.0531655,37,0,0,0,0,0,-666,-666,-666,-7.27E-18,-1.028797652,-0.084793363,-2.567331824,-0.300685924,-2.633048113,-8.29E-17,-1.257489283,5.820567972,203.8802719,13.41421356,12.85546189,3.855461886,6.810660172,6.083911927,3.044946622,0.772473311,2.317419932,0.136930639,0.410791918,0,0,0.136883117,887.5299233,0.706763813,1.725953205,4.136883117,53.48868709,0,0,0,0,0,51.90829203,0,0,0,0,0,0,0,0,18.27539974,8.317393253,0,5.890000221,0,19.42549881,0,0,0,0,5.890000221,0,0,0,8.317393253,4.526730656,0,12.33682701,0,20.83734089,0,0,-666,27.74289207,0,0,0,0,0,0,0,0,10.41673088,13.74866908,73.97729167,0,0,0,0,2.23929784,0,0,-10.01770833,-5.254436728,1,6,1,2,0,0,0,0,0,0,1,0,3,-666,0,0,0,-666,1.0358,27.5277,0,0,0,0,0,0,0,0,0,0,0,0,0,0,0,0,1,0,0,0,0,0,0,0,0,0,0,0,0,0,0,0,0,0,0,0,-666,0,0,0,0,0,0,0,0,0,0,0,0,0,0,0,0,0,-666,0,0,0,0,0,0,0,0,0,0,0,0,0,0,0,0,0,0,0,0,0,0,0,0,0,0,0,0,-666,0,0,65,7,14.007,-1.4,7.4,5,3.04,0.001145,284.2,15.5,-0.382905797,-0.344918994,N,8,1,0,3.44,2.1,0,9,5.54,0.89,30.169
16,"_1,1,1,3,3,3-hexafluoropropan-2-yl_oxidanyl",7.088 ,5.265 ,5.498 ,5.970 ,7.263 ,5.863 ,5.635 ,5.391 ,0.77,0.612,0.343,0.297,0.362,0.299,0.266,0.295,0.261,0.359,0.28,0.314,0.353,0.399,0.435,0.307,0.345,0.306,0.345,0.403,0.439,0.317,0.356,0.34,0.377,5.7,6.23,6.18,6.28,3.25,3.4,3.16,3.23,5.49,-0.258,-0.29,11.109375,-6.133680556,11.109375,5.423611111,0.490821686,167.028,166.02,166.993159,61,0,0,0,0,0,-666,-666,-666,19.28632503,-0.082968678,1.896508544,-2.258154687,1.831008003,-2.525868743,3.790760225,-0.643821689,4.748408578,128.8868353,9.5,5.176035129,4.176035129,4.5,2.338017564,1.838017564,1.324642283,1.324642283,0.51492838,0.51492838,0.160714286,0.160714286,-0.46,88.5519821,7.644821803,2.296528024,2.421671467,52.66155193,0,0,0,0,0,51.2523913,0,0,0,0,0,0,0,0,32.81977624,0,0,0,0,18.43261506,0,0,0,0,0,26.34249029,0,0,18.43261506,5.106527395,0,1.370758556,0,0,0,0,-666,18.43261506,31.44901768,0,0,0,0,0,0,0,0,1.370758556,72.07986111,0,0,9.5625,0,0,0,-17.89236111,0,0,1,10,0,1,0,0,0,0,0,0,0,0,7,0,0,0,0,-666,1.9101,16.5845,0,0,0,0,0,0,0,0,0,0,0,0,0,0,0,0,0,0,0,0,0,0,0,0,0,6,0,0,0,0,0,0,0,0,0,0,-666,0,0,0,0,0,0,0,6,0,0,0,0,0,0,0,0,0,-666,0,0,0,0,0,0,0,0,0,0,0,0,0,0,0,0,0,0,0,0,0,0,0,0,0,0,0,0,-666,0,0,60,8,15.999,1.4611135,5.3,6,3.44,0.001308,262.9,13.4,-0.496719879,-0.496079194,O,6,0,0,2.58,0,0,6,2.58,0.93,41.027
17,"_1,1,1-trichloropropan-2-ylidene_aminyl",4.031 ,3.399 ,3.515 ,4.044 ,4.127 ,4.080 ,3.654 ,3.564 ,0.626,0.444,0.436,0.441,0.472,0.447,0.327,0.435,0.313,0.491,0.352,0.368,0.496,0.367,0.496,0.359,0.486,0.368,0.497,0.369,0.498,0.361,0.488,0.351,0.478,3.49,3.86,3.83,3.9,1.87,1.92,1.83,1.84,3.51,-0.263,-0.382,8.680555556,-2.730902778,8.680555556,1.134259259,0.378569946,159.423,156.399,157.9331071,41,0,0,0,0,0,-666,-666,-666,14.34920879,-0.243431296,7.95E-17,-2.231643673,0.6885,-2.311961616,5.605539867,-0.922161981,4.39899054,130.0523685,8.577350269,6.081107015,5.348893853,4.154700538,2.790553507,2.424446926,0.846365867,3.127598291,0.268509816,0.805529447,0,0,0.83,63.57980789,3.780037722,2.402430194,3.415651537,61.27919644,0,0,0,0,0,60.680492,0,0,0,0,0,0,0,0,4.112275669,40.51450467,0,5.409283606,0,10.64442805,0,0,0,0,5.409283606,0,0,34.80281967,9.504220938,0,0,10.96416779,0,0,0,0,-666,16.35611306,0,0,0,0,0,0,0,0,0,44.32437894,17.52833333,15.15627315,0,8.680555556,-1.134259259,0,0,0,-2.730902778,0,0.666666667,7,0,1,0,0,0,0,0,0,0,0,4,-666,0,0,0,-666,1.6176,33.105,0,0,0,0,0,0,0,0,0,0,0,0,0,0,0,1,0,0,0,0,0,0,0,0,0,3,0,0,0,0,0,0,0,0,0,0,-666,0,0,0,0,0,0,0,3,0,0,0,0,0,0,0,0,0,-666,0,0,0,0,0,0,0,0,0,0,0,0,0,0,0,0,0,0,0,0,0,0,0,0,0,0,0,0,-666,0,0,65,7,14.007,-1.4,7.4,5,3.04,0.001145,277.5,17,-0.44436771,-0.401577624,N,6,0,0,2.55,0,0,6,2.55,1.024,39.09
18,"_1,3-dimethyl-1H-imidazol-3-ium-2-yl_boranuidyl",3.284 ,2.206 ,2.266 ,3.326 ,3.599 ,3.441 ,2.345 ,2.171 ,-0.01,0.045,0.441,0.523,0.514,0.542,0.389,0.523,0.356,0.542,0.458,0.374,0.559,0.373,0.559,0.348,0.536,0.375,0.561,0.378,0.564,0.353,0.541,0.317,0.51,2.02,2.66,2.6,2.74,0.59,0.58,0.57,0.55,2.26,-0.012,0.011,7.463912037,-2.917592593,7.463912037,0.256319444,0.379219393,108.961,98.881,109.0937037,43,0,0,0,0,0,-666,-666,-666,0,0,0,0,0,0,0,0,3.477311869,382.9644262,14.46410162,13.97177746,3.97177746,7.886751346,7.035016459,1.880315921,1.252626081,1.252626081,0.731805687,0.731805687,0.314549722,0.314549722,-0.015064935,4201.958865,1.204421187,2.073415165,0.882061546,64.41687821,0,0,0,0,0,62.86671226,0,0,0,0,0,0,0,0,10.96606845,13.12573204,2.671425448,9.799819462,0,0,13.9516538,12.35201306,0,0,0,0,0,0,39.54863075,0,0,10.96606845,12.35201306,0,0,0,-666,39.4293989,0,0,9.799819462,0,0,0,0,0,0,13.6374939,72.53523148,0,0.512638889,0,-0.731481481,0,0,-1.711805556,-5.835185185,-1.936064815,0.4,8,0,2,0,0,0,0,0,0,2,0,3,-666,0,0,0,-666,-0.9447,38.217,0,0,0,0,0,0,0,0,0,0,0,0,0,0,0,2,0,0,0,0,-666,0,0,0,0,0,0,0,0,0,0,0,0,0,0,0,-666,0,0,0,0,0,0,0,0,0,0,0,0,0,0,0,0,0,-666,0,0,0,0,0,0,0,0,0,0,0,0,0,0,0,0,0,0,0,0,0,0,0,0,0,0,0,0,-666,0,0,85,5,10.81,0.279723,20.5,3,2.04,2.34,294.1,15.6,-0.371212008,-0.247723087,B,7,7,5,3.04,3.04,2.04,8,6.75,0.068,32.319
19,"_1,3-dioxo-2,3-dihydro-1H-isoindol-2-yl_aminyl",4.311 ,3.444 ,3.593 ,4.032 ,4.457 ,4.024 ,3.555 ,3.390 ,0.549,0.527,0.336,0.33,0.372,0.336,0.319,0.332,0.31,0.375,0.346,0.382,0.385,0.373,0.38,0.373,0.376,0.384,0.385,0.374,0.381,0.373,0.377,0.367,0.373,3.66,4.17,4.12,4.22,1.76,1.7,1.71,1.61,3.59,-0.27,-0.302,11.61822373,-1.007407407,11.61822373,0.207962963,0.519338224,161.14,156.1,161.0351024,59,0,0,0,0,0,-666,-666,-666,13.18991752,-0.093103378,0.857346328,-2.183411703,0.78831145,-2.348683339,3.004660106,-0.47910993,2.719717874,502.1187926,12.9032592,10.71092377,5.710923772,7.91279002,5.502675481,3.055461886,2.172108528,2.172108528,1.499971093,1.499971093,0.937329902,0.937329902,-0.16,6743.524104,4.371400189,2.957043288,1.067418205,75.68918815,0,0,0,0,0,74.49741372,0,0,0,0,0,0,0,0,16.48395067,11.81435946,0,10.84460754,0,0,0,35.35449604,0,0,5.83569502,0,0,0,16.82327198,9.589074368,0,5.483034225,35.35449604,1.411842078,0,0,-666,47.1688555,9.589074368,0,5.008912524,0,0,0,0,0,5.83569502,6.894876303,36.44494331,0,23.23644747,0.207962963,-0.866666667,0.686145125,-2.375498866,0,0,0,0,12,1,4,0,0,0,0,0,0,-666,0,4,-666,0,0,0,-666,-0.0243,40.2557,0,0,0,0,0,0,0,0,0,0,2,2,0,0,0,1,1,0,0,0,-666,0,0,0,0,0,2,2,0,0,0,0,0,0,0,0,-666,0,0,0,0,0,0,0,0,0,0,0,1,0,0,0,0,0,-666,0,0,0,0,0,0,0,0,0,0,0,0,0,0,0,0,0,0,0,0,0,0,0,0,0,0,0,0,-666,0,0,65,7,14.007,-1.4,7.4,5,3.04,0.001145,316.5,17.7,-0.41236818,-0.368579015,N,7,1,0,3.04,2.1,0,8,5.14,0.829,31.831
20,"_1,3-dioxo-2,3-dihydro-1H-isoindol-2-yl_methyl",3.439 ,2.660 ,2.823 ,3.221 ,3.589 ,3.222 ,2.746 ,2.600 ,0.607,0.533,0.427,0.458,0.506,0.469,0.4,0.462,0.381,0.495,0.673,0.488,0.51,0.48,0.509,0.466,0.496,0.49,0.511,0.484,0.512,0.469,0.499,0.434,0.477,2.85,3.29,3.26,3.34,1.32,1.24,1.26,1.15,2.82,-0.281,-0.395,11.78155707,-1.071239607,11.78155707,0.207962963,0.53224489,160.152,154.104,160.0398534,59,0,0,0,0,0,-666,-666,-666,12.16911908,-0.163294258,0.524826,-2.184570475,0.572259849,-2.326567725,2.685546685,-0.595731863,2.695896809,527.6069349,13.77350269,11.76371018,5.763710176,8.28546882,6.079068684,3.079068684,2.195715325,2.195715325,1.521411927,1.521411927,0.949133301,0.949133301,-0.12,9418.204916,3.945211146,2.979468544,1.078262117,78.09101741,0,0,0,0,0,76.8821662,0,0,0,0,0,0,0,0,17.81362571,11.81435946,0,4.899909731,0,0,0,42.35427131,0,0,0,0,0,0,16.71426919,9.589074368,6.999775261,8.224551337,35.35449604,0,0,0,-666,54.16863076,9.589074368,0,4.899909731,0,0,0,0,0,0,8.224551337,43.91801209,0,23.7710771,0,-0.966666667,-2.135185185,-2.515997732,0,-1.071239607,0,0,12,0,3,0,0,0,0,0,0,-666,0,3,-666,0,0,0,-666,0.56939,42.516,0,0,0,0,0,0,0,0,0,0,2,2,0,0,0,1,0,0,0,0,-666,0,0,0,0,0,2,2,0,0,0,0,0,0,0,0,-666,0,0,0,0,0,0,0,0,0,0,0,1,0,0,0,0,0,-666,0,0,0,0,0,0,0,0,0,0,0,0,0,0,0,0,0,0,0,0,0,0,0,0,0,0,0,0,-666,0,0,70,6,12.011,1.262119,11.3,4,2.55,2.2,323.1,17.6,-0.422782628,-0.330702409,C,7,1,1,3.04,2.1,2.1,9,7.24,0.906,31.297
21,"_1,3-dioxo-2,3-dihydro-1H-isoindol-2-yl_oxidanyl",6.068 ,4.288 ,4.436 ,4.705 ,6.295 ,4.555 ,4.320 ,4.013 ,0.438,0.391,0.269,0.219,0.267,0.223,0.218,0.22,0.213,0.266,0.246,0.255,0.266,0.318,0.319,0.253,0.262,0.249,0.259,0.32,0.321,0.259,0.27,0.283,0.292,4.74,5.39,5.34,5.46,2.27,2.22,2.22,2.14,4.43,-0.23,-0.234,11.28822373,-1.243518519,11.28822373,0.458703704,0.525040097,162.124,158.092,162.019118,59,0,0,0,0,0,-666,-666,-666,13.68669423,-1.053702603,0.995593711,-2.226604215,0.844395804,-2.255789087,3.786802761,-1.466177307,2.78711117,485.4015126,12.19615242,9.671958467,5.671958467,7.374785218,5.038036072,3.038036072,2.154682714,2.154682714,1.484144127,1.484144127,0.928616995,0.928616995,-0.16,3959.386812,4.905983604,2.957043288,1.067418205,73.66440655,0,0,0,0,0,72.51143485,0,0,0,0,0,0,0,0,20.27936162,11.81435946,0,5.063217725,0,0,0,35.35449604,0,0,0,0,0,0,16.87757718,14.79632739,0,5.483034225,35.35449604,0,0,0,-666,52.23207323,14.79632739,0,0,0,0,0,0,0,0,5.483034225,29.38154951,0,22.57644747,10.55885488,-1.1,-2.487037037,-2.596481481,0,0,0,0,12,0,4,0,0,0,0,0,0,-666,0,4,-666,0,0,0,-666,0.1233,37.8455,0,0,0,0,0,0,0,0,0,0,2,2,0,0,0,1,0,0,2,0,-666,0,0,0,0,0,2,2,0,0,0,0,0,0,0,0,-666,0,0,0,0,0,0,0,0,0,0,0,1,0,0,0,0,0,-666,0,0,0,0,0,0,0,0,0,0,0,0,0,0,0,0,0,0,0,0,0,0,0,0,0,0,0,0,-666,0,0,60,8,15.999,1.4611135,5.3,6,3.44,0.001308,313.8,17.5,-0.419631668,-0.396368146,O,7,0,0,3.04,0,0,7,3.04,0.605,32.601
22,_1-methoxyethylidene_aminyl,3.702 ,2.972 ,3.075 ,3.627 ,3.804 ,3.646 ,3.237 ,3.129 ,0.696,0.538,0.552,0.569,0.56,0.573,0.437,0.568,0.427,0.592,0.471,0.454,0.6,0.446,0.591,0.446,0.593,0.457,0.602,0.447,0.592,0.445,0.593,0.435,0.588,3,3.35,3.32,3.39,1.52,1.57,1.48,1.49,3.07,-0.378,-0.532,8.493263889,-2.918171296,8.493263889,1.460648148,0.289054653,72.087,66.039,72.04493881,29,0,0,0,0,0,-666,-666,-666,-1.54E-33,-0.245843409,-5.77E-17,-2.272450597,-8.02E-17,-2.327769677,0,-0.958777688,4.107833962,156.1907808,9.28445705,8.355461886,2.355461886,4.627827085,3.881855088,0.881855088,0.407214637,0.407214637,0.096674583,0.096674583,0,0,-0.08,95.43558191,0.768270031,2.175102041,3.92,39.69785449,0,0,0,0,0,38.15828782,0,0,0,0,0,0,0,0,12.96141429,5.897745344,0,5.409283606,0,6.851892117,7.037952459,0,0,0,5.409283606,0,0,0,12.9356978,4.736862954,0,15.07644345,0,0,0,0,-666,19.78758992,0,0,0,0,0,0,0,0,4.736862954,13.63383494,42.44666667,0,0,8.493263889,0,-1.460648148,0,0,-2.894444444,-2.918171296,0.666666667,5,0,2,0,0,0,0,0,0,1,0,2,-666,0,0,0,-666,-0.1487,19.824,0,0,0,0,0,0,0,0,0,0,0,0,0,0,0,1,0,0,0,0,0,0,0,0,0,0,0,0,0,0,0,0,0,0,0,0,-666,0,0,0,0,1,0,0,0,0,0,0,0,0,0,0,0,0,-666,1,0,0,0,0,0,0,0,0,0,0,0,0,0,0,0,0,0,0,0,0,0,0,0,0,0,0,0,-666,0,0,65,7,14.007,-1.4,7.4,5,3.04,0.001145,229.5,13.4,-0.418539086,-0.380975896,N,6,0,0,2.55,0,0,6,2.55,1.026,34.079
23,_1-phenylethylidene_aminyl,3.289 ,2.679 ,2.763 ,3.303 ,3.383 ,3.337 ,2.928 ,2.843 ,0.638,0.434,0.453,0.482,0.479,0.48,0.34,0.478,0.327,0.499,0.376,0.361,0.505,0.361,0.505,0.352,0.496,0.362,0.505,0.363,0.506,0.354,0.497,0.345,0.497,2.7,3.02,2.99,3.05,1.38,1.43,1.35,1.36,2.76,-0.277,-0.436,9.444760015,-2.922595427,9.444760015,0.636952003,0.495799313,118.159,110.095,118.0656743,45,0,0,0,0,0,-666,-666,-666,10.1491156,-0.243496138,-1.62E-16,-2.291369791,-3.46E-16,-2.25213829,1.801924464,-0.921774022,3.499347878,472.734097,13.54145188,12.4472136,4.447213595,7.586110083,6.223606798,2.223606798,1.348606798,1.348606798,0.736803399,0.736803399,0.368401699,0.368401699,-0.04,3222.694509,1.973705945,3.21003996,1.976711222,66.14432058,0,0,0,0,0,64.77239244,0,0,0,0,0,0,0,0,10.96606845,5.711685003,0,5.409283606,0,6.851892117,0,35.83346326,0,0,5.409283606,0,0,0,5.711685003,0,0,17.81796057,35.83346326,0,0,0,-666,48.39704038,5.409283606,0,0,0,0,0,0,0,0,10.96606845,57.74594482,0,0,9.444760015,-1.883796296,0,-3.467646447,0,-2.922595427,0,0.125,9,0,1,0,0,0,0,0,0,0,0,1,-666,0,0,0,-666,1.2998,39.178,0,0,0,0,0,0,0,0,0,0,0,0,0,0,0,1,0,0,0,0,0,0,0,0,0,0,6,0,0,0,0,0,0,0,0,0,-666,0,0,0,0,0,0,0,0,0,0,0,0,0,0,0,0,0,-666,0,0,0,0,0,0,0,0,0,0,0,0,0,0,0,0,0,0,0,0,0,0,0,0,0,0,0,0,-666,0,0,65,7,14.007,-1.4,7.4,5,3.04,0.001145,295.6,16.7,-0.405038277,-0.357013357,N,6,0,0,2.55,0,0,6,2.55,1.06,34.83
24,"_2,2,2-trichloro-1-methoxyethylidene_aminyl",4.615 ,3.865 ,3.987 ,4.551 ,4.721 ,4.576 ,4.143 ,4.033 ,0.646,0.46,0.446,0.425,0.485,0.444,0.318,0.425,0.3,0.518,0.385,0.373,0.531,0.366,0.525,0.362,0.516,0.375,0.533,0.368,0.528,0.362,0.519,0.343,0.495,3.97,4.39,4.35,4.43,2.11,2.22,2.08,2.11,3.98,-0.243,-0.362,8.659930556,-2.81150463,8.659930556,1.164351852,0.309212205,175.422,172.398,173.9280218,47,0,0,0,0,0,-666,-666,-666,16.47969526,-0.243032421,2.52E-18,-2.23534144,0.6885,-2.3362042,5.496485573,-0.945995837,4.107833962,162.1907808,9.28445705,6.489355305,5.757142143,4.627827085,2.948801798,2.582695217,0.904973706,3.18620613,0.339175233,0.824176535,0.057863756,0.173591269,0.79,95.43558191,4.58163936,3.084850465,2.946111312,66.39274167,0,0,0,0,0,65.78947564,0,0,0,0,0,0,0,0,8.849138622,40.70056502,0,5.409283606,0,3.792535936,7.037952459,0,0,0,5.409283606,0,0,34.80281967,16.72823374,4.736862954,0,4.112275669,0,0,0,0,-666,16.72823374,0,0,0,0,0,0,0,0,4.736862954,44.32437894,21.14041667,15.17550926,0,8.659930556,0,-1.164351852,0,0,0,-2.81150463,0.666666667,8,0,2,0,0,0,0,0,0,1,0,5,-666,0,0,0,-666,1.2016,34.44,0,0,0,0,0,0,0,0,0,0,0,0,0,0,0,1,0,0,0,0,0,0,0,0,0,3,0,0,0,0,0,0,0,0,0,0,-666,0,0,0,0,1,0,0,3,0,0,0,0,0,0,0,0,0,-666,1,0,0,0,0,0,0,0,0,0,0,0,0,0,0,0,0,0,0,0,0,0,0,0,0,0,0,0,-666,0,0,65,7,14.007,-1.4,7.4,5,3.04,0.001145,299.9,16.8,-0.447222351,-0.415772492,N,6,0,0,2.55,0,0,6,2.55,1.021,42.317
25,"_2,2,2-trifluoroacetamido_methyl",3.275 ,2.363 ,2.501 ,2.987 ,3.417 ,2.981 ,2.576 ,2.437 ,0.637,0.565,0.458,0.482,0.512,0.488,0.404,0.485,0.385,0.504,0.637,0.47,0.512,0.46,0.502,0.455,0.505,0.473,0.514,0.463,0.503,0.457,0.505,0.428,0.487,2.52,2.89,2.86,2.93,1.21,1.21,1.16,1.13,2.5,-0.306,-0.441,11.3687037,-5.199305556,11.3687037,0.847222222,-666,126.057,123.033,126.0166734,47,0,0,0,0,0,-666,-666,-666,0,0,0.00E+00,0,0,0,0,0,4.670208171,206.3631603,9.232050808,6.489355305,3.489355305,4.764742878,2.915498046,1.46828445,0.914715032,0.914715032,0.344045897,0.344045897,0.063386569,0.063386569,-0.29,136.6196901,3.681806487,2.320364844,2.130929916,47.29555418,0,0,0,0,0,45.85766868,0,0,0,0,0,0,0,0,22.11914152,12.57679916,4.985429482,0,0,6.176298517,0,0,0,0,0,13.17124514,0,0,18.75309768,4.794537184,4.985429482,2.741517112,0,1.411842078,0,0,-666,23.73852716,17.96578233,0,0,0,0,0,0,0,0,4.153359191,52.73622685,0,9.111388889,0,0,-2.543981481,0,-5.199305556,-1.52099537,0,0.333333333,8,1,2,0,0,0,0,0,0,-666,0,5,-666,0,0,0,-666,0.89037,20.9027,0,0,0,0,0,0,0,0,0,0,1,1,0,0,0,0,1,0,0,0,-666,0,0,0,0,3,0,1,0,0,0,0,0,0,0,0,-666,0,0,0,0,0,0,0,3,0,0,0,0,0,0,0,0,0,-666,0,0,0,0,0,0,0,0,0,0,0,0,0,0,0,0,0,0,0,0,0,0,0,0,0,0,0,0,-666,0,0,70,6,12.011,1.262119,11.3,4,2.55,2.2,256.2,14,-0.448904331,-0.35257742,C,7,1,1,3.04,2.1,2.1,9,7.24,0.862,23.871
26,"_2,2,2-trifluoroacetyl_oxidanyl",9.214 ,6.272 ,6.395 ,7.424 ,9.466 ,7.244 ,6.995 ,6.623 ,0.446,0.361,0.397,0.376,0.388,0.381,0.328,0.374,0.321,0.405,0.337,0.353,0.404,0.392,0.432,0.351,0.401,0.35,0.401,0.393,0.433,0.354,0.405,0.366,0.413,6.69,7.32,7.27,7.39,3.71,4.06,3.67,3.77,6.39,-0.317,-0.364,10.5162037,-5.194444444,10.5162037,3.006944444,0.450370023,113.014,113.014,112.9850389,41,0,0,0,0,0,-666,-666,-666,19.41347752,10.68908932,2.400131072,-1.904480973,2.129699491,-2.192731632,5.721436858,-0.199306006,3.791118417,83.42592197,6.077350269,2.95039,2.95039,2.943375673,1.225195,1.225195,0.785216548,0.785216548,0.231455025,0.231455025,0,0,-0.29,17.08616633,6.71,1.66971217,2.410525394,36.5565552,0,0,0,0,0,35.21791353,0,0,0,0,0,0,0,0,23.07230972,5.969305288,0,0,0,6.176298517,0,0,0,0,0,13.17124514,0,0,12.14560381,9.901064579,0,0,0,0,0,0,-666,12.14560381,13.17124514,0,0,0,0,0,0,0,0,9.901064579,31.54861111,0,8.784722222,8.784722222,0,-3.006944444,0,-5.194444444,0,0,0.5,7,0,2,0,0,0,0,0,0,1,0,5,-666,0,0,0,-666,0.5058,11.7485,0,0,0,0,0,0,0,0,0,0,1,1,0,0,0,0,0,0,0,0,0,0,0,0,0,3,0,0,0,0,0,0,0,0,0,0,-666,0,0,0,0,0,0,0,3,0,0,0,0,0,0,0,0,0,-666,0,0,0,0,0,0,0,0,0,0,0,0,0,0,0,0,0,0,0,0,0,0,0,0,0,0,0,0,-666,0,0,60,8,15.999,1.4611135,5.3,6,3.44,0.001308,221.8,12.9,-0.517289667,-0.51693001,O,6,0,0,2.55,0,0,6,2.55,0.555,32.932
27,"_2,2,2-trifluoroethyl_oxidanyl",6.268 ,4.424 ,4.617 ,5.036 ,6.440 ,4.914 ,4.738 ,4.490 ,0.771,0.63,0.408,0.365,0.4,0.361,0.323,0.36,0.32,0.407,0.33,0.357,0.395,0.437,0.471,0.353,0.392,0.349,0.387,0.439,0.473,0.362,0.401,0.394,0.433,4.86,5.32,5.28,5.37,2.69,2.79,2.61,2.67,4.62,-0.329,-0.369,10.875,-5.284722222,10.875,4.3125,0.431034177,99.031,97.015,99.00577434,37,0,0,0,0,0,-666,-666,-666,18.997,-0.16407783,1.58E-17,-2.177277369,0.4192,-2.37960623,1.107,-0.80606286,4.020391543,70.26466251,7,4.542141709,2.542141709,3.25,2.021070855,1.021070855,0.599821142,0.599821142,0.115727512,0.115727512,0,0,-0.25,21.30605883,2.84739369,1.466049383,3.75,35.2049741,0,0,0,0,0,33.75457341,0,0,0,0,0,0,0,0,21.01928965,0,0,0,0,6.176298517,6.558985243,0,0,0,0,13.17124514,0,0,12.73528376,5.106527395,0,2.741517112,0,0,0,0,-666,12.73528376,18.27777254,0,0,0,0,0,0,0,0,2.741517112,43.76388889,0,0,9.333333333,0,0,0,-5.284722222,-4.3125,0,1,6,0,1,0,0,0,0,0,0,0,0,4,0,0,0,0,-666,0.9792,11.6085,0,0,0,0,0,0,0,0,0,0,0,0,0,0,0,0,0,0,0,0,0,0,0,0,0,3,0,0,0,0,0,0,0,0,0,0,-666,0,0,0,0,0,0,0,3,0,0,0,0,0,0,0,0,0,-666,0,0,0,0,0,0,0,0,0,0,0,0,0,0,0,0,0,0,0,0,0,0,0,0,0,0,0,0,-666,0,0,60,8,15.999,1.4611135,5.3,6,3.44,0.001308,214.9,12.2,-0.465649503,-0.465134708,O,6,0,0,2.55,0,0,6,2.55,0.919,29.753
28,"_2,2,6,6-tetramethylpiperidin-1-yl_oxidanyl",2.267 ,1.380 ,1.427 ,1.669 ,2.357 ,1.612 ,1.530 ,1.418 ,0.414,0.373,0.302,0.303,0.305,0.306,0.293,0.305,0.29,0.314,0.271,0.303,0.317,0.383,0.376,0.296,0.31,0.297,0.311,0.386,0.379,0.305,0.318,0.327,0.335,1.55,1.76,1.74,1.78,0.77,0.8,0.74,0.74,1.42,-0.278,-0.29,13.30513889,-4.578472222,13.30513889,1.568125,0.390771533,156.249,138.105,156.1388392,65,0,0,0,0,0,-666,-666,-666,-6.15E-16,-0.24761115,-2.17E-16,-2.809784557,-4.52E-16,-2.873342156,-1.09E-16,-1.132995987,4.515787632,566.2038354,24.07735027,23.35546189,5.355461886,12.15470054,11.62978778,2.629787781,2.090197978,2.090197978,1.096074874,1.096074874,0.565254593,0.565254593,-0.08,196395.9471,1.284841055,2.457906569,1.568134708,94.45053171,0,0,0,0,0,92.54831844,0,0,0,0,0,0,0,0,24.67365401,0,0,5.063217725,0,57.60419368,0,5.207253025,0,0,5.063217725,0,0,0,11.0778505,0,5.207253025,71.19999718,0,0,0,0,-666,62.6674114,5.207253025,0,0,0,0,0,0,0,0,24.67365401,138.0822222,0,0,11.73701389,-9.156944444,0,0,-13.170625,-17.24166667,0,1,11,0,2,0,0,0,0,0,0,2,0,2,-666,0,0,0,-666,2.3654,47.51,0,0,0,0,0,0,0,0,0,0,0,0,0,0,0,1,0,0,2,0,-666,0,0,0,0,0,0,0,0,0,0,0,0,0,0,0,-666,0,0,0,0,0,0,0,0,0,0,0,0,0,0,0,0,0,-666,0,0,0,0,0,0,0,0,0,0,0,0,0,0,1,0,0,0,0,0,0,0,0,0,0,0,0,0,-666,0,0,60,8,15.999,1.4611135,5.3,6,3.44,0.001308,339.1,16.2,-0.376629535,-0.304581133,O,7,0,0,3.04,0,0,7,3.04,0.462,47.111
29,"_2,2-dimethylpropanoyl_oxidanyl",7.698 ,4.882 ,4.985 ,5.835 ,7.946 ,5.634 ,5.461 ,5.095 ,0.427,0.329,0.347,0.275,0.319,0.284,0.231,0.272,0.219,0.342,0.262,0.279,0.335,0.349,0.392,0.276,0.332,0.271,0.327,0.351,0.393,0.284,0.34,0.313,0.368,5.3,5.89,5.84,5.96,2.72,3.01,2.69,2.79,4.98,-0.096,-0.287,10.77034722,-3.881944444,10.77034722,2.631944444,0.447935154,101.125,92.053,101.0602545,41,0,0,0,0,0,-666,-666,-666,0,-0.244322203,-1.54E-16,-2.573431654,-2.23E-16,-2.557448145,2.06E-17,-1.101335474,6.166459281,245.7060452,13.57735027,12.31649658,3.316496581,6.693375673,5.90824829,1.40824829,1.037457479,1.037457479,0.306186218,0.306186218,0,0,-0.08,684.8548583,1.089461435,1.801035211,2.595675676,55.79950984,0,0,0,0,0,54.17786369,0,0,0,0,0,0,0,0,22.23789158,5.969305288,0,0,5.414990469,20.55567635,0,0,0,0,0,0,0,0,5.969305288,9.901064579,5.414990469,32.89250336,0,0,0,0,-666,31.93997211,9.901064579,0,0,0,0,0,0,0,0,12.33682701,61.84125,0,10.77034722,10.77034722,-3.881944444,-2.631944444,0,0,-11.20138889,0,0.8,7,0,2,0,0,0,0,0,0,1,0,2,-666,0,0,0,-666,0.9896,25.1485,0,0,0,0,0,0,0,0,0,0,1,1,0,0,0,0,0,0,0,0,0,0,0,0,0,0,0,0,0,0,0,0,0,0,0,0,-666,0,0,0,0,0,0,0,0,0,0,0,0,0,0,0,0,0,-666,0,0,0,0,0,0,0,0,0,0,0,0,0,0,0,0,0,0,0,0,0,0,0,0,0,0,0,0,-666,0,0,60,8,15.999,1.4611135,5.3,6,3.44,0.001308,265.4,14.6,-0.434466843,-0.433760137,O,6,0,0,2.55,0,0,6,2.55,0.561,36.352
30,"_2,3-bis_bis_propan-2-yl_amino_cycloprop-2-en-1-ylium-1-yl_oxidanyl",9.334 ,7.395 ,7.403 ,8.559 ,9.533 ,8.492 ,8.135 ,7.928 ,0.185,0.147,0.163,0.148,0.143,0.149,0.124,0.148,0.122,0.159,0.107,0.127,0.156,0.165,0.183,0.128,0.155,0.124,0.153,0.165,0.183,0.131,0.159,0.15,0.175,7.8,8.2,8.16,8.25,7.38,7.75,7.36,7.42,7.39,-0.154,-0.191,13.54311036,-4.723940854,13.54311036,1.121453137,0.776697726,252.402,224.178,252.2201635,104,0,0,0,0,0,-666,-666,-666,4.24E-16,-1.804952346,-4.09E-16,-2.71329618,-2.30E-16,-2.781602879,2.41E-16,-1.994928289,4.968712287,987.0689188,37.88675135,36.80267548,8.802675481,19.39871747,18.29576493,4.295764932,3.091585325,3.091585325,1.93359675,1.93359675,1.237775048,1.237775048,-0.12,332406247.5,2.420279825,5.891351155,3.063159118,151.1733699,0,0,0,0,0,149.0396266,0,0,0,0,0,0,0,0,43.17577676,5.783244946,0,9.799819462,0,78.88670681,0,11.39407863,0,0,0,0,0,0,39.65463428,4.794537184,0,93.19637651,11.39407863,0,0,0,-666,105.8638498,4.794537184,0,0,0,0,0,0,0,0,38.38123957,220.7312075,0,11.30020408,0,-4.250462963,-2.258796296,-18.89576342,0,-35.62638889,0,0.8,18,0,3,0,0,0,0,0,0,3,0,3,-666,0,0,0,-666,3.0183,76.255,0,0,0,0,0,0,0,0,0,0,1,1,0,0,0,2,0,0,0,0,-666,0,0,0,0,0,2,0,0,0,0,0,0,0,0,0,-666,0,0,0,0,0,0,0,0,0,0,0,0,0,0,1,1,0,-666,0,0,0,0,0,0,0,0,0,0,0,0,0,0,0,0,0,0,0,0,0,0,0,0,0,0,0,0,-666,0,1,60,8,15.999,1.4611135,5.3,6,3.44,0.001308,492.2,18.2,-0.311718105,-0.156429275,O,6,0,0,2.55,0,0,6,2.55,0.214,37.431
31,"_2,4,6-trinitrophenyl_oxidanyl",13.628 ,9.505 ,9.873 ,11.679 ,14.184 ,11.498 ,10.384 ,9.773 ,0.232,0.161,0.181,0.15,0.158,0.149,0.121,0.15,0.119,0.174,0.127,0.133,0.17,0.171,0.2,0.137,0.172,0.131,0.167,0.171,0.201,0.138,0.175,0.153,0.189,10.24,11.82,11.68,12,4.81,5.12,4.73,4.73,9.86,-0.122,-0.145,11.32240741,-1.80037037,11.32240741,1.357037037,0.475090877,228.096,226.08,227.9892744,83,0,0,0,0,0,-666,-666,-666,16.37728656,-0.060582641,1.704372289,-2.156483295,1.508758859,-2.322860617,4.624771884,-1.104989785,3.759882552,634.6924582,14.19615242,9.19937882,7.19937882,8.196152423,4.470389653,3.470389653,2.396273894,2.396273894,1.45148192,1.45148192,0.829633013,0.829633013,-0.4,5167.216334,10.73507231,5.287054585,2.834404537,87.2991073,0,0,0,0,0,86.16204279,0,0,0,0,0,0,0,0,7.536054296,5.783244946,0,0,13.86028914,0,0,58.98245441,0,0,0,0,0,0,5.783244946,4.794537184,35.48423229,2.741517112,37.35851125,0,0,0,-666,49.18359703,34.23692865,0,0,0,0,0,0,0,0,2.741517112,9.991549509,0,74.29678382,0,-3.186296296,-1.80037037,-4.301666667,0,0,0,0,16,0,10,0,0,0,0,0,0,7,0,10,-666,0,0,0,-666,1.26859,51.902,0,0,0,0,0,0,0,0,0,0,1,1,0,0,0,3,0,0,0,0,-666,0,0,0,0,0,0,0,0,0,0,0,0,0,0,0,-666,0,0,0,0,0,0,0,0,0,0,0,0,0,0,1,1,0,-666,0,0,0,3,0,0,6,0,0,0,0,0,0,0,0,0,0,0,0,0,0,0,0,0,0,0,0,0,-666,0,0,60,8,15.999,1.4611135,5.3,6,3.44,0.001308,373.6,17.4,-0.481350195,-0.477894348,O,6,0,0,2.55,0,0,6,2.55,0.346,43.642
32,"_2,4-dinitrophenyl_oxidanyl",12.068 ,8.211 ,8.514 ,10.270 ,12.598 ,10.117 ,9.009 ,8.445 ,0.24,0.171,0.196,0.166,0.166,0.163,0.135,0.165,0.133,0.182,0.133,0.141,0.177,0.183,0.209,0.146,0.18,0.138,0.173,0.183,0.209,0.147,0.182,0.167,0.201,8.75,10.13,10.01,10.29,4,4.23,3.93,3.92,8.5,-0.144,-0.17,11.13490741,-1.467037037,11.13490741,1.092037037,0.445442044,183.099,180.075,183.0041962,67,0,0,0,0,0,-666,-666,-666,15.998,-1.037941865,1.071385345,-2.224401477,1.013798482,-2.237204009,3.90528611,-1.126224395,3.585940339,552.7130819,12.61880215,8.935668643,5.935668643,7.28546882,4.381634484,2.881634484,1.915557311,1.915557311,1.111460788,1.111460788,0.595176421,0.595176421,-0.28,2250.450267,7.070290387,4.289332837,2.579173984,74.65450453,0,0,0,0,0,73.45360691,0,0,0,0,0,0,0,0,8.906812853,5.783244946,0,0,9.240192757,0,0,49.52335636,0,0,0,0,0,0,5.783244946,4.794537184,25.67010181,4.112275669,33.09344731,0,0,0,-666,44.91853308,24.42279816,0,0,0,0,0,0,0,0,4.112275669,18.72123772,0,52.81061413,0,-1.353981481,-1.467037037,-4.710833333,0,0,0,0,13,0,7,0,0,0,0,0,0,5,0,7,-666,0,0,0,-666,1.14099,43.797,0,0,0,0,0,0,0,0,0,0,1,1,0,0,0,2,0,0,0,0,-666,0,0,0,0,0,1,0,0,0,0,0,0,0,0,0,-666,0,0,0,0,0,0,0,0,0,0,0,0,0,0,1,0,0,-666,0,0,0,2,0,0,4,0,0,0,0,0,0,0,0,0,0,0,0,0,0,0,0,0,0,0,0,0,-666,0,0,60,8,15.999,1.4611135,5.3,6,3.44,0.001308,330.2,17,-0.460386841,-0.453860265,O,6,0,0,2.55,0,0,6,2.55,0.356,37.205
33,"_2,5-dioxopyrrolidin-1-yl_methyl",3.362 ,2.468 ,2.613 ,3.099 ,3.508 ,3.089 ,2.648 ,2.492 ,0.689,0.609,0.46,0.498,0.529,0.505,0.423,0.502,0.404,0.522,0.687,0.506,0.536,0.501,0.534,0.484,0.523,0.508,0.537,0.504,0.536,0.489,0.526,0.453,0.504,2.64,3.05,3.01,3.09,1.23,1.19,1.17,1.12,2.61,-0.305,-0.44,11.12381944,-3.016435185,11.12381944,0.111111111,0.411095111,112.108,106.06,112.0398534,43,0,0,0,0,0,-666,-666,-666,10.73713126,-0.179680777,0,-2.28074942,-3.08E-33,-2.336457999,5.74E-17,-0.900361835,3.22749904,274.5969892,11.30940108,9.763710176,3.763710176,6.136751346,4.829068684,1.829068684,1.195715325,1.195715325,0.682546455,0.682546455,0.310964431,0.310964431,-0.12,753.3346875,1.936083848,2.009487457,0.844083176,55.7058892,0,0,0,0,0,54.27351996,0,0,0,0,0,0,0,0,17.81362571,11.81435946,0,4.899909731,0,12.7458498,0,6.999775261,0,0,0,0,0,0,16.71426919,9.589074368,6.999775261,20.97040114,0,0,0,0,-666,31.55998452,9.589074368,0,4.899909731,0,0,0,0,0,0,8.224551337,41.64148148,0,22.13652778,0,0,-3.013888889,0,-6.03287037,-1.23125,0,0.4,8,0,3,0,0,0,0,0,0,-666,0,3,-666,0,0,0,-666,-0.07301,26.444,0,0,0,0,0,0,0,0,0,0,2,2,0,0,0,1,0,0,0,0,-666,0,0,0,0,0,0,2,0,0,0,0,0,0,0,0,-666,0,0,0,0,0,0,0,0,0,0,0,1,0,0,0,0,0,-666,0,0,0,0,0,0,0,0,0,0,0,0,0,0,0,0,0,0,0,0,0,0,0,0,0,0,0,0,-666,0,0,70,6,12.011,1.262119,11.3,4,2.55,2.2,266.1,15.5,-0.423332448,-0.332569234,C,7,1,1,3.04,2.1,2.1,9,7.24,0.924,31.521
34,"_2,6-dimethylphenyl_sulfanyl",7.217 ,5.539 ,5.617 ,7.260 ,7.533 ,7.378 ,6.076 ,5.823 ,0.593,0.469,0.392,0.355,0.354,0.35,0.305,0.357,0.314,0.367,0.33,0.297,0.364,0.297,0.364,0.303,0.37,0.296,0.364,0.296,0.363,0.302,0.369,0.347,0.42,5.86,7.15,7.03,7.3,2.19,2.32,2.19,2.21,5.61,-0.342,-0.381,7.515949074,-2.780092593,7.515949074,0.540740741,0.515501535,137.227,128.155,137.0424963,47,0,0,0,0,0,-666,-666,-666,1.984761716,-2.011730481,-8.99E-17,-2.356896164,0,-2.25829227,1.492099657,-2.0486396,3.69964001,456.2667787,14.46410162,13.40824829,5.224744871,7.886751346,6.704124145,2.612372436,1.454124145,1.862372436,0.829124145,1.237372436,0.394781036,0.496843109,0.35,3635.449866,1.936031524,2.957516924,1.635046559,74.01900674,0,0,0,0,0,72.8769612,0,0,0,0,0,0,0,0,12.33682701,12.62878915,0,0,0,13.70378423,0,34.20756081,0,0,0,0,0,12.62878915,0,0,0,26.04061124,34.20756081,0,0,0,0,47.91134505,0,0,0,0,0,0,0,0,0,24.96561615,65.94078704,4.779490741,-0.540740741,0,-1.296990741,0,-2.155694444,0,-5.560185185,0,0.25,9,0,0,0,0,0,0,0,0,0,0,1,-666,0,0,0,-666,2.974,43.188,0,0,0,0,0,0,0,0,0,0,0,0,0,0,0,0,0,0,0,0,0,0,0,0,0,0,5,0,0,0,0,0,0,0,0,0,-666,0,0,0,0,0,0,0,0,0,0,0,0,0,0,0,0,0,-666,0,0,0,0,0,0,0,0,0,0,0,0,0,0,0,0,0,0,0,0,0,0,0,0,0,0,0,0,-666,0,0,100,16,32.06,2.07710403,19.4,6,2.58,2.07,308.8,17.5,-0.364017687,-0.362306345,S,6,0,0,2.55,0,0,6,2.55,0.674,33.009
35,"_2,6-di-tert-butyl-4-methylphenyl_oxidanyl",7.016 ,4.693 ,4.754 ,6.216 ,7.392 ,6.220 ,5.227 ,4.924 ,0.237,0.179,0.183,0.154,0.154,0.152,0.128,0.155,0.128,0.165,0.095,0.132,0.162,0.175,0.191,0.138,0.164,0.129,0.158,0.175,0.191,0.138,0.167,0.153,0.18,4.63,5.48,5.4,5.57,2.01,2.14,1.99,1.99,4.74,-0.148,-0.168,13.93943972,-4.464701436,13.93943972,1.808935185,0.59897478,219.348,196.164,219.1748904,89,0,0,0,0,0,-666,-666,-666,1.75E-16,-1.787304602,-1.35E-16,-2.710948513,-1.32E-16,-2.668928977,-7.62E-17,-2.330547684,4.818666529,894.4352367,31.96410162,30.90824829,7.90824829,16.59807621,15.45412415,3.954124145,3.204124145,3.204124145,1.704124145,1.704124145,1.047874145,1.047874145,-0.04,13480762.22,2.353196413,4.326065133,2.999308147,131.939247,0,0,0,0,0,130.0667133,0,0,0,0,0,0,0,0,36.32198398,5.783244946,0,0,10.82998094,47.96324482,0,29.1682586,0,0,0,0,0,0,5.783244946,4.794537184,16.74788698,79.49069161,23.25035255,0,0,0,-666,93.7447293,4.794537184,0,0,0,0,0,0,0,0,31.52744679,180.5641438,0,13.93943972,0,-13.31505102,-4.304537037,-3.8469435,0,-29.78705192,0,0.6,16,0,1,0,0,0,0,0,0,1,0,1,-666,0,0,0,-666,4.10849,69,0,0,0,0,0,0,0,0,0,0,1,1,0,0,0,0,0,0,0,0,0,0,0,0,0,0,4,0,0,0,0,0,0,0,0,0,-666,0,0,0,0,0,0,0,0,0,0,0,0,0,0,1,1,0,-666,0,0,0,0,0,0,0,0,0,0,0,0,0,0,0,0,0,0,0,0,0,0,0,0,0,0,0,0,-666,0,0,60,8,15.999,1.4611135,5.3,6,3.44,0.001308,450.6,17.9,-0.366521142,-0.347342555,O,6,0,0,2.55,0,0,6,2.55,0.326,56.959
36,_2-bromoethyl_oxidanyl,5.568 ,3.901 ,4.086 ,4.385 ,5.730 ,4.268 ,4.125 ,3.895 ,0.731,0.599,0.331,0.242,0.346,0.25,0.224,0.239,0.212,0.369,0.291,0.335,0.369,0.436,0.466,0.316,0.346,0.324,0.356,0.437,0.467,0.333,0.366,0.358,0.38,4.39,4.84,4.8,4.89,2.36,2.44,2.3,2.36,4.08,-0.249,-0.266,10.03645833,-3.0625,10.03645833,2.244791667,0.460699864,123.957,119.925,122.9445518,25,0,0,0,0,0,-666,-666,-666,0,-0.178971404,-0.060705684,-2.28429534,-5.55E-17,-2.406641775,-1.38E-32,-0.890422344,4.020391543,69.01955001,7,5.786212763,3.372209303,3.25,2.643106382,1.436104651,0.196553191,0.593052326,0.038575837,0.200445931,0,0,0.44,21.30605883,0.949191814,3.44,2.44,39.3858565,0,0,0,0,0,38.36068369,0,0,0,0,0,0,0,0,10.58956162,15.9299439,0,0,0,0,11.84117817,0,0,0,0,0,0,15.9299439,11.84117817,5.106527395,0,5.483034225,0,0,0,0,-666,11.84117817,5.106527395,0,0,0,0,0,0,0,15.9299439,5.483034225,25.50347222,2.244791667,0,7.564236111,0,0,0,0,-3.0625,0,1,4,0,1,0,0,0,0,0,0,0,0,2,-666,0,0,0,-666,0.8118,19.3475,0,0,0,0,0,0,0,0,0,0,0,0,0,0,0,0,0,0,0,0,0,0,0,0,0,1,0,0,0,0,0,0,0,0,0,0,-666,0,0,0,0,0,0,0,1,0,0,0,0,0,0,0,0,0,-666,0,0,0,0,0,0,0,0,0,0,0,0,0,0,0,0,0,0,0,0,0,0,0,0,0,0,0,0,-666,0,0,60,8,15.999,1.4611135,5.3,6,3.44,0.001308,221.9,14.9,-0.429484508,-0.424342073,O,6,0,0,2.55,0,0,6,2.55,0.888,24.903
37,_2-chloroethyl_oxidanyl,5.966 ,4.169 ,4.364 ,4.706 ,6.189 ,4.579 ,4.399 ,4.138 ,0.739,0.597,0.318,0.265,0.288,0.265,0.236,0.263,0.231,0.305,0.248,0.27,0.298,0.324,0.346,0.269,0.295,0.263,0.29,0.341,0.362,0.276,0.303,0.295,0.319,4.64,5.15,5.11,5.21,2.41,2.47,2.34,2.4,4.36,-0.235,-0.266,9.951388889,-3.213734568,9.951388889,2.8125,0.411608575,79.506,75.474,78.99506743,25,0,0,0,0,0,-666,-666,-666,3.61E-16,-0.179092045,-0.083165094,-2.279316245,0,-2.41151071,-1.80E-32,-0.895085086,4.020391543,69.01955001,7,5.786212763,2.542141709,3.25,2.643106382,1.021070855,0.196553191,0.385535427,0.038575837,0.115727512,0,0,0.25,21.30605883,0.854042806,3.25,2.25,35.82157512,0,0,0,0,0,34.58159348,0,0,0,0,0,0,0,0,10.58956162,11.60093989,0,0,0,0,12.39109197,0,0,0,0,0,0,11.60093989,12.39109197,5.106527395,0,5.483034225,0,0,0,0,-666,12.39109197,5.106527395,0,0,0,0,0,0,0,11.60093989,5.483034225,25.0308642,4.655092593,0,9.951388889,0,-2.8125,0,0,-3.213734568,0,1,4,0,1,0,0,0,0,0,0,0,0,2,-666,0,0,0,-666,0.6557,16.2735,0,0,0,0,0,0,0,0,0,0,0,0,0,0,0,0,0,0,0,0,0,0,0,0,0,1,0,0,0,0,0,0,0,0,0,0,-666,0,0,0,0,0,0,0,1,0,0,0,0,0,0,0,0,0,-666,0,0,0,0,0,0,0,0,0,0,0,0,0,0,0,0,0,0,0,0,0,0,0,0,0,0,0,0,-666,0,0,60,8,15.999,1.4611135,5.3,6,3.44,0.001308,213.9,13.6,-0.421691116,-0.421626617,O,6,0,0,2.55,0,0,6,2.55,0.912,25.578
38,_2-ethoxy-2-oxoethyl_sulfanyl,5.352 ,4.504 ,4.621 ,5.240 ,5.487 ,5.257 ,4.726 ,4.573 ,0.87,0.778,0.61,0.543,0.668,0.557,0.498,0.543,0.486,0.695,0.62,0.612,0.706,0.615,0.713,0.6,0.692,0.615,0.709,0.617,0.716,0.601,0.694,0.655,0.752,5.06,5.81,5.75,5.9,2.29,2.39,2.26,2.32,4.62,-0.456,-0.51,10.73548611,-3.239837963,10.73548611,1.728125,0.501186936,119.165,112.109,119.0166755,41,0,0,0,0,0,-666,-666,-666,3.32E-15,-0.247449699,-1.83E-17,-2.394369551,-6.16E-33,-2.4481864,0,-1.05358746,4.623366599,228.8247439,11.78445705,10.22474487,4.041241452,5.877827085,4.816496581,1.724744871,0.593643696,0.797767842,0.227062073,0.393728739,0.067182185,0.108848851,0.27,369.5756604,1.623034109,4.429489633,4.116253002,58.09900487,0,0,0,0,0,56.84063871,0,0,0,0,0,0,0,0,19.12671003,18.59809444,0,0,0,6.851892117,12.26394213,0,0,0,0,0,0,12.62878915,18.23324742,9.531400138,0,16.44720201,0,0,0,0,-666,25.08513953,4.794537184,0,0,0,0,0,0,0,17.3656521,9.595309893,50.82093821,4.006932162,10.73548611,0,-2.834722222,-1.728125,0,0,-6.417175926,0,0.75,7,0,2,0,0,0,0,0,0,2,0,3,-666,0,0,0,-666,0.747,29.091,0,0,0,0,0,0,0,0,0,0,1,1,0,0,0,0,0,0,0,0,0,0,0,0,0,0,0,0,0,0,0,0,0,0,0,0,-666,0,0,0,1,1,0,0,0,0,0,0,0,0,0,0,0,0,-666,0,0,0,0,0,0,0,0,0,0,0,0,0,0,0,0,0,0,0,0,0,0,0,0,0,0,0,0,-666,0,0,100,16,32.06,2.07710403,19.4,6,2.58,2.07,292.1,15.4,-0.390215473,-0.390068189,S,6,0,0,2.55,0,0,6,2.55,0.976,23.636
39,_2-fluoroethyl_oxidanyl,5.552 ,3.775 ,3.941 ,4.319 ,5.721 ,4.199 ,4.042 ,3.801 ,0.745,0.616,0.415,0.329,0.361,0.324,0.291,0.323,0.287,0.382,0.306,0.335,0.366,0.409,0.434,0.339,0.369,0.328,0.358,0.41,0.435,0.345,0.376,0.395,0.428,4.17,4.59,4.56,4.64,2.26,2.33,2.19,2.24,3.94,-0.316,-0.35,11.54166667,-3.784722222,11.54166667,3.645833333,0.419151875,63.051,59.019,63.02461797,25,0,0,0,0,0,-666,-666,-666,2.04E-15,-0.179280497,-0.153673016,-2.262780995,0,-2.421221786,0,-0.935292704,4.020391543,69.01955001,7,5.786212763,1.786212763,3.25,2.643106382,0.643106382,0.196553191,0.196553191,0.038575837,0.038575837,0,0,-0.11,21.30605883,0.684395024,2.89,1.89,29.6838443,0,0,0,0,0,28.16565616,0,0,0,0,0,0,0,0,14.97997667,0,0,0,0,0,13.18567949,0,0,0,0,4.390415048,0,0,13.18567949,5.106527395,0,5.483034225,0,0,0,0,-666,13.18567949,9.496942443,0,0,0,0,0,0,0,0,5.483034225,35.22222222,0,0,9.708333333,0,0,0,0,-7.430555556,0,1,4,0,1,0,0,0,0,0,0,0,0,2,-666,0,0,0,-666,0.3864,11.5285,0,0,0,0,0,0,0,0,0,0,0,0,0,0,0,0,0,0,0,0,0,0,0,0,0,1,0,0,0,0,0,0,0,0,0,0,-666,0,0,0,0,0,0,0,1,0,0,0,0,0,0,0,0,0,-666,0,0,0,0,0,0,0,0,0,0,0,0,0,0,0,0,0,0,0,0,0,0,0,0,0,0,0,0,-666,0,0,60,8,15.999,1.4611135,5.3,6,3.44,0.001308,198.2,11.9,-0.433023169,-0.422654433,O,6,0,0,2.55,0,0,6,2.55,0.884,24.668
40,_2-hydroxyethyl_sulfanyl,5.122 ,4.378 ,4.492 ,5.090 ,5.245 ,5.127 ,4.596 ,4.469 ,0.868,0.76,0.653,0.546,0.644,0.553,0.487,0.54,0.475,0.692,0.614,0.596,0.693,0.597,0.697,0.592,0.689,0.598,0.695,0.598,0.698,0.59,0.688,0.655,0.756,4.89,5.59,5.53,5.67,2.28,2.36,2.25,2.3,4.49,-0.478,-0.54,6.604166667,-2.706018519,6.604166667,2.546875,0.472943586,77.128,72.088,77.00611078,25,0,0,0,0,0,-666,-666,-666,-2.34E-15,-0.179377227,-0.06170606,-2.35644987,2.74E-17,-2.463670341,-1.58E-16,-1.009021864,4.144726367,97.62134221,7.707106781,6.816496581,2.632993162,3.810660172,3.066496581,1.066496581,0.204124145,0.40824829,0.041666667,0.125,0,0,0.31,49.09358393,0.683803328,3.31,2.31,38.16501632,0,0,0,0,0,36.91577335,0,0,0,0,0,0,0,0,10.59184242,12.62878915,1.431199657,0,0,0,12.26394213,0,0,0,0,0,0,12.62878915,18.80394998,0,0,5.483034225,0,0,0,0,-666,12.26394213,0,0,0,0,0,0,0,0,17.73759734,6.914233882,32.47983796,4.033472222,0,3.40625,-2.546875,0,0,0,-2.706018519,0,1,4,1,1,0,0,0,0,0,0,1,1,2,-666,0,0,0,-666,0.1762,19.5438,0,1,0,0,0,0,0,0,0,0,0,0,0,0,0,0,0,0,0,0,0,0,0,0,0,0,0,0,0,0,0,0,0,0,0,0,-666,0,0,0,0,0,0,0,0,0,0,0,0,0,0,0,0,0,-666,0,0,0,0,0,0,0,0,0,0,0,0,0,0,0,0,0,0,0,0,0,0,0,0,0,0,0,0,-666,0,0,100,16,32.06,2.07710403,19.4,6,2.58,2.07,217.2,14.3,-0.390276373,-0.389803318,S,6,0,0,2.55,0,0,6,2.55,0.972,23.724
41,_2-methoxyethyl_oxidanyl,6.083 ,3.755 ,3.925 ,4.456 ,6.325 ,4.292 ,4.083 ,3.768 ,0.703,0.561,0.235,0.195,0.184,0.181,0.167,0.195,0.175,0.189,0.161,0.175,0.18,0.211,0.208,0.182,0.188,0.172,0.178,0.21,0.207,0.184,0.189,0.215,0.219,4.19,4.77,4.73,4.84,1.93,2.04,1.88,1.95,3.92,-0.217,-0.237,10.38625,-3.595833333,10.38625,3.12375,0.456088604,75.087,68.031,75.04460446,31,0,0,0,0,0,-666,-666,-666,-1.41E-17,-1.758484178,-0.149818453,-2.411722217,-0.049018158,-2.518015781,-8.48E-33,-1.923710775,4.443936877,155.0148736,10.20710678,9.316496581,2.316496581,4.957106781,4.362372436,0.862372436,0.306186218,0.306186218,0.092697703,0.092697703,0.020833333,0.020833333,-0.08,122.8917964,0.634003945,3.92,3.92,41.21170774,0,0,0,0,0,39.59462319,0,0,0,0,0,0,0,0,19.43870024,0,0,0,0,0,20.15592294,0,0,0,0,0,0,0,20.15592294,9.843390349,0,9.595309893,0,0,0,0,-666,20.15592294,5.106527395,0,0,0,0,0,0,0,4.736862954,9.595309893,48.94618056,0,0,10.38625,0,0,0,0,-6.958680556,-3.12375,1,5,0,2,0,0,0,0,0,0,1,0,2,-666,0,0,0,-666,0.0633,17.4295,0,0,0,0,0,0,0,0,0,0,0,0,0,0,0,0,0,0,0,0,0,0,0,0,0,0,0,0,0,0,0,0,0,0,0,0,-666,0,0,0,0,1,0,0,0,0,0,0,0,0,0,0,0,0,-666,1,0,0,0,0,0,0,0,0,0,0,0,0,0,0,0,0,0,0,0,0,0,0,0,0,0,0,0,-666,0,0,60,8,15.999,1.4611135,5.3,6,3.44,0.001308,231.3,13,-0.398728743,-0.39176235,O,6,0,0,2.55,0,0,6,2.55,0.828,25.758
42,_2-methylundecan-2-yl_sulfanyl,4.853 ,4.149 ,4.245 ,4.871 ,4.978 ,4.917 ,4.365 ,4.247 ,0.855,0.79,0.597,0.527,0.684,0.562,0.492,0.529,0.466,0.691,0.597,0.591,0.699,0.591,0.699,0.581,0.689,0.592,0.7,0.593,0.7,0.583,0.691,0.635,0.741,4.63,5.34,5.28,5.42,2.07,2.17,2.05,2.12,4.24,-0.395,-0.453,8.030378992,-4.79340514,8.030378992,3.986980436,0.479066224,201.399,176.199,201.1676968,79,0,0,0,0,0,-666,-666,-666,-9.33E-16,-0.248935334,-2.81E-16,-2.736728867,-3.68E-16,-2.623100068,-4.05E-16,-1.164988053,7.441339965,852.245166,32,31.40824829,7.224744871,15.75,15.45412415,3.362372436,1.681186218,2.293558654,0.613531036,0.715593109,0.275515518,0.326546554,0.35,6572169.817,1.459600383,7.726003108,12.35,125.0329435,0,0,0,0,0,123.1838511,0,0,0,0,0,0,0,0,34.2689639,12.62878915,0,0,0,76.28609802,0,0,0,0,0,0,0,12.62878915,4.747022453,0,0,105.8080395,0,0,0,0,0,76.28609802,0,0,0,0,0,0,0,0,12.62878915,34.2689639,188.3908054,4.49938084,0,0,0,0,0,-37.05818589,-12.16533372,0,1,13,0,0,0,0,0,0,0,0,0,0,1,-666,0,0,0,-666,5.1032,64.28,0,0,0,0,0,0,0,0,0,0,0,0,0,0,0,0,0,0,0,0,0,0,0,0,0,0,0,0,0,0,0,0,0,0,0,0,-666,0,0,0,0,0,0,0,0,0,0,0,0,0,0,0,0,0,-666,0,0,0,0,0,0,0,0,0,0,0,0,0,0,0,0,0,0,0,0,0,0,0,0,0,0,0,0,-666,0,0,100,16,32.06,2.07710403,19.4,6,2.58,2.07,489.2,16.5,-0.373028513,-0.372893036,S,6,0,0,2.55,0,0,6,2.55,0.966,30.687
43,_2-oxopyrrolidin-1-yl_methyl,2.660 ,1.814 ,1.913 ,2.430 ,2.800 ,2.430 ,2.005 ,1.875 ,0.675,0.621,0.435,0.471,0.494,0.475,0.407,0.475,0.392,0.488,0.649,0.485,0.503,0.474,0.494,0.466,0.492,0.488,0.505,0.477,0.496,0.468,0.493,0.436,0.472,1.92,2.27,2.24,2.31,0.8,0.78,0.76,0.73,1.91,-0.301,-0.421,11.30986111,-3.106712963,11.30986111,0.118055556,0.429176277,98.125,90.061,98.06058888,39,0,0,0,0,0,-666,-666,-666,0,-0.18557924,-2.02E-16,-2.450158288,-9.85E-17,-2.482867679,0,-0.988963031,3.341101264,299.4071542,12.23205081,11.35546189,3.355461886,6.476067743,5.624944538,1.624944538,1.00236616,1.00236616,0.540228326,0.540228326,0.243993239,0.243993239,-0.08,996.3565062,1.089461435,1.801035211,0.924422477,54.3543081,0,0,0,0,0,52.81017984,0,0,0,0,0,0,0,0,15.76060563,5.907179729,0,4.899909731,0,12.7458498,6.496859684,6.999775261,0,0,0,0,0,0,17.30394914,4.794537184,6.999775261,23.71191825,0,0,0,0,-666,32.14966448,4.794537184,0,4.899909731,0,0,0,0,0,0,10.96606845,56.92532407,0,11.19180556,0,0,-1.543981481,0,-6.186226852,-4.303587963,0,0.6,7,0,2,0,0,0,0,0,0,-666,0,2,-666,0,0,0,-666,0.40039,26.304,0,0,0,0,0,0,0,0,0,0,1,1,0,0,0,1,0,0,0,0,-666,0,0,0,0,0,0,1,0,0,0,0,0,0,0,0,-666,0,0,0,0,0,0,0,0,0,0,0,0,0,0,0,0,0,-666,0,0,0,0,0,0,0,0,0,0,0,0,0,0,0,0,0,0,0,0,0,0,0,0,0,0,0,0,-666,0,0,70,6,12.011,1.262119,11.3,4,2.55,2.2,261.4,15,-0.394793642,-0.295982077,C,7,1,1,3.04,2.1,2.1,9,7.24,0.868,29.647
44,_2-phenylethyl_sulfanyl,4.933 ,4.306 ,4.452 ,4.950 ,5.055 ,4.996 ,4.452 ,4.335 ,0.874,0.755,0.487,0.33,0.577,0.364,0.323,0.332,0.295,0.604,0.542,0.553,0.653,0.551,0.651,0.5,0.59,0.557,0.658,0.563,0.665,0.509,0.601,0.6,0.701,4.88,5.65,5.58,5.73,2.09,2.21,2.08,2.17,4.45,-0.341,-0.378,7.583796296,-2.865277778,7.583796296,0.657889267,0.586956379,137.227,128.155,137.0424963,47,0,0,0,0,0,-666,-666,-666,1.585072069,-1.643220875,-4.16E-17,-2.427539269,-1.39E-18,-2.444283016,1.35912061,-1.6952051,3.610069831,473.7765537,14.46410162,13.40824829,5.224744871,7.925426481,6.704124145,2.612372436,1.227062073,1.431186218,0.676031036,0.778093109,0.363531036,0.465593109,0.35,4368.855355,1.936031524,4.210953581,2.613618545,74.01900674,0,0,0,0,0,72.8769612,0,0,0,0,0,0,0,0,12.33682701,12.62878915,0,0,0,6.372924901,5.704956885,35.83346326,0,0,0,0,0,12.62878915,5.704956885,0,0,18.70975191,35.83346326,0,0,0,0,47.91134505,0,0,0,0,0,0,0,0,12.62878915,12.33682701,66.85612717,4.36398715,0,0,-3.546669501,0,-3.641500378,-2.865277778,0,0,0.25,9,0,0,0,0,0,0,0,0,0,0,1,-666,0,0,0,-666,2.6264,43.438,0,0,0,0,0,0,0,0,0,0,0,0,0,0,0,0,0,0,0,0,0,0,0,0,0,0,6,0,0,0,0,0,0,0,0,0,-666,0,0,0,0,0,0,0,0,0,0,0,0,0,0,0,0,0,-666,0,0,0,0,0,0,0,0,0,0,0,0,0,0,0,0,0,0,0,0,0,0,0,0,0,0,0,0,-666,0,0,100,16,32.06,2.07710403,19.4,6,2.58,2.07,321.2,17.3,-0.380144199,-0.379717053,S,6,0,0,2.55,0,0,6,2.55,0.971,21.613
45,_2-phenylpropan-2-yl_oxidanyl,5.943 ,3.896 ,4.110 ,4.496 ,6.169 ,4.367 ,4.140 ,3.871 ,0.733,0.538,0.095,0.023,0.087,0.028,0.037,0.026,0.035,0.061,0.044,0.062,0.059,0.082,0.073,0.067,0.063,0.06,0.056,0.081,0.072,0.068,0.065,0.088,0.083,4.33,4.92,4.87,4.99,2.06,2.17,2.01,2.07,4.1,-0.081,-0.07,12.61127929,-3.825925926,12.61127929,0.840570673,0.562978477,135.186,124.098,135.08099,53,0,0,0,0,0,-666,-666,-666,0.679307479,-1.464195713,-3.78E-16,-2.509730767,3.62E-18,-2.488141705,0.177044714,-1.570648876,3.857299084,539.7136529,16.96410162,15.90824829,4.90824829,9.175426481,7.954124145,2.454124145,1.681186218,1.681186218,0.852062073,0.852062073,0.426031036,0.426031036,-0.04,14589.58608,1.820089738,2.913153094,1.978612327,76.83305695,0,0,0,0,0,75.32316982,0,0,0,0,0,0,0,0,20.18487151,0,0,0,0,19.30483505,0,35.83346326,0,0,0,0,0,0,5.601050811,5.106527395,0,28.78212835,35.83346326,0,0,0,-666,55.13829831,5.106527395,0,0,0,0,0,0,0,0,15.07834412,80.50161187,0,0,12.61127929,-5.095833333,0,-5.00172808,0,-7.265329743,0,0.333333333,10,0,1,0,0,0,0,0,0,0,0,1,-666,0,0,0,-666,2.2479,41.1285,0,0,0,0,0,0,0,0,0,0,0,0,0,0,0,0,0,0,0,0,0,0,0,0,0,0,4,0,0,0,0,0,0,0,0,0,-666,0,0,0,0,0,0,0,0,0,0,0,0,0,0,0,0,0,-666,0,0,0,0,0,0,0,0,0,0,0,0,0,0,0,0,0,0,0,0,0,0,0,0,0,0,0,0,-666,0,0,60,8,15.999,1.4611135,5.3,6,3.44,0.001308,320.1,16.7,-0.389737975,-0.38450428,O,6,0,0,2.55,0,0,6,2.55,0.881,42.265
46,"_3,4-dichlorophenyl_methyl",4.722 ,3.517 ,3.649 ,4.752 ,4.935 ,4.830 ,3.972 ,3.809 ,0.504,0.383,0.31,0.357,0.362,0.363,0.292,0.358,0.278,0.375,0.529,0.339,0.388,0.339,0.388,0.321,0.374,0.341,0.389,0.342,0.391,0.325,0.377,0.297,0.351,3.52,4.12,4.07,4.19,1.51,1.62,1.49,1.5,3.64,-0.202,-0.3,7.423518519,-0.715679012,7.423518519,0.188271605,0.546207029,160.023,154.983,158.9768305,47,0,0,0,0,0,-666,-666,-666,11.96998809,-1.061328305,0.513050761,-2.255219664,0.645985838,-2.051670794,3.231948603,-1.214605594,3.448068054,360.7666691,11.04145188,9.255928946,5.767786838,6.374785218,4.627964473,2.883893419,1.377964473,2.133893419,0.724696522,1.388375281,0.368113898,0.604341693,0.58,971.5503878,3.317607749,3.11504566,2.014371347,71.48564842,0,0,0,0,0,70.72540551,0,0,0,0,0,0,0,0,6.853792781,23.20187978,0,0,0,0,0,40.66973295,0,0,0,0,0,23.20187978,0,0,6.875840478,6.853792781,33.79389247,0,0,0,0,12.92791222,0,0,27.74182073,0,0,0,0,0,0,30.05567256,36.20961451,11.17507685,0,-0.383024691,-0.273703704,0,-1.123395062,0,-0.715679012,0,0,9,0,0,0,0,0,0,0,0,0,0,2,-666,0,0,0,-666,3.00589,41.312,0,0,0,0,0,0,0,0,0,0,0,0,0,0,0,0,0,0,0,0,0,0,0,0,0,0,6,0,0,0,0,0,0,0,0,0,-666,0,0,0,0,0,0,0,2,0,0,0,0,0,0,0,0,0,-666,0,0,0,0,0,0,0,0,0,0,0,0,0,0,0,0,0,0,0,0,0,0,0,0,0,0,0,0,-666,0,0,70,6,12.011,1.262119,11.3,4,2.55,2.2,307.6,17.9,-0.406931577,-0.344476743,C,6,1,1,2.55,2.1,2.1,8,6.75,0.762,28.919
47,"_3,5-bis_trifluoromethyl_phenyl_methyl",4.915 ,3.697 ,3.853 ,4.943 ,5.122 ,5.019 ,4.188 ,4.030 ,0.498,0.372,0.345,0.383,0.387,0.389,0.31,0.384,0.296,0.402,0.559,0.357,0.412,0.356,0.412,0.342,0.401,0.358,0.413,0.359,0.414,0.345,0.403,0.325,0.387,3.73,4.29,4.24,4.36,1.81,1.92,1.77,1.75,3.85,-0.226,-0.324,12.65256236,-5.438425926,12.65256236,1.416064815,0.589276203,227.127,222.087,227.0295445,83,0,0,0,0,0,-666,-666,-666,18.11776829,-0.243481844,1.100743358,-2.308289582,1.367204917,-2.256601938,3.214036457,-0.799302197,3.814523055,504.4168965,16.04145188,11.76778684,6.767786838,8.797434948,5.883893419,3.383893419,2.495518138,2.495518138,1.31694671,1.31694671,0.752223355,0.752223355,-0.42,8327.009634,7.013449738,3.86521317,3.275135611,88.60221261,0,0,0,0,0,87.30024941,0,0,0,0,0,0,0,0,33.19628307,0,0,0,0,12.35259703,0,41.75136931,0,0,0,26.34249029,0,0,12.35259703,0,6.875840478,6.853792781,34.87552883,0,0,0,0,54.10396634,26.34249029,0,0,0,0,0,0,0,0,6.853792781,110.7765741,0,0,0,-5.846018519,0,-5.355555556,-10.87685185,-1.531481481,0,0.222222222,15,0,0,0,0,0,0,0,0,0,0,6,-666,0,0,0,-666,3.73789,41.716,0,0,0,0,0,0,0,0,0,0,0,0,0,0,0,0,0,0,0,0,0,0,0,0,0,6,6,0,0,0,0,0,0,0,0,0,-666,0,0,0,0,0,0,0,6,0,0,0,0,0,0,0,0,0,-666,0,0,0,0,0,0,0,0,0,0,0,0,0,0,0,0,0,0,0,0,0,0,0,0,0,0,0,0,-666,0,0,70,6,12.011,1.262119,11.3,4,2.55,2.2,368.6,16.6,-0.47137057,-0.37889102,C,6,1,1,2.55,2.1,2.1,8,6.75,0.763,28.936
48,"_3,5-bis_trifluoromethyl_phenyl_oxidanyl",9.156 ,6.201 ,6.373 ,7.978 ,9.574 ,7.910 ,6.938 ,6.535 ,0.282,0.207,0.215,0.187,0.177,0.181,0.154,0.184,0.154,0.196,0.147,0.156,0.188,0.207,0.227,0.16,0.19,0.152,0.183,0.207,0.227,0.164,0.195,0.189,0.22,6.44,7.44,7.36,7.56,3.03,3.22,2.98,2.98,6.36,-0.177,-0.204,12.38196523,-5.443425926,12.38196523,1.828240741,0.583459986,229.099,226.075,229.008809,83,0,0,0,0,0,-666,-666,-666,18.997,-0.154298334,1.308146938,-2.411972973,1.657664133,-2.254073536,3.819264424,-1.355357375,3.497147081,418.4332064,14.46410162,9.676035129,6.676035129,7.886751346,4.838017564,3.338017564,2.449642283,2.449642283,1.294008782,1.294008782,0.729285427,0.729285427,-0.46,3635.449866,8.664481069,3.842384488,3.253998624,84.27845463,0,0,0,0,0,83.03237093,0,0,0,0,0,0,0,0,35.24930314,5.783244946,0,0,0,12.35259703,0,29.64722581,0,0,0,26.34249029,0,0,18.13584198,4.794537184,6.396873262,4.112275669,23.25035255,0,0,0,-666,47.7830678,31.13702747,0,0,0,0,0,0,0,0,4.112275669,94.69694444,0,10.99740741,0,-4.563287037,-2.008657407,-3.656481481,-12.96592593,0,0,0.25,15,0,1,0,0,0,0,0,0,1,0,7,-666,0,0,0,-666,2.75079,37.583,0,0,0,0,0,0,0,0,0,0,1,1,0,0,0,0,0,0,0,0,0,0,0,0,0,6,4,0,0,0,0,0,0,0,0,0,-666,0,0,0,0,0,0,0,6,0,0,0,0,0,0,1,0,0,-666,0,0,0,0,0,0,0,0,0,0,0,0,0,0,0,0,0,0,0,0,0,0,0,0,0,0,0,0,-666,0,0,60,8,15.999,1.4611135,5.3,6,3.44,0.001308,356.2,16.4,-0.45223241,-0.440004769,O,6,0,0,2.55,0,0,6,2.55,0.385,30.726
49,"_3,5-dichlorophenyl_methyl",4.857 ,3.629 ,3.770 ,4.887 ,5.073 ,4.967 ,4.095 ,3.929 ,0.503,0.379,0.335,0.376,0.382,0.383,0.306,0.377,0.29,0.395,0.554,0.355,0.406,0.355,0.406,0.339,0.394,0.356,0.407,0.358,0.408,0.342,0.396,0.317,0.375,3.63,4.23,4.18,4.3,1.62,1.73,1.6,1.6,3.76,-0.215,-0.323,7.412654321,-0.704814815,7.412654321,0.237962963,0.546207029,160.023,154.983,158.9768305,47,0,0,0,0,0,-666,-666,-666,11.96934685,-1.061416679,0.494547177,-2.244045773,0.684963454,-2.065781858,3.145035907,-1.21616219,3.448068054,360.7666691,11.04145188,9.255928946,5.767786838,6.374785218,4.627964473,2.883893419,1.377964473,2.133893419,0.688982237,1.06694671,0.40959382,0.835924318,0.58,971.5503878,3.317607749,3.11504566,2.347349693,71.48564842,0,0,0,0,0,70.72540551,0,0,0,0,0,0,0,0,6.853792781,23.20187978,0,0,0,0,0,40.66973295,0,0,0,0,0,23.20187978,0,0,6.875840478,6.853792781,33.79389247,0,0,0,0,6.875840478,0,0,33.79389247,0,0,0,0,0,0,30.05567256,36.21111111,11.16271605,0,-0.475925926,-0.253703704,0,-1.050493827,0,-0.704814815,0,0,9,0,0,0,0,0,0,0,0,0,0,2,-666,0,0,0,-666,3.00589,41.312,0,0,0,0,0,0,0,0,0,0,0,0,0,0,0,0,0,0,0,0,0,0,0,0,0,0,6,0,0,0,0,0,0,0,0,0,-666,0,0,0,0,0,0,0,2,0,0,0,0,0,0,0,0,0,-666,0,0,0,0,0,0,0,0,0,0,0,0,0,0,0,0,0,0,0,0,0,0,0,0,0,0,0,0,-666,0,0,70,6,12.011,1.262119,11.3,4,2.55,2.2,311.7,17.6,-0.408303553,-0.35230016,C,6,1,1,2.55,2.1,2.1,8,6.75,0.771,28.975
50,_3-_trifluoromethyl_phenyl_methyl,4.572 ,3.384 ,3.522 ,4.601 ,4.783 ,4.679 ,3.832 ,3.672 ,0.512,0.389,0.342,0.376,0.377,0.381,0.308,0.377,0.294,0.392,0.551,0.356,0.402,0.355,0.402,0.339,0.392,0.357,0.403,0.358,0.404,0.343,0.394,0.323,0.378,3.34,3.91,3.86,3.97,1.49,1.58,1.46,1.45,3.52,-0.225,-0.332,12.54839569,-5.025925926,12.54839569,0.881481481,0.545573911,159.13,153.082,159.0421599,59,0,0,0,0,0,-666,-666,-666,12.6206828,-0.243489009,0.166377296,-2.299976742,0.214305175,-2.21029229,2.482997871,-0.787575829,3.61175751,442.6670943,13.54145188,11.13389342,5.133893419,7.586110083,5.56694671,2.56694671,1.747759069,1.747759069,0.908473355,0.908473355,0.485486677,0.485486677,-0.21,2860.943686,3.668473921,3.033864512,2.382831579,71.14563479,0,0,0,0,0,69.80243152,0,0,0,0,0,0,0,0,21.39579648,0,0,0,0,6.176298517,0,42.23033652,0,0,0,13.17124514,0,0,6.176298517,0,6.875840478,8.224551337,35.35449604,0,0,0,0,48.40663504,13.17124514,0,0,0,0,0,0,0,0,8.224551337,80.15356481,0,0,0,-2.579791667,0,-4.477476852,-5.025925926,-1.153703704,0,0.125,11,0,0,0,0,0,0,0,0,0,0,3,-666,0,0,0,-666,2.80539,36.718,0,0,0,0,0,0,0,0,0,0,0,0,0,0,0,0,0,0,0,0,0,0,0,0,0,3,6,0,0,0,0,0,0,0,0,0,-666,0,0,0,0,0,0,0,3,0,0,0,0,0,0,0,0,0,-666,0,0,0,0,0,0,0,0,0,0,0,0,0,0,0,0,0,0,0,0,0,0,0,0,0,0,0,0,-666,0,0,70,6,12.011,1.262119,11.3,4,2.55,2.2,313.7,16.4,-0.437738906,-0.351917752,C,6,1,1,2.55,2.1,2.1,8,6.75,0.774,28.895
51,_3-_trifluoromethyl_phenyl_oxidanyl,8.630 ,5.713 ,5.864 ,7.430 ,9.055 ,7.360 ,6.375 ,5.973 ,0.276,0.205,0.218,0.184,0.173,0.177,0.152,0.181,0.152,0.192,0.143,0.154,0.184,0.205,0.224,0.158,0.187,0.149,0.179,0.206,0.224,0.162,0.191,0.188,0.217,5.88,6.86,6.78,6.98,2.58,2.74,2.55,2.55,5.86,-0.181,-0.207,12.27779856,-5.030925926,12.27779856,1.057407407,0.529162312,161.102,157.07,161.0214244,59,0,0,0,0,0,-666,-666,-666,13.89169199,-1.542744019,0.664829632,-2.302518724,0.607558019,-2.283941726,3.293939861,-1.806308624,3.354588247,382.186761,11.96410162,9.042141709,5.042141709,6.675426481,4.521070855,2.521070855,1.701883214,1.701883214,0.885535427,0.885535427,0.468283232,0.468283232,-0.25,1235.837423,4.697141626,3.009259259,2.360733182,66.82187681,0,0,0,0,0,65.53455305,0,0,0,0,0,0,0,0,23.44881655,5.783244946,0,0,0,6.176298517,0,30.12619303,0,0,0,13.17124514,0,0,11.95954346,4.794537184,6.396873262,5.483034225,23.72931977,0,0,0,-666,42.08573649,17.96578233,0,0,0,0,0,0,0,0,5.483034225,64.51337963,0,10.93074074,0,-1.756018519,-1.483032407,-3.615902778,-6.339166667,0,0,0.142857143,11,0,1,0,0,0,0,0,0,1,0,4,-666,0,0,0,-666,1.81829,32.585,0,0,0,0,0,0,0,0,0,0,1,1,0,0,0,0,0,0,0,0,0,0,0,0,0,3,4,0,0,0,0,0,0,0,0,0,-666,0,0,0,0,0,0,0,3,0,0,0,0,0,0,1,0,0,-666,0,0,0,0,0,0,0,0,0,0,0,0,0,0,0,0,0,0,0,0,0,0,0,0,0,0,0,0,-666,0,0,60,8,15.999,1.4611135,5.3,6,3.44,0.001308,301.3,16.2,-0.424948197,-0.411113637,O,6,0,0,2.55,0,0,6,2.55,0.372,30.697
52,_3-chlorophenyl_methyl,4.558 ,3.356 ,3.487 ,4.588 ,4.774 ,4.668 ,3.797 ,3.632 ,0.512,0.391,0.336,0.371,0.373,0.376,0.304,0.372,0.289,0.387,0.545,0.352,0.398,0.352,0.397,0.335,0.386,0.353,0.398,0.355,0.399,0.339,0.389,0.316,0.37,3.31,3.89,3.84,3.96,1.4,1.49,1.38,1.38,3.48,-0.217,-0.326,7.387962963,-0.74037037,7.387962963,0.293518519,0.499985365,125.578,119.53,125.0158029,41,0,0,0,0,0,-666,-666,-666,11.39867381,-1.061427081,-1.73E-18,-2.255258856,0.126825217,-2.077229032,2.68718697,-1.217348583,3.448068054,358.8665345,11.04145188,9.877964473,4.633893419,6.374785218,4.938982237,2.31694671,1.188982237,1.56694671,0.594491118,0.783473355,0.320868339,0.462605016,0.29,971.5503878,2.157471809,2.72394334,1.662383578,62.58735269,0,0,0,0,0,61.51500957,0,0,0,0,0,0,0,0,8.224551337,11.60093989,0,0,0,0,0,41.68951834,0,0,0,0,0,11.60093989,0,0,6.875840478,8.224551337,34.81367787,0,0,0,0,31.08412746,0,0,10.60539088,0,0,0,0,0,0,19.82549123,43.31888889,5.545802469,0,-0.293518519,-0.309259259,0,-1.743765432,0,-0.74037037,0,0,8,0,0,0,0,0,0,0,0,0,0,1,-666,0,0,0,-666,2.43939,36.516,0,0,0,0,0,0,0,0,0,0,0,0,0,0,0,0,0,0,0,0,0,0,0,0,0,0,6,0,0,0,0,0,0,0,0,0,-666,0,0,0,0,0,0,0,1,0,0,0,0,0,0,0,0,0,-666,0,0,0,0,0,0,0,0,0,0,0,0,0,0,0,0,0,0,0,0,0,0,0,0,0,0,0,0,-666,0,0,70,6,12.011,1.262119,11.3,4,2.55,2.2,285.5,17,-0.400947067,-0.338534101,C,6,1,1,2.55,2.1,2.1,8,6.75,0.776,28.93
53,_3-cyanophenyl_methyl,4.665 ,3.528 ,3.679 ,4.693 ,4.868 ,4.768 ,3.948 ,3.792 ,0.511,0.384,0.342,0.377,0.379,0.383,0.308,0.378,0.294,0.395,0.555,0.359,0.405,0.359,0.405,0.343,0.394,0.36,0.406,0.362,0.407,0.346,0.396,0.326,0.379,3.53,4.08,4.04,4.15,1.63,1.7,1.6,1.59,3.67,-0.226,-0.331,8.654557823,-0.796296296,8.654557823,0.372222222,0.50612988,116.143,110.095,116.0500242,43,0,0,0,0,0,-666,-666,-666,10.97607602,-1.445608984,0.002721933,-2.273839752,0.055811149,-2.144470395,2.312618479,-1.590483082,3.552673326,436.5384724,11.74855867,10.4472136,4.447213595,6.91279002,5.223606798,2.223606798,1.361803399,1.361803399,0.736803399,0.736803399,0.399651699,0.399651699,-0.04,1628.384949,2.536710801,3.21003996,1.976711222,63.04160826,0,0,0,0,0,61.78600073,0,0,0,0,0,0,0,0,8.224551337,0,5.261891555,0,0,0,0,42.23033652,0,6.069221313,0,0,0,0,0,0,18.20695335,8.224551337,35.35449604,0,0,0,-666,31.08412746,0,0,11.14620906,0,0,0,6.069221313,0,0,13.48644289,43.54997921,0,0,8.654557823,-0.75412037,0,-0.487453704,0,-0.796296296,0,0,9,0,1,0,0,0,0,0,0,1,0,1,-666,0,0,0,-666,1.76667,36.276,0,0,0,0,0,0,0,0,0,0,0,0,0,0,0,1,0,0,0,0,0,0,0,0,0,0,6,0,0,0,0,0,0,0,0,0,-666,0,0,0,0,0,0,0,0,0,0,0,0,0,0,0,0,0,-666,0,0,1,0,0,0,0,0,0,0,0,0,0,0,0,0,0,0,0,0,0,0,0,0,0,0,0,0,-666,0,0,70,6,12.011,1.262119,11.3,4,2.55,2.2,294.4,16.9,-0.421717196,-0.345417876,C,6,1,1,2.55,2.1,2.1,8,6.75,0.778,28.885
54,_3-ethoxy-3-oxopropyl_sulfanyl,4.999 ,4.217 ,4.317 ,4.972 ,5.126 ,5.010 ,4.464 ,4.334 ,0.878,0.766,0.712,0.584,0.74,0.607,0.533,0.58,0.509,0.755,0.669,0.642,0.754,0.64,0.751,0.642,0.754,0.643,0.756,0.64,0.751,0.641,0.753,0.688,0.8,4.73,5.43,5.37,5.5,2.13,2.24,2.11,2.18,4.31,-0.468,-0.53,11.17986111,-3.418634259,11.17986111,2.001273148,0.539468621,133.192,124.12,133.0323255,47,0,0,0,0,0,-666,-666,-666,0,-0.247473047,-2.26E-16,-2.428891711,-7.96E-18,-2.475195766,0,-1.05397532,5.024859921,303.488524,14.28445705,12.72474487,4.541241452,7.127827085,6.066496581,1.974744871,0.718643696,0.922767842,0.296821848,0.398883921,0.113531036,0.19686437,0.27,1343.305824,1.651198272,5.407551582,4.429489633,67.27388798,0,0,0,0,0,65.95508073,0,0,0,0,0,0,0,0,21.86822714,18.59809444,0,0,0,13.22481702,12.26394213,0,0,0,0,0,0,12.62878915,18.23324742,9.531400138,0,25.56164402,0,0,0,0,-666,31.45806443,4.794537184,0,0,0,0,0,0,0,17.3656521,12.33682701,65.69084798,4.074249811,11.17986111,0,-3.046721466,-2.001273148,0,-3.332407407,-6.731223545,0,0.8,8,0,2,0,0,0,0,0,0,2,0,3,-666,0,0,0,-666,1.1371,33.708,0,0,0,0,0,0,0,0,0,0,1,1,0,0,0,0,0,0,0,0,0,0,0,0,0,0,0,0,0,0,0,0,0,0,0,0,-666,0,0,0,1,1,0,0,0,0,0,0,0,0,0,0,0,0,-666,0,0,0,0,0,0,0,0,0,0,0,0,0,0,0,0,0,0,0,0,0,0,0,0,0,0,0,0,-666,0,0,100,16,32.06,2.07710403,19.4,6,2.58,2.07,322.1,15.5,-0.384279191,-0.38371677,S,6,0,0,2.55,0,0,6,2.55,0.971,21.67
55,_3-fluorophenyl_methyl,4.534 ,3.319 ,3.450 ,4.564 ,4.753 ,4.645 ,3.764 ,3.598 ,0.514,0.393,0.34,0.371,0.372,0.376,0.303,0.372,0.289,0.386,0.546,0.351,0.396,0.351,0.396,0.335,0.386,0.352,0.397,0.354,0.398,0.339,0.388,0.319,0.372,3.25,3.83,3.78,3.89,1.36,1.44,1.33,1.33,3.44,-0.222,-0.331,13.03407407,-1.265740741,13.03407407,0.552314815,0.477698298,109.123,103.075,109.0453534,41,0,0,0,0,0,-666,-666,-666,11.3264851,-1.061427806,0.026101755,-2.2655557,0.045769806,-2.096788181,1.988949357,-1.218837538,3.448068054,358.8665345,11.04145188,9.877964473,3.877964473,6.374785218,4.938982237,1.938982237,1.188982237,1.188982237,0.594491118,0.594491118,0.320868339,0.320868339,-0.07,971.5503878,1.962625439,2.471406157,1.461672361,56.44962187,0,0,0,0,0,55.09907226,0,0,0,0,0,0,0,0,12.61496638,0,0,0,0,0,0,42.48410587,0,0,0,4.390415048,0,0,0,0,6.875840478,8.224551337,35.60826539,0,0,0,0,42.48410587,4.390415048,0,0,0,0,0,0,0,0,8.224551337,55.38722222,0,0,0,-0.552314815,-1.265740741,-3.006574074,0,-0.895925926,0,0,8,0,0,0,0,0,0,0,0,0,0,1,-666,0,0,0,-666,2.17009,31.771,0,0,0,0,0,0,0,0,0,0,0,0,0,0,0,0,0,0,0,0,0,0,0,0,0,0,6,0,0,0,0,0,0,0,0,0,-666,0,0,0,0,0,0,0,1,0,0,0,0,0,0,0,0,0,-666,0,0,0,0,0,0,0,0,0,0,0,0,0,0,0,0,0,0,0,0,0,0,0,0,0,0,0,0,-666,0,0,70,6,12.011,1.262119,11.3,4,2.55,2.2,269.5,15.9,-0.412869124,-0.338913834,C,6,1,1,2.55,2.1,2.1,8,6.75,0.776,28.922
56,_3-methoxyphenyl_methyl,4.374 ,3.114 ,3.227 ,4.364 ,4.598 ,4.436 ,3.560 ,3.379 ,0.516,0.399,0.324,0.359,0.358,0.363,0.294,0.36,0.281,0.374,0.529,0.342,0.384,0.341,0.383,0.326,0.373,0.344,0.386,0.344,0.385,0.329,0.375,0.31,0.358,3.02,3.6,3.55,3.67,1.18,1.27,1.16,1.17,3.22,-0.21,-0.315,7.576157407,-2.913619615,7.576157407,0.532175926,0.550831039,121.159,112.087,121.0653399,47,0,0,0,0,0,-666,-666,-666,1.685864239,-1.766772837,-8.12E-18,-2.367691231,-7.09E-17,-2.283511146,0.764472664,-1.836687422,3.409093747,453.6783189,14.24855867,13.40824829,4.40824829,8.05923663,6.65824829,2.15824829,1.306186218,1.306186218,0.704124145,0.704124145,0.377577591,0.377577591,-0.04,4697.921172,1.760035714,3.21003996,1.976711222,67.97748531,0,0,0,0,0,66.52803928,0,0,0,0,0,0,0,0,17.07368996,0,0,0,0,0,7.037952459,42.41639686,0,0,0,0,0,0,7.037952459,4.736862954,6.875840478,12.33682701,35.54055639,0,0,0,-666,49.45434932,0,0,0,0,0,0,0,0,4.736862954,12.33682701,69.23719955,0,0,0,-0.532175926,-0.719444444,-2.74685941,0,-0.908433485,-2.913619615,0.125,9,0,1,0,0,0,0,0,0,1,0,1,-666,0,0,0,-666,1.84699,37.672,0,0,0,0,0,0,0,0,0,0,0,0,0,0,0,0,0,0,0,0,0,0,0,0,0,0,5,0,0,0,0,0,0,0,0,0,-666,0,0,0,0,1,0,0,0,0,0,0,0,0,0,0,0,0,-666,1,0,0,0,0,0,0,0,0,0,0,0,0,0,0,0,0,0,0,0,0,0,0,0,0,0,0,0,-666,0,0,70,6,12.011,1.262119,11.3,4,2.55,2.2,303.3,16.3,-0.380443629,-0.321960587,C,6,1,1,2.55,2.1,2.1,8,6.75,0.771,28.971
57,_3-methylphenyl_methyl,4.252 ,3.056 ,3.172 ,4.283 ,4.474 ,4.365 ,3.481 ,3.316 ,0.517,0.4,0.33,0.363,0.36,0.367,0.3,0.364,0.286,0.376,0.532,0.345,0.386,0.344,0.385,0.329,0.375,0.346,0.386,0.347,0.387,0.332,0.377,0.314,0.362,2.95,3.52,3.47,3.58,1.17,1.24,1.14,1.14,3.17,-0.217,-0.322,7.566782407,-2.775925926,7.566782407,0.530439815,0.474057492,105.16,96.088,105.0704253,41,0,0,0,0,0,-666,-666,-666,2.20E-17,-1.060007691,-0.019939861,-2.345381698,7.45E-18,-2.203711672,3.44E-16,-1.207629323,3.61175751,434.4024318,13.54145188,13,4,7.586110083,6.5,2,1.25,1.25,0.625,0.625,0.34375,0.34375,0,2860.943686,1.356401384,2.52,1.5,62.86394008,0,0,0,0,0,61.41905565,0,0,0,0,0,0,0,0,12.33682701,0,0,0,0,6.851892117,0,42.23033652,0,0,0,0,0,0,0,0,6.875840478,19.18871912,35.35449604,0,0,0,0,49.08222864,0,0,0,0,0,0,0,0,0,12.33682701,65.55856481,0,0,0,-1.219791667,0,-2.742476852,0,-3.67962963,0,0.125,8,0,0,0,0,0,0,0,0,0,0,0,-666,0,0,0,-666,2.26299,36.337,0,0,0,0,0,0,0,0,0,0,0,0,0,0,0,0,0,0,0,0,0,0,0,0,0,0,6,0,0,0,0,0,0,0,0,0,-666,0,0,0,0,0,0,0,0,0,0,0,0,0,0,0,0,0,-666,0,0,0,0,0,0,0,0,0,0,0,0,0,0,0,0,0,0,0,0,0,0,0,0,0,0,0,0,-666,0,0,70,6,12.011,1.262119,11.3,4,2.55,2.2,288.4,16.2,-0.392835203,-0.319419473,C,6,1,1,2.55,2.1,2.1,8,6.75,0.774,28.913
58,_3-nitrophenyl_methyl,4.753 ,3.546 ,3.701 ,4.720 ,4.956 ,4.783 ,3.983 ,3.813 ,0.511,0.387,0.345,0.381,0.385,0.387,0.311,0.382,0.296,0.4,0.559,0.362,0.41,0.36,0.409,0.346,0.399,0.364,0.412,0.363,0.411,0.348,0.401,0.327,0.383,3.57,4.13,4.08,4.19,1.66,1.74,1.62,1.6,3.7,-0.226,-0.333,10.57022676,-1.019259259,10.57022676,0.603981481,0.435872316,136.13,130.082,136.0398534,51,0,0,0,0,0,-666,-666,-666,11.89097167,-1.441796094,0.005253723,-2.283675327,0.022863332,-2.129024689,2.505530918,-1.526755511,3.648358289,491.0064405,12.61880215,10.76371018,4.763710176,7.28546882,5.338755169,2.338755169,1.480716583,1.480716583,0.794377585,0.794377585,0.425139642,0.425139642,-0.12,2250.450267,3.089455044,3.323790749,1.936083848,66.33365974,0,0,0,0,0,65.01304951,0,0,0,0,0,0,0,0,8.224551337,0,0,0,4.620096379,0,0,52.16840179,0,0,0,0,0,0,0,0,16.68997097,8.224551337,40.09852721,0,0,0,-666,46.97436768,9.814130488,0,0,0,0,0,0,0,0,8.224551337,42.14787982,0,21.14045351,0,-1.554907407,0,-3.114537037,0,-0.952222222,0,0,10,0,3,0,0,0,0,0,0,2,0,3,-666,0,0,0,-666,2.00049,39.825,0,0,0,0,0,0,0,0,0,0,0,0,0,0,0,1,0,0,0,0,-666,0,0,0,0,0,5,0,0,0,0,0,0,0,0,0,-666,0,0,0,0,0,0,0,0,0,0,0,0,0,0,0,0,0,-666,0,0,0,1,0,0,2,0,0,0,0,0,0,0,0,0,0,0,0,0,0,0,0,0,0,0,0,0,-666,0,0,70,6,12.011,1.262119,11.3,4,2.55,2.2,299.9,16.8,-0.437739826,-0.357532358,C,6,1,1,2.55,2.1,2.1,8,6.75,0.776,28.873
59,_3-nitrophenyl_oxidanyl,9.129 ,6.046 ,6.224 ,7.744 ,9.560 ,7.641 ,6.710 ,6.276 ,0.284,0.21,0.216,0.184,0.174,0.177,0.152,0.181,0.152,0.193,0.144,0.155,0.185,0.204,0.222,0.159,0.188,0.151,0.181,0.205,0.222,0.163,0.192,0.187,0.215,6.31,7.33,7.24,7.44,2.84,3,2.8,2.8,6.22,-0.179,-0.204,10.98407407,-1.196574074,10.98407407,0.821574074,0.390997596,138.102,134.07,138.019118,51,0,0,0,0,0,-666,-666,-666,13.66487331,-1.048920275,0.669333291,-2.280994003,0.598332169,-2.216280644,3.705341447,-1.252432447,3.403519948,426.3575708,11.04145188,8.671958467,4.671958467,6.374785218,4.292879315,2.292879315,1.434840728,1.434840728,0.771439657,0.771439657,0.408541602,0.408541602,-0.16,971.5503878,4.014462896,3.295750624,1.914944034,62.00990175,0,0,0,0,0,60.74517103,0,0,0,0,0,0,0,0,10.27757141,5.783244946,0,0,4.620096379,0,0,40.0642583,0,0,0,0,0,0,5.783244946,4.794537184,16.21100375,5.483034225,28.47335093,0,0,0,-666,40.65346914,14.60866767,0,0,0,0,0,0,0,0,5.483034225,27.11040438,0,31.66496599,0,-1.017592593,-1.196574074,-2.690462963,-0.870740741,0,0,0,10,0,4,0,0,0,0,0,0,3,0,4,-666,0,0,0,-666,1.01339,35.692,0,0,0,0,0,0,0,0,0,0,1,1,0,0,0,1,0,0,0,0,-666,0,0,0,0,0,3,0,0,0,0,0,0,0,0,0,-666,0,0,0,0,0,0,0,0,0,0,0,0,0,0,1,0,0,-666,0,0,0,1,0,0,2,0,0,0,0,0,0,0,0,0,0,0,0,0,0,0,0,0,0,0,0,0,-666,0,0,60,8,15.999,1.4611135,5.3,6,3.44,0.001308,288,16.5,-0.429494528,-0.416537549,O,6,0,0,2.55,0,0,6,2.55,0.385,30.689
60,_4-_dimethylamino_pyridin-1-ium-1-yl_boranuidyl,2.342 ,1.700 ,1.778 ,2.365 ,2.513 ,2.428 ,1.794 ,1.686 ,0.412,0.293,0.24,0.31,0.298,0.326,0.224,0.316,0.204,0.294,0.108,0.231,0.312,0.231,0.312,0.215,0.299,0.232,0.313,0.234,0.315,0.219,0.301,0.193,0.281,1.69,2.14,2.1,2.2,0.56,0.55,0.54,0.5,1.77,-0.138,-0.243,7.737407407,-3.23289281,7.737407407,0.144856387,0.465616408,134.999,122.903,135.1093538,53,0,0,0,0,0,-666,-666,-666,0.941072505,-1.803920348,-3.11E-16,-2.471333801,-2.16E-16,-2.468601309,0.459882596,-1.930406892,3.574509238,490.5846111,17.61880215,16.97177746,4.97177746,9.708118551,8.530933417,2.376232878,1.527626081,1.527626081,0.813116439,0.813116439,0.39735737,0.39735737,-0.015064935,22264.36505,1.667726217,3.39764622,1.991935293,80.00223738,0,0,0,0,0,78.44750983,0,0,0,0,0,0,0,0,13.70758556,7.908015173,2.671425448,9.710832472,0,0,13.9516538,30.49799738,0,0,0,0,0,0,34.24192689,0,6.520808045,13.70758556,23.97718933,0,0,0,-666,52.35766635,0,0,4.899909731,4.810922741,0,0,0,0,0,16.37901101,88.87602277,0,0.249370748,0,-0.924166667,0,-1.893055556,-0.884722222,-7.350507842,-1.906274565,0.285714286,10,0,2,0,0,0,0,0,0,2,0,3,-666,0,0,0,-666,-0.02891,45.593,0,0,0,0,0,0,0,0,0,0,0,0,0,0,0,2,0,0,0,1,-666,0,0,0,0,0,1,0,0,0,0,0,0,0,0,0,-666,0,0,0,0,0,0,0,0,0,0,0,0,0,0,0,0,0,-666,0,0,0,0,0,0,0,0,0,0,0,0,0,0,0,0,0,0,0,0,0,0,0,0,0,0,0,0,-666,0,0,85,5,10.81,0.279723,20.5,3,2.04,2.34,334.4,16.5,-0.365528368,-0.264430826,B,7,1,1,3.04,2.1,2.1,9,7.24,0.369,26.83
61,_4-_methoxycarbonyl_phenyl_methyl,5.503 ,3.945 ,4.111 ,5.315 ,5.772 ,5.374 ,4.402 ,4.175 ,0.45,0.334,0.316,0.353,0.356,0.36,0.288,0.354,0.273,0.371,0.526,0.331,0.382,0.327,0.378,0.316,0.371,0.333,0.383,0.33,0.381,0.318,0.372,0.298,0.354,3.95,4.68,4.61,4.76,1.62,1.7,1.59,1.56,4.1,-0.204,-0.304,11.59812594,-3.082195413,11.59812594,0.578302154,0.567389178,149.169,140.097,149.0602545,57,0,0,0,0,0,-666,-666,-666,10.60521441,-0.243135126,-1.22E-17,-2.288977529,0.005057211,-2.287550076,0.718365513,-0.946413229,3.387789004,538.1117016,15.82590893,14.31649658,5.316496581,8.969920232,7.112372436,2.612372436,1.639519551,1.639519551,0.921821848,0.921821848,0.465593109,0.465593109,-0.08,11179.45031,2.708116321,4.073454882,2.455138002,78.50394952,0,0,0,0,0,77.10582141,0,0,0,0,0,0,0,0,21.86822714,5.969305288,0,0,0,0,7.037952459,42.23033652,0,0,0,0,0,0,13.00725775,9.531400138,6.875840478,12.33682701,35.35449604,0,0,0,-666,55.23759427,4.794537184,0,0,0,0,0,0,0,4.736862954,12.33682701,68.71940067,0,11.59812594,0,-1.42448271,-1.523091459,-3.257885488,0,-0.94653821,-3.082195413,0.111111111,11,0,2,0,0,0,0,0,0,2,0,2,-666,0,0,0,-666,1.41609,42.679,0,0,0,0,0,0,0,0,0,0,1,1,0,0,0,0,0,0,0,0,0,0,0,0,0,0,4,0,0,0,0,0,0,0,0,0,-666,0,0,0,1,1,0,0,0,0,0,0,0,0,0,0,0,0,-666,1,0,0,0,0,0,0,0,0,0,0,0,0,0,0,0,0,0,0,0,0,0,0,0,0,0,0,0,-666,0,0,70,6,12.011,1.262119,11.3,4,2.55,2.2,338.1,16.7,-0.408671569,-0.343937235,C,6,1,1,2.55,2.1,2.1,8,6.75,0.729,28.949
62,_4-_methoxycarbonyl_phenyl_oxidanyl,9.645 ,6.288 ,6.454 ,8.160 ,10.137 ,8.050 ,6.955 ,6.466 ,0.25,0.185,0.203,0.173,0.165,0.167,0.142,0.17,0.141,0.183,0.134,0.145,0.177,0.191,0.21,0.149,0.179,0.141,0.173,0.191,0.21,0.152,0.182,0.174,0.204,6.49,7.67,7.57,7.81,2.66,2.81,2.63,2.62,6.44,-0.166,-0.19,11.42678241,-3.072936154,11.42678241,0.874328704,0.510202971,151.141,144.085,151.0395191,57,0,0,0,0,0,-666,-666,-666,11.93903962,-2.00690114,0.029160724,-2.276080013,0.061753607,-2.346943112,1.978651898,-2.017753133,3.153849014,445.5724855,14.24855867,12.22474487,5.224744871,8.05923663,6.066496581,2.566496581,1.593643696,1.593643696,0.898883921,0.898883921,0.454124145,0.454124145,-0.12,4799.239468,3.322062169,4.043932929,2.43281107,74.18019154,0,0,0,0,0,72.83794294,0,0,0,0,0,0,0,0,23.92124722,11.75255023,0,0,0,0,7.037952459,30.12619303,0,0,0,0,0,0,18.79050269,14.32593732,5.917906046,9.595309893,24.20828698,0,0,0,-666,48.91669572,9.589074368,0,0,0,0,0,0,0,4.736862954,9.595309893,53.19428666,0,22.61879547,0,0,-3.580408636,-3.743070673,0,0,-3.072936154,0.125,11,0,3,0,0,0,0,0,0,3,0,3,-666,0,0,0,-666,0.42899,38.546,0,0,0,0,0,0,0,0,0,0,2,2,0,0,0,0,0,0,0,0,0,0,0,0,0,0,2,0,0,0,0,0,0,0,0,0,-666,0,0,0,1,1,0,0,0,0,0,0,0,0,0,1,0,0,-666,1,0,0,0,0,0,0,0,0,0,0,0,0,0,0,0,0,0,0,0,0,0,0,0,0,0,0,0,-666,0,0,60,8,15.999,1.4611135,5.3,6,3.44,0.001308,325.4,16.7,-0.40699687,-0.395666837,O,6,0,0,2.55,0,0,6,2.55,0.352,30.703
63,_4-_trifluoromethyl_phenyl_methyl,4.855 ,3.619 ,3.762 ,4.885 ,5.076 ,4.967 ,4.076 ,3.907 ,0.495,0.372,0.338,0.375,0.378,0.381,0.304,0.376,0.29,0.394,0.554,0.352,0.404,0.352,0.404,0.336,0.392,0.353,0.405,0.354,0.406,0.339,0.395,0.318,0.378,3.58,4.18,4.13,4.25,1.59,1.69,1.56,1.55,3.76,-0.219,-0.327,12.49513133,-5.011394558,12.49513133,0.742592593,0.545573911,159.13,153.082,159.0421599,59,0,0,0,0,0,-666,-666,-666,12.57601486,-0.24348885,3.86E-18,-2.314392857,0.152310392,-2.210264401,2.630999741,-0.951164094,3.585426683,442.6670943,13.54145188,11.13389342,5.133893419,7.586110083,5.56694671,2.56694671,1.747759069,1.747759069,0.908473355,0.908473355,0.454236677,0.454236677,-0.21,2886.987268,3.668473921,3.033864512,2.382831579,71.14563479,0,0,0,0,0,69.80243152,0,0,0,0,0,0,0,0,21.39579648,0,0,0,0,6.176298517,0,42.23033652,0,0,0,13.17124514,0,0,6.176298517,0,6.875840478,8.224551337,35.35449604,0,0,0,0,48.40663504,13.17124514,0,0,0,0,0,0,0,0,8.224551337,80.0448441,0,0,0,-2.425462963,0,-4.631805556,-5.011394558,-1.059514361,0,0.125,11,0,0,0,0,0,0,0,0,0,0,3,-666,0,0,0,-666,2.80539,36.718,0,0,0,0,0,0,0,0,0,0,0,0,0,0,0,0,0,0,0,0,0,0,0,0,0,3,6,0,0,0,0,0,0,0,0,0,-666,0,0,0,0,0,0,0,3,0,0,0,0,0,0,0,0,0,-666,0,0,0,0,0,0,0,0,0,0,0,0,0,0,0,0,0,0,0,0,0,0,0,0,0,0,0,0,-666,0,0,70,6,12.011,1.262119,11.3,4,2.55,2.2,314,16.4,-0.435104246,-0.355583404,C,6,1,1,2.55,2.1,2.1,8,6.75,0.761,28.912
64,_4-_trifluoromethyl_phenyl_oxidanyl,8.972 ,5.997 ,6.154 ,7.791 ,9.403 ,7.722 ,6.700 ,6.282 ,0.274,0.203,0.215,0.185,0.175,0.178,0.152,0.182,0.151,0.194,0.143,0.154,0.186,0.204,0.224,0.157,0.188,0.149,0.181,0.204,0.225,0.161,0.193,0.187,0.217,6.15,7.19,7.1,7.31,2.7,2.88,2.67,2.67,6.14,-0.178,-0.204,12.29253779,-5.006481481,12.29253779,1.20525463,0.529162312,161.102,157.07,161.0214244,59,0,0,0,0,0,-666,-666,-666,13.74873651,-1.463060311,0.676177939,-2.272633079,0.691744431,-2.323229195,3.124063407,-1.565263084,3.348221746,354.186761,11.96410162,9.042141709,5.042141709,6.675426481,4.521070855,2.521070855,1.701883214,1.701883214,0.885535427,0.885535427,0.442767714,0.442767714,-0.25,1235.837423,4.697141626,3.009259259,2.360733182,66.82187681,0,0,0,0,0,65.53455305,0,0,0,0,0,0,0,0,23.44881655,5.783244946,0,0,0,6.176298517,0,30.12619303,0,0,0,13.17124514,0,0,11.95954346,4.794537184,5.917906046,5.483034225,24.20828698,0,0,0,-666,42.08573649,17.96578233,0,0,0,0,0,0,0,0,5.483034225,64.51265967,0,10.90701625,0,0,-3.046203704,-5.116990741,-5.006481481,0,0,0.142857143,11,0,1,0,0,0,0,0,0,1,0,4,-666,0,0,0,-666,1.81829,32.585,0,0,0,0,0,0,0,0,0,0,1,1,0,0,0,0,0,0,0,0,0,0,0,0,0,3,4,0,0,0,0,0,0,0,0,0,-666,0,0,0,0,0,0,0,3,0,0,0,0,0,0,1,0,0,-666,0,0,0,0,0,0,0,0,0,0,0,0,0,0,0,0,0,0,0,0,0,0,0,0,0,0,0,0,-666,0,0,60,8,15.999,1.4611135,5.3,6,3.44,0.001308,301.1,16.2,-0.424432091,-0.41403411,O,6,0,0,2.55,0,0,6,2.55,0.373,30.695
65,_4-_trifluoromethyl_phenyl_sulfanyl,7.298 ,5.862 ,5.979 ,7.334 ,7.561 ,7.432 ,6.321 ,6.098 ,0.651,0.554,0.43,0.394,0.404,0.39,0.348,0.394,0.355,0.408,0.361,0.331,0.403,0.332,0.403,0.339,0.41,0.331,0.402,0.33,0.402,0.338,0.408,0.387,0.466,6.31,7.49,7.39,7.63,2.63,2.77,2.62,2.64,5.97,-0.384,-0.416,12.360565,-4.913888889,12.360565,0.501851852,0.570159059,177.17,173.138,176.9985808,59,0,0,0,0,0,-666,-666,-666,13.72917807,-0.24343232,0.579460864,-2.269725078,0.97390552,-2.193720621,3.076849544,-0.947489645,3.538044723,399.43881,11.96410162,9.042141709,5.85863829,6.675426481,4.521070855,2.929319145,1.701883214,2.110131505,0.885535427,1.089659573,0.442767714,0.544829786,0.14,1235.837423,4.997000012,3.251795949,2.579168429,73.12581834,0,0,0,0,0,72.14589506,0,0,0,0,0,0,0,0,18.65427937,12.62878915,0,0,0,6.176298517,0,34.68652803,0,0,0,13.17124514,0,12.62878915,6.176298517,0,0,5.483034225,34.68652803,0,0,0,0,40.86282655,13.17124514,0,0,0,0,0,0,0,12.62878915,5.483034225,65.40007464,4.469601285,-0.501851852,0,-1.577685185,0,-3.959583333,-4.913888889,0,0,0.142857143,11,0,0,0,0,0,0,0,0,0,0,4,-666,0,0,0,-666,3.1263,38.952,0,0,0,0,0,0,0,0,0,0,0,0,0,0,0,0,0,0,0,0,0,0,0,0,0,3,5,0,0,0,0,0,0,0,0,0,-666,0,0,0,0,0,0,0,3,0,0,0,0,0,0,0,0,0,-666,0,0,0,0,0,0,0,0,0,0,0,0,0,0,0,0,0,0,0,0,0,0,0,0,0,0,0,0,-666,0,0,100,16,32.06,2.07710403,19.4,6,2.58,2.07,318,17.2,-0.400779443,-0.400112653,S,6,0,0,2.55,0,0,6,2.55,0.772,25.289
66,_4-_trimethylsilyl_phenyl_methyl,4.462 ,3.228 ,3.336 ,4.494 ,4.691 ,4.578 ,3.669 ,3.500 ,0.503,0.385,0.308,0.353,0.352,0.358,0.291,0.354,0.278,0.368,0.527,0.337,0.379,0.337,0.379,0.32,0.367,0.338,0.38,0.34,0.381,0.324,0.369,0.303,0.352,3.13,3.73,3.67,3.8,1.28,1.37,1.26,1.25,3.33,-0.201,-0.299,7.97650463,-5.732681406,7.97650463,0.770115268,0.557752518,163.316,148.196,163.094302,59,0,0,0,0,0,-666,-666,-666,1.20E-15,-1.841605521,-0.00392269,-2.638800146,-2.26E-16,-2.533678587,5.77E-16,-2.089081085,4.211551375,646.6472392,21.04145188,20.5,6.5,11.33611008,10.25,4.75,2,4,1,2,0.5,1,0.216883117,103414.2931,1.703518792,3.300287785,2.622997463,91.40463456,0,0,0,0,0,89.91436013,0,0,0,0,0,0,0,0,20.56137834,8.073872301,0,0,0,19.42549881,0,41.85361068,0,0,0,0,0,0,8.073872301,0,6.875840478,20.56137834,34.9777702,19.42549881,0,0,0,69.35298179,0,0,0,0,0,0,0,0,0,20.56137834,115.0582944,0,0,-1.168981481,-0.770115268,0,-4.354320988,0,-11.9210841,-5.732681406,0.3,11,0,0,0,0,0,0,0,0,0,0,1,-666,0,0,0,-666,3.12049,54.009,0,0,0,0,0,0,0,0,0,0,0,0,0,0,0,0,0,0,0,0,0,0,0,0,0,0,6,0,0,0,0,0,0,0,0,0,-666,0,0,0,0,0,0,0,0,0,0,0,0,0,0,0,0,0,-666,0,0,0,0,0,0,0,0,0,0,0,0,0,0,0,0,0,0,0,0,0,0,0,0,0,0,0,0,-666,0,0,70,6,12.011,1.262119,11.3,4,2.55,2.2,383.6,18,-0.384511698,-0.319067407,C,6,1,1,2.55,2.1,2.1,8,6.75,0.765,28.878
67,_4-acetylphenyl_oxidanyl,9.637 ,6.351 ,6.531 ,8.179 ,10.126 ,8.075 ,6.980 ,6.493 ,0.242,0.179,0.203,0.172,0.163,0.166,0.14,0.169,0.139,0.181,0.131,0.142,0.174,0.188,0.207,0.146,0.176,0.139,0.17,0.188,0.207,0.149,0.18,0.173,0.202,6.57,7.76,7.65,7.89,2.74,2.86,2.7,2.68,6.52,-0.165,-0.191,11.45240741,-3.074522865,11.45240741,0.87537037,0.533653597,135.142,128.086,135.0446045,51,0,0,0,0,0,-666,-666,-666,11.43030738,-1.767631188,0.014286693,-2.316843732,0.047418519,-2.358462609,2.037263663,-1.81139023,3.337861337,428.9843777,13.54145188,11.81649658,4.816496581,7.586110083,5.90824829,2.40824829,1.53324829,1.53324829,0.829124145,0.829124145,0.414562073,0.414562073,-0.08,3222.694509,2.757024742,3.351893337,1.957306778,69.06664631,0,0,0,0,0,67.7289593,0,0,0,0,0,0,0,0,19.18438426,11.56648989,0,0,0,6.851892117,0,30.12619303,0,0,0,0,0,0,11.56648989,9.589074368,5.917906046,16.44720201,24.20828698,0,0,0,-666,48.54457504,9.589074368,0,0,0,0,0,0,0,0,9.595309893,49.64635015,0,22.62017101,0,0,-3.545192744,-3.730138889,0,-3.074522865,0,0.125,10,0,2,0,0,0,0,0,0,2,0,2,-666,0,0,0,-666,0.84499,37.211,0,0,0,0,0,0,0,0,0,0,2,2,0,0,0,0,0,0,0,0,0,0,0,0,0,0,4,0,0,0,0,0,0,0,0,0,-666,0,0,0,0,0,0,0,0,0,0,0,0,0,0,2,1,0,-666,0,0,0,0,0,0,0,0,0,0,0,0,0,0,0,0,0,0,0,0,0,0,0,0,0,0,0,0,-666,0,0,60,8,15.999,1.4611135,5.3,6,3.44,0.001308,306,16.8,-0.407070648,-0.39620841,O,6,0,0,2.55,0,0,6,2.55,0.342,30.709
68,_4-aminophenyl_methyl,3.628 ,2.482 ,2.569 ,3.658 ,3.846 ,3.738 ,2.885 ,2.730 ,0.514,0.422,0.286,0.31,0.297,0.308,0.263,0.31,0.256,0.317,0.441,0.303,0.323,0.303,0.323,0.29,0.316,0.304,0.324,0.305,0.324,0.293,0.317,0.278,0.306,2.39,2.92,2.87,2.98,0.85,0.92,0.84,0.84,2.56,-0.195,-0.283,7.452407407,-0.828647014,7.452407407,0.015782313,0.497564876,106.148,98.084,106.0656743,41,0,0,0,0,0,-666,-666,-666,1.354021278,-1.462992756,0,-2.30920639,0,-2.394410082,1.124860998,-1.555400906,3.500271602,366.6098886,12.61880215,11.9472136,3.947213595,7.28546882,5.868033989,1.973606798,1.223606798,1.223606798,0.611803399,0.611803399,0.305901699,0.305901699,-0.04,2268.422146,1.513790491,2.492201094,1.47805616,60.55003143,0,0,0,0,0,59.12222377,0,0,0,0,0,0,0,0,11.04823549,0,0,0,5.719716976,0,0,42.35427131,0,0,5.719716976,0,0,0,0,0,6.875840478,8.224551337,35.47843083,2.823684157,0,0,-666,42.35427131,0,0,5.719716976,0,0,0,0,0,0,11.04823549,57.80498488,0,0,0,-0.945782313,0,-2.363888889,0,-0.828647014,0,0,8,2,1,0,0,0,0,0,0,1,1,1,-666,0,0,0,-666,1.15929,34.8504,0,0,0,0,0,0,0,0,0,0,0,0,0,0,0,0,0,1,0,0,-666,0,0,0,0,0,5,0,0,0,0,0,0,0,0,0,-666,0,0,0,0,0,0,0,0,0,0,0,0,0,0,0,0,0,-666,0,0,0,0,0,0,0,0,0,0,0,0,0,0,0,0,0,0,0,0,0,0,0,0,0,0,0,0,-666,0,0,70,6,12.011,1.262119,11.3,4,2.55,2.2,279.9,16.3,-0.378166427,-0.299922766,C,6,1,1,2.55,2.1,2.1,8,6.75,0.738,28.849
69,_4-aminophenyl_sulfanyl,6.577 ,4.826 ,4.839 ,6.625 ,6.927 ,6.754 ,5.357 ,5.096 ,0.531,0.456,0.363,0.31,0.298,0.298,0.28,0.309,0.292,0.315,0.288,0.278,0.307,0.278,0.307,0.289,0.317,0.277,0.306,0.276,0.305,0.287,0.315,0.335,0.371,5.17,6.51,6.39,6.67,1.68,1.82,1.69,1.73,4.83,-0.343,-0.357,7.364907407,-0.457407407,7.364907407,0.051111111,0.486903987,124.188,118.14,124.0220952,41,0,0,0,0,0,-666,-666,-666,11.07596073,-1.450563401,-1.73E-18,-2.322811273,0.075967305,-2.461351879,2.291975149,-1.527437134,3.326439712,346.2308921,11.04145188,9.855461886,4.671958467,6.374785218,4.822158134,2.335979233,1.177730943,1.585979233,0.588865471,0.792989617,0.294432736,0.396494808,0.31,971.5503878,2.168485438,2.738159641,1.673790393,62.42353159,0,0,0,0,0,61.35900393,0,0,0,0,0,0,0,0,8.306718381,17.08244076,0,0,5.719716976,0,0,30.25012781,0,0,5.719716976,0,0,12.21787344,4.864567319,0,6.396873262,5.483034225,23.85325455,2.823684157,0,0,-666,17.80118281,0,0,23.0332293,0,0,0,0,0,12.21787344,8.306718381,43.23164399,4.659652305,-0.189259259,0,-0.343703704,0,-1.303240741,-0.388425926,0,0,0,8,2,1,0,0,0,0,0,0,2,1,2,-666,0,0,0,-666,0.97299,38.3084,0,0,0,0,0,0,0,0,0,0,0,0,1,0,0,0,0,1,0,0,-666,0,0,0,0,0,3,0,0,0,0,0,0,0,0,0,-666,0,0,0,0,0,0,0,0,0,0,0,0,0,0,0,0,0,-666,0,0,0,0,0,0,0,0,0,0,0,0,0,0,0,0,0,0,0,0,0,0,0,0,0,0,0,0,-666,0,0,100,16,32.06,2.07710403,19.4,6,2.58,2.07,283.3,17.2,-0.349205721,-0.34668791,S,6,0,0,2.55,0,0,6,2.55,0.566,25.335
70,_4-bromophenyl_methyl,4.434 ,3.270 ,3.393 ,4.463 ,4.644 ,4.541 ,3.697 ,3.537 ,0.513,0.395,0.306,0.356,0.359,0.361,0.292,0.357,0.279,0.373,0.53,0.34,0.386,0.339,0.386,0.322,0.372,0.341,0.387,0.342,0.388,0.325,0.375,0.295,0.345,3.31,3.91,3.85,3.97,1.37,1.47,1.36,1.36,3.39,-0.199,-0.296,7.422407407,-0.713425926,7.422407407,0.053240741,0.560890722,170.029,163.981,168.9652873,41,0,0,0,0,0,-666,-666,-666,10.61336451,-1.801947076,-0.032636048,-2.236517932,0.209548978,-2.126784255,2.080395969,-1.839837725,3.448068054,358.8665345,11.04145188,9.877964473,5.463961012,6.374785218,4.938982237,2.731980506,1.188982237,1.981980506,0.594491118,0.990990253,0.297245559,0.495495127,0.48,971.5503878,2.262882085,2.859756424,1.77179535,66.15163407,0,0,0,0,0,65.29409978,0,0,0,0,0,0,0,0,8.224551337,15.9299439,0,0,0,0,0,41.13960455,0,0,0,0,0,15.9299439,0,0,6.875840478,8.224551337,34.26376407,0,0,0,0,6.875840478,0,0,34.26376407,0,0,0,0,0,15.9299439,8.224551337,43.74521636,2.917329932,0,0,-0.274814815,0,-1.257638889,0,-0.713425926,0,0,8,0,0,0,0,0,0,0,0,0,0,1,-666,0,0,0,-666,2.59549,39.59,0,0,0,0,0,0,0,0,0,0,0,0,0,0,0,0,0,0,0,0,0,0,0,0,0,0,6,0,0,0,0,0,0,0,0,0,-666,0,0,0,0,0,0,0,1,0,0,0,0,0,0,0,0,0,-666,0,0,0,0,0,0,0,0,0,0,0,0,0,0,0,0,0,0,0,0,0,0,0,0,0,0,0,0,-666,0,0,70,6,12.011,1.262119,11.3,4,2.55,2.2,292.5,17.8,-0.409474765,-0.340406424,C,6,1,1,2.55,2.1,2.1,8,6.75,0.764,28.894
71,_4-bromophenyl_sulfanyl,7.204 ,5.708 ,5.806 ,7.242 ,7.485 ,7.347 ,6.171 ,5.938 ,0.636,0.539,0.377,0.352,0.364,0.346,0.313,0.352,0.321,0.369,0.329,0.307,0.366,0.307,0.366,0.312,0.37,0.307,0.366,0.306,0.365,0.311,0.369,0.338,0.399,6.29,7.61,7.49,7.77,2.4,2.55,2.41,2.44,5.8,-0.34,-0.363,7.318032407,-0.168634259,7.318032407,0.034074074,0.586543468,188.069,184.037,186.9217082,41,0,0,0,0,0,-666,-666,-666,12.035613,-1.462898919,0.615729284,-2.178238526,0.916352375,-2.038431662,3.224311052,-1.573886081,3.428388404,229.6066993,9.464101615,7.786212763,6.188705884,5.464101615,3.893106382,3.094352942,1.143106382,2.344352942,0.571553191,1.172176471,0.285776595,0.586088235,0.83,416.3143648,3.288750408,3.114198249,1.979251123,68.13181762,0,0,0,0,0,67.63756332,0,0,0,0,0,0,0,0,5.483034225,28.55873305,0,0,0,0,0,33.59579605,0,0,0,0,0,28.55873305,0,0,0,5.483034225,33.59579605,0,0,0,0,0,0,0,33.59579605,0,0,0,0,0,15.9299439,18.11182337,29.38930556,7.646851852,-0.034074074,0,0,0,-0.585416667,0,0,0,0,8,0,0,0,0,0,0,0,0,0,0,2,-666,0,0,0,-666,2.9164,41.824,0,0,0,0,0,0,0,0,0,0,0,0,0,0,0,0,0,0,0,0,0,0,0,0,0,0,5,0,0,0,0,0,0,0,0,0,-666,0,0,0,0,0,0,0,1,0,0,0,0,0,0,0,0,0,-666,0,0,0,0,0,0,0,0,0,0,0,0,0,0,0,0,0,0,0,0,0,0,0,0,0,0,0,0,-666,0,0,100,16,32.06,2.07710403,19.4,6,2.58,2.07,296.6,18.7,-0.386723629,-0.385498002,S,6,0,0,2.55,0,0,6,2.55,0.735,25.291
72,_4-carboxyphenyl_methyl,5.602 ,4.039 ,4.216 ,5.430 ,5.874 ,5.493 ,4.502 ,4.275 ,0.445,0.33,0.32,0.354,0.358,0.362,0.288,0.355,0.273,0.373,0.527,0.33,0.383,0.326,0.379,0.316,0.373,0.332,0.385,0.329,0.381,0.318,0.374,0.297,0.356,4.06,4.8,4.74,4.89,1.69,1.77,1.65,1.62,4.21,-0.206,-0.309,11.12375094,-1.314758125,11.12375094,0.498582766,0.634123598,135.142,128.086,135.0446045,51,0,0,0,0,0,-666,-666,-666,11.24362648,-1.532366063,0,-2.304136334,0.098018951,-2.251365218,1.736861368,-1.581279454,3.519647678,460.4941528,13.32590893,11.81649658,4.816496581,7.823473623,5.816496581,2.40824829,1.537457479,1.537457479,0.829124145,0.829124145,0.414562073,0.414562073,-0.08,4110.622722,2.757024742,3.351893337,1.957306778,69.09642519,0,0,0,0,0,67.75873818,0,0,0,0,0,0,0,0,18.12789671,5.969305288,1.431199657,0,0,0,0,42.23033652,0,0,0,0,0,0,11.07811348,4.794537184,6.875840478,8.224551337,35.35449604,0,1.431199657,0,-666,48.19964181,4.794537184,0,0,0,0,0,0,0,5.108808191,9.655750994,50.27553997,0,11.12375094,3.61211404,-1.179138322,-1.314758125,-2.8025,0,-0.88167517,0,0,10,1,2,0,0,0,0,0,0,2,1,2,-666,0,0,0,-666,1.32769,38.2988,1,0,0,0,0,0,0,0,1,1,1,0,0,0,0,0,0,0,0,0,0,0,0,0,0,0,4,0,0,0,0,0,0,0,0,0,-666,0,0,0,0,0,0,0,0,0,0,0,0,0,0,0,0,0,-666,0,0,0,0,0,0,0,0,0,0,0,0,0,0,0,0,0,0,0,0,0,0,0,0,0,0,0,0,-666,0,0,70,6,12.011,1.262119,11.3,4,2.55,2.2,306,16.9,-0.415414972,-0.347139106,C,6,1,1,2.55,2.1,2.1,8,6.75,0.726,28.952
73,_4-chlorophenyl_methyl,4.437 ,3.259 ,3.383 ,4.467 ,4.650 ,4.545 ,3.689 ,3.527 ,0.512,0.394,0.313,0.354,0.356,0.359,0.292,0.355,0.278,0.37,0.526,0.337,0.382,0.337,0.382,0.321,0.37,0.339,0.383,0.34,0.384,0.324,0.372,0.299,0.35,3.23,3.81,3.76,3.88,1.33,1.42,1.31,1.32,3.38,-0.205,-0.303,7.367962963,-0.751234568,7.367962963,0.287037037,0.499985365,125.578,119.53,125.0158029,41,0,0,0,0,0,-666,-666,-666,10.60791883,-1.801947238,-0.036643239,-2.233277515,0.190127528,-2.124505408,2.142436843,-1.839598298,3.448068054,358.8665345,11.04145188,9.877964473,4.633893419,6.374785218,4.938982237,2.31694671,1.188982237,1.56694671,0.594491118,0.783473355,0.297245559,0.391736677,0.29,971.5503878,2.157471809,2.72394334,1.662383578,62.58735269,0,0,0,0,0,61.51500957,0,0,0,0,0,0,0,0,8.224551337,11.60093989,0,0,0,0,0,41.68951834,0,0,0,0,0,11.60093989,0,0,6.875840478,8.224551337,34.81367787,0,0,0,0,31.08412746,0,0,10.60539088,0,0,0,0,0,0,19.82549123,43.35739229,5.518163265,0,-0.287037037,-0.329259259,0,-1.730246914,0,-0.751234568,0,0,8,0,0,0,0,0,0,0,0,0,0,1,-666,0,0,0,-666,2.43939,36.516,0,0,0,0,0,0,0,0,0,0,0,0,0,0,0,0,0,0,0,0,0,0,0,0,0,0,6,0,0,0,0,0,0,0,0,0,-666,0,0,0,0,0,0,0,1,0,0,0,0,0,0,0,0,0,-666,0,0,0,0,0,0,0,0,0,0,0,0,0,0,0,0,0,0,0,0,0,0,0,0,0,0,0,0,-666,0,0,70,6,12.011,1.262119,11.3,4,2.55,2.2,285.6,17,-0.411670206,-0.333429635,C,6,1,1,2.55,2.1,2.1,8,6.75,0.765,28.894
74,_4-cyanophenyl_methyl,5.623 ,4.237 ,4.414 ,5.659 ,5.881 ,5.754 ,4.716 ,4.519 ,0.442,0.325,0.314,0.349,0.354,0.356,0.284,0.35,0.269,0.368,0.521,0.325,0.378,0.325,0.377,0.31,0.366,0.326,0.378,0.327,0.379,0.313,0.369,0.293,0.351,4.2,4.93,4.87,5.01,1.83,1.92,1.8,1.78,4.41,-0.203,-0.302,8.620426115,-0.794916856,8.620426115,0.365740741,0.50612988,116.143,110.095,116.0500242,43,0,0,0,0,0,-666,-666,-666,11.04277373,-1.450580089,0.017123306,-2.251193414,0.046465793,-2.111737831,2.178648395,-1.523128084,3.540448302,436.5384724,11.74855867,10.4472136,4.447213595,6.91279002,5.223606798,2.223606798,1.361803399,1.361803399,0.736803399,0.736803399,0.368401699,0.368401699,-0.04,1638.011745,2.536710801,3.21003996,1.976711222,63.04160826,0,0,0,0,0,61.78600073,0,0,0,0,0,0,0,0,8.224551337,0,5.261891555,0,0,0,0,42.23033652,0,6.069221313,0,0,0,0,0,0,18.20695335,8.224551337,35.35449604,0,0,0,-666,31.08412746,0,0,11.14620906,0,0,0,6.069221313,0,0,13.48644289,43.58662415,0,0,8.620426115,-0.750925926,0,-0.494540816,0,-0.794916856,0,0,9,0,1,0,0,0,0,0,0,1,0,1,-666,0,0,0,-666,1.76667,36.276,0,0,0,0,0,0,0,0,0,0,0,0,0,0,0,1,0,0,0,0,0,0,0,0,0,0,6,0,0,0,0,0,0,0,0,0,-666,0,0,0,0,0,0,0,0,0,0,0,0,0,0,0,0,0,-666,0,0,1,0,0,0,0,0,0,0,0,0,0,0,0,0,0,0,0,0,0,0,0,0,0,0,0,0,-666,0,0,70,6,12.011,1.262119,11.3,4,2.55,2.2,294.5,16.9,-0.420085343,-0.350137084,C,6,1,1,2.55,2.1,2.1,8,6.75,0.724,28.974
75,_4-cyanophenyl_oxidanyl,9.988 ,6.822 ,7.011 ,8.835 ,10.473 ,8.788 ,7.546 ,7.089 ,0.244,0.18,0.199,0.167,0.16,0.161,0.136,0.164,0.135,0.176,0.129,0.139,0.169,0.185,0.204,0.142,0.171,0.135,0.164,0.185,0.204,0.146,0.175,0.168,0.197,6.97,8.19,8.08,8.33,2.98,3.14,2.95,2.96,7,-0.163,-0.188,10.95392668,-0.977777778,10.95392668,0.393888889,0.471225922,118.115,114.083,118.0292887,43,0,0,0,0,0,-666,-666,-666,12.10061914,-1.062980895,0.649585719,-2.200597132,0.680569405,-2.212471844,3.633036425,-1.231376758,3.309101934,348.4440059,10.1712084,8.355461886,4.355461886,6.002106418,4.177730943,2.177730943,1.315927544,1.315927544,0.713865471,0.713865471,0.356932736,0.356932736,-0.08,701.8677369,3.351893337,3.180475788,1.953512004,58.71785028,0,0,0,0,0,57.51812225,0,0,0,0,0,0,0,0,10.27757141,5.783244946,5.261891555,0,0,0,0,30.12619303,0,6.069221313,0,0,0,0,5.783244946,4.794537184,17.24901891,5.483034225,24.20828698,0,0,0,-666,35.90943798,4.794537184,0,0,0,0,6.069221313,0,0,0,10.74492578,28.46324074,0,10.95392668,8.480332577,0,-1.371666667,-1.025833333,0,0,0,0,9,0,2,0,0,0,0,0,0,2,0,2,-666,0,0,0,-666,0.77957,32.143,0,0,0,0,0,0,0,0,0,0,1,1,0,0,0,1,0,0,0,0,0,0,0,0,0,0,4,0,0,0,0,0,0,0,0,0,-666,0,0,0,0,0,0,0,0,0,0,0,0,0,0,1,0,0,-666,0,0,1,0,0,0,0,0,0,0,0,0,0,0,0,0,0,0,0,0,0,0,0,0,0,0,0,0,-666,0,0,60,8,15.999,1.4611135,5.3,6,3.44,0.001308,281.8,16.8,-0.415783409,-0.403305044,O,6,0,0,2.55,0,0,6,2.55,0.346,30.733
76,_4-fluorophenyl_methyl,4.050 ,2.958 ,3.080 ,4.077 ,4.247 ,4.150 ,3.355 ,3.205 ,0.537,0.423,0.331,0.366,0.364,0.369,0.302,0.367,0.289,0.381,0.537,0.349,0.391,0.349,0.39,0.333,0.38,0.35,0.391,0.352,0.392,0.336,0.382,0.316,0.365,2.9,3.42,3.38,3.49,1.2,1.27,1.17,1.17,3.08,-0.219,-0.323,12.94911565,-1.259259259,12.94911565,0.484814815,0.477698298,109.123,103.075,109.0453534,41,0,0,0,0,0,-666,-666,-666,10.8661088,-0.163425991,-5.55E-17,-2.24240683,0.046099309,-2.105660191,1.968488401,-0.568659425,3.448068054,358.8665345,11.04145188,9.877964473,3.877964473,6.374785218,4.938982237,1.938982237,1.188982237,1.188982237,0.594491118,0.594491118,0.297245559,0.297245559,-0.07,971.5503878,1.962625439,2.471406157,1.461672361,56.44962187,0,0,0,0,0,55.09907226,0,0,0,0,0,0,0,0,12.61496638,0,0,0,0,0,0,42.48410587,0,0,0,4.390415048,0,0,0,0,6.875840478,8.224551337,35.60826539,0,0,0,0,42.48410587,4.390415048,0,0,0,0,0,0,0,0,8.224551337,55.35055556,0,0,0,-0.484814815,-1.259259259,-3.080555556,0,-0.859259259,0,0,8,0,0,0,0,0,0,0,0,0,0,1,-666,0,0,0,-666,2.17009,31.771,0,0,0,0,0,0,0,0,0,0,0,0,0,0,0,0,0,0,0,0,0,0,0,0,0,0,6,0,0,0,0,0,0,0,0,0,-666,0,0,0,0,0,0,0,1,0,0,0,0,0,0,0,0,0,-666,0,0,0,0,0,0,0,0,0,0,0,0,0,0,0,0,0,0,0,0,0,0,0,0,0,0,0,0,-666,0,0,70,6,12.011,1.262119,11.3,4,2.55,2.2,269.7,16.1,-0.421219934,-0.334374637,C,6,1,1,2.55,2.1,2.1,8,6.75,0.781,28.89
77,_4-formyl-2-methoxyphenyl_oxidanyl,9.867 ,6.374 ,6.525 ,8.138 ,10.431 ,8.008 ,6.853 ,6.327 ,0.198,0.144,0.179,0.15,0.144,0.145,0.12,0.147,0.119,0.16,0.112,0.123,0.154,0.163,0.182,0.127,0.157,0.12,0.151,0.164,0.182,0.129,0.159,0.148,0.178,6.65,8,7.89,8.16,2.57,2.67,2.54,2.5,6.51,-0.14,-0.166,11.48789966,-3.034435941,11.48789966,0.834398148,0.5372946,151.141,144.085,151.0395191,57,0,0,0,0,0,-666,-666,-666,11.82477581,-1.766772446,0.089209021,-2.42401815,0.005612528,-2.335382376,2.391969504,-1.810409968,3.311970733,473.5724855,14.24855867,12.22474487,5.224744871,8.05923663,6.066496581,2.566496581,1.612372436,1.612372436,0.949914957,0.949914957,0.500472997,0.500472997,-0.12,4697.921172,3.322062169,4.043932929,2.153101458,74.18019154,0,0,0,0,0,72.83794294,0,0,0,0,0,0,0,0,23.92124722,12.04545711,0,0,0,0,7.037952459,29.83328616,0,0,0,0,0,0,19.08340957,14.32593732,5.917906046,9.595309893,23.91538011,0,0,0,-666,48.91669572,9.589074368,0,0,0,0,0,0,0,4.736862954,9.595309893,53.47438964,0,22.40140401,0,0,-3.128171296,-2.832530707,-1.46398904,0,-3.034435941,0.125,11,0,3,0,0,0,0,0,0,3,0,3,-666,0,0,0,-666,0.42899,38.546,0,0,0,0,0,0,0,0,0,0,2,2,0,0,0,0,0,0,0,0,0,0,0,1,0,0,3,0,0,0,0,0,0,0,0,0,-666,0,0,0,0,1,0,0,0,0,0,0,0,0,0,1,0,0,-666,1,0,0,0,0,0,0,0,0,0,0,0,0,0,0,0,0,0,0,0,0,0,0,0,0,0,0,0,-666,0,0,60,8,15.999,1.4611135,5.3,6,3.44,0.001308,323.5,16.7,-0.4058492,-0.381057584,O,6,0,0,2.55,0,0,6,2.55,0.279,33.871
78,_4-formylphenyl_oxidanyl,10.030 ,6.661 ,6.864 ,8.519 ,10.533 ,8.410 ,7.278 ,6.778 ,0.236,0.174,0.205,0.17,0.162,0.165,0.139,0.168,0.138,0.18,0.131,0.141,0.172,0.185,0.205,0.145,0.175,0.137,0.168,0.186,0.205,0.148,0.179,0.171,0.2,6.91,8.15,8.05,8.29,2.89,3.01,2.85,2.83,6.85,-0.167,-0.194,10.99748299,-1.331481481,10.99748299,0.667037037,0.471962296,121.115,116.075,121.0289544,45,0,0,0,0,0,-666,-666,-666,11.93945784,-1.054700323,0.301003092,-2.273851214,0.418861471,-2.280946195,2.851897541,-1.563073496,3.325594314,353.541393,11.04145188,9.316496581,4.316496581,6.374785218,4.65824829,2.15824829,1.306186218,1.306186218,0.704124145,0.704124145,0.352062073,0.352062073,-0.08,971.5503878,2.887598098,3.180475788,1.953512004,59.8917632,0,0,0,0,0,58.61451729,0,0,0,0,0,0,0,0,16.44286715,12.04545711,0,0,0,0,0,30.12619303,0,0,0,0,0,0,12.04545711,9.589074368,5.917906046,6.853792781,24.20828698,0,0,0,-666,42.17165014,9.589074368,0,0,0,0,0,0,0,0,6.853792781,35.2151096,0,21.65822373,0,0,-1.731851852,-3.143333333,-1.331481481,0,0,0,9,0,2,0,0,0,0,0,0,2,0,2,-666,0,0,0,-666,0.45489,32.594,0,0,0,0,0,0,0,0,0,0,2,2,0,0,0,0,0,0,0,0,0,0,0,1,0,0,4,0,0,0,0,0,0,0,0,0,-666,0,0,0,0,0,0,0,0,0,0,0,0,0,0,1,0,0,-666,0,0,0,0,0,0,0,0,0,0,0,0,0,0,0,0,0,0,0,0,0,0,0,0,0,0,0,0,-666,0,0,60,8,15.999,1.4611135,5.3,6,3.44,0.001308,281.1,16.5,-0.415118521,-0.404603698,O,6,0,0,2.55,0,0,6,2.55,0.339,30.743
79,"_4-hydroxy-2,3,6-trimethylphenyl_oxidanyl",6.588 ,4.085 ,4.151 ,5.397 ,6.970 ,5.321 ,4.543 ,4.216 ,0.243,0.172,0.187,0.165,0.156,0.16,0.13,0.163,0.129,0.174,0.118,0.133,0.169,0.18,0.198,0.136,0.171,0.13,0.166,0.18,0.198,0.138,0.174,0.156,0.19,4.2,5.04,4.96,5.13,1.64,1.75,1.61,1.62,4.14,-0.146,-0.176,12.21197373,-3.248217593,12.21197373,1.072361111,0.574085683,151.185,140.097,151.0759046,59,0,0,0,0,0,-666,-666,-666,1.86E-15,-0.246035543,-9.04E-17,-2.425373567,-1.75E-17,-2.375571912,7.07E-17,-0.948399685,3.844654902,545.3807168,17.6712084,16.31649658,5.316496581,9.636081014,8.066496581,2.65824829,1.90824829,1.90824829,1.169717254,1.169717254,0.584858627,0.584858627,-0.08,19478.85215,2.236479301,3.114262771,1.568134708,81.77085234,0,0,0,0,0,80.25640362,0,0,0,0,0,0,0,0,23.61093094,5.783244946,1.431199657,0,0,20.55567635,0,28.87535172,0,0,0,0,0,0,10.89205314,4.794537184,5.917906046,34.26326191,22.95744568,0,1.431199657,0,-666,55.21427302,4.794537184,0,0,0,0,0,0,0,5.108808191,15.13878522,79.98686272,0,12.21197373,3.992893519,-2.400578704,-3.83087963,-1.125810185,0,-9.584461451,0,0.333333333,11,1,2,0,0,0,0,0,0,2,1,2,-666,0,0,0,-666,1.94179,43.0098,0,1,1,0,0,0,0,0,0,0,1,1,0,0,0,0,0,0,0,0,0,0,0,0,0,0,3,0,0,0,0,0,0,0,0,0,-666,0,0,0,0,0,0,0,0,0,0,0,0,0,0,1,1,0,-666,0,0,0,0,0,0,0,0,0,0,0,0,0,0,0,0,0,0,0,0,0,0,0,0,0,0,0,0,-666,0,0,60,8,15.999,1.4611135,5.3,6,3.44,0.001308,331.2,16.8,-0.374831383,-0.34353778,O,6,0,0,2.55,0,0,6,2.55,0.304,39.789
80,_4-hydroxyphenyl_methyl,3.807 ,2.654 ,2.755 ,3.767 ,4.014 ,3.830 ,3.045 ,2.890 ,0.535,0.432,0.308,0.342,0.335,0.343,0.286,0.343,0.276,0.353,0.498,0.331,0.363,0.325,0.355,0.317,0.354,0.333,0.366,0.328,0.357,0.318,0.354,0.298,0.336,2.6,3.12,3.08,3.18,1,1.07,0.98,0.98,2.75,-0.207,-0.303,7.392407407,-0.80228647,7.392407407,0.397407407,0.533222898,107.132,100.076,107.0496898,41,0,0,0,0,0,-666,-666,-666,10.24795,-1.463006453,-0.018661739,-2.252585087,0.011145818,-2.120387445,1.097385262,-1.561928022,3.450484851,378.7999391,11.74855867,10.90824829,3.90824829,6.91279002,5.362372436,1.954124145,1.204124145,1.204124145,0.602062073,0.602062073,0.301031036,0.301031036,-0.04,1638.011745,1.722932883,2.492201094,1.47805616,58.56996098,0,0,0,0,0,57.18095605,0,0,0,0,0,0,0,0,13.33335953,0,1.431199657,0,0,0,0,42.41639686,0,0,0,0,0,0,5.108808191,0,6.875840478,8.224551337,35.54055639,0,1.431199657,0,-666,42.41639686,0,0,0,0,0,0,0,0,5.108808191,9.655750994,50.09693689,0,0,3.975442177,-0.397407407,-0.50462963,-2.201388889,0,-0.80228647,0,0,8,1,1,0,0,0,0,0,0,1,1,1,-666,0,0,0,-666,1.75859,33.2918,0,1,1,0,0,0,0,0,0,0,0,0,0,0,0,0,0,0,0,0,0,0,0,0,0,0,5,0,0,0,0,0,0,0,0,0,-666,0,0,0,0,0,0,0,0,0,0,0,0,0,0,0,0,0,-666,0,0,0,0,0,0,0,0,0,0,0,0,0,0,0,0,0,0,0,0,0,0,0,0,0,0,0,0,-666,0,0,70,6,12.011,1.262119,11.3,4,2.55,2.2,274.2,16.2,-0.401866842,-0.314684759,C,6,1,1,2.55,2.1,2.1,8,6.75,0.767,28.844
81,_4-iodophenyl_methyl,3.479 ,2.808 ,2.933 ,3.497 ,3.606 ,3.544 ,3.006 ,2.899 ,0.715,0.513,0.444,0.479,0.493,0.487,0.344,0.483,0.339,0.498,0.239,0.334,0.512,0.334,0.511,0.319,0.499,0.335,0.513,0.336,0.514,0.322,0.502,0.301,0.486,11.04,18.58,17.72,19.81,1.93,2.07,2,2.04,12.88,-0.279,-0.441,7.280324074,-0.716666667,7.280324074,0.283564815,0.454249382,90.125,84.077,90.04695019,34,0,0,0,0,0,-666,-666,-666,10.16872051,-1.686054082,-0.03532038,-2.211805915,0.1028271,-2.107653105,1.761344154,-1.729447336,3.313440272,321.8744688,10.1712084,9.5,3.5,5.947264863,4.75,1.75,1,1,0.5,0.5,0.25,0.25,0,601.7846169,1.49112426,2.34375,1.5,52.28408647,0,0,0,0,0,50.95780344,0,0,0,0,0,0,0,0,8.224551337,0,0,0,0,0,0,42.7332521,0,0,0,0,0,0,0,0,12.95186058,8.224551337,29.78139151,0,0,0,0,6.875840478,0,0,29.78139151,0,0,0,0,0,6.076020107,8.224551337,42.80324074,0,0,0,-0.283564815,0,-1.483333333,2.180324074,-0.716666667,0,0,7,0,0,0,0,0,0,0,0,0,0,0,-666,0,0,0,-666,1.67608,30.393,0,0,0,0,0,0,0,0,0,0,0,0,0,0,0,0,0,0,0,0,0,0,0,0,0,0,6,0,0,0,0,0,0,0,0,0,-666,0,0,0,0,0,0,0,0,0,0,0,0,0,0,0,0,0,-666,0,0,0,0,0,0,0,0,0,0,0,0,0,0,0,0,0,0,0,0,0,0,0,0,0,0,0,0,-666,0,0,70,6,12.011,1.262119,11.3,4,2.55,2.2,255.6,16.1,-0.329010443,-0.328462007,C,6,6,0,2.55,2.55,0,12,5.1,1.051,42.729
82,_4-methoxyphenyl_methyl,3.865 ,2.683 ,2.784 ,3.818 ,4.077 ,3.879 ,3.080 ,2.915 ,0.531,0.427,0.297,0.333,0.326,0.333,0.28,0.334,0.27,0.344,0.487,0.325,0.354,0.321,0.35,0.309,0.344,0.327,0.356,0.324,0.352,0.311,0.345,0.293,0.329,2.62,3.16,3.11,3.22,0.98,1.06,0.96,0.97,2.78,-0.2,-0.291,7.501157407,-2.902311272,7.501157407,0.497322373,0.550831039,121.159,112.087,121.0653399,47,0,0,0,0,0,-666,-666,-666,1.54E-15,-0.243136544,-9.30E-17,-2.320683256,2.22E-17,-2.283410473,1.08E-16,-0.943199684,3.383489571,453.6783189,14.24855867,13.40824829,4.40824829,8.05923663,6.65824829,2.15824829,1.306186218,1.306186218,0.704124145,0.704124145,0.352062073,0.352062073,-0.04,4704.744522,1.760035714,3.21003996,1.976711222,67.97748531,0,0,0,0,0,66.52803928,0,0,0,0,0,0,0,0,17.07368996,0,0,0,0,0,7.037952459,42.41639686,0,0,0,0,0,0,7.037952459,4.736862954,6.875840478,12.33682701,35.54055639,0,0,0,-666,49.45434932,0,0,0,0,0,0,0,0,4.736862954,12.33682701,69.19946358,0,0,0,-0.497322373,-0.712962963,-2.788194444,0,-0.882005858,-2.902311272,0.125,9,0,1,0,0,0,0,0,0,1,0,1,-666,0,0,0,-666,1.84699,37.672,0,0,0,0,0,0,0,0,0,0,0,0,0,0,0,0,0,0,0,0,0,0,0,0,0,0,5,0,0,0,0,0,0,0,0,0,-666,0,0,0,0,1,0,0,0,0,0,0,0,0,0,0,0,0,-666,1,0,0,0,0,0,0,0,0,0,0,0,0,0,0,0,0,0,0,0,0,0,0,0,0,0,0,0,-666,0,0,70,6,12.011,1.262119,11.3,4,2.55,2.2,303.3,16.4,-0.394964386,-0.310973898,C,6,1,1,2.55,2.1,2.1,8,6.75,0.765,28.831
83,_4-methoxyphenyl_oxidanyl,7.300 ,4.529 ,4.610 ,5.961 ,7.726 ,5.847 ,5.008 ,4.601 ,0.251,0.191,0.195,0.164,0.153,0.157,0.135,0.161,0.135,0.171,0.123,0.139,0.164,0.184,0.194,0.143,0.167,0.135,0.161,0.184,0.194,0.146,0.17,0.168,0.191,4.67,5.62,5.54,5.73,1.76,1.87,1.74,1.75,4.6,-0.164,-0.185,11.11683768,-2.893967309,11.11683768,0.741111111,0.516551371,123.131,116.075,123.0446045,47,0,0,0,0,0,-666,-666,-666,10.94134159,-0.24308541,-3.19E-17,-2.307825374,-7.41E-17,-2.279097884,0.568304946,-0.950528788,3.201926192,392.0297471,12.6712084,11.31649658,4.316496581,7.148553027,5.612372436,2.112372436,1.260310363,1.260310363,0.681186218,0.681186218,0.340593109,0.340593109,-0.08,2020.170249,2.207644251,3.180475788,1.953512004,63.65372733,0,0,0,0,0,62.26016081,0,0,0,0,0,0,0,0,19.12671003,5.783244946,0,0,0,0,7.037952459,30.31225337,0,0,0,0,0,0,12.82119741,9.531400138,6.396873262,9.595309893,23.91538011,0,0,0,-666,43.13345078,4.794537184,0,0,0,0,0,0,0,4.736862954,9.595309893,53.63153534,0,11.11683768,0,0,-1.831026077,-2.426388889,-0.846990741,0,-2.893967309,0.142857143,9,0,2,0,0,0,0,0,0,2,0,2,-666,0,0,0,-666,0.85989,33.539,0,0,0,0,0,0,0,0,0,0,1,1,0,0,0,0,0,0,0,0,0,0,0,0,0,0,3,0,0,0,0,0,0,0,0,0,-666,0,0,0,0,1,0,0,0,0,0,0,0,0,0,1,0,0,-666,1,0,0,0,0,0,0,0,0,0,0,0,0,0,0,0,0,0,0,0,0,0,0,0,0,0,0,0,-666,0,0,60,8,15.999,1.4611135,5.3,6,3.44,0.001308,290.6,16.2,-0.382624794,-0.358744454,O,6,0,0,2.55,0,0,6,2.55,0.318,30.58
84,_4-methoxyphenyl_sulfanyl,6.887 ,5.146 ,5.197 ,6.819 ,7.214 ,6.911 ,5.650 ,5.380 ,0.592,0.503,0.371,0.326,0.324,0.315,0.292,0.325,0.304,0.337,0.304,0.291,0.331,0.284,0.322,0.301,0.341,0.293,0.333,0.282,0.32,0.298,0.337,0.342,0.388,5.56,6.88,6.76,7.04,1.92,2.05,1.92,1.95,5.19,-0.345,-0.362,7.421157407,-2.825940098,7.421157407,0.256581633,0.579498264,139.199,132.143,139.0217608,47,0,0,0,0,0,-666,-666,-666,10.69465113,-1.76681816,0,-2.246131994,5.55E-17,-2.171490234,1.915044146,-1.833199382,3.288806511,411.4317287,12.6712084,11.31649658,5.132993162,7.148553027,5.612372436,2.520620726,1.260310363,1.668558654,0.681186218,0.885310363,0.340593109,0.442655182,0.31,2020.170249,2.416817219,3.47144723,2.183451937,69.95766886,0,0,0,0,0,68.87150282,0,0,0,0,0,0,0,0,14.33217285,12.62878915,0,0,0,0,7.037952459,34.87258837,0,0,0,0,0,12.62878915,7.037952459,4.736862954,0,9.595309893,34.87258837,0,0,0,-666,37.00540431,0,0,4.905136514,0,0,0,0,0,17.3656521,9.595309893,54.56371126,4.659227135,-0.256581633,0,0,-0.607777778,-2.115972222,0,0,-2.825940098,0.142857143,9,0,1,0,0,0,0,0,0,1,0,2,-666,0,0,0,-666,2.1679,39.906,0,0,0,0,0,0,0,0,0,0,0,0,0,0,0,0,0,0,0,0,0,0,0,0,0,0,4,0,0,0,0,0,0,0,0,0,-666,0,0,0,0,1,0,0,0,0,0,0,0,0,0,0,0,0,-666,1,0,0,0,0,0,0,0,0,0,0,0,0,0,0,0,0,0,0,0,0,0,0,0,0,0,0,0,-666,0,0,100,16,32.06,2.07710403,19.4,6,2.58,2.07,307,17.2,-0.362100004,-0.360090747,S,6,0,0,2.55,0,0,6,2.55,0.655,25.302
85,_4-methylbenzenesulfonamido_methyl,2.492 ,1.920 ,2.021 ,2.399 ,2.599 ,2.414 ,2.041 ,1.942 ,0.641,0.579,0.45,0.496,0.524,0.501,0.425,0.498,0.406,0.517,0.656,0.504,0.531,0.503,0.529,0.479,0.517,0.506,0.533,0.508,0.532,0.484,0.519,0.445,0.495,2.04,2.33,2.31,2.37,1.01,0.97,0.97,0.9,2.02,-0.295,-0.42,12.01100435,-5.017546296,12.01100435,0.590967026,0.746780914,184.24,174.16,184.0432246,65,0,0,0,0,0,-666,-666,-666,10.90344577,-0.243526087,-3.99E-17,-2.345986178,-3.01E-18,-2.433603759,0.7764,-0.946555882,3.736514594,686.2053111,17.61880215,15.67195847,6.488455048,9.740810621,7.640852058,4.133701791,1.770477578,3.311432734,0.980194978,1.940584934,0.475651463,0.926954388,0.23,24914.61667,3.121095404,3.958771808,2.356787724,86.63760529,0,0,0,0,0,85.44307224,0,0,0,0,0,0,0,0,22.16646607,10.02329115,0,4.715119614,0,6.851892117,0,41.68630329,0,0,4.715119614,0,0,0,8.417796984,10.02329115,6.999775261,19.18871912,34.68652803,1.411842078,0,0,-666,63.27660617,8.417796984,0,0,0,0,0,0,0,0,13.74866908,96.03736139,0,-1.261574074,0,-0.945434618,0,-4.509053288,0,-4.470419777,-5.017546296,0.125,12,1,3,0,0,0,0,0,0,-666,1,4,-666,0,0,0,-666,1.09739,48.3925,0,0,0,0,0,0,0,0,0,0,0,0,0,0,0,0,1,0,0,0,-666,0,0,0,0,0,5,0,0,0,0,0,0,0,0,0,-666,0,0,0,0,0,0,0,0,0,0,0,0,0,0,0,0,0,-666,0,0,0,0,0,0,0,0,0,0,0,0,0,0,0,0,0,0,0,0,0,1,0,0,0,0,0,0,-666,0,0,70,6,12.011,1.262119,11.3,4,2.55,2.2,362.1,18.2,-0.418300534,-0.30173107,C,7,1,1,3.04,2.1,2.1,9,7.24,0.944,29.259
86,_4-methylbenzenesulfonyl_oxidanyl,14.198 ,9.034 ,9.192 ,12.187 ,14.874 ,11.926 ,10.356 ,9.525 ,0.338,0.275,0.062,0.106,0.003,0.08,0.079,0.098,0.091,0.065,0.066,0.062,0.06,0.136,0.14,0.052,0.045,0.053,0.048,0.141,0.146,0.063,0.058,0.084,0.081,9.36,11.12,10.97,11.32,3.83,4.19,3.8,3.95,9.18,-0.107,-0.108,10.83711546,-5.220092593,10.83711546,0.91212963,0.621507963,171.197,164.141,171.0115901,59,0,0,0,0,0,-666,-666,-666,12.15652477,-0.243466227,2.05E-18,-2.344120574,0.048116946,-2.192703048,1.683339287,-0.9465534,3.663855281,438.2480223,14.46410162,12.13299316,5.949489743,7.886751346,5.954124145,3.862372436,1.65824829,2.974744871,0.852062073,1.556186218,0.426031036,0.778093109,0.23,3673.145375,3.536369908,3.308582712,2.630499748,76.7579666,0,0,0,0,0,75.66267738,0,0,0,0,0,0,0,0,23.25355951,10.87069772,0,0,0,6.851892117,0,34.68652803,0,0,0,0,0,10.87069772,0,13.65824962,0,16.44720201,34.68652803,0,0,0,-666,52.40911787,13.65824962,0,0,0,0,0,0,0,0,9.595309893,83.02028156,0,-1.34212963,0,-0.91212963,0,-4.439722222,0,-2.939540816,-5.220092593,0.142857143,11,0,3,0,0,0,0,0,0,0,0,4,-666,0,0,0,-666,2.2275,40.6305,0,0,0,0,0,0,0,0,0,0,0,0,0,0,0,0,0,0,0,0,0,0,0,0,0,0,5,0,0,0,0,0,0,0,0,0,-666,0,0,0,0,0,0,0,0,0,0,0,0,0,0,0,0,0,-666,0,0,0,0,0,0,0,0,0,0,0,0,0,0,0,0,0,0,0,0,0,0,0,0,0,0,0,0,-666,0,0,60,8,15.999,1.4611135,5.3,6,3.44,0.001308,330.4,18,-0.439045703,-0.418411421,O,16,0,0,2.58,0,0,16,2.58,0.305,39.675
87,_4-methylphenyl_methyl,4.080 ,2.923 ,3.032 ,4.110 ,4.295 ,4.189 ,3.332 ,3.172 ,0.524,0.411,0.317,0.351,0.346,0.354,0.291,0.352,0.28,0.363,0.518,0.336,0.373,0.336,0.372,0.321,0.362,0.337,0.373,0.339,0.374,0.324,0.364,0.306,0.35,2.83,3.38,3.34,3.45,1.11,1.18,1.09,1.09,3.03,-0.21,-0.311,7.491782407,-2.761394558,7.491782407,0.492592593,0.474057492,105.16,96.088,105.0704253,41,0,0,0,0,0,-666,-666,-666,1.85E-32,-0.243517629,-0.014835632,-2.344834264,-3.21E-17,-2.197563844,0,-0.9465462,3.585426683,434.4024318,13.54145188,13,4,7.586110083,6.5,2,1.25,1.25,0.625,0.625,0.3125,0.3125,0,2886.987268,1.356401384,2.52,1.5,62.86394008,0,0,0,0,0,61.41905565,0,0,0,0,0,0,0,0,12.33682701,0,0,0,0,6.851892117,0,42.23033652,0,0,0,0,0,0,0,0,6.875840478,19.18871912,35.35449604,0,0,0,0,49.08222864,0,0,0,0,0,0,0,0,0,12.33682701,65.51617063,0,0,0,-1.175462963,0,-2.786805556,0,-3.63723545,0,0.125,8,0,0,0,0,0,0,0,0,0,0,0,-666,0,0,0,-666,2.26299,36.337,0,0,0,0,0,0,0,0,0,0,0,0,0,0,0,0,0,0,0,0,0,0,0,0,0,0,6,0,0,0,0,0,0,0,0,0,-666,0,0,0,0,0,0,0,0,0,0,0,0,0,0,0,0,0,-666,0,0,0,0,0,0,0,0,0,0,0,0,0,0,0,0,0,0,0,0,0,0,0,0,0,0,0,0,-666,0,0,70,6,12.011,1.262119,11.3,4,2.55,2.2,288.6,16.3,-0.399243028,-0.316505991,C,6,1,1,2.55,2.1,2.1,8,6.75,0.773,28.859
88,_4-methylphenyl_oxidanyl,7.770 ,4.998 ,5.108 ,6.609 ,8.199 ,6.538 ,5.557 ,5.156 ,0.261,0.196,0.205,0.17,0.159,0.163,0.14,0.167,0.14,0.178,0.128,0.142,0.17,0.192,0.206,0.146,0.172,0.138,0.165,0.192,0.206,0.15,0.177,0.176,0.201,5.08,6.06,5.97,6.17,2.01,2.13,1.99,1.99,5.1,-0.172,-0.195,11.09068972,-2.756481481,11.09068972,0.711018519,0.455354836,107.132,100.076,107.0496898,41,0,0,0,0,0,-666,-666,-666,10.22759234,-1.463084091,0,-2.356264755,2.08E-17,-2.296452981,1.074260595,-1.568187068,3.348221746,347.2901641,11.96410162,10.90824829,3.90824829,6.675426481,5.454124145,1.954124145,1.204124145,1.204124145,0.602062073,0.602062073,0.301031036,0.301031036,-0.04,1235.837423,1.722932883,2.492201094,1.47805616,58.5401821,0,0,0,0,0,57.15117717,0,0,0,0,0,0,0,0,14.38984708,5.783244946,0,0,0,6.851892117,0,30.12619303,0,0,0,0,0,0,5.783244946,4.794537184,5.917906046,16.44720201,24.20828698,0,0,0,-666,42.76133009,4.794537184,0,0,0,0,0,0,0,0,9.595309893,49.98398621,0,11.09068972,0,0,-1.796203704,-3.271990741,0,-2.756481481,0,0.142857143,8,0,1,0,0,0,0,0,0,1,0,1,-666,0,0,0,-666,1.27589,32.204,0,0,0,0,0,0,0,0,0,0,1,1,0,0,0,0,0,0,0,0,0,0,0,0,0,0,4,0,0,0,0,0,0,0,0,0,-666,0,0,0,0,0,0,0,0,0,0,0,0,0,0,1,0,0,-666,0,0,0,0,0,0,0,0,0,0,0,0,0,0,0,0,0,0,0,0,0,0,0,0,0,0,0,0,-666,0,0,60,8,15.999,1.4611135,5.3,6,3.44,0.001308,275.4,16.1,-0.386646545,-0.368374909,O,6,0,0,2.55,0,0,6,2.55,0.339,30.616
89,_4-methylphenyl_sulfanyl,6.921 ,5.335 ,5.409 ,6.963 ,7.224 ,7.075 ,5.825 ,5.581 ,0.625,0.53,0.397,0.349,0.35,0.34,0.311,0.348,0.321,0.358,0.322,0.301,0.351,0.301,0.351,0.31,0.36,0.3,0.35,0.299,0.349,0.309,0.358,0.359,0.416,5.72,6.99,6.88,7.14,2.09,2.22,2.09,2.11,5.4,-0.365,-0.389,7.411782407,-2.663888889,7.411782407,0.251851852,0.497039662,123.2,116.144,123.0268462,41,0,0,0,0,0,-666,-666,-666,10.28013438,-1.463008093,-2.78E-17,-2.310598154,5.55E-17,-2.197910857,1.437023171,-1.565088433,3.538044723,392.5422131,11.96410162,10.90824829,4.724744871,6.675426481,5.454124145,2.362372436,1.204124145,1.612372436,0.602062073,0.806186218,0.301031036,0.403093109,0.35,1235.837423,1.914451612,2.766649163,1.696682536,64.84412363,0,0,0,0,0,63.76251919,0,0,0,0,0,0,0,0,9.595309893,12.62878915,0,0,0,6.851892117,0,34.68652803,0,0,0,0,0,12.62878915,0,0,0,16.44720201,34.68652803,0,0,0,0,36.63328363,0,0,4.905136514,0,0,0,0,0,12.62878915,9.595309893,50.87140117,4.653274754,-0.251851852,0,-0.577685185,0,-2.114583333,0,-2.663888889,0,0.142857143,8,0,0,0,0,0,0,0,0,0,0,1,-666,0,0,0,-666,2.5839,38.571,0,0,0,0,0,0,0,0,0,0,0,0,0,0,0,0,0,0,0,0,0,0,0,0,0,0,5,0,0,0,0,0,0,0,0,0,-666,0,0,0,0,0,0,0,0,0,0,0,0,0,0,0,0,0,-666,0,0,0,0,0,0,0,0,0,0,0,0,0,0,0,0,0,0,0,0,0,0,0,0,0,0,0,0,-666,0,0,100,16,32.06,2.07710403,19.4,6,2.58,2.07,292.4,17.2,-0.368214514,-0.366706079,S,6,0,0,2.55,0,0,6,2.55,0.708,25.288
90,_4-nitrophenyl_methyl,6.604 ,4.706 ,4.966 ,6.122 ,6.928 ,6.152 ,5.141 ,4.859 ,0.404,0.296,0.326,0.349,0.363,0.36,0.283,0.351,0.266,0.373,0.523,0.324,0.382,0.316,0.374,0.312,0.374,0.326,0.384,0.317,0.376,0.313,0.374,0.293,0.357,4.87,5.76,5.69,5.86,2.07,2.14,2.02,1.96,4.96,-0.208,-0.313,10.52652872,-1.015782313,10.52652872,0.541111111,0.435872316,136.13,130.082,136.0398534,51,0,0,0,0,0,-666,-666,-666,11.84534323,-1.053732464,1.48E-17,-2.263073426,0.071868309,-2.121326097,2.834694324,-1.194238592,3.626652218,488.251553,12.61880215,10.76371018,4.763710176,7.28546882,5.338755169,2.338755169,1.480716583,1.480716583,0.794377585,0.794377585,0.397188792,0.397188792,-0.12,2268.422146,3.089455044,3.323790749,1.936083848,66.33365974,0,0,0,0,0,65.01304951,0,0,0,0,0,0,0,0,8.224551337,0,0,0,4.620096379,0,0,52.16840179,0,0,0,0,0,0,0,0,16.68997097,8.224551337,40.09852721,0,0,0,-666,46.97436768,9.814130488,0,0,0,0,0,0,0,0,8.224551337,42.19333333,0,21.05305745,0,-1.485555556,0,-3.183888889,0,-0.910279667,0,0,10,0,3,0,0,0,0,0,0,2,0,3,-666,0,0,0,-666,2.00049,39.825,0,0,0,0,0,0,0,0,0,0,0,0,0,0,0,1,0,0,0,0,-666,0,0,0,0,0,5,0,0,0,0,0,0,0,0,0,-666,0,0,0,0,0,0,0,0,0,0,0,0,0,0,0,0,0,-666,0,0,0,1,0,0,2,0,0,0,0,0,0,0,0,0,0,0,0,0,0,0,0,0,0,0,0,0,-666,0,0,70,6,12.011,1.262119,11.3,4,2.55,2.2,299.9,16.7,-0.431967383,-0.371289057,C,6,1,1,2.55,2.1,2.1,8,6.75,0.696,28.987
91,_4-nitrophenyl_oxidanyl,10.617 ,7.073 ,7.324 ,8.996 ,11.125 ,8.873 ,7.774 ,7.250 ,0.249,0.182,0.211,0.179,0.171,0.174,0.146,0.176,0.145,0.188,0.139,0.148,0.181,0.192,0.214,0.153,0.184,0.145,0.178,0.192,0.214,0.155,0.188,0.178,0.209,7.41,8.67,8.57,8.82,3.23,3.38,3.17,3.15,7.31,-0.173,-0.199,10.94740741,-1.133703704,10.94740741,0.915740741,0.390997596,138.102,134.07,138.019118,51,0,0,0,0,0,-666,-666,-666,13.45410268,-1.053795186,0.606091528,-2.22574169,0.699487044,-2.24575843,3.669710525,-1.257695517,3.39878925,398.3575708,11.04145188,8.671958467,4.671958467,6.374785218,4.292879315,2.292879315,1.434840728,1.434840728,0.771439657,0.771439657,0.385719829,0.385719829,-0.16,971.5503878,4.014462896,3.295750624,1.914944034,62.00990175,0,0,0,0,0,60.74517103,0,0,0,0,0,0,0,0,10.27757141,5.783244946,0,0,4.620096379,0,0,40.0642583,0,0,0,0,0,0,5.783244946,4.794537184,15.85597132,5.483034225,28.82838336,0,0,0,-666,40.65346914,14.60866767,0,0,0,0,0,0,0,0,5.483034225,27.11759259,0,31.65777778,0,0,-1.133703704,-4.641666667,0,0,0,0,10,0,4,0,0,0,0,0,0,3,0,4,-666,0,0,0,-666,1.01339,35.692,0,0,0,0,0,0,0,0,0,0,1,1,0,0,0,1,0,0,0,0,-666,0,0,0,0,0,2,0,0,0,0,0,0,0,0,0,-666,0,0,0,0,0,0,0,0,0,0,0,0,0,0,1,0,0,-666,0,0,0,1,0,0,2,0,0,0,0,0,0,0,0,0,0,0,0,0,0,0,0,0,0,0,0,0,-666,0,0,60,8,15.999,1.4611135,5.3,6,3.44,0.001308,287.3,16.6,-0.432784662,-0.424380754,O,6,0,0,2.55,0,0,6,2.55,0.365,30.726
92,_4-nitrophenyl_sulfanyl,6.340 ,7.911 ,8.544 ,6.288 ,6.461 ,6.324 ,5.795 ,5.664 ,0.778,0.685,0.691,0.187,0.745,0.201,0.174,0.192,0.167,0.753,0.611,0.578,0.754,0.576,0.752,0.572,0.748,0.579,0.755,0.577,0.753,0.573,0.749,0.607,0.784,8.84,10.85,10.67,11.09,3.35,3.35,3.27,2.97,8.53,-0.244,-0.248,10.4232124,-0.948888889,10.4232124,0.30037037,0.459125378,154.17,150.138,153.9962744,51,0,0,0,0,0,-666,-666,-666,13.70983334,-1.037789902,0.640927011,-2.202100016,0.81019196,-2.125122486,3.770520156,-1.15405873,3.60900333,446.9421878,11.04145188,8.671958467,5.488455048,6.374785218,4.292879315,2.701127605,1.434840728,1.843089019,0.771439657,0.975563803,0.385719829,0.487781901,0.23,971.5503878,4.303970001,3.571755179,2.124548401,68.31384329,0,0,0,0,0,67.35651305,0,0,0,0,0,0,0,0,5.483034225,12.62878915,0,0,4.620096379,0,0,44.6245933,0,0,0,0,0,12.62878915,0,0,9.814130488,5.483034225,39.43055919,0,0,0,-666,34.52542268,9.814130488,0,4.905136514,0,0,0,0,0,12.62878915,5.483034225,27.89351852,4.578019652,20.54605442,0,-0.839259259,0,-2.511666667,0,0,0,0,10,0,3,0,0,0,0,0,0,2,0,4,-666,0,0,0,-666,2.3214,42.059,0,0,0,0,0,0,0,0,0,0,0,0,0,0,0,1,0,0,0,0,-666,0,0,0,0,0,4,0,0,0,0,0,0,0,0,0,-666,0,0,0,0,0,0,0,0,0,0,0,0,0,0,0,0,0,-666,0,0,0,1,0,0,2,0,0,0,0,0,0,0,0,0,0,0,0,0,0,0,0,0,0,0,0,0,-666,0,0,100,16,32.06,2.07710403,19.4,6,2.58,2.07,304,17.6,-0.40870163,-0.408210512,S,6,0,0,2.55,0,0,6,2.55,0.992,25.333
93,_4-tert-butylphenyl_methyl,4.096 ,2.933 ,3.034 ,4.125 ,4.312 ,4.205 ,3.348 ,3.189 ,0.525,0.412,0.308,0.35,0.347,0.354,0.292,0.352,0.28,0.363,0.521,0.338,0.374,0.337,0.374,0.321,0.362,0.339,0.375,0.34,0.376,0.325,0.365,0.307,0.35,2.84,3.39,3.35,3.46,1.14,1.22,1.12,1.11,3.03,-0.206,-0.301,7.941782407,-3.746061272,7.941782407,0.792337491,0.528464621,147.241,132.121,147.1173755,59,0,0,0,0,0,-666,-666,-666,2.70E-16,-1.841605212,-1.22E-16,-2.635779397,-7.01E-17,-2.547312434,2.11E-16,-2.041676544,4.211551375,641.8127724,21.04145188,20.5,5.5,11.33611008,10.25,2.75,2,2,1,1,0.5,0.5,0,103414.2931,1.627218935,3.1640625,2.5,90.38858942,0,0,0,0,0,88.76238169,0,0,0,0,0,0,0,0,20.56137834,0,0,0,5.414990469,20.55567635,0,42.23033652,0,0,0,0,0,0,0,0,12.29083095,41.11705469,35.35449604,0,0,0,0,68.20100334,0,0,0,0,0,0,0,0,0,20.56137834,114.3661742,0,0,0,-5.799102419,0,-4.547222222,0,-12.35318287,0,0.363636364,11,0,0,0,0,0,0,0,0,0,0,0,-666,0,0,0,-666,3.28919,50.118,0,0,0,0,0,0,0,0,0,0,0,0,0,0,0,0,0,0,0,0,0,0,0,0,0,0,6,0,0,0,0,0,0,0,0,0,-666,0,0,0,0,0,0,0,0,0,0,0,0,0,0,0,0,0,-666,0,0,0,0,0,0,0,0,0,0,0,0,0,0,0,0,0,0,0,0,0,0,0,0,0,0,0,0,-666,0,0,70,6,12.011,1.262119,11.3,4,2.55,2.2,353.9,17.1,-0.396931346,-0.315779095,C,6,1,1,2.55,2.1,2.1,8,6.75,0.772,28.817
94,_4-tert-butylphenyl_oxidanyl,7.839 ,5.036 ,5.135 ,6.663 ,8.271 ,6.590 ,5.611 ,5.208 ,0.262,0.196,0.194,0.167,0.158,0.16,0.137,0.164,0.137,0.176,0.126,0.141,0.169,0.19,0.205,0.144,0.17,0.136,0.164,0.19,0.205,0.148,0.175,0.173,0.199,5.12,6.11,6.02,6.22,2.05,2.18,2.03,2.03,5.12,-0.161,-0.183,11.60153156,-3.737717309,11.60153156,1.228587963,0.516189801,149.213,136.109,149.09664,59,0,0,0,0,0,-666,-666,-666,1.601934704,-1.841606342,-6.10E-17,-2.640298954,-6.92E-17,-2.616400055,3.42E-16,-2.10882537,4.04108352,550.0952462,19.46410162,18.40824829,5.40824829,10.42542648,9.204124145,2.704124145,1.954124145,1.954124145,0.977062073,0.977062073,0.488531036,0.488531036,-0.04,44520.68556,1.893893718,3.139132041,2.477534438,86.06483144,0,0,0,0,0,84.49450321,0,0,0,0,0,0,0,0,22.61439841,5.783244946,0,0,5.414990469,20.55567635,0,30.12619303,0,0,0,0,0,0,5.783244946,4.794537184,11.33289652,38.37553758,24.20828698,0,0,0,-666,61.8801048,4.794537184,0,0,0,0,0,0,0,0,17.81986123,98.05895786,0,11.60153156,0,-3.693981481,-2.720948602,-5.032407407,0,-11.21315193,0,0.4,11,0,1,0,0,0,0,0,0,1,0,1,-666,0,0,0,-666,2.30209,45.985,0,0,0,0,0,0,0,0,0,0,1,1,0,0,0,0,0,0,0,0,0,0,0,0,0,0,4,0,0,0,0,0,0,0,0,0,-666,0,0,0,0,0,0,0,0,0,0,0,0,0,0,1,0,0,-666,0,0,0,0,0,0,0,0,0,0,0,0,0,0,0,0,0,0,0,0,0,0,0,0,0,0,0,0,-666,0,0,60,8,15.999,1.4611135,5.3,6,3.44,0.001308,341,17,-0.383710281,-0.366448785,O,6,0,0,2.55,0,0,6,2.55,0.341,30.573
95,_4-tert-butylphenyl_sulfanyl,6.939 ,5.352 ,5.421 ,6.980 ,7.242 ,7.093 ,5.846 ,5.603 ,0.626,0.532,0.379,0.344,0.348,0.336,0.308,0.343,0.317,0.356,0.321,0.3,0.35,0.301,0.35,0.308,0.357,0.3,0.35,0.299,0.349,0.307,0.356,0.356,0.413,5.74,7.01,6.9,7.16,2.11,2.24,2.11,2.14,5.41,-0.349,-0.369,7.861782407,-3.669690098,7.861782407,0.55159675,0.551314518,165.281,152.177,165.0737964,59,0,0,0,0,0,-666,-666,-666,1.60194635,-1.84160441,-1.56E-16,-2.630301261,-2.48E-16,-2.546733964,0.894275272,-2.0416762,4.178358954,597.5853643,19.46410162,18.40824829,6.224744871,10.42542648,9.204124145,3.112372436,1.954124145,2.362372436,0.977062073,1.181186218,0.488531036,0.590593109,0.35,44520.68556,2.050589031,3.384761384,2.699465533,92.36877297,0,0,0,0,0,91.10584523,0,0,0,0,0,0,0,0,17.81986123,12.62878915,0,0,5.414990469,20.55567635,0,34.68652803,0,0,0,0,0,12.62878915,0,0,5.414990469,38.37553758,34.68652803,0,0,0,0,60.65719485,0,0,0,0,0,0,0,0,0,30.44865038,99.21104119,4.695366591,-0.55159675,0,-4.804074074,0,-3.875,0,-11.00907029,0,0.4,11,0,0,0,0,0,0,0,0,0,0,1,-666,0,0,0,-666,3.6101,52.352,0,0,0,0,0,0,0,0,0,0,0,0,0,0,0,0,0,0,0,0,0,0,0,0,0,0,5,0,0,0,0,0,0,0,0,0,-666,0,0,0,0,0,0,0,0,0,0,0,0,0,0,0,0,0,-666,0,0,0,0,0,0,0,0,0,0,0,0,0,0,0,0,0,0,0,0,0,0,0,0,0,0,0,0,-666,0,0,100,16,32.06,2.07710403,19.4,6,2.58,2.07,357.7,17.7,-0.366780059,-0.365299933,S,6,0,0,2.55,0,0,6,2.55,0.709,25.278
96,"_5R_-3,4,5-tris_acetyloxy_-6-__acetyloxy_methyl_oxan-2-yl",2.396 ,1.709 ,1.789 ,2.155 ,2.488 ,2.124 ,1.904 ,1.789 ,0.679,0.717,0.45,0.477,0.501,0.479,0.423,0.477,0.413,0.495,0.58,0.488,0.502,0.467,0.503,0.467,0.489,0.488,0.5,0.469,0.504,0.474,0.495,0.444,0.48,1.87,2.12,2.1,2.15,0.99,1,0.94,0.93,1.79,-0.327,-0.427,12.36728911,-4.979924414,12.36728911,2.356428571,0.503037907,331.297,312.145,331.1029072,129,0,0,0,0,0,-666,-666,-666,10.94738283,-0.245936542,-3.41E-17,-2.675362908,-6.24E-17,-2.859308019,2.29E-16,-0.947655501,4.275152424,1111.212853,33.92228525,29.67423461,10.67423461,18.13913542,14.60773803,5.107738033,3.180761004,3.180761004,1.685182799,1.685182799,1.086856918,1.086856918,-0.36,79643983.92,6.114620299,9.819720361,7.37612468,159.3859214,0,0,0,0,0,157.6536566,0,0,0,0,0,0,0,0,68.90687607,23.87722115,0,0,0,51.72764058,6.558985243,6.582933604,0,0,0,0,0,0,54.7562785,42.86246351,6.582933604,53.45198104,0,0,0,0,-666,88.74678058,19.17814874,0,0,0,0,0,0,0,23.68431477,26.04441257,163.8324484,0,48.82035436,0,0,-10.55142735,0,-19.20058662,-22.81745548,0,0.642857143,23,0,9,0,0,0,0,0,0,9,0,9,-666,0,0,0,-666,-0.09481,72.468,0,0,0,0,0,0,0,0,0,0,4,4,0,0,0,0,0,0,0,0,0,0,0,0,0,0,0,0,0,0,0,0,0,0,0,0,-666,0,0,0,4,5,0,0,0,0,0,0,0,0,0,0,0,0,-666,0,0,0,0,0,0,0,0,0,0,0,0,0,0,0,0,0,0,0,0,0,0,0,0,0,0,0,0,-666,0,0,70,6,12.011,1.262119,11.3,4,2.55,2.2,567.3,17.7,-0.428610107,-0.325712404,C,8,6,1,3.44,2.55,2.1,15,8.09,0.902,50.363
97,_6-sulfanylhexyl_sulfanyl,4.833 ,4.186 ,4.319 ,4.850 ,4.957 ,4.897 ,4.345 ,4.228 ,0.874,0.767,0.5,0.396,0.733,0.425,0.373,0.394,0.345,0.73,0.652,0.636,0.744,0.636,0.744,0.637,0.745,0.636,0.744,0.636,0.743,0.636,0.744,0.686,0.795,4.75,5.49,5.43,5.57,2.01,2.14,2,2.11,4.32,-0.346,-0.393,7.553287037,-3.812291667,7.553287037,0.445437217,0.450743618,149.304,136.2,149.0458674,49,0,0,0,0,0,-666,-666,-666,-2.21E-17,-0.191958155,-0.063374002,-2.654137466,-1.67E-16,-2.549320764,-2.20E-16,-1.099898875,6.137022423,382.6129486,17.70710678,16.81649658,5.449489743,8.810660172,8.066496581,2.474744871,0.704124145,1.112372436,0.289562073,0.493686218,0.113531036,0.215593109,0.7,8054.015255,1.203815725,7.7,6.7,80.8196073,0,0,0,0,0,79.63600041,0,0,0,0,0,0,0,0,16.44910267,25.16148519,1.123799173,0,0,25.49169961,11.40991377,0,0,0,0,0,0,25.16148519,12.53371294,0,0,41.94080228,0,0,0,0,0,49.43430941,0,0,0,0,0,0,0,0,12.62878915,17.57290185,95.61804785,3.730465115,0,0,-6.463440689,0,0,-14.88507228,0,0,1,8,0,0,0,0,0,0,0,0,1,1,2,-666,0,0,0,-666,2.6741,44.779,0,0,0,0,0,0,0,0,0,0,0,0,0,0,0,0,0,0,0,0,0,0,1,0,0,0,0,0,0,0,0,0,0,0,0,0,-666,0,0,0,0,0,0,0,0,0,0,0,0,0,0,0,0,0,-666,0,0,0,0,0,0,0,0,0,0,0,0,0,0,0,0,0,0,0,0,0,0,0,0,0,0,0,0,-666,0,0,100,16,32.06,2.07710403,19.4,6,2.58,2.07,362.4,16.4,-0.376662864,-0.376242262,S,6,0,0,2.55,0,0,6,2.55,0.971,21.502
98,_acetyloxy_methyl,2.541 ,1.873 ,1.995 ,2.315 ,2.645 ,2.289 ,2.005 ,1.880 ,0.766,0.68,0.555,0.584,0.619,0.591,0.483,0.586,0.461,0.61,0.752,0.569,0.62,0.562,0.618,0.545,0.608,0.567,0.619,0.565,0.619,0.553,0.612,0.519,0.594,2,2.3,2.27,2.33,0.93,0.9,0.88,0.87,1.99,-0.357,-0.531,10.22944444,-2.881597222,10.22944444,1.165625,0.386370483,73.071,68.031,73.0289544,29,0,0,0,0,0,-666,-666,-666,4.44E-16,-0.243483805,-2.08E-17,-2.173536561,-1.81E-17,-2.213791758,-1.21E-34,-0.928589699,3.867280781,127.344978,8.36180732,7.316496581,2.316496581,4.337222523,3.362372436,0.862372436,0.389519551,0.389519551,0.092697703,0.092697703,0,0,-0.08,76.9035911,0.950183595,2.175102041,3.92,37.76905509,0,0,0,0,0,36.26829114,0,0,0,0,0,0,0,0,16.38519292,5.969305288,0,0,0,6.851892117,0,7.06190082,0,0,0,0,0,0,5.969305288,9.531400138,7.06190082,13.7056849,0,0,0,0,-666,19.88309822,4.794537184,0,0,0,0,0,0,0,4.736862954,6.853792781,35.44972222,0,10.22944444,0,0,-1.548611111,0,0,-2.881597222,-1.165625,0.333333333,5,0,2,0,0,0,0,0,0,2,0,2,-666,0,0,0,-666,0.34109,17.123,0,0,0,0,0,0,0,0,0,0,1,1,0,0,0,0,0,0,0,0,0,0,0,0,0,0,0,0,0,0,0,0,0,0,0,0,-666,0,0,0,1,1,0,0,0,0,0,0,0,0,0,0,0,0,-666,0,0,0,0,0,0,0,0,0,0,0,0,0,0,0,0,0,0,0,0,0,0,0,0,0,0,0,0,-666,0,0,70,6,12.011,1.262119,11.3,4,2.55,2.2,223.9,13.3,-0.42867737,-0.330448686,C,8,1,1,3.44,2.1,2.1,10,7.64,0.995,23.762
99,_adamantan-1-yl_sulfanyl,5.000 ,4.253 ,4.344 ,5.019 ,5.137 ,5.070 ,4.469 ,4.342 ,0.851,0.772,0.587,0.468,0.594,0.483,0.413,0.471,0.409,0.604,0.515,0.486,0.609,0.486,0.609,0.481,0.605,0.486,0.61,0.486,0.61,0.482,0.606,0.547,0.672,4.74,5.51,5.45,5.6,2.08,2.16,2.06,2.11,4.34,-0.422,-0.486,8.393958333,-3.788333333,8.393958333,3.457291667,0.519673979,167.297,152.177,167.0894465,61,0,0,0,0,0,-666,-666,-666,-4.51E-16,-0.169670645,-2.17E-16,-2.988557673,-3.85E-16,-2.910525092,-1.38E-16,-1.190592207,2.708428934,512.1179142,21,20.40824829,6.224744871,11,10.70412415,3.612372436,2.556186218,3.168558654,1.653093109,1.959279327,1.278093109,1.584279327,0.35,135824.2885,1.512761401,1.985033374,0.96471413,95.23586076,0,0,0,0,0,93.85661241,0,0,0,0,0,0,0,0,20.56137834,12.62878915,0,0,17.68187306,42.98457186,0,0,0,0,0,0,0,12.62878915,4.747022453,0,17.68187306,58.79892775,0,0,0,0,0,60.66644492,0,0,0,0,0,0,0,0,0,33.19016749,119.7968056,4.937291667,0,0,0,-11.121875,0,-22.44555556,0,0,1,11,0,0,0,0,0,0,0,0,0,0,1,-666,0,0,0,-666,3.1527,48.494,0,0,0,0,0,0,0,0,0,0,0,0,0,0,0,0,0,0,0,0,0,0,0,0,0,0,0,0,0,0,0,0,0,0,0,0,-666,0,0,0,0,0,0,0,0,0,0,0,0,0,0,0,0,0,-666,0,0,0,0,0,0,0,0,0,0,0,0,0,0,0,0,0,0,0,0,0,0,0,0,0,0,0,0,-666,0,0,100,16,32.06,2.07710403,19.4,6,2.58,2.07,326.2,17.2,-0.369925912,-0.369743217,S,6,0,0,2.55,0,0,6,2.55,0.953,30.269
100,_benzenesulfinyl_oxidanyl,6.515 ,4.492 ,4.619 ,5.513 ,6.743 ,5.401 ,4.962 ,4.648 ,0.207,0.201,0.195,0.171,0.182,0.173,0.164,0.167,0.159,0.187,0.161,0.174,0.18,0.203,0.199,0.174,0.18,0.17,0.176,0.204,0.199,0.178,0.183,0.191,0.197,4.92,5.68,5.62,5.76,2.18,2.34,2.14,2.2,4.61,-0.178,-0.185,10.59044596,-2.829259259,10.59044596,0.602592593,0.573578848,141.171,136.131,141.0010254,47,0,0,0,0,0,-666,-666,-666,12.93329228,-0.094126162,0.517515962,-2.232158175,0.569405959,-2.049338672,2.507789802,-0.450610575,3.448068054,364.9083785,11.04145188,9.224744871,5.041241452,6.374785218,4.537457479,3.112372436,1.188832194,2.066496581,0.643728739,1.181186218,0.32186437,0.590593109,0.27,971.5503878,3.113456534,3.441331416,2.159491335,63.61180249,0,0,0,0,0,62.58151597,0,0,0,0,0,0,0,0,15.95929253,11.4567282,0,0,0,0,0,35.16549524,0,0,0,0,0,11.4567282,0,9.105499747,0,6.853792781,35.16549524,0,0,0,-666,46.62222344,9.105499747,0,0,0,0,0,0,0,0,6.853792781,57.05679012,-2.829259259,-0.698148148,0,0,0,-3.307160494,0,0,0,0,9,0,2,0,0,0,0,0,0,0,0,3,-666,0,0,0,-666,1.9562,35.327,0,0,0,0,0,0,0,0,0,0,0,0,0,0,0,0,0,0,0,0,0,0,0,0,0,0,5,0,0,0,0,0,0,0,0,0,-666,0,0,0,0,0,0,0,0,0,0,0,0,0,0,0,0,0,-666,0,0,0,0,0,0,0,0,0,0,0,0,0,0,0,0,0,0,0,0,0,0,0,0,0,0,0,0,-666,0,0,60,8,15.999,1.4611135,5.3,6,3.44,0.001308,289.3,17.7,-0.436283729,-0.369266267,O,16,0,0,2.58,0,0,16,2.58,0.23,33.395
101,_benzenesulfonyl_methyl,4.932 ,3.952 ,4.136 ,4.689 ,5.077 ,4.681 ,4.187 ,4.009 ,0.749,0.587,0.43,0.415,0.544,0.436,0.338,0.413,0.308,0.547,0.617,0.482,0.564,0.475,0.558,0.451,0.537,0.484,0.565,0.481,0.563,0.457,0.543,0.419,0.512,4.17,4.71,4.67,4.77,2.07,2.15,2.03,2.05,4.13,-0.211,-0.335,11.50942744,-4.648333333,11.50942744,0.726424792,0.611314446,155.198,148.142,155.0166755,53,0,0,0,0,0,-666,-666,-666,12.0171276,-1.464109762,-1.11E-16,-2.239643546,-5.55E-17,-2.192364899,1.56513538,-1.581660388,3.671315301,549.2615093,13.54145188,11.72474487,5.541241452,7.618802154,5.741581624,3.724744871,1.457560933,2.872682799,0.745790812,1.487372436,0.372895406,0.743686218,0.27,3368.479354,2.95900185,3.113456534,2.14647772,70.31445535,0,0,0,0,0,69.22372772,0,0,0,0,0,0,0,0,18.01310688,9.837253136,0,0,0,0,0,41.37336771,0,0,0,0,0,0,8.417796984,9.837253136,6.207872462,9.595309893,35.16549524,0,0,0,-666,51.21062084,8.417796984,0,0,0,0,0,0,0,0,9.595309893,73.01625756,0,-1.038425926,0,0,0,-4.228600718,-1.517564248,0,-4.648333333,0,10,0,2,0,0,0,0,0,0,2,0,3,-666,0,0,0,-666,1.20269,40.6398,0,0,0,0,0,0,0,0,0,0,0,0,0,0,0,0,0,0,0,0,0,0,0,0,0,0,5,0,0,0,0,0,0,0,0,0,-666,0,0,0,0,0,0,0,0,0,0,0,0,0,0,0,0,0,-666,0,0,0,0,0,0,0,0,0,0,0,0,0,0,0,0,0,0,0,0,0,0,1,0,0,0,0,0,-666,0,0,70,6,12.011,1.262119,11.3,4,2.55,2.2,316.5,18.1,-0.414281404,-0.384442709,C,16,1,1,2.58,2.1,2.1,18,6.78,0.984,33.472
102,_bis__methoxycarbonyl_amino_methylidene_aminyl,4.011 ,3.133 ,3.234 ,3.781 ,4.119 ,3.784 ,3.410 ,3.283 ,0.653,0.421,0.457,0.435,0.498,0.444,0.302,0.429,0.284,0.538,0.394,0.384,0.547,0.389,0.546,0.37,0.532,0.385,0.549,0.392,0.549,0.373,0.535,0.362,0.524,3.26,3.64,3.61,3.69,1.62,1.72,1.59,1.6,3.23,-0.223,-0.363,11.01453621,-3.219524754,11.01453621,0.652631803,0.357643104,174.136,166.072,174.0514807,67,0,0,0,0,0,-666,-666,-666,12.07260413,-0.245535215,1.77E-17,-2.293601357,0.146571863,-2.636165836,0.733992521,-0.948373207,4.73172755,369.8969749,16.30096491,13.47463395,5.474633948,8.743688041,6.237206051,2.34277886,1.259545981,1.259545981,0.557194612,0.557194612,0.233942863,0.233942863,-0.28,6844.953411,3.843310687,6.259693841,5.380764831,79.89010678,0,0,0,0,0,78.36188571,0,0,0,0,0,0,0,0,30.11103577,18.14603471,0,16.02891031,0,0,14.07590492,0,0,0,16.02891031,9.589074368,0,0,32.22193963,9.473725908,0,8.224551337,0,2.823684157,0,0,-666,42.84156633,9.589074368,0,0,0,0,0,0,0,9.473725908,16.4575191,60.67059973,0,22.02907242,7.839963152,0,-1.74212963,0,-3.85845616,0,-6.439049509,0.4,12,2,7,0,0,0,0,0,0,-666,2,7,-666,0,0,0,-666,-1.1455,38.2224,0,0,0,0,0,0,0,0,0,0,2,2,0,0,0,1,2,0,0,0,-666,0,0,0,2,0,0,2,0,0,0,0,0,0,0,0,-666,0,0,0,0,2,0,1,0,0,0,0,0,0,0,0,0,0,-666,2,0,0,0,0,0,0,0,0,0,0,0,0,0,0,0,0,0,0,0,0,0,0,0,0,0,0,0,-666,0,0,65,7,14.007,-1.4,7.4,5,3.04,0.001145,358.1,15.8,-0.416048771,-0.391490767,N,6,0,0,2.55,0,0,6,2.55,1.041,35.195
103,_diaminomethylidene_aminyl,3.466 ,2.759 ,2.878 ,3.481 ,3.570 ,3.519 ,3.064 ,2.968 ,0.704,0.496,0.537,0.515,0.531,0.525,0.395,0.515,0.378,0.566,0.431,0.432,0.573,0.432,0.573,0.424,0.566,0.432,0.573,0.433,0.574,0.426,0.567,0.421,0.567,2.8,3.16,3.13,3.2,1.33,1.39,1.29,1.3,2.88,-0.35,-0.497,8.222222222,-1.064814815,8.222222222,0.236111111,0.250994698,58.064,54.032,58.04052213,23,0,0,0,0,0,-666,-666,-666,0,-0.141089235,-1.11E-16,-2.197925105,3.90E-19,-2.681683581,4.34E-18,-0.750307236,3.651233579,79.28421252,6.732050808,5.841640786,1.841640786,3.553418013,2.459674775,0.670820393,0.3,0.3,0,0,0,0,-0.12,39.36806555,0.679891833,1.227222222,101.1022222,29.95649195,0,0,0,0,0,28.45564044,0,0,0,0,0,0,0,0,5.647368313,5.959554569,0,5.409283606,11.43943395,0,0,0,0,0,16.84871756,0,0,0,5.959554569,0,0,0,0,5.647368313,0,0,-666,5.959554569,0,0,11.43943395,0,0,0,0,0,0,11.05665192,24.98148148,0,0,8.222222222,-0.472222222,-1.064814815,0,0,0,0,0,4,4,3,0,0,0,0,0,0,-666,2,3,-666,0,0,0,-666,-1.9401,15.5158,0,0,0,0,0,0,0,0,0,0,0,0,0,0,0,1,0,2,0,0,-666,0,0,0,0,0,0,0,0,0,0,0,0,0,0,0,-666,0,0,0,0,0,0,1,0,0,0,0,0,0,0,0,0,0,-666,0,0,0,0,0,0,0,0,0,0,0,0,0,0,0,0,0,0,0,0,0,0,0,0,0,0,0,0,-666,0,0,65,7,14.007,-1.4,7.4,5,3.04,0.001145,195.4,12.8,-0.390210222,-0.369185395,N,6,0,0,2.55,0,0,6,2.55,1.023,27.227
104,_diethoxyphosphoryl__methyl_aminyl,5.026 ,3.827 ,3.939 ,4.674 ,5.170 ,4.637 ,4.219 ,4.019 ,0.686,0.524,0.366,0.352,0.391,0.345,0.28,0.337,0.27,0.438,0.293,0.357,0.43,0.357,0.434,0.347,0.419,0.358,0.43,0.358,0.436,0.349,0.422,0.338,0.415,3.97,4.45,4.41,4.51,1.98,2.14,1.94,1.99,3.93,-0.217,-0.284,12.20229167,-5.684328704,12.20229167,2.469305556,0.579798407,166.137,153.033,166.0633049,61,0,0,0,0,0,-666,-666,-666,4.29E-18,-0.249073853,-4.17E-16,-2.455775772,-1.12E-16,-2.448911302,7.35E-18,-1.055627897,5.75553238,431.7011246,19.12132034,17.61917206,5.513599253,9.621320344,8.379577646,3.375022761,0.955254103,2.457514019,0.444482437,1.33344731,0.174819157,0.524457471,0.27,12839.73195,1.779465113,4.991636149,3.441331416,79.75973842,0,0,0,0,0,78.06376895,0,0,0,0,0,0,0,0,31.43240384,7.746488431,0,5.087295063,0,13.70378423,20.09379739,0,0,0,5.087295063,0,0,7.746488431,20.09379739,13.61254261,0,31.52364546,0,0,0,0,-666,41.54407005,4.565048285,0,0,0,0,0,0,0,14.13478939,17.81986123,110.366486,0,0,2.469305556,0,0,0,0,-18.09590727,-5.684328704,1,10,0,4,0,0,0,0,0,0,-666,0,5,-666,0,0,0,-666,1.4017,38.9165,0,0,0,0,0,0,0,0,0,0,0,0,0,0,0,1,0,0,0,0,0,0,0,0,0,0,0,0,0,0,0,0,0,0,0,0,-666,0,0,0,0,0,0,0,0,0,0,0,0,0,0,0,0,0,-666,0,0,0,0,0,0,0,0,0,0,0,0,0,0,0,0,0,0,0,0,0,0,0,0,0,0,0,0,-666,0,0,65,7,14.007,-1.4,7.4,5,3.04,0.001145,365.7,16.4,-0.392991492,-0.38764348,N,15,6,0,2.19,2.55,0,21,4.74,0.884,51.553
105,_diethylcarbamothioyl_sulfanyl,5.521 ,4.368 ,4.328 ,5.546 ,5.701 ,5.613 ,4.833 ,4.672 ,-0.042,0.048,0.425,0.431,0.425,0.427,0.369,0.425,0.368,0.441,0.351,0.367,0.438,0.368,0.438,0.365,0.436,0.368,0.438,0.367,0.438,0.366,0.436,0.382,0.452,4.84,5.77,5.69,5.88,1.91,2.09,1.94,2.03,4.32,-0.022,0.055,7.386875,-3.32962963,7.386875,0.203703704,0.549427733,148.276,138.196,148.0254663,47,0,0,0,0,0,-666,-666,-666,-1.15E-16,-0.249006329,-2.10E-16,-2.593744045,9.09E-18,-2.654126351,1.48E-16,-1.07675576,5.850523602,304.1401905,15.15470054,13.76371018,5.396703338,7.565384141,6.579068684,2.395565265,0.824924514,1.856739552,0.406180984,0.771329355,0.119237943,0.301812128,0.66,1932.535624,1.629273646,4.530451066,2.844928182,75.52240507,0,0,0,0,0,74.47219557,0,0,0,0,0,0,0,0,13.70758556,29.16719668,0,4.899909731,0,13.70378423,12.99371937,0,0,0,0,0,0,24.84666259,22.21416319,0,0,27.4113698,0,0,0,0,-666,31.01803769,0,0,4.899909731,0,0,0,0,0,24.84666259,13.70758556,70.66162037,8.823425926,-0.203703704,0,0,0,0,0,-13.28134259,0,0.8,8,0,1,0,0,0,0,0,0,-666,0,3,-666,0,0,0,-666,1.8106,43.11,0,0,0,0,0,0,0,0,0,0,0,0,1,0,0,1,0,0,0,0,-666,0,0,0,0,0,0,0,0,0,0,0,0,0,0,0,-666,0,0,0,0,0,0,0,0,0,0,0,0,0,0,0,0,0,-666,0,0,0,0,0,0,0,0,0,0,0,0,0,0,0,0,0,0,0,0,0,0,0,0,0,0,0,0,-666,0,0,100,16,32.06,2.07710403,19.4,6,2.58,2.07,317.3,17.1,-0.375074246,-0.363144457,S,7,16,16,3.04,2.58,2.58,6,2.55,-0.042,32.254
106,_dimethoxymethoxy_methyl,2.143 ,1.501 ,1.580 ,1.958 ,2.241 ,1.941 ,1.664 ,1.556 ,0.805,0.736,0.524,0.573,0.597,0.577,0.484,0.576,0.467,0.585,0.729,0.56,0.598,0.548,0.594,0.537,0.585,0.559,0.597,0.551,0.596,0.544,0.589,0.509,0.569,1.56,1.82,1.8,1.85,0.67,0.68,0.63,0.64,1.58,-0.358,-0.512,7.114583333,-3.296296296,7.114583333,1.371759259,0.485185323,105.113,96.041,105.0551691,43,0,0,0,0,0,-666,-666,-666,4.88E-17,-0.24552904,-0.073738848,-2.410697073,-0.015190992,-2.485494267,6.79E-17,-1.017313611,4.749231805,203.7744375,13.19867061,12.22474487,3.224744871,6.830715782,5.724744871,1.224744871,0.556186218,0.556186218,0.25,0.25,0.0625,0.0625,-0.12,736.6194119,1.074328824,4.050068027,2.560272109,55.81944756,0,0,0,0,0,54.13736031,0,0,0,0,0,0,0,0,26.54741587,0,0,0,0,6.45213871,14.07590492,7.06190082,0,0,0,0,0,0,20.52804363,14.21058886,7.06190082,12.33682701,0,0,0,0,-666,27.58994445,0,0,0,0,0,0,0,0,14.21058886,12.33682701,71.94097222,0,0,0,0,0,0,0,-3.296296296,-7.728009259,0.75,7,0,3,0,0,0,0,0,0,3,0,3,-666,0,0,0,-666,0.37099,24.248,0,0,0,0,0,0,0,0,0,0,0,0,0,0,0,0,0,0,0,0,0,0,0,0,0,0,0,0,0,0,0,0,0,0,0,0,-666,0,0,0,0,3,0,0,0,0,0,0,0,0,0,0,0,0,-666,2,0,0,0,0,0,0,0,0,0,0,0,0,0,0,0,0,0,0,0,0,0,0,0,0,0,0,0,-666,0,0,70,6,12.011,1.262119,11.3,4,2.55,2.2,279.5,14,-0.426689733,-0.299933706,C,8,1,1,3.44,2.1,2.1,10,7.64,0.971,25.02
107,_dimethoxymethylidene_aminyl,4.068 ,3.254 ,3.356 ,3.922 ,4.174 ,3.928 ,3.536 ,3.409 ,0.725,0.555,0.603,0.611,0.611,0.627,0.482,0.618,0.469,0.649,0.532,0.497,0.665,0.481,0.648,0.487,0.656,0.502,0.669,0.483,0.65,0.485,0.655,0.468,0.641,3.3,3.66,3.64,3.7,1.71,1.78,1.67,1.68,3.35,-0.41,-0.568,8.472638889,-2.921296296,8.472638889,1.490740741,0.293827373,88.086,82.038,88.03985343,35,0,0,0,0,0,-666,-666,-666,1.27E-15,-0.24552904,-1.81E-16,-2.257159487,-1.27E-16,-2.341822797,2.65E-16,-0.9556501,3.92428624,152.6124613,9.991563832,8.763710176,2.763710176,5.100953631,4.040103379,1.040103379,0.470031664,0.470031664,0.174620426,0.174620426,0.020833333,0.020833333,-0.12,133.9146616,1.182930363,3.084918033,2.137731959,44.81139972,0,0,0,0,0,43.26727145,0,0,0,0,0,0,0,0,17.69827724,6.083805686,0,5.409283606,0,0,14.07590492,0,0,0,5.409283606,0,0,0,20.1597106,9.473725908,0,8.224551337,0,0,0,0,-666,20.1597106,0,0,0,0,0,0,0,0,9.473725908,13.63383494,46.02736111,0,0,8.472638889,0,0,0,-1.490740741,0,-5.842592593,0.666666667,6,0,3,0,0,0,0,0,0,2,0,3,-666,0,0,0,-666,-0.5647,21.159,0,0,0,0,0,0,0,0,0,0,0,0,0,0,0,1,0,0,0,0,0,0,0,0,0,0,0,0,0,0,0,0,0,0,0,0,-666,0,0,0,0,2,0,0,0,0,0,0,0,0,0,0,0,0,-666,2,0,0,0,0,0,0,0,0,0,0,0,0,0,0,0,0,0,0,0,0,0,0,0,0,0,0,0,-666,0,0,65,7,14.007,-1.4,7.4,5,3.04,0.001145,245.7,13.6,-0.417596179,-0.403461595,N,6,0,0,2.55,0,0,6,2.55,1.01,37.67
108,_dimethoxyphosphoryl_oxidanyl,9.907 ,6.108 ,6.251 ,7.297 ,10.266 ,6.994 ,6.765 ,6.222 ,0.441,0.364,0.296,0.223,0.27,0.227,0.209,0.222,0.203,0.286,0.242,0.259,0.281,0.3,0.314,0.259,0.281,0.256,0.278,0.301,0.315,0.262,0.285,0.284,0.307,6.7,7.64,7.56,7.74,3.08,3.45,3.06,3.19,6.25,-0.171,-0.241,10.52513889,-5.310570988,10.52513889,3.247492284,0.512991901,125.04,118.992,125.0003703,43,0,0,0,0,0,-666,-666,-666,11.7122851,-0.243088274,-0.064053201,-2.265645926,-0.018353321,-2.262697553,0.453114308,-0.945507606,4.351920644,197.6545914,10.91421356,9.080206757,3.974633948,5.414213562,4.138545034,2.59913852,0.629787781,1.889363344,0.223606798,0.670820393,0.0186339,0.055901699,0.27,164.9160802,1.898367836,2.546113456,2.907958533,50.10495103,0,0,0,0,0,48.62910759,0,0,0,0,0,0,0,0,26.73050555,7.822697123,0,0,0,0,14.07590492,0,0,0,0,0,0,7.822697123,14.07590492,18.50595421,0,8.224551337,0,0,0,0,-666,21.89860204,9.458459888,0,0,0,0,0,0,0,9.047494323,8.224551337,55.58597222,0,10.52513889,0,0,0,0,0,0,-11.80555556,1,7,0,4,0,0,0,0,0,0,3,0,5,-666,0,0,0,-666,0.8178,22.311,0,0,0,0,0,0,0,0,0,0,0,0,0,0,0,0,0,0,0,0,0,0,0,0,0,0,0,0,0,0,0,0,0,0,0,0,-666,0,0,0,0,0,0,0,0,0,0,0,0,0,0,0,0,0,-666,0,0,0,0,0,0,0,0,0,0,0,0,0,0,0,0,0,0,0,0,0,0,0,0,0,0,0,0,-666,0,0,60,8,15.999,1.4611135,5.3,6,3.44,0.001308,271,15.7,-0.463119999,-0.45768367,O,15,0,0,2.19,0,0,15,2.19,0.547,38.556
109,_dimethyl_phenyl_silyl_methyl,3.341 ,2.664 ,2.739 ,3.359 ,3.466 ,3.405 ,2.890 ,2.790 ,0.869,0.683,0.608,0.63,0.712,0.654,0.506,0.63,0.472,0.728,0.804,0.679,0.742,0.678,0.742,0.649,0.725,0.681,0.743,0.684,0.745,0.655,0.728,0.606,0.704,2.6,2.96,2.93,3,1.28,1.35,1.26,1.29,2.73,-0.287,-0.464,7.82650463,-5.275308642,7.82650463,0.806254724,0.53557031,149.289,136.185,149.0786519,53,0,0,0,0,0,-666,-666,-666,7.06E-17,-0.244322203,-1.57E-16,-2.580866087,-2.85E-16,-2.687297828,-1.64E-16,-0.912616823,4.057298276,582.4054089,18.54145188,18,6,10.11880215,9,4.5,1.75,3.75,0.875,1.875,0.4375,0.9375,0.216883117,34768.62983,1.610196043,3.078856962,2.117374443,82.22975144,0,0,0,0,0,80.79991812,0,0,0,0,0,0,0,0,17.81986123,8.073872301,0,0,0,12.95033254,0,41.95585205,0,0,0,0,0,0,8.073872301,0,6.499114632,17.81986123,35.45673741,12.95033254,0,0,0,62.98005689,0,0,0,0,0,0,0,0,0,17.81986123,98.85049131,0,0,-0.955092593,0,0,-4.584881267,0,-8.174097695,-5.275308642,0.222222222,10,0,0,0,0,0,0,0,0,0,0,1,-666,0,0,0,-666,2.65969,49.202,0,0,0,0,0,0,0,0,0,0,0,0,0,0,0,0,0,0,0,0,0,0,0,0,0,0,6,0,0,0,0,0,0,0,0,0,-666,0,0,0,0,0,0,0,0,0,0,0,0,0,0,0,0,0,-666,0,0,0,0,0,0,0,0,0,0,0,0,0,0,0,0,0,0,0,0,0,0,0,0,0,0,0,0,-666,0,0,70,6,12.011,1.262119,11.3,4,2.55,2.2,358.4,17.9,-0.382350752,-0.332944756,C,14,1,1,1.9,2.1,2.1,16,6.1,1.017,37.367
110,_dimethylamino_oxidanyl,2.321 ,1.435 ,1.509 ,1.704 ,2.408 ,1.637 ,1.566 ,1.438 ,0.43,0.416,0.355,0.339,0.327,0.339,0.33,0.34,0.329,0.345,0.315,0.332,0.345,0.406,0.406,0.329,0.341,0.324,0.337,0.408,0.408,0.337,0.349,0.37,0.379,1.68,1.9,1.88,1.92,0.79,0.79,0.75,0.75,1.51,-0.341,-0.346,10.27777778,-3.092013889,10.27777778,0.875,0.357705251,60.076,54.028,60.04493881,25,0,0,0,0,0,-666,-666,-666,-5.68E-18,-0.244322203,-3.04E-16,-2.37431034,-2.95E-16,-2.515737946,-8.48E-33,-1.027487118,4.231132186,99.8966738,8.577350269,7.855461886,1.855461886,4.154700538,3.629787781,0.629787781,0.294377585,0.294377585,0,0,0,0,-0.08,63.57980789,0.420070381,1.262465753,253.92,34.04212207,0,0,0,0,0,32.44667589,0,0,0,0,0,0,0,0,13.43180436,0,0,5.063217725,0,0,13.9516538,0,0,0,0,0,0,0,19.01487153,5.207253025,0,8.224551337,0,0,0,0,-666,19.01487153,5.207253025,0,0,0,0,0,0,0,0,8.224551337,38.28125,0,0,9.402777778,0,0,0,0,-6.184027778,0,1,4,0,2,0,0,0,0,0,0,1,0,2,-666,0,0,0,-666,-0.1065,14.3735,0,0,0,0,0,0,0,0,0,0,0,0,0,0,0,1,0,0,2,0,-666,0,0,0,0,0,0,0,0,0,0,0,0,0,0,0,-666,0,0,0,0,0,0,0,0,0,0,0,0,0,0,0,0,0,-666,0,0,0,0,0,0,0,0,0,0,0,0,0,0,0,0,0,0,0,0,0,0,0,0,0,0,0,0,-666,0,0,60,8,15.999,1.4611135,5.3,6,3.44,0.001308,208.9,12.6,-0.397165725,-0.318920534,O,7,0,0,3.04,0,0,7,3.04,0.456,29.177
111,_dimethylcarbamoyl_methyl,4.609 ,3.385 ,3.525 ,4.238 ,4.788 ,4.220 ,3.682 ,3.482 ,0.723,0.529,0.543,0.524,0.6,0.541,0.423,0.525,0.392,0.612,0.71,0.573,0.624,0.565,0.617,0.552,0.611,0.575,0.625,0.568,0.619,0.555,0.614,0.514,0.59,3.45,3.96,3.92,4.02,1.58,1.66,1.55,1.58,3.52,-0.28,-0.449,10.93023148,-3.184837963,10.93023148,0.435185185,0.40314365,86.114,78.05,86.06058888,35,0,0,0,0,0,-666,-666,-666,0,-0.244322203,-6.12E-17,-2.466349755,-3.53E-16,-2.585341991,-8.53E-18,-0.997002025,5.045159181,202.3616189,11.73205081,10.85546189,2.855461886,5.976067743,5.124944538,1.124944538,0.640562761,0.640562761,0.203090492,0.203090492,0,0,-0.08,386.2055076,0.858473483,2.157216947,2.175102041,48.99519714,0,0,0,0,0,47.39518937,0,0,0,0,0,0,0,0,15.76060563,5.907179729,0,4.899909731,0,0,13.9516538,6.875840478,0,0,0,0,0,0,24.75874326,4.794537184,6.875840478,10.96606845,0,0,0,0,-666,31.63458374,4.794537184,0,0,0,0,0,0,0,0,10.96606845,53.73365741,0,10.4950463,0,0,-1.648148148,0,0,-7.747222222,0,0.5,6,0,2,0,0,0,0,0,0,-666,0,2,-666,0,0,0,-666,-0.09131,24.051,0,0,0,0,0,0,0,0,0,0,1,1,0,0,0,1,0,0,0,0,-666,0,0,0,0,0,0,1,0,0,0,0,0,0,0,0,-666,0,0,0,0,0,0,0,0,0,0,0,0,0,0,0,0,0,-666,0,0,0,0,0,0,0,0,0,0,0,0,0,0,0,0,0,0,0,0,0,0,0,0,0,0,0,0,-666,0,0,70,6,12.011,1.262119,11.3,4,2.55,2.2,251,14.4,-0.385260693,-0.35934294,C,6,1,1,2.55,2.1,2.1,8,6.75,0.924,30.789
112,_diphenylmethyl_oxidanyl,6.308 ,4.222 ,4.428 ,4.862 ,6.562 ,4.734 ,4.437 ,4.155 ,0.682,0.528,0.106,0.047,0.112,0.043,0.045,0.043,0.044,0.098,0.064,0.08,0.083,0.108,0.106,0.086,0.088,0.077,0.08,0.106,0.104,0.088,0.091,0.11,0.109,4.62,5.28,5.23,5.36,2.18,2.27,2.13,2.18,4.42,-0.073,-0.068,12.95172525,-3.401851852,12.95172525,0.767952675,0.680956012,183.23,172.142,183.08099,69,0,0,0,0,0,-666,-666,-666,10.47173111,-2.000059003,-0.013617313,-2.378933371,0.126620168,-2.291470938,1.84172384,-2.02805499,2.853581909,785.3865908,19.42820323,17.90824829,6.90824829,11.35085296,9.204124145,3.704124145,2.329124145,2.329124145,1.454124145,1.454124145,0.852062073,0.852062073,-0.04,175008.3395,3.479253278,5.15692357,2.502526359,99.21818515,0,0,0,0,0,97.93181606,0,0,0,0,0,0,0,0,20.18487151,0,0,0,0,6.080018027,0,71.66692652,0,0,0,0,0,0,6.080018027,5.106527395,0,15.07834412,71.66692652,0,0,0,-666,77.74694455,5.106527395,0,0,0,0,0,0,0,0,15.07834412,84.46874192,0,0,12.95172525,-2.005498866,0,-8.763116444,-3.401851852,0,0,0.076923077,14,0,1,0,0,0,0,0,0,0,0,1,-666,0,0,0,-666,2.8903,57.2005,0,0,0,0,0,0,0,0,0,0,0,0,0,0,0,0,0,0,0,0,0,0,0,0,0,0,8,0,0,0,0,0,0,0,0,0,-666,0,0,0,0,0,0,0,0,0,0,0,0,0,0,0,0,0,-666,0,0,0,0,0,0,0,0,0,0,0,0,0,0,0,0,0,0,0,0,0,0,0,0,0,0,0,0,-666,0,0,60,8,15.999,1.4611135,5.3,6,3.44,0.001308,383.1,18.4,-0.387645111,-0.377303601,O,6,0,0,2.55,0,0,6,2.55,0.868,40.94
113,_diphenylmethylidene_aminyl,3.639 ,2.964 ,3.051 ,3.654 ,3.745 ,3.693 ,3.233 ,3.138 ,0.614,0.45,0.382,0.349,0.415,0.364,0.258,0.344,0.235,0.437,0.312,0.312,0.445,0.311,0.444,0.302,0.432,0.312,0.445,0.313,0.447,0.304,0.435,0.294,0.43,2.97,3.34,3.31,3.38,1.49,1.56,1.46,1.48,3.05,-0.202,-0.312,10.37563114,-0.968518519,10.37563114,0.625434618,0.632821442,180.23,170.15,180.0813243,67,0,0,0,0,0,-666,-666,-666,11.17992939,-0.094148367,0.496904984,-2.291998215,0.526354699,-2.211554804,2.593482154,-0.446981755,2.755716773,784.1637529,18.5055535,16.9472136,6.947213595,11.01751963,8.723606798,3.723606798,2.348606798,2.348606798,1.473606798,1.473606798,0.861803399,0.861803399,-0.04,132395.3558,3.76362426,5.15692357,2.502526359,97.7043319,0,0,0,0,0,96.49548069,0,0,0,0,0,0,0,0,13.70758556,5.711685003,0,5.409283606,0,0,0,71.66692652,0,0,5.409283606,0,0,0,5.711685003,0,0,13.70758556,71.66692652,0,0,0,-666,77.37861152,5.409283606,0,0,0,0,0,0,0,0,13.70758556,76.5788175,0,0,10.37563114,-2.219387755,0,-7.068394222,0,0,0,0,14,0,1,0,0,0,0,0,0,0,0,1,-666,0,0,0,-666,2.3323,59.867,0,0,0,0,0,0,0,0,0,0,0,0,0,0,0,1,0,0,0,0,0,0,0,0,0,0,12,0,0,0,0,0,0,0,0,0,-666,0,0,0,0,0,0,0,0,0,0,0,0,0,0,0,0,0,-666,0,0,0,0,0,0,0,0,0,0,0,0,0,0,0,0,0,0,0,0,0,0,0,0,0,0,0,0,-666,0,0,65,7,14.007,-1.4,7.4,5,3.04,0.001145,382.6,18.5,-0.400027312,-0.353499337,N,6,0,0,2.55,0,0,6,2.55,1.058,38.702
114,_diphenylphosphoroso__methyl_aminyl,4.940 ,3.971 ,4.108 ,4.784 ,5.083 ,4.805 ,4.275 ,4.128 ,0.647,0.48,0.25,0.213,0.323,0.216,0.172,0.196,0.156,0.341,0.192,0.289,0.334,0.284,0.33,0.275,0.317,0.291,0.336,0.287,0.333,0.277,0.32,0.26,0.301,4.1,4.62,4.57,4.67,2.06,2.19,2.02,2.06,4.1,-0.117,-0.156,13.88443358,-5.177692901,13.88443358,0.84236594,0.743136295,230.227,217.123,230.0734757,81,0,0,0,0,0,-666,-666,-666,11.14532709,-0.243317067,2.78E-17,-2.377137583,1.26E-31,-2.422492046,2.108072194,-0.902672271,3.03365333,956.3972368,22.63531001,20.80267548,8.697102672,13.05795974,10.55339458,5.712970142,2.623240838,4.869722515,1.72061261,3.661837831,1.00169729,2.255091869,0.35,850707.234,4.18231872,5.797468694,2.602192029,114.1295639,0,0,0,0,0,112.8897536,0,0,0,0,0,0,0,0,22.38490952,7.292618838,0,5.087295063,0,0,6.9758269,71.14910333,0,0,5.087295063,0,0,7.292618838,6.9758269,4.565048285,0,17.81986123,71.14910333,0,0,0,-666,85.41754907,4.565048285,0,0,0,0,0,0,0,5.087295063,17.81986123,114.0816128,0,0,1.081433296,0,0,-9.597775678,0,-3.332021999,-5.177692901,0.076923077,16,0,2,0,0,0,0,0,0,-666,0,3,-666,0,0,0,-666,3.5185,68.3905,0,0,0,0,0,0,0,0,0,0,0,0,0,0,0,1,0,0,0,0,0,0,0,0,0,0,12,0,0,0,0,0,0,0,0,0,-666,0,0,0,0,0,0,0,0,0,0,0,0,0,0,0,0,0,-666,0,0,0,0,0,0,0,0,0,0,0,0,0,0,0,0,0,0,0,0,0,0,0,0,0,0,0,0,-666,0,0,65,7,14.007,-1.4,7.4,5,3.04,0.001145,436.4,19.5,-0.379723093,-0.370726813,N,15,6,0,2.19,2.55,0,21,4.74,0.898,55.317
115,_ethoxymethanethioyl_sulfanyl,6.477 ,5.049 ,5.025 ,6.392 ,6.682 ,6.437 ,5.615 ,5.410 ,-0.034,0.097,0.463,0.464,0.461,0.466,0.407,0.461,0.404,0.467,0.385,0.398,0.466,0.389,0.457,0.4,0.467,0.4,0.468,0.389,0.456,0.398,0.465,0.405,0.471,5.59,6.62,6.53,6.73,2.23,2.45,2.26,2.37,5.02,-0.059,0.04,6.835833333,-2.865208333,6.835833333,0.53599537,0.486173973,121.206,116.166,120.9781818,35,0,0,0,0,0,-666,-666,-666,11.086806,-0.247417796,-4.09E-17,-2.379676979,5.55E-17,-2.395378383,0.645453876,-1.052857599,4.340652399,163.6006903,9.28445705,7.724744871,4.357738033,4.666502219,3.566496581,1.882993162,0.454124145,1.454124145,0.13436437,0.301031036,0.041666667,0.125,0.66,99.86017018,1.877555062,3.836678445,4.66,55.1213799,0,0,0,0,0,54.23085533,0,0,0,0,0,0,0,0,11.59065573,29.22932224,0,0,0,6.851892117,6.558985243,0,0,0,0,0,0,24.84666259,10.94164489,4.736862954,0,13.7056849,0,0,0,0,-666,17.793537,0,0,0,0,0,0,0,0,29.58352554,6.853792781,37.22085648,8.430231481,0,0,0,0,0,0,-5.651087963,0,0.666666667,6,0,1,0,0,0,0,0,0,2,0,3,-666,0,0,0,-666,1.5053,31.815,0,0,0,0,0,0,0,0,0,0,0,0,1,0,0,0,0,0,0,0,0,0,0,0,0,0,0,0,0,0,0,0,0,0,0,0,-666,0,0,0,0,1,0,0,0,0,0,0,0,0,0,0,0,0,-666,0,0,0,0,0,0,0,0,0,0,0,0,0,0,0,0,0,0,0,0,0,0,0,0,0,0,0,0,-666,0,0,100,16,32.06,2.07710403,19.4,6,2.58,2.07,273.9,16.2,-0.399071944,-0.389145055,S,16,16,8,2.58,2.58,3.44,6,2.55,-0.054,30.202
116,_methanesulfonyloxy__methyl_aminyl,3.132 ,2.391 ,2.497 ,2.928 ,3.212 ,2.897 ,2.674 ,2.554 ,0.654,0.539,0.418,0.432,0.428,0.423,0.335,0.421,0.33,0.459,0.351,0.374,0.452,0.367,0.446,0.365,0.447,0.374,0.453,0.368,0.446,0.367,0.447,0.359,0.442,2.56,2.83,2.81,2.86,1.4,1.47,1.35,1.37,2.5,-0.288,-0.39,10.57027778,-4.957592593,10.57027778,2.246689815,0.484530546,124.141,118.093,124.0068391,43,0,0,0,0,0,-666,-666,-666,11.76638963,-0.245343707,-6.07E-19,-2.340174632,-1.07E-17,-2.364312329,0.219943848,-0.914750883,4.206154772,175.6986276,10.91421356,9.080206757,3.896703338,5.457106781,4.110305129,2.518553419,0.619946837,1.677266326,0.135393661,0.406180984,0.049062931,0.147188792,0.19,245.8549096,1.85397032,2.485750647,6.19,52.42613794,0,0,0,0,0,51.12440747,0,0,0,0,0,0,0,0,21.61386215,10.87069772,0,5.480096598,0,0,13.159751,0,0,0,5.480096598,0,0,10.87069772,13.159751,13.38931081,0,8.224551337,0,0,0,0,-666,24.03044872,9.105499747,0,0,0,0,0,0,0,9.763907661,8.224551337,63.05805556,0,0,0,2.246689815,0,0,-3.428819444,-3.001666667,-4.957592593,1,7,0,4,0,0,0,0,0,0,1,0,5,-666,0,0,0,-666,0.1926,24.031,0,0,0,0,0,0,0,0,0,0,0,0,0,0,0,1,0,0,1,0,0,0,0,0,0,0,0,0,0,0,0,0,0,0,0,0,-666,0,0,0,0,0,0,0,0,0,0,0,0,0,0,0,0,0,-666,0,0,0,0,0,0,0,0,0,0,0,0,0,0,0,0,0,0,0,0,0,0,0,0,0,0,0,0,-666,0,0,65,7,14.007,-1.4,7.4,5,3.04,0.001145,275.5,15.6,-0.421278104,-0.369180887,N,8,6,0,3.44,2.55,0,14,5.99,0.895,43.991
117,_methoxy_phenyl_methylidene_aminyl,4.005 ,3.280 ,3.387 ,3.937 ,4.111 ,3.960 ,3.532 ,3.421 ,0.655,0.481,0.44,0.359,0.467,0.386,0.277,0.358,0.251,0.502,0.386,0.362,0.517,0.359,0.515,0.348,0.5,0.364,0.518,0.362,0.518,0.35,0.504,0.336,0.495,3.3,3.68,3.65,3.73,1.68,1.77,1.65,1.68,3.38,-0.229,-0.347,9.424135015,-2.979186154,9.424135015,0.643116969,0.414096633,134.158,126.094,134.0605889,51,0,0,0,0,0,-666,-666,-666,10.84175938,-0.243095011,-7.81E-17,-2.278264285,3.97E-17,-2.295455331,1.898809197,-0.945877317,3.287418235,492.2068,14.24855867,12.85546189,4.855461886,8.05923663,6.381855088,2.381855088,1.407214637,1.407214637,0.810540054,0.810540054,0.407963772,0.407963772,-0.08,4799.239468,2.457906569,3.937882077,1.957306778,71.25786581,0,0,0,0,0,69.88137607,0,0,0,0,0,0,0,0,15.7029314,5.897745344,0,5.409283606,0,0,7.037952459,35.83346326,0,0,5.409283606,0,0,0,12.9356978,4.736862954,0,10.96606845,35.83346326,0,0,0,-666,48.76916106,5.409283606,0,0,0,0,0,0,0,4.736862954,10.96606845,61.37130822,0,0,9.424135015,-0.683217593,-1.22962963,-3.486743197,0,0,-2.979186154,0.125,10,0,2,0,0,0,0,0,0,1,0,2,-666,0,0,0,-666,0.8838,40.513,0,0,0,0,0,0,0,0,0,0,0,0,0,0,0,1,0,0,0,0,0,0,0,0,0,0,4,0,0,0,0,0,0,0,0,0,-666,0,0,0,0,1,0,0,0,0,0,0,0,0,0,0,0,0,-666,1,0,0,0,0,0,0,0,0,0,0,0,0,0,0,0,0,0,0,0,0,0,0,0,0,0,0,0,-666,0,0,65,7,14.007,-1.4,7.4,5,3.04,0.001145,315.4,16.7,-0.406452552,-0.375823798,N,6,0,0,2.55,0,0,6,2.55,1.049,38.19
118,"_methoxycarbonyl__2,2,2-trifluoroethyl_aminyl",5.303 ,4.094 ,4.231 ,4.910 ,5.436 ,4.862 ,4.502 ,4.308 ,0.675,0.473,0.411,0.382,0.42,0.379,0.289,0.373,0.277,0.458,0.295,0.356,0.455,0.35,0.448,0.346,0.447,0.356,0.455,0.351,0.449,0.349,0.449,0.341,0.443,4.31,4.77,4.73,4.82,2.29,2.46,2.25,2.29,4.23,-0.238,-0.339,11.80949121,-5.415911281,11.80949121,1.952708333,0.565866035,156.083,151.043,156.0272381,59,0,0,0,0,0,-666,-666,-666,14.71660526,-0.243086616,9.73E-18,-2.279083121,0.4192,-2.516683522,1.107,-0.946693861,4.429302721,249.6421463,12.49156383,9.397603595,4.397603595,6.350953631,4.376532741,1.876532741,1.089335459,1.089335459,0.361272144,0.361272144,0.131851889,0.131851889,-0.33,531.5426268,3.889803295,3.745140485,5.800378096,62.18046559,0,0,0,0,0,60.6775774,0,0,0,0,0,0,0,0,29.55643806,6.093240071,0,5.316788604,0,6.176298517,13.53481214,0,0,0,5.316788604,17.96578233,0,0,25.80435073,4.736862954,0,6.853792781,0,0,0,0,-666,25.80435073,17.96578233,0,0,0,0,0,0,5.316788604,4.736862954,6.853792781,70.52209325,0,10.43208333,1.952708333,0,0,0,-7.557277022,-4.171296296,-3.261644936,0.75,10,0,3,0,0,0,0,0,0,-666,0,6,-666,0,0,0,-666,0.9195,25.461,0,0,0,0,0,0,0,0,0,0,1,1,0,0,0,1,0,0,0,0,0,0,0,0,0,3,0,1,0,0,0,0,0,0,0,0,-666,0,0,0,0,1,0,0,3,0,0,0,0,0,0,0,0,0,-666,1,0,0,0,0,0,0,0,0,0,0,0,0,0,0,0,0,0,0,0,0,0,0,0,0,0,0,0,-666,0,0,65,7,14.007,-1.4,7.4,5,3.04,0.001145,296.7,14.6,-0.440919265,-0.433922941,N,6,6,0,2.55,2.55,0,12,5.1,0.944,50.608
119,_methoxycarbonyl__methyl_aminyl,5.270 ,3.959 ,4.083 ,4.797 ,5.414 ,4.755 ,4.360 ,4.162 ,0.607,0.445,0.401,0.39,0.399,0.382,0.289,0.378,0.282,0.439,0.29,0.331,0.43,0.325,0.422,0.327,0.426,0.333,0.43,0.326,0.423,0.327,0.427,0.32,0.424,4.13,4.6,4.56,4.65,2.12,2.26,2.08,2.12,4.08,-0.246,-0.349,10.36541667,-2.952546296,10.36541667,1.615740741,0.41742346,88.086,82.038,88.03985343,35,0,0,0,0,0,-666,-666,-666,6.86E-16,-0.245615318,-1.11E-16,-2.229359058,-1.14E-16,-2.397357327,2.83E-16,-0.947223103,3.92428624,152.6124613,9.991563832,8.763710176,2.763710176,5.100953631,4.059586031,1.059586031,0.479772991,0.479772991,0.178597306,0.178597306,0.022821773,0.022821773,-0.12,133.9146616,1.182930363,3.084918033,2.137731959,44.72388777,0,0,0,0,0,43.17975951,0,0,0,0,0,0,0,0,17.75595147,6.093240071,0,5.316788604,0,0,14.01377936,0,0,0,5.316788604,4.794537184,0,0,20.10701943,4.736862954,0,8.224551337,0,0,0,0,-666,20.10701943,4.794537184,0,0,0,0,0,0,0,10.05365156,8.224551337,42.25479167,0,10.36541667,2.473541667,0,0,0,-1.615740741,-2.858796296,-2.952546296,0.666666667,6,0,3,0,0,0,0,0,0,-666,0,3,-666,0,0,0,-666,-0.013,20.463,0,0,0,0,0,0,0,0,0,0,1,1,0,0,0,1,0,0,0,0,0,0,0,0,0,0,0,1,0,0,0,0,0,0,0,0,-666,0,0,0,0,1,0,0,0,0,0,0,0,0,0,0,0,0,-666,1,0,0,0,0,0,0,0,0,0,0,0,0,0,0,0,0,0,0,0,0,0,0,0,0,0,0,0,-666,0,0,65,7,14.007,-1.4,7.4,5,3.04,0.001145,245.2,13.8,-0.411649157,-0.404462441,N,6,6,0,2.55,2.55,0,12,5.1,0.868,46.566
120,_methoxydimethylsilyl_methyl,3.456 ,2.724 ,2.808 ,3.432 ,3.583 ,3.470 ,2.958 ,2.845 ,0.878,0.683,0.681,0.688,0.743,0.704,0.544,0.688,0.519,0.76,0.813,0.697,0.771,0.695,0.77,0.672,0.758,0.698,0.771,0.7,0.773,0.677,0.76,0.64,0.745,2.68,3.05,3.02,3.09,1.31,1.36,1.28,1.3,2.8,-0.369,-0.568,7.102353395,-5.223958333,7.102353395,1.492013889,0.453218442,103.217,92.129,103.0579165,37,0,0,0,0,0,-666,-666,-666,-7.72E-16,-0.245654146,-2.58E-16,-2.562570821,-2.42E-16,-2.627425236,-1.84E-16,-0.962080395,5.786866238,246.1156711,14.28445705,13.90824829,3.90824829,7.150482454,6.65824829,3.066496581,0.78324829,2.349744871,0.153093109,0.459279327,0,0,0.176883117,1212.374067,0.632581385,1.753481781,4.176883117,55.90661388,0,0,0,0,0,54.30914203,0,0,0,0,0,0,0,0,19.50434914,8.317393253,0,0,0,12.95033254,7.037952459,6.499114632,0,0,0,0,0,0,15.35534571,4.426005026,6.499114632,15.07834412,0,12.95033254,0,0,-666,34.80479289,0,0,0,0,0,0,0,0,4.426005026,15.07834412,81.29996142,0,0,0,0,0,0,0,-8.175578704,-8.513271605,0.75,6,0,1,0,0,0,0,0,0,1,0,2,-666,0,0,0,-666,1.21119,29.848,0,0,0,0,0,0,0,0,0,0,0,0,0,0,0,0,0,0,0,0,0,0,0,0,0,0,0,0,0,0,0,0,0,0,0,0,-666,0,0,0,0,0,0,0,0,0,0,0,0,0,0,0,0,0,-666,0,0,0,0,0,0,0,0,0,0,0,0,0,0,0,0,0,0,0,0,0,0,0,0,0,0,0,0,-666,0,0,70,6,12.011,1.262119,11.3,4,2.55,2.2,292.3,15.7,-0.388641914,-0.335515532,C,14,1,1,1.9,2.1,2.1,16,6.1,0.999,36.198
121,_methoxydimethylsilyl_oxidanyl,7.160 ,4.888 ,5.163 ,5.593 ,7.419 ,5.402 ,5.142 ,4.776 ,0.804,0.594,0.167,0.082,0.124,0.074,0.094,0.081,0.097,0.104,0.104,0.117,0.092,0.141,0.107,0.128,0.104,0.114,0.089,0.139,0.104,0.128,0.104,0.163,0.142,5.46,6.24,6.17,6.33,2.55,2.65,2.48,2.56,5.16,-0.142,-0.129,11.59243056,-5.600501543,11.59243056,3.322646605,0.452637972,105.189,96.117,105.0371811,37,0,0,0,0,0,-666,-666,-666,-5.41E-33,-0.24565123,-2.73E-16,-2.469920025,-6.14E-16,-2.586935332,1.85E-17,-0.96330024,5.256687249,210.9826309,12.70710678,11.81649658,3.816496581,6.207106781,5.612372436,2.928869017,0.718643696,2.155931089,0.143728739,0.431186218,0,0,0.136883117,466.0915601,0.810288892,1.725953205,4.136883117,51.64929304,0,0,0,0,0,50.10770071,0,0,0,0,0,0,0,0,21.5585015,8.560914205,0,0,0,12.95033254,7.037952459,0,0,0,0,0,0,0,15.59886666,9.221674493,0,12.33682701,0,12.95033254,0,0,-666,28.54919921,4.795669467,0,0,0,0,0,0,0,4.426005026,12.33682701,64.20641204,0,11.59243056,0,0,0,0,0,-6.93125,-8.923148148,1,6,0,2,0,0,0,0,0,0,1,0,3,-666,0,0,0,-666,0.7651,25.1775,0,0,0,0,0,0,0,0,0,0,0,0,0,0,0,0,0,0,0,0,0,0,0,0,0,0,0,0,0,0,0,0,0,0,0,0,-666,0,0,0,0,0,0,0,0,0,0,0,0,0,0,0,0,0,-666,0,0,0,0,0,0,0,0,0,0,0,0,0,0,0,0,0,0,0,0,0,0,0,0,0,0,0,0,-666,0,0,60,8,15.999,1.4611135,5.3,6,3.44,0.001308,279.3,15.4,-0.413724345,-0.399314451,O,14,0,0,1.9,0,0,14,1.9,0.924,39.742
122,_methoxysulfonyl__methyl_aminyl,5.787 ,4.451 ,4.597 ,5.408 ,5.936 ,5.358 ,4.913 ,4.690 ,0.657,0.511,0.365,0.356,0.374,0.343,0.287,0.337,0.279,0.418,0.287,0.342,0.403,0.337,0.398,0.336,0.398,0.343,0.404,0.337,0.399,0.336,0.399,0.334,0.398,4.71,5.25,5.21,5.31,2.39,2.57,2.34,2.4,4.59,-0.242,-0.3,10.55291667,-4.896990741,10.55291667,2.216597222,0.517959464,124.141,118.093,124.0068391,43,0,0,0,0,0,-666,-666,-666,11.80092222,-0.245615255,-2.98E-17,-2.327230018,-4.58E-18,-2.366857869,0.308241555,-0.943824316,4.252851185,157.6986276,10.91421356,9.080206757,3.896703338,5.414213562,4.110305129,2.4754535,0.602351369,1.807054108,0.21711258,0.651337741,0.0186339,0.055901699,0.19,164.9160802,1.85397032,2.485750647,2.836203554,52.60747695,0,0,0,0,0,51.30574648,0,0,0,0,0,0,0,0,21.51313652,11.05673574,0,4.722094864,0,0,14.01377936,0,0,0,4.722094864,0,0,11.05673574,14.01377936,13.28858518,0,8.224551337,0,0,0,0,-666,25.0705151,9.105499747,0,0,0,0,0,0,0,8.905180297,8.224551337,65.17708333,-4.896990741,0,0,0,0,0,0,-3.134837963,-3.228587963,1,7,0,4,0,0,0,0,0,0,1,0,5,-666,0,0,0,-666,0.1926,24.031,0,0,0,0,0,0,0,0,0,0,0,0,0,0,0,1,0,0,0,0,0,0,0,0,0,0,0,0,0,0,0,0,0,0,0,0,-666,0,0,0,0,0,0,0,0,0,0,0,0,0,0,0,0,0,-666,0,0,0,0,0,0,0,0,0,0,0,0,0,0,0,0,0,0,0,0,0,0,0,0,0,0,0,0,-666,0,0,65,7,14.007,-1.4,7.4,5,3.04,0.001145,268.3,15.6,-0.427146583,-0.419680773,N,16,6,0,2.58,2.55,0,22,5.13,0.895,45.593
123,_methoxysulfonyl_oxidanyl,10.906 ,7.591 ,7.762 ,8.970 ,11.219 ,8.682 ,8.333 ,7.777 ,0.134,0.134,0.254,0.184,0.203,0.186,0.162,0.184,0.159,0.199,0.164,0.167,0.187,0.176,0.186,0.18,0.201,0.166,0.187,0.173,0.183,0.177,0.198,0.201,0.229,8.21,9.25,9.17,9.36,3.98,4.42,3.96,4.1,7.76,-0.199,-0.229,9.509097222,-5.094328704,9.509097222,3.041666667,0.482076914,111.098,108.074,110.9752046,37,0,0,0,0,0,-666,-666,-666,15.998,-0.163928451,-0.026726909,-2.22461589,-0.020660495,-2.234887773,0.6855,-0.839851329,3.746417931,80.96632017,7.707106781,5.541241452,3.357738033,3.707106781,2.370790812,2.204124145,0.491581624,1.474744871,0.102062073,0.306186218,0,0,0.19,27.43574108,2.485750647,1.762534485,4.19,41.34562127,0,0,0,0,0,40.14313462,0,0,0,0,0,0,0,0,21.95361072,11.15157144,0,0,0,0,7.037952459,0,0,0,0,0,0,11.15157144,7.037952459,17.84133505,0,4.112275669,0,0,0,0,-666,18.1895239,13.65824962,0,0,0,0,0,0,0,4.183085433,4.112275669,49.92708333,-5.094328704,0,0,0,0,0,0,0,-3.166087963,1,6,0,4,0,0,0,0,0,0,1,0,5,-666,0,0,0,-666,0.3889,16.6595,0,0,0,0,0,0,0,0,0,0,0,0,0,0,0,0,0,0,0,0,0,0,0,0,0,0,0,0,0,0,0,0,0,0,0,0,-666,0,0,0,0,0,0,0,0,0,0,0,0,0,0,0,0,0,-666,0,0,0,0,0,0,0,0,0,0,0,0,0,0,0,0,0,0,0,0,0,0,0,0,0,0,0,0,-666,0,0,60,8,15.999,1.4611135,5.3,6,3.44,0.001308,232.1,15.3,-0.492295828,-0.487586929,O,16,0,0,2.58,0,0,16,2.58,0.072,32.235
124,_methyldisulfanyl_sulfanyl,4.907 ,3.943 ,3.962 ,4.929 ,5.064 ,4.987 ,4.306 ,4.164 ,0.589,0.556,0.489,0.483,0.476,0.479,0.462,0.484,0.465,0.49,0.484,0.471,0.492,0.471,0.492,0.47,0.492,0.471,0.492,0.472,0.493,0.47,0.492,0.49,0.513,4.43,5.26,5.19,5.36,1.76,1.87,1.77,1.82,3.96,-0.463,-0.483,6.372685185,-1.976851852,6.372685185,0.465277778,0.39603079,79.169,76.145,78.9676171,19,0,0,0,0,0,-666,-666,-666,0,-0.242435263,-8.67E-19,-2.092403489,0,-2.07266263,0,-0.856538771,3.168489873,38.54808141,5.207106781,4.316496581,2.949489743,2.560660172,1.870790812,2.112372436,0.083333333,0.75,0,0,0,0,0.7,12.16479704,0.830193906,2.7,2.7,33.6323013,0,0,0,0,0,32.75089992,0,0,0,0,0,0,0,0,4.112275669,22.45470015,0,0,0,0,6.183924101,0,0,0,0,0,0,22.45470015,6.183924101,0,0,4.112275669,0,0,0,0,0,6.183924101,0,0,0,10.79389798,0,0,0,0,11.66080218,4.112275669,19.11805556,4.143518519,0,0,0,0,0,-1.976851852,0,0.465277778,1,3,0,0,0,0,0,0,0,0,1,0,2,-666,0,0,0,-666,1.4619,21.106,0,0,0,0,0,0,0,0,0,0,0,0,0,0,0,0,0,0,0,0,0,0,0,0,0,0,0,0,0,0,0,0,0,0,0,0,-666,0,0,0,0,0,0,0,0,0,0,0,0,0,0,0,0,0,-666,0,0,0,0,0,0,0,0,0,0,0,0,0,0,0,0,0,0,0,0,0,0,0,0,0,0,0,0,-666,0,0,70,16,12.011,1.262119,19.4,4,2.58,2.07,207.5,15.5,-0.377620174,-0.364618551,C,16,0,0,2.58,0,0,16,2.58,0.629,23.051
125,_methylsulfanyl_methyl,2.290 ,1.687 ,1.744 ,2.304 ,2.393 ,2.342 ,1.919 ,1.837 ,0.703,0.609,0.378,0.442,0.433,0.435,0.366,0.441,0.356,0.443,0.541,0.42,0.451,0.419,0.451,0.399,0.437,0.421,0.452,0.423,0.453,0.403,0.44,0.367,0.403,1.75,2.08,2.05,2.11,0.7,0.73,0.68,0.69,1.74,-0.265,-0.382,6.497685185,-2.22337963,6.497685185,0.261574074,0.404478421,61.129,56.089,61.01119616,19,0,0,0,0,0,-666,-666,-666,-8.75E-18,-0.242466899,-0.089707898,-2.188996566,-8.25E-18,-2.120670429,-2.76E-16,-0.857756362,3.388924101,65.31914642,6.78445705,6.40824829,2.224744871,3.416502219,2.90824829,1.224744871,0.102062073,0.306186218,0,0,0,0,0.35,23.0053905,0.342456847,2.35,2.35,32.25215567,0,0,0,0,0,31.00747429,0,0,0,0,0,0,0,0,6.853792781,11.76188495,0,0,0,0,6.183924101,6.207872462,0,0,0,0,0,11.76188495,6.183924101,0,6.207872462,6.853792781,0,0,0,0,0,12.39179656,0,0,11.76188495,0,0,0,0,0,0,6.853792781,32.33217593,0.261574074,0,0,0,0,0,-2.84375,0,0,0.5,3,0,0,0,0,0,0,0,0,1,0,1,-666,0,0,0,-666,1.14099,18.872,0,0,0,0,0,0,0,0,0,0,0,0,0,0,0,0,0,0,0,0,0,0,0,0,0,0,0,0,0,0,0,0,0,0,0,0,-666,0,0,0,0,0,0,0,0,0,0,0,0,0,0,0,0,0,-666,0,0,0,0,0,0,0,0,0,0,0,0,0,0,0,0,0,0,0,0,1,0,0,0,0,0,0,0,-666,0,0,100,6,32.06,2.07710403,11.3,6,2.55,2.2,203.5,14.2,-0.403915992,-0.294237523,C,16,1,1,2.58,2.1,2.1,18,6.78,0.871,25.991
126,_N-methylacetamido_methyl,2.494 ,1.670 ,1.762 ,2.260 ,2.629 ,2.259 ,1.859 ,1.735 ,0.689,0.641,0.444,0.479,0.501,0.483,0.413,0.484,0.398,0.496,0.663,0.495,0.51,0.486,0.502,0.475,0.499,0.498,0.512,0.489,0.504,0.477,0.501,0.445,0.481,1.76,2.09,2.06,2.13,0.72,0.71,0.68,0.67,1.76,-0.301,-0.43,10.99548611,-3.164930556,10.99548611,0.347222222,0.413704635,86.114,78.05,86.06058888,35,0,0,0,0,0,-666,-666,-666,0,-0.245953274,-9.70E-17,-2.422782457,-7.37E-17,-2.512681471,-5.95E-17,-0.949008387,4.969465008,216.3616189,11.73205081,10.85546189,2.855461886,5.976067743,5.124944538,1.124944538,0.640562761,0.640562761,0.203090492,0.203090492,0,0,-0.08,392.6126808,0.858473483,2.157216947,2.175102041,48.99519714,0,0,0,0,0,47.39518937,0,0,0,0,0,0,0,0,15.76060563,5.907179729,0,4.899909731,0,6.851892117,6.9758269,6.999775261,0,0,0,0,0,0,17.78291636,4.794537184,6.999775261,17.81796057,0,0,0,0,-666,26.73467401,4.794537184,0,4.899909731,0,0,0,0,0,0,10.96606845,53.59236111,0,10.64826389,0,0,-1.752314815,0,0,-7.654976852,0,0.5,6,0,2,0,0,0,0,0,0,-666,0,2,-666,0,0,0,-666,0.25629,23.801,0,0,0,0,0,0,0,0,0,0,1,1,0,0,0,1,0,0,0,0,-666,0,0,0,0,0,0,1,0,0,0,0,0,0,0,0,-666,0,0,0,0,0,0,0,0,0,0,0,0,0,0,0,0,0,-666,0,0,0,0,0,0,0,0,0,0,0,0,0,0,0,0,0,0,0,0,0,0,0,0,0,0,0,0,-666,0,0,70,6,12.011,1.262119,11.3,4,2.55,2.2,249.4,14.4,-0.392690633,-0.294968843,C,7,1,1,3.04,2.1,2.1,9,7.24,0.885,30.694
127,_propan-2-ylidene_aminyl,3.028 ,2.433 ,2.532 ,3.042 ,3.121 ,3.076 ,2.674 ,2.591 ,0.675,0.505,0.503,0.523,0.507,0.519,0.392,0.518,0.384,0.532,0.41,0.417,0.535,0.417,0.535,0.41,0.529,0.418,0.535,0.418,0.536,0.412,0.53,0.411,0.536,2.46,2.77,2.74,2.8,1.21,1.23,1.17,1.18,2.53,-0.347,-0.493,8.513888889,-2.897569444,8.513888889,1.430555556,0.35530881,56.088,50.04,56.05002419,23,0,0,0,0,0,-666,-666,-666,-1.98E-16,-0.244322203,-4.94E-17,-2.288897127,-1.15E-16,-2.30027721,0,-0.957786795,4.39899054,124.0523685,8.577350269,7.947213595,1.947213595,4.154700538,3.723606798,0.723606798,0.348606798,0.348606798,0,0,0,0,-0.04,63.57980789,0.432177934,1.297837838,1128.96,34.58430926,0,0,0,0,0,33.04930418,0,0,0,0,0,0,0,0,8.224551337,5.711685003,0,5.409283606,0,13.70378423,0,0,0,0,5.409283606,0,0,0,5.711685003,0,0,21.92833557,0,0,0,0,-666,19.41546924,0,0,0,0,0,0,0,0,0,13.63383494,38.87847222,0,0,8.513888889,-1.430555556,0,0,0,-5.795138889,0,0.666666667,4,0,1,0,0,0,0,0,0,0,0,1,-666,0,0,0,-666,0.2673,18.489,0,0,0,0,0,0,0,0,0,0,0,0,0,0,0,1,0,0,0,0,0,0,0,0,0,0,0,0,0,0,0,0,0,0,0,0,-666,0,0,0,0,0,0,0,0,0,0,0,0,0,0,0,0,0,-666,0,0,0,0,0,0,0,0,0,0,0,0,0,0,0,0,0,0,0,0,0,0,0,0,0,0,0,0,-666,0,0,100,7,32.06,2.07710403,7.4,6,3.04,0.001145,212.2,13.2,-0.409296261,-0.36023944,N,6,0,0,2.55,0,0,6,2.55,1.03,30.607
128,_pyridin-1-ium-1-yl_oxidanyl,9.761 ,8.374 ,8.715 ,8.794 ,9.879 ,8.700 ,8.684 ,8.537 ,0.539,0.472,0.247,0.168,0.188,0.166,0.162,0.169,0.163,0.189,0.181,0.176,0.177,0.243,0.242,0.183,0.184,0.167,0.168,0.243,0.242,0.19,0.192,0.231,0.235,1.55,1.69,1.68,1.7,0.85,0.87,0.84,0.76,1.45,-0.398,-0.461,10.78074074,-0.762962963,10.78074074,0.150092593,0.336491255,95.101,90.061,95.03711378,36,0,0,0,0,0,-666,-666,-666,11.20954437,-0.094101403,0.320795402,-2.184663941,0.429068974,-2.411780394,2.345309405,-0.806388725,3.428388404,229.8971934,9.464101615,8.355461886,3.355461886,5.464101615,4.129787781,1.629787781,0.892984382,0.892984382,0.439893891,0.439893891,0.216647795,0.216647795,-0.08,416.3143648,1.706856448,2.284554637,1.450252015,48.69240099,0,0,0,0,0,47.32275365,0,0,0,0,0,0,0,0,11.59262663,6.190652219,0,0,0,0,0,29.53947479,0,0,0,0,0,0,10.92948607,0,5.207253025,6.853792781,24.33222177,0,0,0,-666,30.52287399,5.207253025,0,4.738833854,0,0,0,0,0,0,6.853792781,34.87564815,0,0,10.78074074,0,0,-1.79712963,-1.525925926,0,0,0,7,0,2,0,0,0,0,0,0,1,0,2,-666,0,0,0,-666,0.651,27.9714,0,0,0,0,0,0,0,0,0,0,0,0,0,0,0,1,0,0,1,0,-666,0,0,0,0,0,3,0,0,0,0,0,0,0,0,0,-666,0,0,0,0,0,0,0,0,0,0,0,0,0,0,0,0,0,-666,0,0,0,0,0,0,0,0,0,0,0,0,0,0,0,0,0,0,0,0,0,0,0,0,0,0,0,0,-666,0,1,65,8,14.007,-1.4,5.3,5,3.44,0.001308,246.6,15.6,-0.383913622,-0.270936109,O,7,0,0,3.04,0,0,7,3.04,0.793,28.643
129,_tert-butoxy_methyl,1.714 ,1.173 ,1.225 ,1.577 ,1.799 ,1.566 ,1.323 ,1.237 ,0.787,0.718,0.5,0.55,0.569,0.552,0.467,0.552,0.449,0.561,0.722,0.543,0.573,0.529,0.568,0.515,0.558,0.542,0.572,0.533,0.571,0.523,0.563,0.484,0.542,5.78,5.6,5.61,5.58,7.63,7.6,7.66,7.56,5.36,-0.336,-0.49,7.05,-3.577546296,7.05,1.533912037,0.435689174,87.142,76.054,87.08098997,37,0,0,0,0,0,-666,-666,-666,-3.85E-16,-0.244322203,-2.38E-16,-2.613606218,-1.32E-16,-2.594547788,-1.36E-16,-1.106552913,5.932561053,220.4669306,14.28445705,13.90824829,2.90824829,7.166502219,6.65824829,1.15824829,0.78324829,0.78324829,0.153093109,0.153093109,0,0,-0.04,1223.707573,0.575630555,1.605659929,3.96,54.76724022,0,0,0,0,0,53.03383505,0,0,0,0,0,0,0,0,19.81520707,0,0,0,0,26.15672716,0,7.06190082,0,0,0,0,0,0,5.601050811,4.736862954,7.06190082,35.63402047,0,0,0,0,-666,33.21862798,0,0,0,0,0,0,0,0,4.736862954,15.07834412,80.9125,0,0,0,-3.577546296,0,0,0,-10.634375,-1.533912037,0.8,6,0,1,0,0,0,0,0,0,1,0,1,-666,0,0,0,-666,1.59309,26.195,0,0,0,0,0,0,0,0,0,0,0,0,0,0,0,0,0,0,0,0,0,0,0,0,0,0,0,0,0,0,0,0,0,0,0,0,-666,0,0,0,0,1,0,0,0,0,0,0,0,0,0,0,0,0,-666,0,0,0,0,0,0,0,0,0,0,0,0,0,0,0,0,0,0,0,0,0,0,0,0,0,0,0,0,-666,0,0,60,6,15.999,1.4611135,11.3,6,2.55,2.2,262.1,14.2,-0.425013166,-0.272634796,C,8,1,1,3.44,2.1,2.1,10,7.64,0.955,29.13
130,_trifluoromethanesulfonamido_methyl,2.510 ,1.913 ,2.016 ,2.441 ,2.598 ,2.456 ,2.130 ,2.046 ,0.76,0.68,0.49,0.535,0.554,0.539,0.443,0.539,0.424,0.552,0.662,0.521,0.565,0.519,0.563,0.499,0.553,0.523,0.567,0.523,0.566,0.503,0.555,0.467,0.532,2,2.25,2.23,2.28,1.06,1.09,1.02,1.02,2.01,-0.324,-0.477,11.51453704,-5.887731481,11.51453704,1.215277778,0.598928584,162.112,159.088,161.983659,55,0,0,0,0,0,-666,-666,-666,18.997,-0.1641585,0.501705322,-2.212532144,0.4192,-2.489321002,2.035818942,-0.656473756,4.894088425,248.7639251,10.15470054,6.805851886,4.622348467,5.104059275,2.957798767,2.9506485,1.012094172,2.607711087,0.412671216,1.238013648,0.051754917,0.155264751,0.02,188.4091502,4.777405279,2.331452781,2.011677764,54.18440556,0,0,0,0,0,52.98891785,0,0,0,0,0,0,0,0,25.74240132,10.02329115,0,4.715119614,0,5.508330501,0,6.999775261,0,0,4.715119614,13.17124514,0,0,13.92612749,10.02329115,6.999775261,2.741517112,0,1.411842078,0,0,-666,27.24651653,21.58904213,0,0,0,0,0,0,0,0,4.153359191,72.14275463,0,0,0,-5.650694444,0,0,0,-1.77099537,-5.887731481,0.5,9,1,3,0,0,0,0,0,0,-666,1,7,-666,0,0,0,-666,0.21719,23.4675,0,0,0,0,0,0,0,0,0,0,0,0,0,0,0,0,1,0,0,0,-666,0,0,0,0,3,0,0,0,0,0,0,0,0,0,0,-666,0,0,0,0,0,0,0,3,0,0,0,0,0,0,0,0,0,-666,0,0,0,0,0,0,0,0,0,0,0,0,0,0,0,0,0,0,0,0,0,1,0,0,0,0,0,0,-666,0,0,70,6,12.011,1.262119,11.3,4,2.55,2.2,276,15.9,-0.475793589,-0.334491191,C,7,1,1,3.04,2.1,2.1,9,7.24,0.969,29.335
131,_trifluoromethyl_sulfanyl,6.448 ,5.570 ,5.697 ,6.466 ,6.579 ,6.515 ,5.919 ,5.788 ,0.902,0.784,0.829,0.809,0.838,0.821,0.735,0.81,0.72,0.854,0.761,0.747,0.858,0.747,0.858,0.743,0.854,0.748,0.859,0.748,0.859,0.744,0.855,0.767,0.877,5.99,6.69,6.64,6.77,3.09,3.19,3.05,3.11,5.69,-0.694,-0.78,10.16898148,-4.416666667,10.16898148,2.826388889,0.435324679,101.072,101.072,100.9672807,31,0,0,0,0,0,-666,-666,-666,32.11733106,11.55910055,2.191823438,-1.850732147,2.170297381,-1.893221924,7.807255602,-0.030332606,3.023715784,22.36452798,4.5,2.042141709,2.85863829,2,0.771070855,1.179319145,0.445740739,0.908650789,0,0,0,0,0.14,3.609640474,5.14,1.082736793,967.3236735,32.3909239,0,0,0,0,0,31.30836479,0,0,0,0,0,0,0,0,13.17124514,12.62878915,0,0,0,5.508330501,0,0,0,0,0,13.17124514,0,12.62878915,5.508330501,0,0,0,0,0,0,0,0,5.508330501,13.17124514,0,0,0,0,0,0,0,12.62878915,0,30.50694444,2.826388889,0,0,-4.416666667,0,0,0,0,0,1,5,0,0,0,0,0,0,0,0,0,0,4,0,0,0,0,-666,1.7037,13.646,0,0,0,0,0,0,0,0,0,0,0,0,0,0,0,0,0,0,0,0,0,0,0,0,0,3,0,0,0,0,0,0,0,0,0,0,-666,0,0,0,0,0,0,0,3,0,0,0,0,0,0,0,0,0,-666,0,0,0,0,0,0,0,0,0,0,0,0,0,0,0,0,0,0,0,0,0,0,0,0,0,0,0,0,-666,0,0,70,16,12.011,1.262119,19.4,4,2.58,2.07,203.8,13.5,-0.454679767,-0.454592351,S,6,0,0,2.55,0,0,6,2.55,0.998,25.168
132,_triisopropylsilyl_sulfanyl,5.996 ,5.160 ,5.251 ,6.020 ,6.170 ,6.085 ,5.338 ,5.185 ,0.833,0.696,0.411,0.319,0.385,0.318,0.292,0.321,0.298,0.396,0.331,0.333,0.393,0.333,0.393,0.336,0.397,0.333,0.393,0.332,0.392,0.336,0.396,0.402,0.47,5.63,6.59,6.51,6.7,2.51,2.62,2.49,2.55,5.24,-0.318,-0.342,8.401311728,-7.114583333,8.401311728,4.321604938,0.578741558,189.42,168.252,189.1133232,67,0,0,0,0,0,-666,-666,-666,-1.34E-15,-0.249141065,-4.84E-16,-2.786470713,-6.28E-16,-2.731250367,-6.12E-16,-1.080731963,8.693430517,547.9024805,27,26.40824829,7.224744871,13.25,12.95412415,5.587117307,1.806186218,6.505675961,1.056186218,5.005675961,0.375,1.125,0.566883117,499712.9221,1.296124589,3.991025572,2.249648052,107.3426782,0,0,0,0,0,105.7504013,0,0,0,0,0,0,0,0,28.78592968,19.30142343,0,0,0,57.66304822,0,0,0,0,0,0,0,12.0781045,7.223318931,0,0,69.89728238,0,16.55169552,0,0,0,64.88636715,0,0,0,0,0,0,0,0,0,40.86403418,162.5014352,4.911527778,0,0,-13.75763889,0,0,0,-25.92962963,-7.114583333,1,11,0,0,0,0,0,0,0,0,0,0,2,-666,0,0,0,-666,4.3594,58.639,0,0,0,0,0,0,0,0,0,0,0,0,0,0,0,0,0,0,0,0,0,0,0,0,0,0,0,0,0,0,0,0,0,0,0,0,-666,0,0,0,0,0,0,0,0,0,0,0,0,0,0,0,0,0,-666,0,0,0,0,0,0,0,0,0,0,0,0,0,0,0,0,0,0,0,0,0,0,0,0,0,0,0,0,-666,0,0,100,16,32.06,2.07710403,19.4,6,2.58,2.07,387.1,18.1,-0.370540043,-0.370324868,S,14,0,0,1.9,0,0,14,1.9,0.918,40.277
133,_trimethoxyphosphaniumyl_boranuidyl,3.574 ,2.541 ,2.591 ,3.439 ,3.837 ,3.461 ,2.637 ,2.440 ,0.812,0.548,0.673,0.735,0.73,0.75,0.475,0.736,0.446,0.747,0.541,0.521,0.759,0.514,0.755,0.491,0.74,0.521,0.758,0.518,0.758,0.499,0.746,0.448,0.713,2.36,2.91,2.86,2.98,0.84,0.83,0.83,0.8,2.58,-0.335,-0.659,7.113966049,-4.786844136,7.113966049,2.394652778,0.411321648,136.904,125.816,137.0538862,49,0,0,0,0,0,-666,-666,-666,3.02E-16,-0.24552904,-1.77E-16,-2.486136057,-1.33E-16,-2.388579108,-1.15E-16,-0.957803605,5.482960609,254.2372232,15.69867061,14.74930874,4.643735927,8.064696017,7.072994421,3.030136777,0.813695843,2.441087528,0.381720681,1.145162042,0.055901699,0.167705098,0.374935065,2670.804004,1.349106467,3.410147743,2.095490386,66.62303284,0,0,0,0,0,65.00775432,0,0,0,0,0,0,0,0,25.90806849,15.314403,2.671425448,0,0,0,21.11385738,0,0,0,0,0,0,7.821790189,31.27789564,13.57124149,0,12.33682701,0,0,0,0,-666,36.42826038,0,0,0,0,0,0,0,0,13.57124149,15.00825245,88.43161265,0,0,0,0,0,0,0,0,-17.04272377,1,8,0,3,0,0,0,0,0,0,3,0,5,-666,0,0,0,-666,0.2363,36.491,0,0,0,0,0,0,0,0,0,0,0,0,0,0,0,0,0,0,0,0,0,0,0,0,0,0,0,0,0,0,0,0,0,0,0,0,-666,0,0,0,0,0,0,0,0,0,0,0,0,0,0,0,0,0,-666,0,0,0,0,0,0,0,0,0,0,0,0,0,0,0,0,0,0,0,0,0,0,0,0,0,0,0,0,-666,0,0,85,5,10.81,0.279723,20.5,3,2.04,2.34,320.9,15.9,-0.388722831,-0.237869457,B,15,1,1,2.19,2.1,2.1,17,6.39,0.719,31.975
134,_trimethylazaniumyl_boranuidyl,1.541 ,1.097 ,1.123 ,1.562 ,1.691 ,1.616 ,1.086 ,1.001 ,0.965,0.796,0.81,0.868,0.878,0.873,0.643,0.862,0.619,0.874,0.644,0.751,0.88,0.75,0.88,0.72,0.867,0.753,0.881,0.756,0.883,0.726,0.869,0.7,0.84,1.05,1.42,1.39,1.47,0.29,0.25,0.27,0.24,1.12,-0.495,-0.799,7.024305556,-3.509259259,7.024305556,2.548611111,-666,71.94,60.852,72.09845475,31,0,0,0,0,0,-666,-666,-666,0.00E+00,0,0.00E+00,0,0.00E+00,0,0.00E+00,0,6.052658863,209.3868648,13.57735027,13.52456386,2.524563865,6.693375673,6.583719821,0.929019283,0.722708531,0.722708531,0,0,0,0,0.024935065,684.8548583,0.360597742,1.014579889,26543.61521,49.97267346,0,0,0,0,0,48.2377922,0,0,0,0,0,0,0,0,12.33682701,7.908015173,2.671425448,4.394043868,0,0,20.9274807,0,0,0,0,0,0,0,35.90096519,0,0,12.33682701,0,0,0,0,-666,33.22953974,0,0,0,0,0,0,0,0,0,15.00825245,74.6875,0,0,0,0,0,0,0,-10.52777778,-2.576388889,1,5,0,1,0,0,0,0,0,0,0,0,2,-666,0,0,0,-666,-0.7384,28.155,0,0,0,0,0,0,0,0,0,0,0,0,0,0,0,1,0,0,0,0,-666,0,0,0,0,0,0,0,0,0,0,0,0,0,0,0,-666,0,0,0,0,0,0,0,0,0,0,0,0,0,0,0,0,0,-666,0,0,0,0,0,0,0,0,0,0,0,0,0,0,0,0,0,0,0,0,0,0,0,0,0,0,0,0,-666,0,0,85,5,10.81,0.279723,20.5,3,2.04,2.34,249.3,13.8,-0.346521124,-0.164067715,B,7,1,1,3.04,2.1,2.1,9,7.24,1.034,32.615
135,_trimethylsilyl_aminyl,4.268 ,3.501 ,3.646 ,4.285 ,4.390 ,4.331 ,3.798 ,3.687 ,0.852,0.628,0.483,0.439,0.502,0.446,0.362,0.436,0.347,0.522,0.44,0.45,0.527,0.45,0.527,0.438,0.518,0.451,0.528,0.452,0.529,0.44,0.52,0.439,0.525,3.56,4.02,3.99,4.07,1.77,1.84,1.72,1.76,3.64,-0.309,-0.418,7.009645062,-5.082561728,7.009645062,2.534722222,0.39597909,88.206,78.126,88.05825085,31,0,0,0,0,0,-666,-666,-666,-1.95E-15,-0.244322203,-9.85E-17,-2.582459099,-0.125954669,-2.655304965,-1.51E-16,-0.94445925,5.7760469,186.2535749,12.70710678,12.4472136,3.447213595,6.310660172,5.920820393,2.920820393,0.710410197,2.13123059,0,0,0,0,0.176883117,508.040299,0.449377669,1.104882332,632.6299958,48.37772563,0,0,0,0,0,46.80189216,0,0,0,0,0,0,0,0,13.74866908,8.235460877,0,5.392263387,0,19.42549881,0,0,0,0,5.392263387,0,0,0,8.235460877,0,0,12.33682701,0,20.83734089,0,0,-666,27.66095969,0,0,0,0,0,0,0,0,5.392263387,13.74866908,69.76832562,0,0,2.534722222,0,0,0,0,-9.776041667,-5.082561728,1,5,1,1,0,0,0,0,0,0,0,0,2,-666,0,0,0,-666,1.1042,26.4427,0,0,0,0,0,0,0,0,0,0,0,0,0,0,0,0,1,0,0,0,0,0,0,0,0,0,0,0,0,0,0,0,0,0,0,0,-666,0,0,0,0,0,0,0,0,0,0,0,0,0,0,0,0,0,-666,0,0,0,0,0,0,0,0,0,0,0,0,0,0,0,0,0,0,0,0,0,0,0,0,0,0,0,0,-666,0,0,65,7,14.007,-1.4,7.4,5,3.04,0.001145,270.1,15.6,-0.37865431,-0.375943664,N,14,1,0,1.9,2.1,2.1,15,6.1,0.989,36.447
136,_trimethylsilyl_methyl,3.286 ,2.569 ,2.659 ,3.304 ,3.415 ,3.352 ,2.818 ,2.714 ,0.881,0.686,0.656,0.671,0.716,0.682,0.53,0.671,0.507,0.733,0.793,0.686,0.746,0.685,0.745,0.66,0.731,0.688,0.747,0.69,0.748,0.665,0.734,0.629,0.718,2.52,2.9,2.86,2.94,1.19,1.24,1.16,1.18,2.66,-0.375,-0.585,7.092978395,-5.227623457,7.092978395,1.493055556,0.394404692,87.218,76.13,87.06300188,31,0,0,0,0,0,-666,-666,-666,-3.30E-15,-0.244322203,-2.97E-16,-2.625466914,-0.147916463,-2.636282679,-9.56E-16,-0.943989423,6.052658863,206.1417523,13.57735027,13.5,3.5,6.693375673,6.5,3,0.75,2.25,0,0,0,0,0.216883117,684.8548583,0.400629407,1.12905922,440.5808976,50.66974012,0,0,0,0,0,49.07682986,0,0,0,0,0,0,0,0,15.07834412,8.073872301,0,0,0,19.42549881,0,6.499114632,0,0,0,0,0,0,8.073872301,0,6.499114632,15.07834412,0,19.42549881,0,0,0,33.99848575,0,0,0,0,0,0,0,0,0,15.07834412,77.86651235,0,0,0,0,0,0,0,-11.52777778,-5.227623457,0.75,5,0,0,0,0,0,0,0,0,0,0,1,-666,0,0,0,-666,1.69789,28.703,0,0,0,0,0,0,0,0,0,0,0,0,0,0,0,0,0,0,0,0,0,0,0,0,0,0,0,0,0,0,0,0,0,0,0,0,-666,0,0,0,0,0,0,0,0,0,0,0,0,0,0,0,0,0,-666,0,0,0,0,0,0,0,0,0,0,0,0,0,0,0,0,0,0,0,0,0,0,0,0,0,0,0,0,-666,0,0,70,6,12.011,1.262119,11.3,4,2.55,2.2,278.4,15.6,-0.388975371,-0.329633856,C,14,1,1,1.9,2.1,2.1,16,6.1,1.014,34.879
137,_trimethylsilyl_oxidanyl,6.817 ,4.646 ,4.892 ,5.361 ,7.061 ,5.191 ,4.930 ,4.592 ,0.8,0.584,0.231,0.165,0.184,0.155,0.161,0.162,0.163,0.163,0.143,0.162,0.147,0.194,0.168,0.172,0.16,0.158,0.144,0.191,0.165,0.174,0.161,0.212,0.203,5.17,5.86,5.81,5.94,2.49,2.56,2.46,2.47,4.89,-0.206,-0.212,11.61805556,-5.604166667,11.61805556,3.46875,0.398001796,89.19,80.118,89.04226644,31,0,0,0,0,0,-666,-666,-666,-2.69E-16,-0.244322203,-8.40E-17,-2.52693012,-2.88E-16,-2.59436307,-7.43E-17,-0.946898325,5.542725538,173.5285314,12,11.40824829,3.40824829,5.75,5.454124145,2.862372436,0.681186218,2.043558654,0,0,0,0,0.176883117,312.0805106,0.520172774,1.104882332,632.6299958,46.41241928,0,0,0,0,0,44.87538854,0,0,0,0,0,0,0,0,17.13249647,8.317393253,0,0,0,19.42549881,0,0,0,0,0,0,0,0,8.317393253,4.795669467,0,12.33682701,0,19.42549881,0,0,-666,27.74289207,4.795669467,0,0,0,0,0,0,0,0,12.33682701,60.83680556,0,11.61805556,0,0,0,0,0,-10.40625,-5.604166667,1,5,0,1,0,0,0,0,0,0,0,0,2,-666,0,0,0,-666,1.2518,24.0325,0,0,0,0,0,0,0,0,0,0,0,0,0,0,0,0,0,0,0,0,0,0,0,0,0,0,0,0,0,0,0,0,0,0,0,0,-666,0,0,0,0,0,0,0,0,0,0,0,0,0,0,0,0,0,-666,0,0,0,0,0,0,0,0,0,0,0,0,0,0,0,0,0,0,0,0,0,0,0,0,0,0,0,0,-666,0,0,60,8,15.999,1.4611135,5.3,6,3.44,0.001308,264.5,15.3,-0.398222336,-0.396265149,O,14,0,0,1.9,0,0,14,1.9,0.922,38.231
138,_trimethylsilyl_sulfanyl,5.795 ,4.947 ,5.050 ,5.817 ,5.952 ,5.876 ,5.181 ,5.034 ,0.859,0.695,0.612,0.528,0.591,0.532,0.467,0.525,0.462,0.619,0.532,0.526,0.616,0.526,0.616,0.525,0.615,0.526,0.617,0.526,0.617,0.525,0.615,0.588,0.684,5.48,6.37,6.3,6.47,2.42,2.5,2.4,2.44,5.05,-0.472,-0.538,6.967978395,-4.770833333,6.967978395,3.09837963,0.413402522,105.258,96.186,105.0194228,31,0,0,0,0,0,-666,-666,-666,-2.50E-16,-0.244322203,-2.60E-16,-2.554800036,-2.24E-16,-2.559368751,-2.72E-16,-0.938274752,5.542725538,173.5285314,12,11.40824829,4.224744871,5.75,5.454124145,4.087117307,0.681186218,3.880675961,0,0,0,0,0.566883117,312.0805106,0.630800065,1.347345822,93.63647107,52.29337951,0,0,0,0,0,51.06374925,0,0,0,0,0,0,0,0,12.33682701,19.30142343,0,0,0,19.42549881,0,0,0,0,0,0,0,12.0781045,7.223318931,0,0,12.33682701,0,19.42549881,0,0,0,26.64881775,0,0,0,0,0,0,0,0,12.0781045,12.33682701,62.71180556,4.465277778,0,0,0,0,0,0,-9.295138889,-4.770833333,1,5,0,0,0,0,0,0,0,0,0,0,2,-666,0,0,0,-666,2.0188,30.937,0,0,0,0,0,0,0,0,0,0,0,0,0,0,0,0,0,0,0,0,0,0,0,0,0,0,0,0,0,0,0,0,0,0,0,0,-666,0,0,0,0,0,0,0,0,0,0,0,0,0,0,0,0,0,-666,0,0,0,0,0,0,0,0,0,0,0,0,0,0,0,0,0,0,0,0,0,0,0,0,0,0,0,0,-666,0,0,100,16,32.06,2.07710403,19.4,6,2.58,2.07,280.5,16.6,-0.377954832,-0.37781877,S,14,0,0,1.9,0,0,14,1.9,0.952,30.484
139,_triphenylmethyl_sulfanyl,5.801 ,4.953 ,5.058 ,5.826 ,5.985 ,5.895 ,5.111 ,4.952 ,0.762,0.708,0.35,0.25,0.34,0.261,0.238,0.247,0.228,0.341,0.263,0.278,0.333,0.278,0.333,0.285,0.341,0.277,0.332,0.276,0.331,0.284,0.34,0.34,0.396,5.33,6.3,6.21,6.41,2.29,2.4,2.29,2.32,5.05,-0.228,-0.243,8.425094955,-2.769444444,8.425094955,0.781887755,0.577985079,275.396,260.276,275.0894465,97,0,0,0,0,0,-666,-666,-666,11.17992939,-0.094148367,0.502550851,-2.457416349,0.576317953,-2.355886944,2.753837087,-0.450822218,2.678055044,1195.252095,26.89230485,24.90824829,10.72474487,16.02627944,12.95412415,5.862372436,3.681186218,4.293558654,2.556186218,3.168558654,1.653093109,1.959279327,0.35,22325055.55,5.46191755,7.073522116,3.0798403,146.3139125,0,0,0,0,0,145.4375797,0,0,0,0,0,0,0,0,20.56137834,12.62878915,0,0,0,4.747022453,0,107.5003898,0,0,0,0,0,12.62878915,4.747022453,0,0,20.56137834,107.5003898,0,0,0,0,112.2474122,0,0,0,0,0,0,0,0,0,33.19016749,119.6287286,5.710311791,0,0,-2.345663265,0,-13.07671044,0,0,0,0.052631579,20,0,0,0,0,0,0,0,0,0,0,1,-666,0,0,0,-666,5.0799,89.411,0,0,0,0,0,0,0,0,0,0,0,0,0,0,0,0,0,0,0,0,0,0,0,0,0,0,15,0,0,0,0,0,0,0,0,0,-666,0,0,0,0,0,0,0,0,0,0,0,0,0,0,0,0,0,-666,0,0,0,0,0,0,0,0,0,0,0,0,0,0,0,0,0,0,0,0,0,0,0,0,0,0,0,0,-666,0,0,100,16,32.06,2.07710403,19.4,6,2.58,2.07,482.6,20.5,-0.368239779,-0.367378581,S,6,0,0,2.55,0,0,6,2.55,0.905,41.212
140,"1,1,1,3,3,3-hexafluoro-2-hydroxypropan-2-yl",3.298 ,2.608 ,2.711 ,3.177 ,3.381 ,3.187 ,2.905 ,2.833 ,0.548,0.421,0.457,0.446,0.446,0.459,0.342,0.455,0.324,0.468,0.446,0.364,0.479,0.343,0.456,0.346,0.476,0.361,0.481,0.346,0.456,0.352,0.474,0.326,0.459,2.72,2.98,2.96,3.01,1.53,1.63,1.48,1.5,2.71,-0.259,-0.433,11.2143287,-5.666666667,11.2143287,2.395833333,0.54683057,167.028,166.02,166.993159,61,0,0,0,0,0,-666,-666,-666,19.40203117,-0.061582932,1.885979694,-2.188227869,1.864888142,-2.365011751,3.829660708,-0.78366356,4.426424983,112.7695353,9.28445705,5.176035129,4.176035129,4.692705341,2.246265855,1.838017564,1.324642283,1.324642283,0.51492838,0.51492838,0.160714286,0.160714286,-0.46,99.86017018,7.644821803,2.296528024,2.421671467,52.74822218,0,0,0,0,0,51.33906156,0,0,0,0,0,0,0,0,32.88249813,0,0,0,0,12.35259703,0,6.103966388,0,0,0,26.34249029,0,0,17.46140523,0,6.103966388,1.431199657,0,0,0,0,-666,18.45656342,26.34249029,0,0,0,0,0,0,0,5.108808191,1.431199657,72.78009259,0,0,2.395833333,0,0,0,-14.50925926,0,0,0.666666667,10,1,1,0,0,0,0,0,0,1,1,7,-666,0,0,0,-666,2.01549,17.2888,0,1,1,0,0,0,0,0,0,0,0,0,0,0,0,0,0,0,0,0,0,0,0,0,0,6,0,0,0,0,0,0,0,0,0,0,-666,0,0,0,0,0,0,0,6,0,0,0,0,0,0,0,0,0,-666,0,0,0,0,0,0,0,0,0,0,0,0,0,0,0,0,0,0,0,0,0,0,0,0,0,0,0,0,-666,0,0,70,6,12.011,1.262119,11.3,4,2.55,2.2,265.8,13.6,-0.529510327,-0.410062104,C,8,6,6,3.44,2.55,2.55,20,8.54,0.806,62.946
141,"1,1,1,3,3,3-hexamethyl-2-__trimethylsilyl_oxy_trisilan-2-yl",3.182 ,2.426 ,2.462 ,3.145 ,3.335 ,3.179 ,2.628 ,2.504 ,0.736,0.577,0.547,0.6,0.589,0.604,0.449,0.598,0.429,0.617,0.397,0.517,0.625,0.512,0.626,0.494,0.608,0.519,0.625,0.516,0.629,0.498,0.612,0.509,0.624,2.59,3.2,3.14,3.28,1.08,1.12,1.05,1.07,2.45,-0.334,-0.53,8.033187516,-7.194598765,8.033187516,4.392713057,0.703526847,263.658,236.442,263.1138966,85,0,0,0,0,0,-666,-666,-666,-6.97E-16,-0.246410263,-3.52E-16,-2.745971043,-4.48E-16,-2.87232725,-3.72E-16,-0.949507278,9.445686753,754.7280516,34.28445705,33.90824829,10.90824829,17.08915195,16.65824829,12.47474487,2.612372436,17.17423461,0.936341399,17.0141899,0.587436218,15.86077788,0.827532468,15164229.83,1.700795083,4.366294187,5.646104972,132.6508079,0,0,0,0,0,130.9776072,0,0,0,0,0,0,0,0,41.12562812,31.57548262,0,0,0,58.27649644,0,0,0,0,0,0,0,0,31.57548262,4.115147098,0,37.01048102,0,58.27649644,0,0,-666,89.85197906,0,0,0,0,0,0,0,0,0,41.12562812,220.2933925,0,0,0,0,0,0,0,-40.20099285,-27.33314043,1,14,0,1,0,0,0,0,0,0,1,0,5,-666,0,0,0,-666,3.6626,76.877,0,0,0,0,0,0,0,0,0,0,0,0,0,0,0,0,0,0,0,0,0,0,0,0,0,0,0,0,0,0,0,0,0,0,0,0,-666,0,0,0,0,0,0,0,0,0,0,0,0,0,0,0,0,0,-666,0,0,0,0,0,0,0,0,0,0,0,0,0,0,0,0,0,0,0,0,0,0,0,0,0,0,0,0,-666,0,0,110,14,28.085,1.3895211,37.3,4,1.9,2.3296,504.5,20.4,-0.322054451,-0.263252728,Si,14,14,8,1.9,1.9,3.44,36,7.24,0.818,69.958
142,"1,1,1,3,3,3-hexamethyl-2-_trimethylsilyl_trisilan-2-yl",3.849 ,3.041 ,3.059 ,3.873 ,4.022 ,3.936 ,3.258 ,3.132 ,0.789,0.555,0.672,0.733,0.688,0.722,0.498,0.711,0.476,0.766,0.318,0.58,0.75,0.579,0.75,0.548,0.733,0.582,0.751,0.585,0.753,0.554,0.736,0.57,0.749,3.18,3.86,3.8,3.95,1.38,1.44,1.37,1.38,3.05,-0.364,-0.645,8.108719136,-7.393981481,8.108719136,4.599408436,0.666886717,247.659,220.443,247.118982,79,0,0,0,0,0,-666,-666,-666,-1.17E-15,-0.246405249,-2.48E-16,-2.811855942,-4.60E-16,-2.945570409,-2.98E-16,-0.940099454,10.10105659,663.7111772,33.57735027,33.5,10.5,16.6160254,16.5,13.5,2.625,23.625,1.125,30.375,0.84375,22.78125,0.867532468,9192424.821,1.444611353,3.789802429,4.26900785,127.0791009,0,0,0,0,0,125.4104617,0,0,0,0,0,0,0,0,37.01048102,30.12348429,0,0,0,58.27649644,0,0,0,0,0,0,0,0,30.12348429,0,0,37.01048102,0,58.27649644,0,0,0,88.39998073,0,0,0,0,0,0,0,0,0,37.01048102,218.9354167,0,0,0,0,0,0,0,-41.39467593,-28.28148148,1,13,0,0,0,0,0,0,0,0,0,0,4,-666,0,0,0,-666,3.731,75.792,0,0,0,0,0,0,0,0,0,0,0,0,0,0,0,0,0,0,0,0,0,0,0,0,0,0,0,0,0,0,0,0,0,0,0,0,-666,0,0,0,0,0,0,0,0,0,0,0,0,0,0,0,0,0,-666,0,0,0,0,0,0,0,0,0,0,0,0,0,0,0,0,0,0,0,0,0,0,0,0,0,0,0,0,-666,0,0,110,14,28.085,1.3895211,37.3,4,1.9,2.3296,477.1,20.3,-0.331757084,-0.272145813,Si,14,14,14,1.9,1.9,1.9,42,5.7,0.862,76.129
143,"1,1,2,2-tetrafluoropropan-1-yl",3.028 ,2.460 ,2.603 ,3.040 ,3.112 ,3.071 ,2.708 ,2.632 ,0.684,0.7,0.417,0.433,0.467,0.437,0.351,0.433,0.344,0.456,0.373,0.371,0.461,0.371,0.46,0.36,0.453,0.372,0.461,0.373,0.462,0.362,0.454,0.344,0.441,2.52,2.8,2.78,2.83,1.34,1.38,1.27,1.29,2.6,-0.293,-0.396,11.7037037,-4.979166667,11.7037037,3.381944444,0.458651947,115.049,112.025,115.017088,43,0,0,0,0,0,-666,-666,-666,18.997,-0.164810424,0,-2.295144762,0.4192,-2.341904098,1.107,-0.713440688,4.403817967,117.4064488,8.577350269,6.011857892,3.011857892,4.193375673,2.755928946,1.255928946,0.834803852,0.834803852,0.237348261,0.237348261,0,0,-0.28,69.54184355,2.891534383,1.675895968,2.419300699,42.34618837,0,0,0,0,0,40.87380189,0,0,0,0,0,0,0,0,21.67393586,0,0,0,0,12.77442129,0,6.425444745,0,0,0,17.56166019,0,0,5.922529168,0,6.425444745,10.96416779,0,0,0,0,0,19.19986603,17.56166019,0,0,0,0,0,0,0,0,4.112275669,63.48032407,0,0,0,0,-4.979166667,0,-3.381944444,-3.952546296,0,0.666666667,7,0,0,0,0,0,0,0,0,0,0,4,-666,0,0,0,-666,2.07009,16.08,0,0,0,0,0,0,0,0,0,0,0,0,0,0,0,0,0,0,0,0,0,0,0,0,0,2,0,0,0,0,0,0,0,0,0,0,-666,0,0,0,0,0,0,0,4,0,0,0,0,0,0,0,0,0,-666,0,0,0,0,0,0,0,0,0,0,0,0,0,0,0,0,0,0,0,0,0,0,0,0,0,0,0,0,-666,0,0,70,6,12.011,1.262119,11.3,4,2.55,2.2,235.5,13,-0.496858538,-0.397192961,C,6,9,9,2.55,3.98,3.98,24,10.51,0.907,48.178
144,"1,1,3,3,3-pentachloro-2-oxopropyl",6.419 ,4.866 ,4.960 ,5.901 ,6.629 ,5.881 ,5.283 ,5.060 ,0.323,0.228,0.213,0.209,0.207,0.203,0.15,0.198,0.141,0.237,0.208,0.174,0.227,0.171,0.229,0.165,0.222,0.176,0.226,0.173,0.23,0.166,0.224,0.16,0.213,5.18,5.93,5.87,6.01,2.43,2.57,2.41,2.44,4.95,-0.101,-0.182,10.46759259,-2.042824074,10.46759259,0.560185185,0.631799253,229.297,229.297,226.839178,53,0,0,0,0,0,-666,-666,-666,35.58270073,10.50177538,2.35042269,-2.066764694,2.331966815,-2.197765659,6.816067413,-0.114422455,4.055701378,113.8617399,7.654700538,3.798070656,7.577715386,3.854059275,1.649035328,3.538857693,1.087294022,4.31791949,0.429106983,1.287320949,0.107142857,0.964285714,1.41,50.07031062,10.41,3.70104239,3.968759211,77.14698849,0,0,0,0,0,77.21128721,0,0,0,0,0,0,0,0,4.794537184,63.7879444,0,0,0,3.792535936,0,4.83626969,0,0,0,0,0,58.00469945,9.575780882,4.794537184,4.83626969,0,0,0,0,0,-666,14.41205057,4.794537184,0,0,0,0,0,0,0,0,58.00469945,-2.042824074,25.19483025,9.907407407,0,0,-0.920524691,0,0,0,0,0.333333333,9,0,1,0,0,0,0,0,0,1,0,6,-666,0,0,0,-666,2.89279,40.246,0,0,0,0,0,0,0,0,0,0,1,1,0,0,0,0,0,0,0,0,0,0,0,0,0,3,0,0,0,0,0,0,0,0,0,0,-666,0,0,0,0,0,0,0,5,0,0,0,0,0,0,1,1,0,-666,0,0,0,0,0,0,0,0,0,0,0,0,0,0,0,0,0,0,0,0,0,0,0,0,0,0,0,0,-666,0,0,70,6,12.011,1.262119,11.3,4,2.55,2.2,316.5,18.6,-0.443992871,-0.405877671,C,6,17,17,2.55,3.16,3.16,40,8.87,0.622,65.094
145,"1,1-dichloro-2-oxobutyl",5.379 ,3.935 ,4.022 ,4.833 ,5.564 ,4.799 ,4.311 ,4.099 ,0.372,0.262,0.235,0.246,0.243,0.24,0.177,0.236,0.167,0.273,0.233,0.201,0.266,0.198,0.265,0.192,0.259,0.203,0.266,0.2,0.266,0.193,0.261,0.184,0.245,4.22,4.86,4.8,4.93,1.92,2.03,1.9,1.92,4.02,-0.124,-0.209,10.77530093,-3.056435185,10.77530093,0.892476852,0.572153984,139.989,134.949,138.9717451,41,0,0,0,0,0,-666,-666,-666,11.47845561,-0.247445811,0,-2.370321597,2.14E-18,-2.336255848,2.135126664,-1.046002081,4.742784454,186.3774663,10.15470054,8.164177236,4.676035129,5.104059275,3.832088618,2.088017564,0.714534953,1.663927998,0.28517383,0.628459416,0.047245559,0.141736677,0.54,188.4091502,2.421671467,3.53064934,3.151620795,59.62698443,0,0,0,0,0,58.6945414,0,0,0,0,0,0,0,0,11.64832996,28.98512473,0,0,0,13.22481702,0,4.83626969,0,0,0,0,0,23.20187978,5.783244946,4.794537184,4.83626969,20.0786098,0,0,0,0,-666,23.84433166,4.794537184,0,0,0,0,0,0,0,0,30.05567256,33.75361111,9.922700617,9.882824074,0,0,-1.425154321,0,-3.021990741,-3.056435185,0,0.5,7,0,1,0,0,0,0,0,0,1,0,3,-666,0,0,0,-666,1.93259,30.247,0,0,0,0,0,0,0,0,0,0,1,1,0,0,0,0,0,0,0,0,0,0,0,0,0,0,0,0,0,0,0,0,0,0,0,0,-666,0,0,0,0,0,0,0,2,0,0,0,0,0,0,1,1,0,-666,0,0,0,0,0,0,0,0,0,0,0,0,0,0,0,0,0,0,0,0,0,0,0,0,0,0,0,0,-666,0,0,70,6,12.011,1.262119,11.3,4,2.55,2.2,283.4,16.2,-0.413249153,-0.375521866,C,6,17,17,2.55,3.16,3.16,40,8.87,0.688,58.77
146,"1,1-difluoropropan-1-yl",2.217 ,1.770 ,1.878 ,2.227 ,2.286 ,2.252 ,1.957 ,1.896 ,0.71,0.767,0.42,0.441,0.465,0.446,0.346,0.442,0.341,0.46,0.369,0.371,0.466,0.371,0.466,0.359,0.458,0.372,0.467,0.373,0.468,0.362,0.46,0.342,0.446,1.8,2.02,2.01,2.05,0.9,0.93,0.85,0.86,1.88,-0.281,-0.403,11.49020833,-3.479166667,11.49020833,2.715277778,0.449396803,79.069,74.029,79.0359316,31,0,0,0,0,0,-666,-666,-666,1.14E-15,-0.179637105,-0.066865557,-2.379523138,6.94E-18,-2.255196029,1.76E-19,-0.917587724,4.403817967,116.5516958,8.577350269,7.255928946,2.255928946,4.193375673,3.377964473,0.877964473,0.385410808,0.385410808,0.094491118,0.094491118,0,0,-0.14,69.54184355,0.922451274,2.119067358,3.86,36.82505856,0,0,0,0,0,35.28488464,0,0,0,0,0,0,0,0,15.63462288,0,0,0,0,13.22481702,0,6.425444745,0,0,0,8.780830095,0,0,0,0,6.425444745,20.0786098,0,0,0,0,0,19.65026176,8.780830095,0,0,0,0,0,0,0,0,6.853792781,54.64699074,0,0,0,0,0,0,-6.194444444,-3.28587963,0,0.666666667,5,0,0,0,0,0,0,0,0,0,0,2,-666,0,0,0,-666,1.82489,15.75,0,0,0,0,0,0,0,0,0,0,0,0,0,0,0,0,0,0,0,0,0,0,0,0,0,0,0,0,0,0,0,0,0,0,0,0,-666,0,0,0,0,0,0,0,2,0,0,0,0,0,0,0,0,0,-666,0,0,0,0,0,0,0,0,0,0,0,0,0,0,0,0,0,0,0,0,0,0,0,0,0,0,0,0,-666,0,0,70,6,12.011,1.262119,11.3,4,2.55,2.2,219.2,12.8,-0.464409206,-0.350959107,C,6,9,9,2.55,3.98,3.98,24,10.51,0.923,41.32
147,"1,1prime-biphenyl-2-yl",3.526 ,2.889 ,2.996 ,3.543 ,3.648 ,3.588 ,3.076 ,2.974 ,0.686,0.505,0.402,0.404,0.476,0.442,0.294,0.407,0.27,0.48,0.291,0.292,0.497,0.291,0.497,0.274,0.482,0.293,0.498,0.295,0.5,0.277,0.485,0.251,0.464,2.83,3.2,3.17,3.24,1.41,1.45,1.38,1.41,2.99,-0.173,-0.292,7.818953137,-0.563137755,7.818953137,0.237962963,0.589990818,153.204,144.132,153.0704253,57,0,0,0,0,0,-666,-666,-666,10.89030608,-0.094130353,0.491285878,-2.28654859,0.545499423,-2.085721664,2.571509726,-0.445378136,2.803380613,722.3172862,16.05795974,15,6,9.67931567,7.75,3.25,2,2,1.25,1.25,0.75,0.75,0,35496.19494,3,4.296875,2.025,85.24906829,0,0,0,0,0,84.02770189,0,0,0,0,0,0,0,0,12.33682701,0,0,0,0,0,0,71.69087488,0,0,0,0,0,0,0,0,6.076020107,12.33682701,65.61485477,0,0,0,0,54.46864571,0,0,11.14620906,0,0,0,0,0,6.076020107,12.33682701,68.71579848,0,0,0,-0.522222222,0,-4.720565109,2.360322184,0,0,0,12,0,0,0,0,0,0,0,0,0,0,0,-666,0,0,0,-666,2.89439,51.399,0,0,0,0,0,0,0,0,0,0,0,0,0,0,0,0,0,0,0,0,0,0,0,0,0,0,12,0,0,0,0,0,0,0,0,0,-666,0,0,0,0,0,0,0,0,0,0,0,0,0,0,0,0,0,-666,0,0,0,0,0,0,0,0,0,0,0,0,0,0,0,0,0,0,0,0,0,0,0,0,0,0,0,0,-666,0,0,70,6,12.011,1.262119,11.3,4,2.55,2.2,346.1,18.1,-0.382514489,-0.320173445,C,6,6,0,2.55,2.55,0,12,5.1,1.055,51.96
148,"1,1prime-biphenyl-3-yl",3.562 ,2.897 ,3.026 ,3.580 ,3.688 ,3.627 ,3.093 ,2.986 ,0.711,0.536,0.379,0.378,0.476,0.413,0.292,0.381,0.268,0.48,0.229,0.322,0.497,0.322,0.497,0.304,0.481,0.323,0.498,0.325,0.5,0.308,0.484,0.281,0.463,2.84,3.24,3.21,3.28,1.36,1.39,1.32,1.36,3.02,-0.179,-0.286,7.829138322,-0.577517952,7.829138322,0.284259259,0.589990818,153.204,144.132,153.0704253,57,0,0,0,0,0,-666,-666,-666,10.88167122,-0.094132283,0.350534421,-2.299106494,0.437238323,-2.094064153,2.528669237,-0.445374619,2.827124857,722.3172862,16.05795974,15,6,9.67931567,7.75,3.25,2,2,1.25,1.25,0.75,0.75,0,34486.82918,3,4.296875,2.025,85.24906829,0,0,0,0,0,84.02770189,0,0,0,0,0,0,0,0,12.33682701,0,0,0,0,0,0,71.69087488,0,0,0,0,0,0,0,0,6.076020107,12.33682701,65.61485477,0,0,0,0,54.46864571,0,0,11.14620906,0,0,0,0,0,6.076020107,12.33682701,68.93348437,0,0,0,-0.603009259,0,-4.741332305,2.244190523,0,0,0,12,0,0,0,0,0,0,0,0,0,0,0,-666,0,0,0,-666,2.89439,51.399,0,0,0,0,0,0,0,0,0,0,0,0,0,0,0,0,0,0,0,0,0,0,0,0,0,0,12,0,0,0,0,0,0,0,0,0,-666,0,0,0,0,0,0,0,0,0,0,0,0,0,0,0,0,0,-666,0,0,0,0,0,0,0,0,0,0,0,0,0,0,0,0,0,0,0,0,0,0,0,0,0,0,0,0,-666,0,0,70,6,12.011,1.262119,11.3,4,2.55,2.2,345.1,18.1,-0.386082781,-0.320009536,C,6,6,0,2.55,2.55,0,12,5.1,1.056,43.387
149,"1,1prime-biphenyl-4-yl",3.572 ,2.907 ,3.033 ,3.590 ,3.697 ,3.636 ,3.107 ,3.001 ,0.708,0.518,0.425,0.457,0.488,0.474,0.337,0.46,0.326,0.492,0.236,0.331,0.508,0.331,0.507,0.315,0.494,0.332,0.508,0.334,0.51,0.319,0.496,0.297,0.479,2.86,3.24,3.21,3.28,1.4,1.42,1.36,1.39,3.03,-0.216,-0.341,7.835279667,-0.587320484,7.835279667,0.31875,0.589990818,153.204,144.132,153.0704253,57,0,0,0,0,0,-666,-666,-666,10.8733152,-0.094131054,0.338705348,-2.301720833,0.424837302,-2.095812785,2.498015288,-0.445360808,2.849105728,722.3172862,16.05795974,15,6,9.67931567,7.75,3.25,2,2,1.25,1.25,0.75,0.75,0,34679.31608,3,4.296875,2.025,85.24906829,0,0,0,0,0,84.02770189,0,0,0,0,0,0,0,0,12.33682701,0,0,0,0,0,0,71.69087488,0,0,0,0,0,0,0,0,6.076020107,12.33682701,65.61485477,0,0,0,0,54.46864571,0,0,11.14620906,0,0,0,0,0,6.076020107,12.33682701,69.0704121,0,0,0,-0.659490741,0,-4.77910171,2.201513684,0,0,0,12,0,0,0,0,0,0,0,0,0,0,0,-666,0,0,0,-666,2.89439,51.399,0,0,0,0,0,0,0,0,0,0,0,0,0,0,0,0,0,0,0,0,0,0,0,0,0,0,12,0,0,0,0,0,0,0,0,0,-666,0,0,0,0,0,0,0,0,0,0,0,0,0,0,0,0,0,-666,0,0,0,0,0,0,0,0,0,0,0,0,0,0,0,0,0,0,0,0,0,0,0,0,0,0,0,0,-666,0,0,70,6,12.011,1.262119,11.3,4,2.55,2.2,345.1,18.2,-0.384931876,-0.322022193,C,6,6,0,2.55,2.55,0,12,5.1,1.056,42.74
150,"1,2-dichloroethyl",3.548 ,2.925 ,3.028 ,3.562 ,3.648 ,3.599 ,3.164 ,3.073 ,0.556,0.419,0.377,0.402,0.405,0.407,0.293,0.402,0.276,0.428,0.423,0.342,0.436,0.342,0.436,0.325,0.425,0.343,0.437,0.345,0.438,0.328,0.427,0.303,0.402,3.13,3.55,3.52,3.6,1.5,1.56,1.47,1.49,3.03,-0.2,-0.353,6.462191358,-2.179012346,6.462191358,0.68595679,0.436898365,97.952,94.928,96.96118046,25,0,0,0,0,0,-666,-666,-666,11.10382042,-0.165132367,-0.060195175,-2.159940428,0.312348377,-2.168056249,2.34971809,-0.694855745,3.541196965,56.44547197,6.077350269,4.755928946,3.267786838,2.943375673,2.127964473,1.383893419,0.188982237,0.56694671,0.035714286,0.321428571,0,0,0.58,17.08616633,1.355750409,3.58,2.58,39.9256371,0,0,0,0,0,39.00231726,0,0,0,0,0,0,0,0,4.112275669,23.20187978,0,0,0,0,5.832106723,5.856055084,0,0,0,0,0,23.20187978,5.832106723,0,5.856055084,4.112275669,0,0,0,0,0,11.68816181,0,0,0,0,0,0,0,0,0,27.31415545,19.3287037,9.675154321,0,0,0,-2.864969136,0,0,0,0,0.5,4,0,0,0,0,0,0,0,0,0,0,2,-666,0,0,0,-666,1.62579,20.873,0,0,0,0,0,0,0,0,0,0,0,0,0,0,0,0,0,0,0,0,0,0,0,0,0,1,0,0,0,0,0,0,0,0,0,0,-666,0,0,0,0,0,0,0,2,0,0,0,0,0,0,0,0,0,-666,0,0,0,0,0,0,0,0,0,0,0,0,0,0,0,0,0,0,0,0,0,0,0,0,0,0,0,0,-666,0,0,70,6,12.011,1.262119,11.3,4,2.55,2.2,225.8,15.1,-0.418492977,-0.353295137,C,6,1,17,2.55,2.1,3.16,24,7.81,0.882,41.612
151,"1,2-difluoroethyl",2.756 ,2.285 ,2.405 ,2.767 ,2.834 ,2.796 ,2.457 ,2.386 ,0.67,0.551,0.546,0.555,0.587,0.564,0.428,0.558,0.409,0.584,0.543,0.487,0.591,0.486,0.591,0.472,0.584,0.488,0.592,0.489,0.592,0.475,0.585,0.447,0.57,2.35,2.61,2.59,2.64,1.22,1.24,1.17,1.18,2.4,-0.331,-0.517,11.24537037,-3.583333333,11.24537037,2.090277778,0.428595588,65.042,62.018,65.02028154,25,0,0,0,0,0,-666,-666,-666,11.02069034,-0.165462557,-0.118267721,-2.124754798,0.202393723,-2.192310813,0.780873881,-0.780727372,3.541196965,56.44547197,6.077350269,4.755928946,1.755928946,2.943375673,2.127964473,0.627964473,0.188982237,0.188982237,0.035714286,0.035714286,0,0,-0.14,17.08616633,0.919441578,2.86,1.86,27.65017545,0,0,0,0,0,26.17044263,0,0,0,0,0,0,0,0,12.89310576,0,0,0,0,0,6.626694251,6.650642611,0,0,0,8.780830095,0,0,6.626694251,0,6.650642611,4.112275669,0,0,0,0,0,13.27733686,8.780830095,0,0,0,0,0,0,0,0,4.112275669,39.59027778,0,0,0,0,0,0,0,-5.673611111,0,0.5,4,0,0,0,0,0,0,0,0,0,0,2,-666,0,0,0,-666,1.08719,11.383,0,0,0,0,0,0,0,0,0,0,0,0,0,0,0,0,0,0,0,0,0,0,0,0,0,1,0,0,0,0,0,0,0,0,0,0,-666,0,0,0,0,0,0,0,2,0,0,0,0,0,0,0,0,0,-666,0,0,0,0,0,0,0,0,0,0,0,0,0,0,0,0,0,0,0,0,0,0,0,0,0,0,0,0,-666,0,0,70,6,12.011,1.262119,11.3,4,2.55,2.2,192.4,11.7,-0.468145706,-0.365361925,C,6,1,9,2.55,2.1,3.98,16,8.63,0.944,31.562
152,"1,3-benzoxazol-2-yl",5.228 ,4.391 ,4.598 ,5.139 ,5.375 ,5.153 ,4.588 ,4.425 ,0.653,0.645,0.278,0.328,0.368,0.328,0.312,0.325,0.313,0.345,0.306,0.295,0.348,0.294,0.355,0.283,0.331,0.293,0.345,0.296,0.357,0.288,0.338,0.272,0.32,4.43,4.92,4.57,4.58,2.25,2.25,2.17,2.22,4.38,0.18,0.181,7.409074074,-0.316990741,7.409074074,0.047222222,0.525042475,118.115,114.083,118.0292887,43,0,0,0,0,0,-666,-666,-666,12.61285754,-1.448684593,0.559011849,-2.138406828,0.725710773,-2.039450204,3.153499425,-1.514380517,2.709166796,401.9607175,9.585421959,8.355461886,4.355461886,6.125897658,4.355461886,2.355461886,1.482883507,1.482883507,0.939661582,0.939661582,0.561117884,0.561117884,-0.08,1349.044351,2.887598098,2.27202101,0.969544792,58.47718203,0,0,0,0,0,57.277454,0,0,0,0,0,0,0,0,10.21989718,6.400660921,0,0,4.992404733,0,0,35.66449117,0,0,0,0,0,0,6.400660921,4.736862954,0,5.483034225,40.6568959,0,0,0,-666,0,0,0,35.66449117,0,0,0,0,0,11.39306565,10.21989718,34.14953704,0,3.578518519,0,0.116666667,0.047222222,-1.034074074,2.14212963,0,0,0,9,0,2,0,0,0,0,0,0,2,0,2,-666,0,0,0,-666,1.2595,33.826,0,0,0,0,0,0,0,0,0,0,0,0,0,0,1,1,0,0,0,0,0,0,0,0,0,0,4,0,0,0,0,0,0,0,0,0,-666,0,0,0,0,1,0,0,0,0,0,0,0,0,0,0,0,0,-666,0,0,0,0,0,0,0,0,0,0,0,0,0,0,0,0,0,0,0,0,0,0,0,0,0,0,0,0,-666,0,0,70,6,12.011,1.262119,11.3,4,2.55,2.2,265.5,16.7,-0.415682278,-0.380718707,C,7,8,0,3.04,3.44,0,15,6.48,0.95,35.767
153,"1,3-diethoxy-1,3-dioxopropan-2-yl",6.615 ,4.747 ,4.915 ,5.661 ,6.855 ,5.545 ,5.066 ,4.740 ,0.596,0.408,0.499,0.46,0.519,0.478,0.36,0.461,0.33,0.553,0.583,0.509,0.562,0.507,0.563,0.49,0.548,0.511,0.56,0.509,0.565,0.494,0.554,0.46,0.538,5.03,5.74,5.68,5.82,2.35,2.46,2.3,2.33,4.91,-0.243,-0.398,11.28164163,-3.514178241,11.28164163,1.762731481,0.437481043,159.161,148.073,159.0657338,63,0,0,0,0,0,-666,-666,-666,4.00E-16,-0.249074199,-5.45E-17,-2.401297332,-3.62E-17,-2.453534249,8.46E-18,-1.053506633,4.958946602,396.7019777,18.14626437,16.13299316,5.132993162,9.422320836,7.724744871,2.224744871,1.108163248,1.108163248,0.491581624,0.491581624,0.227062073,0.227062073,-0.16,13401.44446,2.416707277,6.543966449,6.246504065,80.93371388,0,0,0,0,0,79.29838295,0,0,0,0,0,0,0,0,34.14114439,11.93861058,0,0,0,13.70378423,13.11797049,6.396873262,0,0,0,0,0,0,25.05658106,19.06280028,6.396873262,28.78212835,0,0,0,0,-666,45.15723856,9.589074368,0,0,0,0,0,0,0,9.473725908,15.07834412,83.13036895,0,22.56328326,0,0,-4.097283636,0,-1.762731481,-13.83363709,0,0.571428571,11,0,4,0,0,0,0,0,0,4,0,4,-666,0,0,0,-666,0.31689,37.566,0,0,0,0,0,0,0,0,0,0,2,2,0,0,0,0,0,0,0,0,0,0,0,0,0,0,0,0,0,0,0,0,0,0,0,0,-666,0,0,0,2,2,0,0,0,0,0,0,0,0,0,0,0,0,-666,0,0,0,0,0,0,0,0,0,0,0,0,0,0,0,0,0,0,0,0,0,0,0,0,0,0,0,0,-666,0,0,70,6,12.011,1.262119,11.3,4,2.55,2.2,371.8,15.4,-0.424029102,-0.403597005,C,6,6,1,2.55,2.55,2.1,13,7.2,0.845,48.228
154,"1,3-dimethoxy-1,3-dioxopropan-2-yl",6.645 ,4.782 ,4.951 ,5.694 ,6.878 ,5.571 ,5.104 ,4.775 ,0.597,0.412,0.51,0.474,0.524,0.492,0.37,0.476,0.34,0.558,0.579,0.51,0.567,0.509,0.568,0.491,0.553,0.511,0.564,0.512,0.569,0.495,0.559,0.462,0.544,5.08,5.78,5.72,5.85,2.38,2.49,2.34,2.36,4.95,-0.254,-0.42,10.79469435,-3.121383102,10.79469435,1.507175926,0.375482952,131.107,124.051,131.0344337,51,0,0,0,0,0,-666,-666,-666,11.56612572,-0.245535165,-1.02E-17,-2.243258729,-6.05E-18,-2.357428837,7.04E-17,-0.947620571,4.400236677,251.4822228,13.14626437,11.13299316,4.132993162,6.922320836,5.224744871,1.724744871,0.904039102,0.904039102,0.389519551,0.389519551,0.13436437,0.13436437,-0.16,1040.619902,2.467269491,4.693790872,4.350204082,62.58394765,0,0,0,0,0,61.06949892,0,0,0,0,0,0,0,0,28.65811017,11.93861058,0,0,0,0,14.07590492,6.396873262,0,0,0,0,0,0,26.01451549,19.06280028,6.396873262,9.595309893,0,0,0,0,-666,32.41138876,9.589074368,0,0,0,0,0,0,0,9.473725908,9.595309893,53.22675713,0,21.5893887,0,0,-3.566203704,0,-1.507175926,0,-6.242766204,0.4,9,0,4,0,0,0,0,0,0,4,0,4,-666,0,0,0,-666,-0.46331,28.332,0,0,0,0,0,0,0,0,0,0,2,2,0,0,0,0,0,0,0,0,0,0,0,0,0,0,0,0,0,0,0,0,0,0,0,0,-666,0,0,0,2,2,0,0,0,0,0,0,0,0,0,0,0,0,-666,2,0,0,0,0,0,0,0,0,0,0,0,0,0,0,0,0,0,0,0,0,0,0,0,0,0,0,0,-666,0,0,70,6,12.011,1.262119,11.3,4,2.55,2.2,307.2,14.8,-0.430272798,-0.409438723,C,6,6,1,2.55,2.55,2.1,13,7.2,0.847,48.266
155,"1,3-dimethyl-2-oxo-1,3,2-diazaphospholidin-2-yl",4.310 ,2.857 ,2.960 ,3.773 ,4.514 ,3.727 ,3.211 ,2.987 ,0.57,0.582,0.283,0.291,0.335,0.314,0.328,0.314,0.326,0.306,0.338,0.381,0.338,0.355,0.324,0.364,0.327,0.381,0.339,0.358,0.326,0.367,0.328,0.356,0.317,3.03,3.61,3.56,3.68,1.21,1.29,1.17,1.21,2.96,-0.263,-0.268,11.83009259,-3.402263374,11.83009259,0.220532407,0.450170217,133.111,123.031,133.0530746,47,0,0,0,0,0,-666,-666,-666,1.70E-16,-0.245730273,-1.81E-16,-2.479009362,-1.56E-16,-2.621695194,7.92E-17,-0.98568369,3.381837814,305.7498309,14.73205081,13.74988908,4.644316268,7.648717474,6.727001377,2.892149749,1.099955631,2.405439701,0.603988153,1.488357662,0.269710267,0.709130802,0.31,2700.53246,1.324521734,2.275364016,1.004297289,64.8906267,0,0,0,0,0,63.33717781,0,0,0,0,0,0,0,0,18.60099716,8.449975097,0,9.34083238,0,0,26.94537317,0,0,0,0,0,0,8.449975097,36.28620555,4.893411603,0,13.70758556,0,0,0,0,-666,35.39534827,4.893411603,0,9.34083238,0,0,0,0,0,0,13.70758556,71.52638889,0,11.83009259,0,0,0,0,0,-12.88014403,-3.402263374,1,8,0,3,0,0,0,0,0,0,2,0,4,-666,0,0,0,-666,0.521,32.8665,0,0,0,0,0,0,0,0,0,0,0,0,0,0,0,2,0,0,0,2,-666,0,0,0,0,0,0,0,0,0,0,0,0,0,0,0,-666,0,0,0,0,0,0,0,0,0,0,0,0,0,0,0,0,0,-666,0,0,0,0,0,0,0,0,0,0,0,0,0,0,0,0,0,0,0,0,0,0,0,0,0,0,0,0,-666,0,0,100,15,30.973762,0.746607,25,5,2.19,1.823,297.7,16.4,-0.377737238,-0.329113275,P,8,7,7,3.44,3.04,3.04,22,9.52,0.673,52.931
156,"1,3-dioxo-1-phenylbutan-2-yl",7.266 ,5.391 ,5.624 ,6.298 ,7.528 ,6.211 ,5.621 ,5.304 ,0.509,0.342,0.424,0.365,0.468,0.396,0.303,0.367,0.263,0.495,0.572,0.465,0.51,0.465,0.506,0.437,0.49,0.465,0.509,0.469,0.509,0.445,0.496,0.398,0.47,5.72,6.54,6.47,6.63,2.67,2.75,2.62,2.63,5.61,-0.182,-0.313,11.92692744,-3.222145574,11.92692744,0.74052914,0.498750753,161.18,152.108,161.0602545,61,0,0,0,0,0,-666,-666,-666,10.94124225,-0.243495176,2.45E-16,-2.267150861,0.080395537,-2.306663835,1.962165215,-0.925505714,3.348252187,602.9983601,16.69615242,14.81649658,5.816496581,9.407477288,7.40824829,2.90824829,1.78324829,1.78324829,0.954124145,0.954124145,0.529145406,0.529145406,-0.08,20218.44753,3.247866515,4.827344982,3.114262771,83.91686851,0,0,0,0,0,82.57461991,0,0,0,0,0,0,0,0,21.92590137,11.56648989,0,0,0,6.851892117,0,42.23033652,0,0,0,0,0,0,11.56648989,9.589074368,6.396873262,19.18871912,35.83346326,0,0,0,-666,60.64871853,9.589074368,0,0,0,0,0,0,0,0,12.33682701,64.94079562,0,23.30454963,0,-0.899444444,-3.270892385,-4.152428233,-1.450434618,-3.222145574,0,0.1,12,0,2,0,0,0,0,0,0,2,0,2,-666,0,0,0,-666,1.40119,46.351,0,0,0,0,0,0,0,0,0,0,2,2,0,0,0,0,0,0,0,0,0,0,0,0,0,0,6,0,0,0,0,0,0,0,0,0,-666,0,0,0,0,0,0,0,0,0,0,0,0,0,0,2,2,0,-666,0,0,0,0,0,0,0,0,0,0,0,0,0,0,0,0,0,0,0,0,0,0,0,0,0,0,0,0,-666,0,0,70,6,12.011,1.262119,11.3,4,2.55,2.2,352.4,17.3,-0.401912475,-0.39927349,C,6,6,1,2.55,2.55,2.1,13,7.2,0.777,53.764
157,"1,3-dioxo-2,3-dihydro-1H-isoindol-2-yl",9.908 ,7.411 ,7.713 ,8.929 ,10.291 ,8.854 ,7.843 ,7.410 ,0.535,0.343,0.315,0.218,0.236,0.213,0.156,0.211,0.148,0.233,0.117,0.174,0.204,0.168,0.193,0.193,0.233,0.172,0.201,0.163,0.185,0.19,0.228,0.211,0.263,7.67,8.86,8.76,8.99,3.5,3.66,3.45,3.49,7.7,-0.108,-0.165,11.17711262,-0.900925926,11.17711262,0.327777778,0.502573284,146.125,142.093,146.0242034,53,0,0,0,0,0,-666,-666,-666,13.08924316,-0.093484452,0.911018106,-2.183501383,0.889183228,-2.092778011,4.105769627,-0.432996212,2.822771333,456.7710589,11.32590893,9.263710176,5.263710176,6.947264863,4.855461886,2.855461886,1.972108528,1.972108528,1.318321435,1.318321435,0.837329902,0.837329902,-0.12,2589.18277,4.211548325,2.734248557,1.171918309,68.70616281,0,0,0,0,0,67.5577527,0,0,0,0,0,0,0,0,15.07210859,11.81435946,0,5.316788604,0,0,0,35.35449604,0,0,5.316788604,0,0,0,11.81435946,9.589074368,0,5.483034225,35.35449604,0,0,0,-666,36.02264644,9.589074368,0,11.14620906,0,0,0,0,0,5.316788604,5.483034225,29.43873772,0,22.35422525,3.076296296,-0.655555556,-1.801851852,-2.078518519,0,0,0,0,11,0,3,0,0,0,0,0,0,-666,0,3,-666,0,0,0,-666,0.0802,37.454,0,0,0,0,0,0,0,0,0,0,2,2,0,0,0,1,0,0,0,0,0,0,0,0,0,0,4,2,0,0,0,0,0,0,0,0,-666,0,0,0,0,0,0,0,0,0,0,0,1,0,0,0,0,0,-666,0,0,0,0,0,0,0,0,0,0,0,0,0,0,0,0,0,0,0,0,0,0,0,0,0,0,0,0,-666,0,0,65,7,14.007,-1.4,7.4,5,3.04,0.001145,299.1,17.4,-0.431144849,-0.424259111,N,6,6,0,2.55,2.55,0,12,5.1,0.839,45.92
158,"1,3-dioxolan-2-yl",1.623 ,1.055 ,1.124 ,1.409 ,1.701 ,1.374 ,1.201 ,1.103 ,0.684,0.684,0.369,0.399,0.431,0.4,0.347,0.4,0.34,0.412,0.49,0.384,0.419,0.372,0.418,0.362,0.406,0.379,0.415,0.375,0.42,0.372,0.412,0.348,0.399,1.15,1.35,1.33,1.37,0.48,0.49,0.45,0.45,1.12,-0.265,-0.358,6.822916667,-2.55150463,6.822916667,0.824074074,0.406144812,73.071,68.031,73.0289544,29,0,0,0,0,0,-666,-666,-666,6.62E-16,-0.179356814,-0.096038291,-2.303173276,-0.019238317,-2.441669094,0,-0.91849669,2.78017122,129.8284896,7.991563832,7.316496581,2.316496581,4.350953631,3.566496581,1.066496581,0.491581624,0.491581624,0.227062073,0.227062073,0.104166667,0.104166667,-0.08,107.0962866,0.768270031,1.380770705,0.596977989,37.71524706,0,0,0,0,0,36.21448312,0,0,0,0,0,0,0,0,16.32751869,0,0,0,0,0,13.11797049,6.768993945,0,0,0,0,0,0,13.11797049,9.473725908,6.768993945,6.853792781,0,0,0,0,-666,19.88696443,0,0,0,0,0,0,0,0,9.473725908,6.853792781,42.09375,0,0,0,0,0,0,0,-5.927083333,0,0.666666667,5,0,2,0,0,0,0,0,0,2,0,2,-666,0,0,0,-666,0.15249,16.204,0,0,0,0,0,0,0,0,0,0,0,0,0,0,0,0,0,0,0,0,0,0,0,0,0,0,0,0,0,0,0,0,0,0,0,0,-666,0,0,0,0,2,0,0,0,0,0,0,0,0,0,0,0,0,-666,0,0,0,0,0,0,0,0,0,0,0,0,0,0,0,0,0,0,0,0,0,0,0,0,0,0,0,0,-666,0,0,70,6,12.011,1.262119,11.3,4,2.55,2.2,209.7,13.3,-0.434440956,-0.289750836,C,8,8,1,3.44,3.44,2.1,17,8.98,0.842,34.433
159,"1,3-dithian-2-yl",2.644 ,1.976 ,2.029 ,2.660 ,2.755 ,2.700 ,2.244 ,2.155 ,0.513,0.445,0.234,0.264,0.264,0.253,0.225,0.256,0.218,0.282,0.312,0.271,0.279,0.27,0.279,0.255,0.27,0.272,0.28,0.273,0.281,0.258,0.272,0.242,0.256,2.17,2.6,2.56,2.65,0.86,0.92,0.84,0.85,2.03,-0.154,-0.22,7.3,-2.597337963,7.3,0.231365741,0.477954955,119.234,112.178,118.9989172,35,0,0,0,0,0,-666,-666,-666,0,-0.185249044,-0.041218979,-2.56897922,-7.70E-34,-2.513433565,2.34E-32,-0.950363653,3.034122462,194.5380819,10.49156383,9.816496581,4.449489743,5.600953631,4.816496581,2.949489743,0.616581624,2.099744871,0.287457479,1.362372436,0.13436437,0.903093109,0.7,359.8731303,1.159800735,2.804923145,1.433348184,56.90925977,0,0,0,0,0,55.96285569,0,0,0,0,0,0,0,0,9.595309893,23.5237699,0,0,0,6.372924901,11.40991377,5.06093723,0,0,0,0,0,23.5237699,11.40991377,0,5.06093723,15.96823479,0,0,0,0,0,17.78283867,0,0,5.06093723,23.5237699,0,0,0,0,0,9.595309893,50.85736111,0.834768519,0,-0.231365741,-4.780092593,0,0,-2.597337963,0,0,0.75,6,0,0,0,0,0,0,0,0,2,0,2,-666,0,0,0,-666,1.97579,33.833,0,0,0,0,0,0,0,0,0,0,0,0,0,0,0,0,0,0,0,0,0,0,0,0,0,0,0,0,0,0,0,0,0,0,0,0,-666,0,0,0,0,0,0,0,0,0,0,0,0,0,0,0,0,0,-666,0,0,0,0,0,0,0,0,0,0,0,0,0,0,0,0,0,0,0,0,2,0,0,0,0,0,0,0,-666,0,0,70,6,12.011,1.262119,11.3,4,2.55,2.2,260.1,17.1,-0.378329097,-0.307399547,C,16,16,1,2.58,2.58,2.1,33,7.26,0.741,47.689
160,"1,3-oxazol-2-yl",5.029 ,4.206 ,4.414 ,4.921 ,5.173 ,4.930 ,4.385 ,4.219 ,0.674,0.667,0.333,0.374,0.408,0.377,0.351,0.373,0.355,0.389,0.35,0.333,0.394,0.33,0.399,0.322,0.38,0.331,0.392,0.331,0.402,0.327,0.386,0.311,0.368,4.23,4.73,4.69,4.79,2.11,2.12,2.05,2.1,4.41,-0.322,-0.326,6.675925926,-0.236111111,6.675925926,0.166666667,0.441495124,68.055,66.039,68.01363868,25,0,0,0,0,0,-666,-666,-666,12.56970403,-0.088119273,0.911879211,-1.866122881,0.853772645,-1.743067311,3.497072135,-0.405939064,2.792487883,139.8703336,5.276020882,4.355461886,2.355461886,3.304530453,2.105461886,1.105461886,0.519018036,0.519018036,0.243863375,0.243863375,0.114108866,0.114108866,-0.08,49.54039821,1.578792476,1.380770705,0.596977989,32.59250979,0,0,0,0,0,31.28558434,0,0,0,0,0,0,0,0,7.478380066,6.400660921,0,0,4.992404733,0,0,12.41413862,0,0,0,0,0,0,6.400660921,4.736862954,0,2.741517112,17.40654335,0,0,0,-666,0,0,0,12.41413862,0,0,0,0,6.400660921,9.729267686,2.741517112,17.53472222,0,3.203703704,0,0,0,0,1.594907407,0,0,0,5,0,2,0,0,0,0,0,0,2,0,2,-666,0,0,0,-666,0.3931,17.66,0,0,0,0,0,0,0,0,0,0,0,0,0,0,1,1,0,0,0,0,0,0,0,0,0,0,0,0,0,0,0,0,0,0,0,0,-666,0,0,0,0,1,0,0,0,0,0,0,0,0,0,0,0,0,-666,0,0,0,0,0,0,0,0,0,0,0,0,0,0,0,0,0,0,0,0,0,0,0,0,0,0,0,0,-666,0,0,70,6,12.011,1.262119,11.3,4,2.55,2.2,194.3,13.9,-0.424693128,-0.388304133,C,8,7,0,3.44,3.04,0,15,6.48,0.956,35.103
161,"1,3-oxazolidin-2-yl",-0.052 ,0.096 ,0.083 ,-0.038 ,-0.078 ,-0.042 ,0.074 ,0.110 ,0.661,0.777,0.35,0.378,0.405,0.379,0.339,0.38,0.333,0.393,0.486,0.383,0.4,0.379,0.402,0.361,0.389,0.38,0.398,0.382,0.404,0.37,0.392,0.346,0.381,0.89,1.06,1.05,1.08,0.34,0.36,0.32,0.32,0.89,-0.256,-0.339,6.989583333,-2.619212963,6.989583333,0.0625,0.424876321,72.087,66.039,72.04493881,29,0,0,0,0,0,-666,-666,-666,0,-0.179794293,-0.138958966,-2.368140261,-0.027332114,-2.58330451,0,-0.91841025,2.920348155,171.2103308,8.86180732,8.355461886,2.355461886,4.788510687,4.052675481,1.105461886,0.519018036,0.519018036,0.243863375,0.243863375,0.114108866,0.114108866,-0.08,189.4299904,0.634003945,1.380770705,0.596977989,39.61459115,0,0,0,0,0,38.07502448,0,0,0,0,0,0,0,0,13.00249781,0,0,5.309813353,0,0,13.05584493,6.706868387,0,0,5.309813353,0,0,0,13.05584493,4.736862954,6.706868387,6.853792781,0,1.411842078,0,0,-666,19.76271331,0,0,5.309813353,0,0,0,0,0,4.736862954,8.265634859,45.63599537,0,0,0.0625,0,0,0,0,-6.031828704,0,0.666666667,5,1,2,0,0,0,0,0,0,2,1,2,-666,0,0,0,-666,-0.27451,18.2547,0,0,0,0,0,0,0,0,0,0,0,0,0,0,0,0,1,0,0,0,-666,0,0,0,0,0,0,0,0,0,0,0,0,0,0,0,-666,0,0,0,0,1,0,0,0,0,0,0,0,0,0,0,0,0,-666,0,0,0,0,0,0,0,0,0,0,0,0,0,0,0,0,0,0,0,0,0,0,0,0,0,0,0,0,-666,0,0,70,6,12.011,1.262119,11.3,4,2.55,2.2,215.2,13.6,-0.400623944,-0.263900567,C,8,7,1,3.44,3.04,2.1,16,8.58,0.824,34.672
162,"1,4-diazabicyclo_2.2.2_octan-1-ylium-1-yl",2.937 ,2.378 ,2.486 ,2.949 ,3.023 ,2.981 ,2.606 ,2.528 ,0.686,0.541,0.507,0.51,0.484,0.484,0.374,0.483,0.368,0.538,0.343,0.408,0.513,0.408,0.513,0.403,0.512,0.408,0.513,0.409,0.513,0.405,0.512,0.409,0.521,6.86,7.03,7.02,7.06,7.45,7.76,7.41,7.54,6.65,-0.115,-0.211,7.64375,-3.266666667,7.64375,0.3125,0.421184382,112.176,100.08,112.1000484,46,0,0,0,0,0,-666,-666,-666,-3.07E-17,-2.040178939,-0.111285685,-2.85976027,-0.167382468,-2.960468187,2.81E-17,-2.199500151,2.865319361,346.2954754,16.15470054,15.89442719,3.894427191,8.482050808,8.091640786,2.091640786,1.341640786,1.341640786,0.820820393,0.820820393,0.467705098,0.467705098,-0.08,7740.743775,0.866590672,1.706856448,0.643745589,66.93161264,0,0,0,0,0,65.23008024,0,0,0,0,0,0,0,0,16.44910267,0,0,9.799819462,0,0,38.98115811,0,0,0,0,0,0,0,48.78097757,0,0,16.44910267,0,0,0,0,-666,38.98115811,0,0,9.799819462,0,0,0,0,0,0,16.44910267,91.725,0,-0.625,0,0,0,0,0,-19.6,0,1,8,0,2,0,0,0,0,0,0,2,0,2,-666,0,0,0,-666,-0.3824,32.88,0,0,0,0,0,0,0,0,0,0,0,0,0,0,0,2,0,0,0,0,-666,0,0,0,0,0,0,0,0,0,0,0,0,0,0,0,-666,0,0,0,0,0,0,0,0,0,0,0,0,0,0,0,0,0,-666,0,0,0,0,0,0,0,0,0,0,0,0,0,0,0,3,0,0,0,0,0,0,0,0,0,0,0,0,-666,0,1,65,7,14.007,-1.4,7.4,5,3.04,0.001145,269.7,15.4,-0.309674,-0.00079746,N,6,6,0,2.55,2.55,0,12,5.1,0.936,32.956
163,"1,4-dicyanocyclohexa-2,5-dien-4-id-1-yl",4.521 ,3.878 ,4.044 ,4.536 ,4.632 ,4.578 ,4.100 ,4.002 ,0.69,0.624,0.436,0.466,0.492,0.477,0.329,0.471,0.327,0.494,0.231,0.287,0.509,0.287,0.508,0.275,0.496,0.288,0.509,0.289,0.511,0.277,0.498,0.259,0.48,1.05,1.78,1.71,1.87,0.15,0.14,0.15,0.16,1.23,-0.109,0.021,8.572169312,-0.467546296,8.572169312,0.334259259,0.530203344,128.134,124.102,128.0374481,46,0,0,0,0,0,-666,-666,-666,12.98559706,-0.090342808,0.65461095,-2.180682345,0.711365044,-2.055024773,3.570124622,-0.401419059,3.606911184,426.5501976,10.87831518,8.894427191,4.894427191,6.54011122,4.447213595,2.447213595,1.473606798,1.473606798,0.848606798,0.848606798,0.424303399,0.424303399,-0.08,1182.446439,4.073454882,3.937882077,1.957306778,64.62424694,0,0,0,0,0,63.499756,0,0,0,0,0,0,0,0,5.483034225,0,10.52378311,0,0,0,0,35.35449604,0,12.13844263,0,0,0,0,0,0,22.66222574,5.483034225,35.35449604,0,0,0,-666,24.20828698,0,0,11.14620906,0,0,0,12.13844263,0,0,16.00681733,29.25018519,0,0,17.14433862,-0.668518519,0,1.273994709,0,0,0,0,10,0,2,0,0,0,0,0,0,2,0,2,-666,0,0,0,-666,1.45616,36.532,0,0,0,0,0,0,0,0,0,0,0,0,0,0,0,2,0,0,0,0,0,0,0,0,0,0,6,0,0,0,0,0,0,0,0,0,-666,0,0,0,0,0,0,0,0,0,0,0,0,0,0,0,0,0,-666,0,0,2,0,0,0,0,0,0,0,0,0,0,0,0,0,0,0,0,0,0,0,0,0,0,0,0,0,-666,0,-1,70,6,12.011,1.262119,11.3,4,2.55,2.2,307.1,17.2,-0.435136757,-0.324067027,C,6,6,0,2.55,2.55,0,12,5.1,1.067,48.327
164,"1,4-dimethoxy-1,4-dioxobutan-2-yl",4.838 ,3.422 ,3.545 ,4.213 ,5.017 ,4.142 ,3.737 ,3.505 ,0.598,0.434,0.463,0.444,0.485,0.455,0.34,0.443,0.313,0.516,0.571,0.46,0.523,0.46,0.526,0.441,0.51,0.462,0.521,0.463,0.527,0.445,0.515,0.412,0.501,3.63,4.13,4.09,4.19,1.71,1.81,1.67,1.7,3.54,-0.229,-0.387,11.14547194,-3.447685185,11.14547194,1.682523148,0.521317816,145.134,136.062,145.0500838,57,0,0,0,0,0,-666,-666,-666,10.40007109,-0.245535277,-2.42E-17,-2.328533661,-8.34E-17,-2.40567148,9.01E-17,-0.950492471,4.900320249,356.7017839,15.64626437,13.63299316,4.632993162,8.166337772,6.474744871,1.974744871,1.029039102,1.029039102,0.452019551,0.452019551,0.153093109,0.153093109,-0.16,3672.892379,2.416072312,5.611696741,4.693790872,71.75883076,0,0,0,0,0,70.18394094,0,0,0,0,0,0,0,0,31.39962728,11.93861058,0,0,0,6.372924901,14.07590492,6.396873262,0,0,0,0,0,0,26.01451549,19.06280028,6.396873262,18.70975191,0,0,0,0,-666,38.78431366,9.589074368,0,0,0,0,0,0,0,9.473725908,12.33682701,68.09993056,0,22.22568925,0,0,-3.951404006,0,-5.130208333,0,-6.494007464,0.5,10,0,4,0,0,0,0,0,0,4,0,4,-666,0,0,0,-666,-0.07321,32.949,0,0,0,0,0,0,0,0,0,0,2,2,0,0,0,0,0,0,0,0,0,0,0,0,0,0,0,0,0,0,0,0,0,0,0,0,-666,0,0,0,2,2,0,0,0,0,0,0,0,0,0,0,0,0,-666,2,0,0,0,0,0,0,0,0,0,0,0,0,0,0,0,0,0,0,0,0,0,0,0,0,0,0,0,-666,0,0,70,6,12.011,1.262119,11.3,4,2.55,2.2,338.6,15.2,-0.415203592,-0.368678391,C,6,6,1,2.55,2.55,2.1,13,7.2,0.864,49.477
165,"1,4-dioxan-2-yl",1.936 ,1.350 ,1.429 ,1.746 ,2.022 ,1.723 ,1.499 ,1.402 ,0.674,0.616,0.443,0.471,0.489,0.47,0.397,0.469,0.382,0.491,0.556,0.468,0.497,0.457,0.495,0.446,0.485,0.467,0.495,0.461,0.497,0.453,0.489,0.424,0.474,1.46,1.69,1.67,1.71,0.66,0.67,0.62,0.62,1.43,-0.295,-0.424,6.982291667,-2.915625,6.982291667,1.076273148,0.419758756,87.098,80.042,87.04460446,35,0,0,0,0,0,-666,-666,-666,8.73E-16,-0.179404848,-0.143387445,-2.544594354,-0.027268487,-2.62583185,3.41E-17,-0.999320654,2.928383717,214.5380819,10.49156383,9.816496581,2.816496581,5.584933866,4.816496581,1.316496581,0.612372436,0.612372436,0.287457479,0.287457479,0.13436437,0.13436437,-0.08,352.9894209,0.858473483,2.157216947,0.953692476,46.89013018,0,0,0,0,0,45.32892513,0,0,0,0,0,0,0,0,19.0690358,0,0,0,0,0,19.67695573,6.582933604,0,0,0,0,0,0,19.67695573,9.473725908,6.582933604,9.595309893,0,0,0,0,-666,26.25988933,0,0,0,0,0,0,0,0,9.473725908,9.595309893,56.98715278,0,0,0,0,0,0,0,-9.570486111,0,0.75,6,0,2,0,0,0,0,0,0,2,0,2,-666,0,0,0,-666,0.19499,21.071,0,0,0,0,0,0,0,0,0,0,0,0,0,0,0,0,0,0,0,0,0,0,0,0,0,0,0,0,0,0,0,0,0,0,0,0,-666,0,0,0,0,2,0,0,0,0,0,0,0,0,0,0,0,0,-666,0,0,0,0,0,0,0,0,0,0,0,0,0,0,0,0,0,0,0,0,0,0,0,0,0,0,0,0,-666,0,0,70,6,12.011,1.262119,11.3,4,2.55,2.2,233.4,14.1,-0.40657212,-0.29542474,C,6,8,1,2.55,3.44,2.1,15,8.09,0.928,39.898
166,"1-__1,1-biphenyl_-4-yl_-2-_tert-butoxy_ethyl",4.287 ,3.174 ,3.270 ,4.230 ,4.491 ,4.285 ,3.525 ,3.363 ,0.383,0.246,0.279,0.286,0.276,0.292,0.208,0.285,0.192,0.309,0.33,0.219,0.313,0.224,0.314,0.207,0.305,0.219,0.313,0.226,0.316,0.211,0.307,0.194,0.294,3.18,3.75,3.7,3.81,1.37,1.44,1.34,1.3,3.26,-0.149,-0.259,8.317881354,-4.200386516,8.317881354,0.730033568,0.765663602,253.365,232.197,253.1592403,99,0,0,0,0,0,-666,-666,-666,1.370339632,-2.1220309,-2.53E-16,-2.648521021,-1.83E-16,-2.505073935,0.648781893,-2.13409344,2.828803273,1250.272846,31.71266028,30.40824829,9.40824829,17.68595127,15.40824829,4.90824829,3.260310363,3.260310363,1.755155182,1.755155182,1.028093109,1.028093109,-0.04,71008686.7,3.645281754,7.107522651,5.454751763,145.4119122,0,0,0,0,0,143.8233376,0,0,0,0,0,0,0,0,33.52279263,0,0,0,0,26.15672716,6.558985243,77.58483257,0,0,0,0,0,0,12.16003605,4.736862954,6.396873262,49.34160603,71.1879593,0,0,0,-666,110.300545,0,0,0,0,0,0,0,0,4.736862954,28.78592968,169.9252534,0,0,0,-6.917926318,0,-8.885739187,-1.667373971,-16.03754728,0,0.277777778,19,0,1,0,0,0,0,0,0,1,0,1,-666,0,0,0,-666,4.48079,81.674,0,0,0,0,0,0,0,0,0,0,0,0,0,0,0,0,0,0,0,0,0,0,0,0,0,0,11,0,0,0,0,0,0,0,0,0,-666,0,0,0,0,1,0,0,0,0,0,0,0,0,0,0,0,0,-666,0,0,0,0,0,0,0,0,0,0,0,0,0,0,0,0,0,0,0,0,0,0,0,0,0,0,0,0,-666,0,0,70,6,12.011,1.262119,11.3,4,2.55,2.2,511.2,18.7,-0.388862233,-0.318847367,C,6,6,1,2.55,2.55,2.1,13,7.2,0.763,55.33
167,"1-__2,2,2-trifluoroacetyl_oxy_ethyl",2.693 ,2.118 ,2.268 ,2.493 ,2.784 ,2.476 ,2.223 ,2.123 ,0.596,0.499,0.484,0.494,0.514,0.496,0.361,0.489,0.342,0.529,0.544,0.439,0.529,0.435,0.529,0.418,0.519,0.436,0.527,0.437,0.53,0.426,0.523,0.398,0.512,2.31,2.59,2.57,2.63,1.21,1.17,1.15,1.11,2.27,-0.262,-0.455,11.44279384,-5.294097222,11.44279384,1.699236111,0.513792901,141.068,137.036,141.016339,53,0,0,0,0,0,-666,-666,-666,16.05621286,-0.244457759,5.91E-18,-2.252603485,0.4192,-2.296429022,1.107,-0.967418682,4.241940874,198.54627,10.86180732,7.95039,3.95039,5.548547388,3.679319145,1.679319145,0.989340693,0.989340693,0.375183764,0.375183764,0.104212608,0.104212608,-0.29,278.9831395,3.775835984,3.026359223,3.313525251,55.22563291,0,0,0,0,0,53.76610903,0,0,0,0,0,0,0,0,28.18567951,5.969305288,0,0,0,13.02819063,0,6.582933604,0,0,0,13.17124514,0,0,12.14560381,9.531400138,6.582933604,12.33492634,0,0,0,0,-666,25.58042953,17.96578233,0,0,0,0,0,0,0,4.736862954,5.483034225,63.20916667,0,9.983611111,0,0,-2.714236111,0,-5.294097222,-4.851111111,0,0.5,9,0,2,0,0,0,0,0,0,2,0,5,-666,0,0,0,-666,1.27359,22.121,0,0,0,0,0,0,0,0,0,0,1,1,0,0,0,0,0,0,0,0,0,0,0,0,0,3,0,0,0,0,0,0,0,0,0,0,-666,0,0,0,1,1,0,0,3,0,0,0,0,0,0,0,0,0,-666,0,0,0,0,0,0,0,0,0,0,0,0,0,0,0,0,0,0,0,0,0,0,0,0,0,0,0,0,-666,0,0,70,6,12.011,1.262119,11.3,4,2.55,2.2,287.5,14.1,-0.465081217,-0.360148251,C,6,8,1,2.55,3.44,2.1,15,8.09,0.928,39.896
168,"1-__2,2-dimethylpropanoyl_oxy_ethyl",2.117 ,1.557 ,1.659 ,1.915 ,2.203 ,1.891 ,1.668 ,1.567 ,0.651,0.56,0.476,0.499,0.511,0.499,0.37,0.494,0.351,0.527,0.574,0.451,0.529,0.443,0.53,0.427,0.518,0.449,0.527,0.447,0.531,0.435,0.522,0.404,0.509,1.69,1.93,1.91,1.96,0.82,0.79,0.77,0.75,1.66,-0.258,-0.449,11.96923611,-3.981597222,11.96923611,1.722569444,0.504087513,129.179,116.075,129.0915547,53,0,0,0,0,0,-666,-666,-666,8.36E-17,-0.247452063,-5.23E-16,-2.591594933,-3.47E-16,-2.571697578,-1.71E-16,-1.101483519,6.177267717,374.0263424,18.36180732,17.31649658,4.316496581,9.298547388,8.362372436,1.862372436,1.241581624,1.241581624,0.449914957,0.449914957,0.122895406,0.122895406,-0.08,9841.103349,1.278473873,3.180475788,3.488501277,74.46858755,0,0,0,0,0,72.7260592,0,0,0,0,0,0,0,0,27.35126137,5.969305288,0,0,5.414990469,27.40756847,0,6.582933604,0,0,0,0,0,0,5.969305288,9.531400138,11.99792407,45.2274297,0,0,0,0,-666,45.37479783,4.794537184,0,0,0,0,0,0,0,4.736862954,17.81986123,96.03206491,0,11.96923611,0,-3.981597222,-2.339236111,0,0,-16.59713435,0,0.714285714,9,0,2,0,0,0,0,0,0,2,0,2,-666,0,0,0,-666,1.75739,35.521,0,0,0,0,0,0,0,0,0,0,1,1,0,0,0,0,0,0,0,0,0,0,0,0,0,0,0,0,0,0,0,0,0,0,0,0,-666,0,0,0,1,1,0,0,0,0,0,0,0,0,0,0,0,0,-666,0,0,0,0,0,0,0,0,0,0,0,0,0,0,0,0,0,0,0,0,0,0,0,0,0,0,0,0,-666,0,0,70,6,12.011,1.262119,11.3,4,2.55,2.2,329.2,15.3,-0.405154251,-0.312465083,C,6,8,1,2.55,3.44,2.1,15,8.09,0.939,41.027
169,1-__tert-butoxy_carbonyl_azetidin-3-yl,2.356 ,1.833 ,1.914 ,2.318 ,2.436 ,2.338 ,2.023 ,1.948 ,0.77,0.711,0.507,0.544,0.552,0.537,0.406,0.531,0.386,0.595,0.602,0.523,0.594,0.521,0.593,0.505,0.582,0.525,0.596,0.525,0.596,0.508,0.584,0.48,0.567,1.88,2.12,2.1,2.14,0.96,1,0.93,0.94,1.91,-0.284,-0.442,12.13479167,-4.019817649,12.13479167,0.360810185,0.530818598,156.205,142.093,156.1024537,63,0,0,0,0,0,-666,-666,-666,-2.47E-32,-0.244322203,-1.72E-16,-2.673453941,-3.71E-17,-2.77880497,7.87E-17,-1.102448596,3.452592749,492.4665755,20.43915759,19.26371018,5.263710176,10.65453609,9.533192829,2.533192829,1.733172804,1.733172804,0.758387705,0.758387705,0.379699358,0.379699358,-0.12,47938.61191,1.715702691,3.089455044,2.770789398,86.99250268,0,0,0,0,0,85.26248952,0,0,0,0,0,0,0,0,28.72201992,6.093240071,0,4.899909731,0,26.15672716,12.99371937,6.396873262,0,0,0,4.794537184,0,0,29.58791998,4.736862954,6.396873262,39.74629614,0,0,0,0,-666,51.64055986,4.794537184,0,4.899909731,0,0,0,0,0,4.736862954,19.19061979,106.6406839,0,11.77398148,0,-4.019817649,0,0,-3.353170351,-17.70834408,0,0.75,11,0,3,0,0,0,0,0,0,-666,0,3,-666,0,0,0,-666,1.44139,42.107,0,0,0,0,0,0,0,0,0,0,1,1,0,0,0,1,0,0,0,0,-666,0,0,0,0,0,0,1,0,0,0,0,0,0,0,0,-666,0,0,0,0,1,0,0,0,0,0,0,0,0,0,0,0,0,-666,0,0,0,0,0,0,0,0,0,0,0,0,0,0,0,0,0,0,0,0,0,0,0,0,0,0,0,0,-666,0,0,70,6,12.011,1.262119,11.3,4,2.55,2.2,357.7,15.9,-0.391575892,-0.321033117,C,6,6,1,2.55,2.55,2.1,13,7.2,1.036,35.758
170,1-__tert-butoxy_carbonyl_piperidin-4-yl,2.092 ,1.608 ,1.681 ,2.080 ,2.172 ,2.104 ,1.785 ,1.717 ,0.734,0.619,0.505,0.532,0.549,0.535,0.403,0.526,0.376,0.588,0.651,0.527,0.594,0.528,0.595,0.507,0.58,0.529,0.594,0.531,0.598,0.511,0.583,0.478,0.564,1.65,1.87,1.85,1.9,0.82,0.85,0.79,0.78,1.68,-0.263,-0.433,12.73708947,-4.304932563,12.73708947,0.892847222,0.57741441,184.259,166.115,184.1337538,75,0,0,0,0,0,-666,-666,-666,-2.12E-17,-0.244322203,-2.77E-16,-2.702786039,-1.98E-16,-2.751028934,-4.82E-34,-1.102509051,3.824435515,652.2836848,25.43915759,24.26371018,6.263710176,13.15453609,12.03319283,3.033192829,1.983172804,1.983172804,0.883387705,0.883387705,0.494801907,0.494801907,-0.12,590740.3321,1.906312787,4.398850502,4.069915995,105.3422689,0,0,0,0,0,103.4913735,0,0,0,0,0,0,0,0,34.20505415,6.093240071,0,4.899909731,0,38.90257697,12.99371937,6.396873262,0,0,0,4.794537184,0,0,29.58791998,4.736862954,6.396873262,57.97518017,0,0,0,0,-666,69.2863194,4.794537184,0,0,0,0,0,0,0,4.736862954,24.67365401,140.1995289,0,11.84424225,0,-4.304932563,0,0,-11.75056489,-20.15494036,0,0.8,13,0,3,0,0,0,0,0,0,-666,0,3,-666,0,0,0,-666,2.22159,51.341,0,0,0,0,0,0,0,0,0,0,1,1,0,0,0,1,0,0,0,0,-666,0,0,0,0,0,0,1,0,0,0,0,0,0,0,0,-666,0,0,0,0,1,0,0,0,0,0,0,0,0,0,0,0,0,-666,0,0,0,0,0,0,0,0,0,0,0,0,0,0,1,0,0,0,0,0,0,0,0,0,0,0,0,0,-666,0,0,70,6,12.011,1.262119,11.3,4,2.55,2.2,391.3,16.8,-0.382016886,-0.300334917,C,6,6,1,2.55,2.55,2.1,13,7.2,1.021,43.612
171,1-__tert-butoxy_carbonyl_pyrrolidin-2-yl,1.836 ,1.223 ,1.285 ,1.661 ,1.931 ,1.657 ,1.382 ,1.293 ,0.624,0.599,0.397,0.432,0.441,0.434,0.355,0.433,0.341,0.45,0.539,0.424,0.459,0.415,0.455,0.406,0.449,0.428,0.461,0.418,0.456,0.407,0.45,0.38,0.433,1.3,1.53,1.51,1.56,0.56,0.56,0.53,0.51,1.28,-0.257,-0.383,12.44208333,-4.150335412,12.44208333,0.564513889,0.557324064,170.232,154.104,170.1181038,69,0,0,0,0,0,-666,-666,-666,1.14E-16,-0.244322203,-1.16E-16,-2.603690843,-1.49E-16,-2.624443015,9.88E-18,-1.102301946,3.618724282,593.4577563,22.93915759,21.76371018,5.763710176,11.91051916,10.78319283,2.783192829,1.858172804,1.858172804,0.820887705,0.820887705,0.463551907,0.463551907,-0.12,186812.8137,1.809208804,3.727330473,3.089455044,96.16738579,0,0,0,0,0,94.37693153,0,0,0,0,0,0,0,0,31.46353704,6.093240071,0,4.899909731,0,38.90257697,6.496859684,6.520808045,0,0,0,4.794537184,0,0,23.0910603,4.736862954,6.520808045,55.23366305,0,0,0,0,-666,62.9133945,4.794537184,0,0,0,0,0,0,0,4.736862954,21.9321369,123.3410688,0,11.87756944,0,-4.150335412,0,0,-9.27755787,-17.20741166,0,0.777777778,12,0,3,0,0,0,0,0,0,-666,0,3,-666,0,0,0,-666,2.17909,46.474,0,0,0,0,0,0,0,0,0,0,1,1,0,0,0,1,0,0,0,0,-666,0,0,0,0,0,0,1,0,0,0,0,0,0,0,0,-666,0,0,0,0,1,0,0,0,0,0,0,0,0,0,0,0,0,-666,0,0,0,0,0,0,0,0,0,0,0,0,0,0,0,0,0,0,0,0,0,0,0,0,0,0,0,0,-666,0,0,70,6,12.011,1.262119,11.3,4,2.55,2.2,377.4,16.3,-0.399087982,-0.283202059,C,6,7,1,2.55,3.04,2.1,14,7.69,0.876,46.487
172,1-__tert-butoxy_carbonyl_pyrrolidin-3-yl,2.034 ,1.572 ,1.639 ,2.003 ,2.104 ,2.021 ,1.743 ,1.678 ,0.757,0.688,0.564,0.585,0.574,0.581,0.432,0.577,0.409,0.619,0.643,0.535,0.618,0.535,0.617,0.519,0.61,0.536,0.619,0.538,0.619,0.522,0.611,0.496,0.599,1.62,1.82,1.8,1.84,0.85,0.87,0.81,0.81,1.64,-0.312,-0.503,12.47590278,-4.172878874,12.47590278,0.652476852,0.554771484,170.232,154.104,170.1181038,69,0,0,0,0,0,-666,-666,-666,1.50E-15,-2.557961712,-0.026261236,-2.588891617,-2.18E-16,-2.626974797,2.50E-16,-2.561372813,3.652674589,593.4577563,22.93915759,21.76371018,5.763710176,11.90453609,10.78319283,2.783192829,1.858172804,1.858172804,0.820887705,0.820887705,0.463551907,0.463551907,-0.12,180675.1963,1.809208804,3.727330473,3.089455044,96.16738579,0,0,0,0,0,94.37693153,0,0,0,0,0,0,0,0,31.46353704,6.093240071,0,4.899909731,0,32.52965206,12.99371937,6.396873262,0,0,0,4.794537184,0,0,29.58791998,4.736862954,6.396873262,48.86073815,0,0,0,0,-666,62.9133945,4.794537184,0,0,0,0,0,0,0,4.736862954,21.9321369,123.4234153,0,11.82342593,0,-4.172878874,0,0,-7.368801139,-19.12182788,0,0.777777778,12,0,3,0,0,0,0,0,0,-666,0,3,-666,0,0,0,-666,1.83149,46.724,0,0,0,0,0,0,0,0,0,0,1,1,0,0,0,1,0,0,0,0,-666,0,0,0,0,0,0,1,0,0,0,0,0,0,0,0,-666,0,0,0,0,1,0,0,0,0,0,0,0,0,0,0,0,0,-666,0,0,0,0,0,0,0,0,0,0,0,0,0,0,0,0,0,0,0,0,0,0,0,0,0,0,0,0,-666,0,0,70,6,12.011,1.262119,11.3,4,2.55,2.2,378.5,16.4,-0.379651905,-0.308346501,C,6,6,1,2.55,2.55,2.1,13,7.2,1.035,39.939
173,"1-_1,3,2-dioxaborolan-2-yl_ethyl",3.586 ,2.668 ,2.748 ,3.383 ,3.739 ,3.375 ,2.890 ,2.728 ,0.649,0.53,0.568,0.568,0.586,0.561,0.368,0.554,0.364,0.614,0.615,0.536,0.604,0.53,0.605,0.519,0.596,0.538,0.603,0.532,0.607,0.522,0.599,0.498,0.589,2.65,3.05,3.02,3.09,1.19,1.24,1.17,1.17,2.74,-0.28,-0.512,7.144907407,-2.790509259,7.144907407,0.978935185,-666,98.918,90.854,99.0617349,39,0,0,0,0,0,-666,-666,-666,0.00E+00,0,0,0,0.00E+00,0,0,0,3.069348099,288.2537552,12.0689141,11.39384685,3.39384685,6.472962099,5.668327946,1.668327946,0.916091278,0.916091278,0.491445102,0.491445102,0.238132436,0.238132436,-0.015064935,1030.091019,1.114221484,2.33257532,1.177259097,54.4752186,0,0,0,0,0,52.94677859,0,0,0,0,0,0,0,0,20.27478472,12.70213127,0,0,0,6.851892117,13.11797049,0,0,0,0,0,0,0,25.82010176,9.308716268,0,17.81796057,0,0,0,0,-666,32.67199388,0,0,0,0,0,0,0,0,9.308716268,10.96606845,64.87384259,0,0,0,0,-0.978935185,0,0,-10.14490741,0,0.75,7,0,2,0,0,0,0,0,0,2,0,3,-666,0,0,0,-666,-0.0748,29.396,0,0,0,0,0,0,0,0,0,0,0,0,0,0,0,0,0,0,0,0,0,0,0,0,0,0,0,0,0,0,0,0,0,0,0,0,-666,0,0,0,0,0,0,0,0,0,0,0,0,0,0,0,0,0,-666,0,0,0,0,0,0,0,0,0,0,0,0,0,0,0,0,0,0,0,0,0,0,0,0,0,0,0,0,-666,0,0,70,6,12.011,1.262119,11.3,4,2.55,2.2,272,14.4,-0.405183295,-0.326698117,C,6,5,1,2.55,2.04,2.1,12,6.69,0.896,44.822
174,1-_1H-pyrrol-2-yl_ethyl,2.929 ,2.028 ,2.089 ,2.952 ,3.093 ,3.012 ,2.365 ,2.246 ,0.446,0.323,0.301,0.313,0.297,0.312,0.233,0.311,0.222,0.321,0.369,0.26,0.322,0.26,0.322,0.247,0.317,0.261,0.322,0.262,0.323,0.25,0.318,0.236,0.31,1.96,2.36,2.33,2.41,0.74,0.8,0.73,0.73,2.09,-0.167,-0.294,7.328240741,-2.744212963,7.328240741,0.318819444,0.543534815,94.137,86.073,94.06567426,37,0,0,0,0,0,-666,-666,-666,-7.59E-20,-0.244512391,6.16E-33,-2.333964219,-1.54E-33,-2.240941674,0,-0.9593793,3.108922858,339.5312821,11.96410162,11.4472136,3.447213595,6.675426481,5.644427191,1.697213595,0.947213595,0.947213595,0.522910197,0.522910197,0.258155948,0.258155948,-0.04,1399.105259,1.104685293,2.31410722,1.164181282,55.0266072,0,0,0,0,0,53.54292004,0,0,0,0,0,0,0,0,11.00715197,0,0,5.309813353,0,6.851892117,0,30.3740626,0,0,5.309813353,0,0,0,0,0,6.396873262,16.44720201,23.97718933,1.411842078,0,0,-666,37.22595471,0,0,0,5.309813353,0,0,0,0,0,11.00715197,57.13962963,0,0,0.318819444,-0.523148148,0,-1.12025463,-1.4875,-2.744212963,0,0.166666667,7,1,1,0,0,0,0,0,0,1,1,1,-666,0,0,0,-666,1.21139,30.3327,0,0,0,0,0,0,0,0,0,0,0,0,0,0,0,0,1,0,0,0,-666,0,0,0,0,0,3,0,0,0,0,0,0,0,0,0,-666,0,0,0,0,0,0,0,0,0,0,0,0,0,0,0,0,0,-666,0,0,0,0,0,0,0,0,0,0,0,0,0,0,0,0,0,0,0,0,0,0,0,0,0,0,0,0,-666,0,0,70,6,12.011,1.262119,11.3,4,2.55,2.2,267.4,15.5,-0.386211784,-0.291052164,C,6,6,1,2.55,2.55,2.1,13,7.2,0.708,42.059
175,"1-_2-chloro-1,3,2-dioxaborolan-2-uid-2-yl_ethyl",2.769 ,1.723 ,1.766 ,2.572 ,2.976 ,2.586 ,1.891 ,1.694 ,0.661,0.468,0.418,0.488,0.488,0.479,0.305,0.465,0.287,0.576,0.561,0.475,0.572,0.465,0.572,0.442,0.551,0.478,0.573,0.47,0.575,0.448,0.557,0.413,0.542,1.73,2.39,2.33,2.46,0,0,0,0,1.76,-0.117,-0.18,7.144907407,-2.790509259,7.144907407,0,0.497716366,134.371,126.307,134.0305876,46,0,0,0,0,0,-666,-666,-666,4.07E-15,-0.24454835,-2.32E-16,-2.325897868,-2.43E-17,-2.441669094,1.84E-16,-0.957086083,2.25E-06,240.9130903,12.0689141,11.77181132,4.527740269,6.472962099,5.668327946,1.668327946,0.916091278,0.916091278,0.491445102,0.491445102,0.238132436,0.238132436,0.274935065,1030.091019,1.876999217,4.183294159,2.029652631,67.34079795,0,0,0,0,0,53.65926469,0,0,0,0,0,0,12.40703316,0,20.27478472,19.5254255,0,0,0,6.851892117,13.11797049,6.296225031,0,0,0,0,0,12.40703316,20.23636282,9.308716268,6.296225031,17.81796057,0,0,0,0,-666,33.38447997,0,0,12.40703316,0,0,0,0,0,9.308716268,10.96606845,64.87384259,0,0,0,0,0,0,-0.978935185,-8.327777778,-1.81712963,0.75,8,0,2,0,0,0,0,0,0,2,0,4,-666,0,0,0,-666,0.97429,33.485,0,0,0,0,0,0,0,0,0,0,0,0,0,0,0,0,0,0,0,0,0,0,0,0,0,0,0,0,0,0,0,0,0,0,0,0,-666,0,0,0,0,0,0,0,1,0,0,0,0,0,0,0,0,0,-666,0,0,0,0,0,0,0,0,0,0,0,0,0,0,0,0,0,0,0,0,0,0,0,0,0,0,0,0,-666,0,-1,70,6,12.011,1.262119,11.3,4,2.55,2.2,299.7,15.5,-0.385615331,-0.378672314,C,6,5,1,2.55,2.04,2.1,12,6.69,0.912,49.948
176,"1-_2-fluoro-1,3,2-dioxaborolan-2-uid-2-yl_ethyl",1.599 ,0.834 ,0.858 ,1.429 ,1.760 ,1.430 ,0.940 ,0.798 ,0.794,0.623,0.632,0.62,0.632,0.62,0.475,0.61,0.451,0.682,0.698,0.643,0.677,0.64,0.683,0.617,0.669,0.644,0.677,0.645,0.684,0.624,0.672,0.588,0.663,0.76,1.19,1.15,1.24,0.1,0.09,0.1,0.11,0.85,-0.037,-0.039,13.7468287,-4.444444444,13.7468287,1.599305556,-666,117.916,109.852,118.0601381,46,0,0,0,0,0,-666,-666,-666,0.00E+00,0,0.00E+00,0,0.00E+00,0,0.00E+00,0,3.004253677,276.2531227,12.99156383,11.77181132,3.771811323,6.818914101,5.886545836,1.886545836,1.203374385,1.203374385,0.635086655,0.635086655,0.282675977,0.282675977,-0.085064935,1335.862629,1.494217528,2.03069994,1.006473143,59.23797333,0,0,0,0,0,57.68526674,0,0,0,0,0,0,0,0,24.59044361,6.828735499,0,0,0,6.851892117,13.11797049,6.296225031,0,0,0,4.315658894,0,0,19.94670598,9.308716268,6.296225031,17.81796057,0,0,0,0,-666,33.09482313,4.315658894,0,0,0,0,0,0,0,9.308716268,10.96606845,76.94270833,0,0,0,0,0,0,-1.599305556,-13.92673611,0,0.75,8,0,2,0,0,0,0,0,0,2,0,4,-666,0,0,0,-666,0.70499,28.74,0,0,0,0,0,0,0,0,0,0,0,0,0,0,0,0,0,0,0,0,0,0,0,0,0,0,0,0,0,0,0,0,0,0,0,0,-666,0,0,0,0,0,0,0,1,0,0,0,0,0,0,0,0,0,-666,0,0,0,0,0,0,0,0,0,0,0,0,0,0,0,0,0,0,0,0,0,0,0,0,0,0,0,0,-666,0,-1,70,6,12.011,1.262119,11.3,4,2.55,2.2,284.4,14.6,-0.388026015,-0.382894619,C,6,5,1,2.55,2.04,2.1,12,6.69,1.026,47.768
177,"1-_2-methoxy-1,3,2-dioxaborolan-2-uid-2-yl_ethyl",1.577 ,0.803 ,0.820 ,1.321 ,1.733 ,1.300 ,0.882 ,0.731 ,0.782,0.588,0.641,0.628,0.635,0.629,0.473,0.617,0.445,0.686,0.688,0.608,0.681,0.61,0.686,0.577,0.672,0.608,0.679,0.614,0.687,0.587,0.676,0.538,0.668,0.74,1.14,1.1,1.18,0.08,0.07,0.08,0.09,0.81,-0.036,-0.059,7.425694444,-4.097222222,7.425694444,1.473263889,-666,129.952,118.864,130.0801246,52,0,0,0,0,0,-666,-666,-666,0.00E+00,0,0.00E+00,0,0.00E+00,0,0.00E+00,0,3.258034339,359.2353362,16.19867061,15.30209514,4.302095141,8.526020882,7.608154351,2.108154351,1.344243628,1.344243628,0.801746322,0.801746322,0.363820264,0.363820264,-0.055064935,6731.599776,1.419360264,2.685710175,1.257177263,70.75151284,0,0,0,0,0,69.09990983,0,0,0,0,0,0,0,0,29.04141852,6.754451222,0,0,0,6.851892117,20.15592294,6.296225031,0,0,0,0,0,0,26.91037417,13.9630744,6.296225031,21.93023624,0,0,0,0,-666,40.05849131,0,0,0,0,0,0,0,0,13.9630744,15.07834412,91.596875,0,0,0,0,0,0,-1.473263889,-13.67326389,-3.283680556,0.8,9,0,3,0,0,0,0,0,0,3,0,4,-666,0,0,0,-666,0.38189,34.641,0,0,0,0,0,0,0,0,0,0,0,0,0,0,0,0,0,0,0,0,0,0,0,0,0,0,0,0,0,0,0,0,0,0,0,0,-666,0,0,0,0,0,0,0,0,0,0,0,0,0,0,0,0,0,-666,0,0,0,0,0,0,0,0,0,0,0,0,0,0,0,0,0,0,0,0,0,0,0,0,0,0,0,0,-666,0,-1,70,6,12.011,1.262119,11.3,4,2.55,2.2,313,15.2,-0.376383945,-0.366698102,C,6,5,1,2.55,2.04,2.1,12,6.69,1.047,50.765
178,"1-_2-methyl-1,3,2-dioxaborolan-2-uid-2-yl_ethyl",1.387 ,0.697 ,0.718 ,1.230 ,1.537 ,1.230 ,0.786 ,0.654 ,0.653,0.586,0.606,0.615,0.613,0.615,0.475,0.608,0.448,0.659,0.685,0.608,0.66,0.609,0.664,0.577,0.648,0.608,0.659,0.614,0.666,0.586,0.653,0.541,0.639,0.62,0.99,0.96,1.04,0.13,0.12,0.14,0.14,0.71,-0.023,-0.048,7.416319444,-4.090277778,7.416319444,1.474305556,-666,113.953,102.865,114.08521,46,0,0,0,0,0,-666,-666,-666,0.00E+00,0,0.00E+00,0,0.00E+00,0,0.00E+00,0,3.360242151,343.0774957,15.49156383,14.89384685,3.89384685,8.068914101,7.45700308,1.95700308,1.296131106,1.296131106,0.681465016,0.681465016,0.297058001,0.297058001,-0.015064935,4691.288249,1.08088105,2.073415165,1.035397431,65.60306452,0,0,0,0,0,63.9560231,0,0,0,0,0,0,0,0,24.38706039,6.551631197,0,0,0,13.603136,13.11797049,6.296225031,0,0,0,0,0,0,19.66960168,9.308716268,6.296225031,21.93023624,0,6.751243886,0,0,-666,39.56896272,0,0,0,0,0,0,0,0,9.308716268,15.07834412,88.12858796,0,0,0,0,0,0,-1.474305556,-16.98761574,0,0.8,8,0,2,0,0,0,0,0,0,2,0,3,-666,0,0,0,-666,0.86859,33.496,0,0,0,0,0,0,0,0,0,0,0,0,0,0,0,0,0,0,0,0,0,0,0,0,0,0,0,0,0,0,0,0,0,0,0,0,-666,0,0,0,0,0,0,0,0,0,0,0,0,0,0,0,0,0,-666,0,0,0,0,0,0,0,0,0,0,0,0,0,0,0,0,0,0,0,0,0,0,0,0,0,0,0,0,-666,0,-1,70,6,12.011,1.262119,11.3,4,2.55,2.2,299.1,15.2,-0.362562698,-0.348796494,C,6,5,1,2.55,2.04,2.1,12,6.69,1.051,50.545
179,1-_4-methylbenzenesulfonamido_pentan-2-yl,2.424 ,1.918 ,1.991 ,2.390 ,2.499 ,2.410 ,2.114 ,2.043 ,0.726,0.597,0.535,0.545,0.568,0.557,0.415,0.548,0.388,0.598,0.692,0.544,0.61,0.543,0.61,0.52,0.598,0.546,0.611,0.548,0.612,0.525,0.601,0.488,0.581,1.98,2.2,2.18,2.23,1.1,1.14,1.06,1.06,1.99,-0.257,-0.444,12.89105454,-5.795778416,12.89105454,1.129895125,0.775346891,240.348,222.204,240.1058248,89,0,0,0,0,0,-666,-666,-666,7.33E-16,-0.248420148,-2.10E-16,-2.581776706,-5.86E-17,-2.633370304,7.88E-17,-1.104737695,3.730964593,1045.785314,27.61880215,25.67195847,8.488455048,14.69615242,12.64085206,5.133701791,2.257280977,3.798236133,1.206740224,2.258417273,0.617763658,1.234889276,0.23,3124222.983,3.212954151,6.842419791,4.615578789,123.3371377,0,0,0,0,0,121.9008403,0,0,0,0,0,0,0,0,33.13253452,10.02329115,0,4.715119614,0,26.44963404,6.496859684,41.08340129,0,0,4.715119614,0,0,0,14.91465667,10.02329115,6.396873262,49.75252949,34.68652803,1.411842078,0,0,-666,88.76830578,8.417796984,0,0,0,0,0,0,0,0,24.71473753,160.2536585,0,-1.665214986,0,-1.156536784,0,-5.65700899,-10.07821391,-11.0675721,-5.795778416,0.416666667,16,1,3,0,0,0,0,0,0,-666,1,4,-666,0,0,0,-666,2.31019,67.1105,0,0,0,0,0,0,0,0,0,0,0,0,0,0,0,0,1,0,0,0,-666,0,0,0,0,0,5,0,0,0,0,0,0,0,0,0,-666,0,0,0,0,0,0,0,0,0,0,0,0,0,0,0,0,0,-666,0,0,0,0,0,0,0,0,0,0,0,0,0,0,0,0,0,0,0,0,0,1,0,0,0,0,0,0,-666,0,0,70,6,12.011,1.262119,11.3,4,2.55,2.2,428,19.4,-0.394119774,-0.321760305,C,6,6,1,2.55,2.55,2.1,13,7.2,1.031,47.894
180,1-_4-methylbenzenesulfonamido_pentan-3-yl,2.084 ,1.684 ,1.751 ,2.074 ,2.148 ,2.095 ,1.836 ,1.780 ,0.711,0.553,0.565,0.576,0.566,0.575,0.413,0.57,0.384,0.609,0.653,0.517,0.611,0.517,0.61,0.493,0.602,0.518,0.611,0.521,0.612,0.498,0.604,0.452,0.589,1.76,1.95,1.93,1.97,1.05,1.04,1,0.97,1.75,-0.253,-0.464,12.91088636,-5.836310823,12.91088636,1.162989331,0.775346891,240.348,222.204,240.1058248,89,0,0,0,0,0,-666,-666,-666,1.05E-15,-0.248346565,-1.42E-16,-2.575082192,-1.19E-16,-2.652392162,2.47E-17,-1.069355453,3.756973544,1045.785314,27.61880215,25.67195847,8.488455048,14.69615242,12.64085206,5.133701791,2.257280977,3.798236133,1.206740224,2.258417273,0.617763658,1.234889276,0.23,3129631.74,3.212954151,6.842419791,4.615578789,123.3371377,0,0,0,0,0,121.9008403,0,0,0,0,0,0,0,0,33.13253452,10.02329115,0,4.715119614,0,26.44963404,6.496859684,41.08340129,0,0,4.715119614,0,0,0,14.91465667,10.02329115,6.396873262,49.75252949,34.68652803,1.411842078,0,0,-666,88.76830578,8.417796984,0,0,0,0,0,0,0,0,24.71473753,160.3324114,0,-1.684687776,0,-1.162989331,0,-5.700631571,-9.98105461,-11.13340393,-5.836310823,0.416666667,16,1,3,0,0,0,0,0,0,-666,1,4,-666,0,0,0,-666,2.31019,67.1105,0,0,0,0,0,0,0,0,0,0,0,0,0,0,0,0,1,0,0,0,-666,0,0,0,0,0,5,0,0,0,0,0,0,0,0,0,-666,0,0,0,0,0,0,0,0,0,0,0,0,0,0,0,0,0,-666,0,0,0,0,0,0,0,0,0,0,0,0,0,0,0,0,0,0,0,0,0,1,0,0,0,0,0,0,-666,0,0,70,6,12.011,1.262119,11.3,4,2.55,2.2,477.7,18.4,-0.395213043,-0.306547342,C,6,6,1,2.55,2.55,2.1,13,7.2,1.048,48.37
181,1-_4-methylbenzenesulfonamido_pentyl,2.126 ,1.705 ,1.790 ,2.022 ,2.207 ,2.026 ,1.763 ,1.684 ,0.483,0.412,0.417,0.433,0.446,0.436,0.34,0.431,0.32,0.458,0.501,0.378,0.464,0.375,0.463,0.356,0.455,0.38,0.465,0.38,0.464,0.359,0.456,0.317,0.437,1.85,2.09,2.07,2.12,0.95,0.91,0.9,0.81,1.78,-0.245,-0.392,12.8572351,-5.724158045,12.8572351,1.041932162,0.776894287,240.348,222.204,240.1058248,89,0,0,0,0,0,-666,-666,-666,2.87E-16,-0.248439337,-1.44E-16,-2.605741679,-7.63E-17,-2.545168099,4.29E-17,-1.126405591,3.713254171,1045.785314,27.61880215,25.67195847,8.488455048,14.70213549,12.64085206,5.133701791,2.257280977,3.798236133,1.206740224,2.258417273,0.617763658,1.234889276,0.23,3170628.113,3.212954151,6.842419791,4.615578789,123.3371377,0,0,0,0,0,121.9008403,0,0,0,0,0,0,0,0,33.13253452,10.02329115,0,4.715119614,0,32.82255894,0,41.20733607,0,0,4.715119614,0,0,0,8.417796984,10.02329115,6.520808045,56.12545439,34.68652803,1.411842078,0,0,-666,88.76830578,8.417796984,0,0,0,0,0,0,0,0,24.71473753,160.2973995,0,-1.633849246,0,-1.147598699,0,-5.592317002,-12.22324539,-9.142897806,-5.724158045,0.416666667,16,1,3,0,0,0,0,0,0,-666,1,4,-666,0,0,0,-666,2.65779,66.8605,0,0,0,0,0,0,0,0,0,0,0,0,0,0,0,0,1,0,0,0,-666,0,0,0,0,0,5,0,0,0,0,0,0,0,0,0,-666,0,0,0,0,0,0,0,0,0,0,0,0,0,0,0,0,0,-666,0,0,0,0,0,0,0,0,0,0,0,0,0,0,0,0,0,0,0,0,0,1,0,0,0,0,0,0,-666,0,0,70,6,12.011,1.262119,11.3,4,2.55,2.2,420.4,19.4,-0.414199225,-0.29413252,C,6,7,1,2.55,3.04,2.1,14,7.69,0.953,53.14
182,1-_4-methylbenzenesulfonyl_piperidin-2-yl,2.394 ,1.852 ,1.945 ,2.285 ,2.491 ,2.293 ,1.964 ,1.869 ,0.542,0.474,0.374,0.401,0.413,0.403,0.324,0.401,0.308,0.423,0.51,0.388,0.432,0.386,0.431,0.365,0.421,0.389,0.433,0.39,0.433,0.37,0.423,0.334,0.404,1.99,2.28,2.25,2.31,0.97,0.93,0.92,0.84,1.94,-0.229,-0.354,13.24895644,-5.791273148,13.24895644,0.763258692,0.792692853,238.332,222.204,238.0901748,87,0,0,0,0,0,-666,-666,-666,4.17E-15,-0.243637101,-3.01E-16,-2.695458827,-9.43E-17,-2.682528556,3.25E-16,-1.078460944,2.920886582,1049.380002,25.61880215,23.67195847,8.488455048,13.91346035,11.91724526,5.357308589,2.572174868,4.295704209,1.540268014,2.923590447,0.85812195,1.732357352,0.23,1776165.553,3.409240539,5.252945261,2.725513228,119.6732804,0,0,0,0,0,118.3533036,0,0,0,0,0,0,0,0,30.34993388,10.02329115,0,4.305215991,0,25.97066682,6.496859684,41.20733607,0,0,0,0,0,0,19.21987266,10.02329115,6.520808045,47.90280372,34.68652803,0,0,0,-666,88.00336972,8.417796984,0,0,0,0,0,0,0,0,21.9321369,149.3439344,0,-1.622049792,0,-1.134098193,0,-5.545448764,-11.36511163,-9.052619494,-5.791273148,0.416666667,16,0,3,0,0,0,0,0,0,-666,0,4,-666,0,0,0,-666,2.36389,64.7568,0,0,0,0,0,0,0,0,0,0,0,0,0,0,0,1,0,0,0,0,-666,0,0,0,0,0,5,0,0,0,0,0,0,0,0,0,-666,0,0,0,0,0,0,0,0,0,0,0,0,0,0,0,0,0,-666,0,0,0,0,0,0,0,0,0,0,0,0,0,0,1,0,0,0,0,0,0,1,0,0,0,0,0,0,-666,0,0,70,6,12.011,1.262119,11.3,4,2.55,2.2,419.3,19.1,-0.409876477,-0.293523384,C,6,7,1,2.55,3.04,2.1,14,7.69,0.9,56.207
183,1-_4-methylbenzenesulfonyl_pyrrolidin-2-yl,2.272 ,1.798 ,1.887 ,2.144 ,2.358 ,2.145 ,1.866 ,1.776 ,0.474,0.403,0.396,0.418,0.426,0.421,0.333,0.417,0.313,0.44,0.485,0.371,0.448,0.37,0.447,0.35,0.438,0.372,0.449,0.374,0.449,0.354,0.44,0.315,0.421,1.95,2.22,2.2,2.25,0.95,0.91,0.91,0.82,1.88,-0.24,-0.375,13.00760157,-5.551087963,13.00760157,0.570133692,0.769556862,224.305,210.193,224.0745247,81,0,0,0,0,0,-666,-666,-666,10.24772619,-0.243601391,-2.38E-16,-2.449572823,0,-2.501812541,0.579375035,-0.99223387,2.850281124,956.5377033,23.11880215,21.17195847,7.988455048,12.66346035,10.66724526,5.107308589,2.447174868,4.170704209,1.477768014,2.861090447,0.82687195,1.701107352,0.23,547777.8472,3.374686306,4.615578789,2.491151749,110.4983973,0,0,0,0,0,109.2388616,0,0,0,0,0,0,0,0,27.60841677,10.02329115,0,4.305215991,0,19.59774192,6.496859684,41.20733607,0,0,0,0,0,0,19.21987266,10.02329115,6.520808045,38.78836171,34.68652803,0,0,0,-666,81.63044482,8.417796984,0,0,0,0,0,0,0,0,19.19061979,132.3145275,0,-1.497569444,0,-1.07257556,0,-5.202534014,-6.957416147,-8.450011023,-5.551087963,0.363636364,15,0,3,0,0,0,0,0,0,-666,0,4,-666,0,0,0,-666,1.97379,60.1398,0,0,0,0,0,0,0,0,0,0,0,0,0,0,0,1,0,0,0,0,-666,0,0,0,0,0,5,0,0,0,0,0,0,0,0,0,-666,0,0,0,0,0,0,0,0,0,0,0,0,0,0,0,0,0,-666,0,0,0,0,0,0,0,0,0,0,0,0,0,0,0,0,0,0,0,0,0,1,0,0,0,0,0,0,-666,0,0,70,6,12.011,1.262119,11.3,4,2.55,2.2,402,19,-0.413753583,-0.29277505,C,6,7,1,2.55,3.04,2.1,14,7.69,0.928,53.85
184,1-_acetoxy_pentyl,2.185 ,1.701 ,1.778 ,2.038 ,2.252 ,2.028 ,1.828 ,1.748 ,0.697,0.601,0.473,0.494,0.508,0.494,0.395,0.489,0.371,0.523,0.568,0.464,0.524,0.458,0.526,0.444,0.514,0.463,0.524,0.461,0.528,0.45,0.517,0.417,0.501,1.82,2.02,2,2.04,0.99,1,0.95,0.95,1.78,-0.297,-0.44,11.07567519,-3.822068689,11.07567519,1.840972222,0.427775758,129.179,116.075,129.0915547,53,0,0,0,0,0,-666,-666,-666,-1.82E-17,-0.248425102,-1.44E-16,-2.59219178,-2.10E-16,-2.46480747,-9.00E-17,-1.126627841,5.582101651,419.0849924,18.36180732,17.31649658,4.316496581,9.298547388,8.362372436,1.862372436,0.866581624,0.866581624,0.319759776,0.319759776,0.128629888,0.128629888,-0.08,12420.01222,1.278473873,6.046262626,7.92,74.46858755,0,0,0,0,0,72.7260592,0,0,0,0,0,0,0,0,27.35126137,5.969305288,0,0,0,32.82255894,0,6.582933604,0,0,0,0,0,0,5.969305288,9.531400138,6.582933604,50.64242017,0,0,0,0,-666,45.37479783,4.794537184,0,0,0,0,0,0,0,4.736862954,17.81986123,96.09085377,0,11.07567519,0,0,-2.021648243,0,-11.28635428,-8.775193098,0,0.714285714,9,0,2,0,0,0,0,0,0,2,0,2,-666,0,0,0,-666,1.90149,35.591,0,0,0,0,0,0,0,0,0,0,1,1,0,0,0,0,0,0,0,0,0,0,0,0,0,0,0,0,0,0,0,0,0,0,0,0,-666,0,0,0,1,1,0,0,0,0,0,0,0,0,0,0,0,0,-666,0,0,0,0,0,0,0,0,0,0,0,0,0,0,0,0,0,0,0,0,0,0,0,0,0,0,0,0,-666,0,0,70,6,12.011,1.262119,11.3,4,2.55,2.2,340.3,15.2,-0.424856583,-0.324213631,C,6,8,1,2.55,3.44,2.1,15,8.09,1.032,46.467
185,1-_acetyloxy_-2-_4-fluorophenyl_ethyl,2.381 ,1.882 ,1.979 ,2.207 ,2.454 ,2.191 ,1.986 ,1.896 ,0.637,0.544,0.426,0.445,0.483,0.453,0.342,0.442,0.32,0.495,0.523,0.41,0.501,0.403,0.504,0.384,0.486,0.41,0.5,0.407,0.507,0.391,0.491,0.35,0.471,2.05,2.28,2.26,2.31,1.11,1.09,1.06,1.03,1.98,-0.216,-0.371,13.43719839,-3.263956391,13.43719839,1.044220522,0.667234211,181.186,171.106,181.0664828,69,0,0,0,0,0,-666,-666,-666,10.94800081,-0.243540626,-1.39E-17,-2.383815593,8.38E-17,-2.351279069,0.659251708,-0.928356369,3.303030315,624.5333816,18.32590893,16.19446105,6.194461054,10.22397387,8.051354672,3.051354672,1.80556386,1.80556386,0.914250894,0.914250894,0.482640965,0.482640965,-0.15,42926.09653,3.455949753,5.552892854,4.576487476,90.43939754,0,0,0,0,0,89.01472205,0,0,0,0,0,0,0,0,27.62940075,5.969305288,0,0,0,13.22481702,0,42.191199,0,0,0,4.390415048,0,0,5.969305288,9.531400138,6.582933604,26.93240258,35.60826539,0,0,0,-666,61.3853213,9.184952232,0,0,0,0,0,0,0,4.736862954,13.70758556,90.14486723,0,11.19078378,0,-1.044220522,-3.408047525,-4.549989686,-3.186134259,-4.813925684,0,0.2,13,0,2,0,0,0,0,0,0,2,0,3,-666,0,0,0,-666,2.45099,47.097,0,0,0,0,0,0,0,0,0,0,1,1,0,0,0,0,0,0,0,0,0,0,0,0,0,0,5,0,0,0,0,0,0,0,0,0,-666,0,0,0,1,1,0,0,1,0,0,0,0,0,0,0,0,0,-666,0,0,0,0,0,0,0,0,0,0,0,0,0,0,0,0,0,0,0,0,0,0,0,0,0,0,0,0,-666,0,0,70,6,12.011,1.262119,11.3,4,2.55,2.2,362.3,17.6,-0.41516021,-0.334618142,C,6,8,1,2.55,3.44,2.1,15,8.09,0.978,50.157
186,1-_acetyloxy_-2-_4-methoxyphenyl_ethyl,2.286 ,1.809 ,1.887 ,2.108 ,2.353 ,2.091 ,1.905 ,1.819 ,0.647,0.545,0.468,0.488,0.506,0.49,0.382,0.483,0.355,0.518,0.566,0.414,0.52,0.409,0.521,0.39,0.509,0.413,0.519,0.413,0.523,0.398,0.513,0.357,0.494,1.96,2.17,2.15,2.19,1.05,1.05,1.02,0.99,1.88,-0.234,-0.389,11.32497111,-3.297081391,11.32497111,0.962438062,0.685571565,193.222,180.118,193.0864693,75,0,0,0,0,0,-666,-666,-666,10.16765837,-0.245743966,-3.90E-17,-2.398551457,2.47E-32,-2.355435819,1.17E-16,-0.943298098,3.410089061,724.7684034,21.53301572,19.72474487,6.724744871,11.90842528,9.770620726,3.270620726,1.922767842,1.922767842,1.023883921,1.023883921,0.537457479,0.537457479,-0.12,204533.1082,3.186857639,6.379752926,4.398850502,101.967261,0,0,0,0,0,100.4436891,0,0,0,0,0,0,0,0,32.08812432,5.969305288,0,0,0,13.22481702,7.037952459,42.12348999,0,0,0,0,0,0,13.00725775,14.26826309,6.582933604,31.04467825,35.54055639,0,0,0,-666,68.35556476,4.794537184,0,0,0,0,0,0,0,9.473725908,17.81986123,104.170673,0,11.32497111,0,-1.05672808,-2.884673634,-4.257628575,-3.236915509,-4.872160323,-3.104204689,0.272727273,14,0,3,0,0,0,0,0,0,3,0,3,-666,0,0,0,-666,2.12789,52.998,0,0,0,0,0,0,0,0,0,0,1,1,0,0,0,0,0,0,0,0,0,0,0,0,0,0,4,0,0,0,0,0,0,0,0,0,-666,0,0,0,1,2,0,0,0,0,0,0,0,0,0,0,0,0,-666,1,0,0,0,0,0,0,0,0,0,0,0,0,0,0,0,0,0,0,0,0,0,0,0,0,0,0,0,-666,0,0,70,6,12.011,1.262119,11.3,4,2.55,2.2,397.3,17.5,-0.385312438,-0.323833047,C,6,8,1,2.55,3.44,2.1,15,8.09,1.024,48.7
187,1-_acetyloxy_-2-methylpropyl,2.299 ,1.796 ,1.879 ,2.142 ,2.371 ,2.130 ,1.920 ,1.834 ,0.692,0.543,0.467,0.485,0.507,0.49,0.385,0.485,0.36,0.512,0.606,0.449,0.52,0.444,0.521,0.426,0.509,0.447,0.519,0.448,0.523,0.434,0.512,0.396,0.494,1.92,2.14,2.12,2.16,1.03,1.03,0.99,0.98,1.88,-0.276,-0.438,10.9993424,-3.526875,10.9993424,1.755902778,0.507857932,115.152,104.064,115.0759046,47,0,0,0,0,0,-666,-666,-666,3.71E-17,-0.247475264,-8.51E-17,-2.539879259,-2.01E-16,-2.473736122,-1.23E-16,-1.097080539,5.408100305,322.5652481,15.86180732,14.81649658,3.816496581,8.048547388,7.112372436,1.612372436,0.866581624,0.866581624,0.245790812,0.245790812,0.097379888,0.097379888,-0.08,3381.379406,1.18103117,3.866332007,5.92,65.29370443,0,0,0,0,0,63.61161718,0,0,0,0,0,0,0,0,24.60974426,5.969305288,0,0,5.893957685,20.55567635,0,6.582933604,0,0,0,0,0,0,5.969305288,9.531400138,12.47689129,35.63402047,0,0,0,0,-666,39.00187293,4.794537184,0,0,0,0,0,0,0,4.736862954,15.07834412,80.40064531,0,10.9993424,0,0,-5.496666667,0,0,-12.06998772,0,0.666666667,8,0,2,0,0,0,0,0,0,2,0,2,-666,0,0,0,-666,1.36729,30.904,0,0,0,0,0,0,0,0,0,0,1,1,0,0,0,0,0,0,0,0,0,0,0,0,0,0,0,0,0,0,0,0,0,0,0,0,-666,0,0,0,1,1,0,0,0,0,0,0,0,0,0,0,0,0,-666,0,0,0,0,0,0,0,0,0,0,0,0,0,0,0,0,0,0,0,0,0,0,0,0,0,0,0,0,-666,0,0,70,6,12.011,1.262119,11.3,4,2.55,2.2,302,15.1,-0.423611256,-0.325542964,C,6,8,1,2.55,3.44,2.1,15,8.09,1.012,51.942
188,1-_acetyloxy_-2-phenylethyl,2.241 ,1.784 ,1.862 ,2.108 ,2.305 ,2.100 ,1.904 ,1.827 ,0.671,0.628,0.475,0.492,0.517,0.496,0.372,0.486,0.35,0.535,0.559,0.443,0.537,0.434,0.54,0.421,0.525,0.442,0.537,0.438,0.542,0.427,0.529,0.392,0.511,1.91,2.11,2.1,2.13,1.06,1.06,1.02,1,1.86,-0.252,-0.415,11.22078378,-3.233956391,11.22078378,0.758734358,0.636476287,163.196,152.108,163.0759046,63,0,0,0,0,0,-666,-666,-666,10.1878119,-0.243551213,-1.93E-16,-2.390134571,1.07E-16,-2.350519541,1.32E-16,-0.928356604,3.303030315,619.6989147,18.32590893,16.81649658,5.816496581,10.22397387,8.362372436,2.862372436,1.616581624,1.616581624,0.819759776,0.819759776,0.435395406,0.435395406,-0.08,42926.09653,2.705778899,5.545842251,4.073454882,87.67883264,0,0,0,0,0,86.22026343,0,0,0,0,0,0,0,0,24.60974426,5.969305288,0,0,0,13.22481702,0,42.41639686,0,0,0,0,0,0,5.969305288,9.531400138,6.582933604,28.30316114,35.83346326,0,0,0,-666,61.61051917,4.794537184,0,0,0,0,0,0,0,4.736862954,15.07834412,84.9916057,0,11.22078378,0,-0.924220522,-1.86227613,-4.267057377,-3.102800926,-4.722701195,0,0.2,12,0,2,0,0,0,0,0,0,2,0,2,-666,0,0,0,-666,2.15379,47.046,0,0,0,0,0,0,0,0,0,0,1,1,0,0,0,0,0,0,0,0,0,0,0,0,0,0,5,0,0,0,0,0,0,0,0,0,-666,0,0,0,1,1,0,0,0,0,0,0,0,0,0,0,0,0,-666,0,0,0,0,0,0,0,0,0,0,0,0,0,0,0,0,0,0,0,0,0,0,0,0,0,0,0,0,-666,0,0,70,6,12.011,1.262119,11.3,4,2.55,2.2,349.8,17.5,-0.404346209,-0.323870852,C,6,8,1,2.55,3.44,2.1,15,8.09,1.026,49.789
189,1-_acetyloxy_ethyl,2.113 ,1.557 ,1.662 ,1.912 ,2.197 ,1.889 ,1.668 ,1.566 ,0.654,0.563,0.483,0.502,0.514,0.502,0.369,0.498,0.351,0.53,0.562,0.448,0.531,0.443,0.531,0.424,0.521,0.446,0.53,0.446,0.533,0.432,0.525,0.401,0.512,1.7,1.94,1.92,1.97,0.8,0.78,0.76,0.74,1.66,-0.261,-0.458,10.54611111,-3.044097222,10.54611111,1.339236111,0.4405588,87.098,80.042,87.04460446,35,0,0,0,0,0,-666,-666,-666,0,-0.246376633,-1.54E-33,-2.282316447,-3.41E-17,-2.267384652,-3.37E-17,-0.96862511,4.241940874,191.6496731,10.86180732,9.816496581,2.816496581,5.548547388,4.612372436,1.112372436,0.491581624,0.491581624,0.143728739,0.143728739,0.046348851,0.046348851,-0.08,278.9831395,1.00855457,3.123252033,3.92,46.9439382,0,0,0,0,0,45.38273316,0,0,0,0,0,0,0,0,19.12671003,5.969305288,0,0,0,13.70378423,0,6.582933604,0,0,0,0,0,0,5.969305288,9.531400138,6.582933604,23.29909413,0,0,0,0,-666,26.25602313,4.794537184,0,0,0,0,0,0,0,4.736862954,9.595309893,49.78666667,0,10.54611111,0,0,-1.714236111,0,0,-7.285208333,0,0.5,6,0,2,0,0,0,0,0,0,2,0,2,-666,0,0,0,-666,0.73119,21.74,0,0,0,0,0,0,0,0,0,0,1,1,0,0,0,0,0,0,0,0,0,0,0,0,0,0,0,0,0,0,0,0,0,0,0,0,-666,0,0,0,1,1,0,0,0,0,0,0,0,0,0,0,0,0,-666,0,0,0,0,0,0,0,0,0,0,0,0,0,0,0,0,0,0,0,0,0,0,0,0,0,0,0,0,-666,0,0,70,6,12.011,1.262119,11.3,4,2.55,2.2,258,13.9,-0.419840606,-0.314820055,C,6,8,1,2.55,3.44,2.1,15,8.09,0.943,39.327
190,1-_acetyloxy_pentyl,2.178 ,1.696 ,1.771 ,2.033 ,2.245 ,2.023 ,1.823 ,1.744 ,0.699,0.607,0.474,0.495,0.509,0.494,0.395,0.489,0.371,0.524,0.569,0.464,0.525,0.458,0.527,0.444,0.515,0.463,0.524,0.462,0.529,0.45,0.518,0.418,0.502,1.81,2.01,2,2.03,0.99,1,0.95,0.95,1.77,-0.297,-0.441,11.07567519,-3.822068689,11.07567519,1.840972222,0.427775758,129.179,116.075,129.0915547,53,0,0,0,0,0,-666,-666,-666,-1.82E-17,-0.248425102,-1.44E-16,-2.59219178,-2.10E-16,-2.46480747,-9.00E-17,-1.126627841,5.582101651,419.0849924,18.36180732,17.31649658,4.316496581,9.298547388,8.362372436,1.862372436,0.866581624,0.866581624,0.319759776,0.319759776,0.128629888,0.128629888,-0.08,12420.01222,1.278473873,6.046262626,7.92,74.46858755,0,0,0,0,0,72.7260592,0,0,0,0,0,0,0,0,27.35126137,5.969305288,0,0,0,32.82255894,0,6.582933604,0,0,0,0,0,0,5.969305288,9.531400138,6.582933604,50.64242017,0,0,0,0,-666,45.37479783,4.794537184,0,0,0,0,0,0,0,4.736862954,17.81986123,96.09085377,0,11.07567519,0,0,-2.021648243,0,-11.28635428,-8.775193098,0,0.714285714,9,0,2,0,0,0,0,0,0,2,0,2,-666,0,0,0,-666,1.90149,35.591,0,0,0,0,0,0,0,0,0,0,1,1,0,0,0,0,0,0,0,0,0,0,0,0,0,0,0,0,0,0,0,0,0,0,0,0,-666,0,0,0,1,1,0,0,0,0,0,0,0,0,0,0,0,0,-666,0,0,0,0,0,0,0,0,0,0,0,0,0,0,0,0,0,0,0,0,0,0,0,0,0,0,0,0,-666,0,0,70,6,12.011,1.262119,11.3,4,2.55,2.2,340.1,15.3,-0.425073953,-0.324266344,C,6,8,1,2.55,3.44,2.1,15,8.09,1.034,46.52
191,1-_aminosulfinyl_ethyl,3.476 ,2.653 ,2.776 ,3.318 ,3.584 ,3.318 ,2.942 ,2.816 ,0.663,0.506,0.389,0.42,0.427,0.42,0.3,0.416,0.283,0.468,0.497,0.386,0.473,0.385,0.475,0.366,0.459,0.387,0.474,0.388,0.477,0.37,0.462,0.34,0.437,2.85,3.23,3.2,3.28,1.37,1.45,1.33,1.35,2.77,-0.196,-0.348,10.56696759,-2.786496914,10.56696759,0.324699074,0.477550194,92.143,86.095,92.01700981,31,0,0,0,0,0,-666,-666,-666,0,-0.244485051,-7.29E-19,-2.27467273,-7.46E-17,-2.473381117,0,-0.956158737,4.260658189,155.1514978,9.232050808,8.263710176,3.080206757,4.764742878,3.697792189,1.910094993,0.351218098,1.053654294,0.087310213,0.261930639,0,0,0.27,136.6196901,0.911014896,2.504192037,4.27,42.49965182,0,0,0,0,0,41.20704453,0,0,0,0,0,0,0,0,12.51561687,10.98560706,0,0,5.125023236,6.851892117,0,5.728905246,0,0,5.125023236,0,0,0,4.208898492,10.98560706,5.728905246,12.33492634,0,2.823684157,0,0,-666,23.56640442,4.208898492,0,5.125023236,0,0,0,0,0,0,8.306718381,49.85733796,0,0,-0.324699074,-1.108796296,0,0,0,-2.786496914,-2.49845679,0.5,5,2,2,0,0,0,0,0,0,-666,1,3,-666,0,0,0,-666,-0.20951,22.3038,0,0,0,0,0,0,0,0,0,0,0,0,0,0,0,0,0,1,0,0,-666,0,0,0,0,0,0,0,0,0,0,0,0,0,0,0,-666,0,0,0,0,0,0,0,0,0,0,0,0,0,0,0,0,0,-666,0,0,0,0,0,0,0,0,0,0,0,0,0,0,0,0,0,0,0,0,0,0,0,0,0,0,0,0,-666,0,0,70,6,12.011,1.262119,11.3,4,2.55,2.2,241.6,15.2,-0.385077466,-0.341283396,C,6,16,1,2.55,2.58,2.1,23,7.23,0.956,43.328
192,1-_benzenesulfinyl_ethyl,3.476 ,2.700 ,2.803 ,3.346 ,3.590 ,3.357 ,2.947 ,2.827 ,0.629,0.486,0.388,0.418,0.437,0.418,0.3,0.411,0.282,0.473,0.482,0.39,0.477,0.389,0.478,0.37,0.462,0.392,0.477,0.393,0.481,0.375,0.465,0.351,0.442,2.85,3.23,3.2,3.28,1.4,1.46,1.36,1.36,2.8,-0.192,-0.332,11.90741355,-2.950636771,11.90741355,0.670218254,0.634567106,153.226,144.154,153.0374109,53,0,0,0,0,0,-666,-666,-666,10.37489133,-0.24450226,-7.97E-17,-2.304401536,-9.71E-17,-2.215643245,0.691146008,-0.955856163,3.3975448,521.3181478,15.11880215,13.81649658,5.632993162,8.496793686,6.824914957,3.474744871,1.324914957,2.474744871,0.755155182,1.515465545,0.382259776,0.771779327,0.31,8079.136356,2.396588548,4.242634534,2.168485438,76.23819428,0,0,0,0,0,75.09158715,0,0,0,0,0,0,0,0,16.5457255,10.79956904,0,0,0,6.851892117,0,40.89440049,0,0,0,0,0,0,4.208898492,10.79956904,5.728905246,19.18871912,35.16549524,0,0,0,-666,58.54586165,4.208898492,0,0,0,0,0,0,0,0,12.33682701,77.21998532,0,-0.687847222,0,-1.174971655,0,-3.640542013,0,-2.950636771,-2.627098765,0.125,10,0,1,0,0,0,0,0,0,1,0,2,-666,0,0,0,-666,1.92669,44.4794,0,0,0,0,0,0,0,0,0,0,0,0,0,0,0,0,0,0,0,0,0,0,0,0,0,0,5,0,0,0,0,0,0,0,0,0,-666,0,0,0,0,0,0,0,0,0,0,0,0,0,0,0,0,0,-666,0,0,0,0,0,0,0,0,0,0,0,0,0,0,0,0,0,0,0,0,0,0,0,0,0,0,0,0,-666,0,0,70,6,12.011,1.262119,11.3,4,2.55,2.2,328.6,17.9,-0.379854001,-0.333170197,C,6,16,1,2.55,2.58,2.1,23,7.23,0.953,47.655
193,1-_benzenesulfonyl_ethyl,4.338 ,3.401 ,3.535 ,4.086 ,4.471 ,4.073 ,3.645 ,3.483 ,0.63,0.467,0.439,0.428,0.476,0.438,0.299,0.422,0.276,0.511,0.495,0.395,0.514,0.389,0.509,0.375,0.501,0.397,0.515,0.393,0.511,0.379,0.503,0.354,0.488,3.61,4.07,4.04,4.12,1.81,1.87,1.77,1.77,3.53,-0.192,-0.358,11.98380244,-4.997291667,11.98380244,0.80614418,0.674101886,169.225,160.153,169.0323255,59,0,0,0,0,0,-666,-666,-666,11.14083594,-0.244502328,-1.41E-16,-2.309648211,-2.05E-16,-2.260286146,0.7764,-0.955962163,3.632409438,631.8391485,16.04145188,14.22474487,6.041241452,8.830127019,6.991581624,3.974744871,1.559623006,3.178869017,0.880155182,1.890465545,0.423926442,0.896779327,0.27,10783.8655,2.893059102,3.784877587,2.355031864,79.48933846,0,0,0,0,0,78.33816973,0,0,0,0,0,0,0,0,20.75462399,9.837253136,0,0,0,6.851892117,0,40.89440049,0,0,0,0,0,0,8.417796984,9.837253136,5.728905246,19.18871912,35.16549524,0,0,0,-666,57.58354574,8.417796984,0,0,0,0,0,0,0,0,12.33682701,88.76561803,0,-1.204050926,0,-1.691175359,0,-4.763705593,0,-3.276061154,-4.997291667,0.125,11,0,2,0,0,0,0,0,0,2,0,3,-666,0,0,0,-666,1.59279,45.2568,0,0,0,0,0,0,0,0,0,0,0,0,0,0,0,0,0,0,0,0,0,0,0,0,0,0,5,0,0,0,0,0,0,0,0,0,-666,0,0,0,0,0,0,0,0,0,0,0,0,0,0,0,0,0,-666,0,0,0,0,0,0,0,0,0,0,0,0,0,0,0,0,0,0,0,0,0,0,1,0,0,0,0,0,-666,0,0,70,6,12.011,1.262119,11.3,4,2.55,2.2,340.5,18.3,-0.405191287,-0.358428505,C,6,16,1,2.55,2.58,2.1,23,7.23,0.931,48.948
194,1-_benzoyloxy_ethyl,2.459 ,1.953 ,2.092 ,2.224 ,2.554 ,2.200 ,1.956 ,1.848 ,0.505,0.415,0.461,0.476,0.503,0.481,0.356,0.473,0.335,0.517,0.577,0.441,0.519,0.435,0.52,0.417,0.508,0.439,0.518,0.438,0.521,0.426,0.513,0.395,0.499,2.15,2.45,2.43,2.49,1.04,0.97,0.99,0.9,2.09,-0.237,-0.412,11.67822373,-2.969252055,11.67822373,0.692177855,0.601157031,149.169,140.097,149.0602545,57,0,0,0,0,0,-666,-666,-666,10.84009813,-0.244513969,-3.30E-16,-2.28346626,0.004012095,-2.231007675,0.641075658,-0.967332408,3.173288942,534.6019266,15.82590893,14.31649658,5.316496581,8.979956933,7.112372436,2.612372436,1.491581624,1.491581624,0.847852885,0.847852885,0.44944196,0.44944196,-0.08,12702.42097,2.708116321,4.728423353,2.795274026,78.50394952,0,0,0,0,0,77.10582141,0,0,0,0,0,0,0,0,21.86822714,5.969305288,0,0,0,6.851892117,0,42.41639686,0,0,0,0,0,0,5.969305288,9.531400138,6.582933604,19.18871912,35.83346326,0,0,0,-666,55.23759427,4.794537184,0,0,0,0,0,0,0,4.736862954,12.33682701,68.84630945,0,11.67822373,0,-0.814814815,-1.483217593,-3.835314665,0,-4.307852773,0,0.111111111,11,0,2,0,0,0,0,0,0,2,0,2,-666,0,0,0,-666,1.76369,42.429,0,0,0,0,0,0,0,0,0,0,1,1,0,0,0,0,0,0,0,0,0,0,0,0,0,0,4,0,0,0,0,0,0,0,0,0,-666,0,0,0,1,1,0,0,0,0,0,0,0,0,0,0,0,0,-666,0,0,0,0,0,0,0,0,0,0,0,0,0,0,0,0,0,0,0,0,0,0,0,0,0,0,0,0,-666,0,0,70,6,12.011,1.262119,11.3,4,2.55,2.2,342.6,16.8,-0.409155144,-0.318872713,C,6,8,1,2.55,3.44,2.1,15,8.09,0.925,40.166
195,1-_bis_propan-2-yl_amino_ethyl,1.010 ,0.696 ,0.723 ,1.018 ,1.071 ,1.041 ,0.808 ,0.767 ,0.568,0.516,0.374,0.417,0.422,0.416,0.36,0.416,0.341,0.429,0.523,0.441,0.441,0.44,0.441,0.407,0.427,0.444,0.442,0.447,0.443,0.414,0.43,0.372,0.411,0.7,0.84,0.83,0.86,0.3,0.3,0.27,0.26,0.72,-0.217,-0.364,7.996875,-4.240046296,7.996875,0.9375,0.563374049,128.239,110.095,128.1439246,55,0,0,0,0,0,-666,-666,-666,-1.93E-15,-0.249141065,-0.072185333,-2.718140911,-0.078711355,-2.739406082,-3.73E-16,-1.110431531,7.427500795,447.9308376,22.65470054,22.4472136,4.447213595,11.27670901,10.92082039,1.920820393,1.144427191,1.144427191,0.559016994,0.559016994,0.223606798,0.223606798,-0.04,74661.38447,0.842412435,3.886985049,2.850275963,84.3431485,0,0,0,0,0,82.38961731,0,0,0,0,0,0,0,0,24.67365401,0,0,4.899909731,0,46.29524552,0,6.520808045,0,0,0,0,0,0,16.93569467,0,6.520808045,58.9331146,0,0,0,0,-666,57.7159633,0,0,0,0,0,0,0,0,0,24.67365401,133.7444444,0,-0.9375,0,0,0,-8.480092593,0,-21.91018519,0,0.875,9,0,1,0,0,0,0,0,0,1,0,1,-666,0,0,0,-666,2.28689,42.085,0,0,0,0,0,0,0,0,0,0,0,0,0,0,0,1,0,0,0,0,-666,0,0,0,0,0,0,0,0,0,0,0,0,0,0,0,-666,0,0,0,0,0,0,0,0,0,0,0,0,0,0,0,0,0,-666,0,0,0,0,0,0,0,0,0,0,0,0,0,0,0,0,0,0,0,0,0,0,0,0,0,0,0,0,-666,0,0,70,6,12.011,1.262119,11.3,4,2.55,2.2,337.5,15.9,-0.382763575,-0.234712537,C,6,7,1,2.55,3.04,2.1,14,7.69,0.82,52.99
196,1-_diethylamino_ethyl,1.159 ,0.802 ,0.839 ,1.169 ,1.229 ,1.194 ,0.927 ,0.880 ,0.59,0.538,0.389,0.426,0.432,0.426,0.365,0.427,0.349,0.438,0.524,0.443,0.45,0.442,0.45,0.414,0.437,0.445,0.451,0.448,0.452,0.419,0.44,0.382,0.422,0.81,0.98,0.97,1,0.33,0.33,0.31,0.3,0.84,-0.239,-0.379,7.430208333,-3.711921296,7.430208333,0.645833333,0.519321466,100.185,86.073,100.1126244,43,0,0,0,0,0,-666,-666,-666,-1.64E-15,-0.249006329,-0.098167938,-2.631276395,-0.104521759,-2.664867626,-1.22E-16,-1.086592547,6.201839876,333.1311971,17.65470054,17.4472136,3.447213595,8.776709006,8.420820393,1.420820393,0.670820393,0.670820393,0.335410197,0.335410197,0.083852549,0.083852549,-0.04,6596.028374,0.62055558,4.127785235,2.63114094,65.99338227,0,0,0,0,0,64.16073328,0,0,0,0,0,0,0,0,19.19061979,0,0,4.899909731,0,20.55567635,12.99371937,6.520808045,0,0,0,0,0,0,17.8936291,0,6.520808045,39.74629614,0,0,0,0,-666,44.9701135,0,0,0,0,0,0,0,0,0,19.19061979,100.2840278,0,-0.645833333,0,0,0,0,0,-19.72152778,0,0.833333333,7,0,1,0,0,0,0,0,0,1,0,1,-666,0,0,0,-666,1.50989,32.895,0,0,0,0,0,0,0,0,0,0,0,0,0,0,0,1,0,0,0,0,-666,0,0,0,0,0,0,0,0,0,0,0,0,0,0,0,-666,0,0,0,0,0,0,0,0,0,0,0,0,0,0,0,0,0,-666,0,0,0,0,0,0,0,0,0,0,0,0,0,0,0,0,0,0,0,0,0,0,0,0,0,0,0,0,-666,0,0,70,6,12.011,1.262119,11.3,4,2.55,2.2,295.7,15,-0.385495978,-0.24025248,C,6,7,1,2.55,3.04,2.1,14,7.69,0.845,46.702
197,1-_diethylboranyl_ethyl,4.219 ,3.370 ,3.456 ,4.244 ,4.400 ,4.311 ,3.584 ,3.447 ,0.512,0.369,0.524,0.527,0.536,0.525,0.347,0.521,0.347,0.552,0.553,0.522,0.55,0.521,0.549,0.505,0.544,0.523,0.55,0.524,0.551,0.508,0.545,0.482,0.535,3.2,3.66,3.62,3.71,1.57,1.59,1.53,1.52,3.45,-0.256,-0.484,7.504282407,-3.54525463,7.504282407,1.578935185,-666,96.99,82.878,97.11885585,41,0,0,0,0,0,-666,-666,-666,0,0,0.00E+00,0,0,0,0,0,6.643558031,390.2158613,17.65470054,17.57735027,3.577350269,8.776709006,8.616025404,1.616025404,0.866025404,0.866025404,0.433012702,0.433012702,0.108253175,0.108253175,0.064935065,6596.028374,0.645483237,4.229817292,2.724463973,66.34386034,0,0,0,0,0,64.5873407,0,0,0,0,0,0,0,0,19.19061979,12.29649122,0,0,0,33.10022969,0,0,0,0,0,0,0,0,12.29649122,0,0,39.74629614,0,12.54455334,0,0,0,45.39672092,0,0,0,0,0,0,0,0,0,19.19061979,101.0293981,0,0,0,0,-1.578935185,0,-9.870601852,-10.32986111,0,0.833333333,7,0,0,0,0,0,0,0,0,0,0,1,-666,0,0,0,-666,1.9248,38.454,0,0,0,0,0,0,0,0,0,0,0,0,0,0,0,0,0,0,0,0,0,0,0,0,0,0,0,0,0,0,0,0,0,0,0,0,-666,0,0,0,0,0,0,0,0,0,0,0,0,0,0,0,0,0,-666,0,0,0,0,0,0,0,0,0,0,0,0,0,0,0,0,0,0,0,0,0,0,0,0,0,0,0,0,-666,0,0,70,6,12.011,1.262119,11.3,4,2.55,2.2,309.4,15,-0.377341348,-0.337436602,C,6,5,1,2.55,2.04,2.1,12,6.69,0.832,49.828
198,1-_dimethyl_methylamino_silyl_ethyl,2.696 ,2.120 ,2.175 ,2.710 ,2.796 ,2.747 ,2.334 ,2.253 ,0.738,0.567,0.586,0.591,0.604,0.59,0.423,0.582,0.399,0.64,0.619,0.544,0.638,0.543,0.637,0.522,0.629,0.546,0.638,0.548,0.639,0.526,0.631,0.493,0.623,2.1,2.39,2.37,2.43,1.02,1.07,1,1.01,2.17,-0.255,-0.465,7.534645062,-5.717978395,7.534645062,0.658032407,0.534085883,116.26,102.148,116.089551,43,0,0,0,0,0,-666,-666,-666,-1.24E-15,-0.246604306,-2.39E-16,-2.656075205,-0.102544278,-2.809675125,-4.82E-16,-0.971650883,6.593567288,323.5215566,17.65470054,17.4472136,4.447213595,8.809401077,8.394427191,3.394427191,0.947213595,2.841640786,0.348606798,1.045820393,0.02795085,0.083852549,0.176883117,6489.68461,0.6726149,2.47588531,2.824458913,66.93746335,0,0,0,0,0,65.24074768,0,0,0,0,0,0,0,0,19.23170331,8.235460877,0,4.975384513,0,19.80222466,6.9758269,6.020147416,0,0,4.975384513,0,0,0,15.21128778,0,6.020147416,24.67175335,0,14.36217462,0,0,-666,46.00904437,0,0,0,0,0,0,0,0,0,19.23170331,101.6191049,0,-0.658032407,0,0,0,-1.707291667,0,-14.17469136,-5.717978395,0.8,7,1,1,0,0,0,0,0,0,1,1,2,-666,0,0,0,-666,1.17429,36.5157,0,0,0,0,0,0,0,0,0,0,0,0,0,0,0,0,1,0,0,0,-666,0,0,0,0,0,0,0,0,0,0,0,0,0,0,0,-666,0,0,0,0,0,0,0,0,0,0,0,0,0,0,0,0,0,-666,0,0,0,0,0,0,0,0,0,0,0,0,0,0,0,0,0,0,0,0,0,0,0,0,0,0,0,0,-666,0,0,70,6,12.011,1.262119,11.3,4,2.55,2.2,323.6,16.3,-0.348709592,-0.308303923,C,6,14,1,2.55,1.9,2.1,21,6.55,0.982,49.026
199,1-_dimethylamino_-2-_4-chlorophenyl_propan-2-yl,3.660 ,2.794 ,2.869 ,3.682 ,3.816 ,3.739 ,3.106 ,2.985 ,0.413,0.131,0.343,0.35,0.298,0.351,0.171,0.344,0.148,0.378,0.264,0.146,0.378,0.146,0.378,0.131,0.371,0.148,0.378,0.149,0.379,0.134,0.373,0.1,0.356,2.83,3.29,3.25,3.34,1.24,1.32,1.22,1.2,2.86,-0.089,-0.317,8.086429989,-3.73605206,8.086429989,0.629535147,0.718909522,196.701,181.581,196.0893022,71,0,0,0,0,0,-666,-666,-666,0.001881647,-2.24858106,-1.21E-17,-2.546600685,-2.80E-17,-2.560838186,0.001839491,-2.287673969,3.930028071,715.0470014,22.61880215,21.32517807,7.081107015,12.16346035,10.60980263,3.487767103,2.011195832,2.389160305,1.068097916,1.257080153,0.589950657,0.684441776,0.25,227949.061,2.491444122,5.210302457,3.864186527,106.4516893,0,0,0,0,0,105.0942175,0,0,0,0,0,0,0,0,20.56137834,11.60093989,0,4.899909731,0,6.851892117,20.44851348,40.73158391,0,0,0,0,0,11.60093989,25.34842322,0,5.917906046,27.41327046,34.81367787,0,0,0,-666,72.93189925,0,0,0,0,0,0,0,0,0,32.16231823,114.3786606,5.652077542,-0.629535147,-0.659535226,-1.080648148,-1.513040123,-3.858207987,0,-14.51199369,0,0.363636364,13,0,1,0,0,0,0,0,0,1,0,2,-666,0,0,0,-666,2.76129,58.63,0,0,0,0,0,0,0,0,0,0,0,0,0,0,0,1,0,0,0,0,-666,0,0,0,0,0,5,0,0,0,0,0,0,0,0,0,-666,0,0,0,0,0,0,0,1,0,0,0,0,0,0,0,0,0,-666,0,0,0,0,0,0,0,0,0,0,0,0,0,0,0,0,0,0,0,0,0,0,0,0,0,0,0,0,-666,0,0,70,6,12.011,1.262119,11.3,4,2.55,2.2,402.4,17.9,-0.353202523,-0.316111298,C,6,6,6,2.55,2.55,2.55,18,7.65,0.769,64.789
200,1-_dimethylamino_-2-_4-fluorophenyl_propan-2-yl,3.335 ,2.539 ,2.619 ,3.355 ,3.478 ,3.407 ,2.829 ,2.718 ,0.43,0.132,0.356,0.358,0.302,0.358,0.171,0.352,0.149,0.385,0.269,0.149,0.383,0.149,0.383,0.132,0.377,0.151,0.383,0.153,0.384,0.135,0.378,0.106,0.366,2.56,2.97,2.94,3.02,1.13,1.2,1.11,1.08,2.61,-0.091,-0.331,13.77696854,-3.815417139,13.77696854,0.690299036,0.68971338,180.246,165.126,180.1188527,71,0,0,0,0,0,-666,-666,-666,0.001881606,-2.248581071,-4.34E-17,-2.54611859,-4.02E-17,-2.561390632,0.001838093,-2.28767404,3.930028071,715.0470014,22.61880215,21.32517807,6.325178069,12.16346035,10.60980263,3.10980263,2.011195832,2.011195832,1.068097916,1.068097916,0.589950657,0.589950657,-0.11,227949.061,2.342715754,4.942860059,3.633739222,100.3139585,0,0,0,0,0,98.67828016,0,0,0,0,0,0,0,0,24.95179339,0,0,4.899909731,0,6.851892117,20.44851348,41.52617144,0,0,0,4.390415048,0,0,25.34842322,0,5.917906046,27.41327046,35.60826539,0,0,0,-666,73.72648677,4.390415048,0,0,0,0,0,0,0,0,20.56137834,126.8212541,0,-0.690299036,0,-1.236203704,-3.252822263,-5.208516629,0,-14.7667458,0,0.363636364,13,0,1,0,0,0,0,0,0,1,0,2,-666,0,0,0,-666,2.49199,53.885,0,0,0,0,0,0,0,0,0,0,0,0,0,0,0,1,0,0,0,0,-666,0,0,0,0,0,5,0,0,0,0,0,0,0,0,0,-666,0,0,0,0,0,0,0,1,0,0,0,0,0,0,0,0,0,-666,0,0,0,0,0,0,0,0,0,0,0,0,0,0,0,0,0,0,0,0,0,0,0,0,0,0,0,0,-666,0,0,70,6,12.011,1.262119,11.3,4,2.55,2.2,385.5,17.4,-0.353372097,-0.315915554,C,6,6,6,2.55,2.55,2.55,18,7.65,0.775,64.772
201,1-_dimethylamino_-2-_4-methoxyphenyl_propan-2-yl,3.141 ,2.293 ,2.359 ,3.100 ,3.287 ,3.141 ,2.582 ,2.461 ,0.427,0.137,0.322,0.327,0.273,0.325,0.16,0.321,0.14,0.349,0.245,0.142,0.347,0.141,0.345,0.126,0.342,0.143,0.348,0.144,0.346,0.129,0.342,0.1,0.329,2.31,2.73,2.69,2.77,0.95,1.02,0.93,0.91,2.35,-0.085,-0.302,8.142274896,-3.862469293,8.142274896,0.700727277,0.724823359,192.282,174.138,192.1388392,77,0,0,0,0,0,-666,-666,-666,1.07E-15,-2.248581794,-6.97E-17,-2.547038624,-1.35E-16,-2.561193488,6.33E-16,-2.287674534,3.966007406,819.9823223,25.82590893,24.85546189,6.855461886,13.84791176,12.32906868,3.329068684,2.128399813,2.128399813,1.177730943,1.177730943,0.644767171,0.644767171,-0.08,1085418.604,2.280544218,5.716615912,3.582142546,111.8418219,0,0,0,0,0,110.1072472,0,0,0,0,0,0,0,0,29.41051696,0,0,4.899909731,0,6.851892117,27.48646594,41.45846243,0,0,0,0,0,0,32.38637567,4.736862954,5.917906046,31.52554613,35.54055639,0,0,0,-666,80.69673022,0,0,0,0,0,0,0,0,4.736862954,24.67365401,141.1590376,0,-0.700727277,0,-1.248711262,-2.729272566,-4.916155518,0,-14.93568941,-3.211814926,0.416666667,14,0,2,0,0,0,0,0,0,2,0,2,-666,0,0,0,-666,2.16889,59.786,0,0,0,0,0,0,0,0,0,0,0,0,0,0,0,1,0,0,0,0,-666,0,0,0,0,0,4,0,0,0,0,0,0,0,0,0,-666,0,0,0,0,1,0,0,0,0,0,0,0,0,0,0,0,0,-666,1,0,0,0,0,0,0,0,0,0,0,0,0,0,0,0,0,0,0,0,0,0,0,0,0,0,0,0,-666,0,0,70,6,12.011,1.262119,11.3,4,2.55,2.2,419.4,17.5,-0.343537004,-0.297428875,C,6,6,6,2.55,2.55,2.55,18,7.65,0.766,64.79
202,1-_dimethylamino_-2-_4-methylphenyl_propan-2-yl,3.331 ,2.498 ,2.566 ,3.352 ,3.485 ,3.409 ,2.791 ,2.674 ,0.422,0.129,0.344,0.345,0.289,0.345,0.167,0.339,0.146,0.369,0.259,0.146,0.367,0.146,0.367,0.13,0.362,0.147,0.368,0.149,0.368,0.133,0.363,0.104,0.351,2.49,2.92,2.89,2.97,1.05,1.11,1.03,1.01,2.56,-0.091,-0.321,8.13113485,-3.853443287,8.13113485,0.695941397,0.683670604,176.283,158.139,176.1439246,71,0,0,0,0,0,-666,-666,-666,4.48E-16,-2.24858187,-9.33E-17,-2.549739458,-3.72E-17,-2.561728399,1.71E-16,-2.287674735,4.041896697,798.4391606,25.11880215,24.4472136,6.447213595,13.37478522,12.17082039,3.170820393,2.072213595,2.072213595,1.098606798,1.098606798,0.605205098,0.605205098,-0.04,675043.759,1.934040022,4.994598612,3.678215683,106.7282767,0,0,0,0,0,104.9982636,0,0,0,0,0,0,0,0,24.67365401,0,0,4.899909731,0,13.70378423,20.44851348,41.27240209,0,0,0,0,0,0,25.34842322,0,5.917906046,38.37743825,35.35449604,0,0,0,-666,80.32460954,0,0,0,0,0,0,0,0,0,24.67365401,137.5035234,0,-0.695941397,0,-2.299350041,-1.637646447,-4.914766629,0,-18.03915226,0,0.416666667,13,0,1,0,0,0,0,0,0,1,0,1,-666,0,0,0,-666,2.58489,58.451,0,0,0,0,0,0,0,0,0,0,0,0,0,0,0,1,0,0,0,0,-666,0,0,0,0,0,5,0,0,0,0,0,0,0,0,0,-666,0,0,0,0,0,0,0,0,0,0,0,0,0,0,0,0,0,-666,0,0,0,0,0,0,0,0,0,0,0,0,0,0,0,0,0,0,0,0,0,0,0,0,0,0,0,0,-666,0,0,70,6,12.011,1.262119,11.3,4,2.55,2.2,405,17.4,-0.345104076,-0.301266253,C,6,6,6,2.55,2.55,2.55,18,7.65,0.773,64.818
203,1-_dimethylamino_-2-phenylpropan-2-yl,3.511 ,2.649 ,2.725 ,3.533 ,3.670 ,3.592 ,2.947 ,2.824 ,0.421,0.129,0.363,0.361,0.303,0.361,0.174,0.354,0.152,0.386,0.274,0.155,0.384,0.154,0.384,0.139,0.379,0.156,0.385,0.157,0.385,0.142,0.38,0.11,0.368,2.63,3.09,3.05,3.14,1.11,1.17,1.09,1.06,2.72,-0.094,-0.338,8.0725411,-3.754192649,8.0725411,0.643424036,0.658232121,162.256,146.128,162.1282745,65,0,0,0,0,0,-666,-666,-666,2.56E-15,-2.248581111,-1.02E-16,-2.545402517,-1.58E-16,-2.558980959,5.29E-16,-2.287677051,3.930028071,709.6503604,22.61880215,21.9472136,5.947213595,12.16346035,10.92082039,2.920820393,1.822213595,1.822213595,0.973606798,0.973606798,0.542705098,0.542705098,-0.04,227949.061,1.837714127,4.858095456,3.139132041,97.55339359,0,0,0,0,0,95.88382154,0,0,0,0,0,0,0,0,21.9321369,0,0,4.899909731,0,6.851892117,20.44851348,41.75136931,0,0,0,0,0,0,25.34842322,0,5.917906046,28.78402902,35.83346326,0,0,0,-666,73.95168464,0,0,0,0,0,0,0,0,0,21.9321369,121.582856,0,-0.643424036,0,-1.116203704,-1.537731481,-5.048607411,0,-14.57022274,0,0.363636364,12,0,1,0,0,0,0,0,0,1,0,1,-666,0,0,0,-666,2.19479,53.834,0,0,0,0,0,0,0,0,0,0,0,0,0,0,0,1,0,0,0,0,-666,0,0,0,0,0,5,0,0,0,0,0,0,0,0,0,-666,0,0,0,0,0,0,0,0,0,0,0,0,0,0,0,0,0,-666,0,0,0,0,0,0,0,0,0,0,0,0,0,0,0,0,0,0,0,0,0,0,0,0,0,0,0,0,-666,0,0,70,6,12.011,1.262119,11.3,4,2.55,2.2,375.3,17.4,-0.34707057,-0.306084074,C,6,6,6,2.55,2.55,2.55,18,7.65,0.768,64.781
204,1-_diphenylamino_ethyl,1.860 ,1.481 ,1.551 ,1.872 ,1.945 ,1.903 ,1.562 ,1.498 ,0.504,0.404,0.294,0.326,0.344,0.33,0.263,0.326,0.245,0.356,0.4,0.336,0.367,0.336,0.366,0.314,0.353,0.338,0.368,0.34,0.369,0.318,0.356,0.28,0.333,1.54,1.8,1.78,1.83,0.67,0.65,0.64,0.58,1.55,-0.153,-0.268,8.055730348,-3.188696381,8.055730348,0.298981481,0.71662721,196.273,182.161,196.1126244,75,0,0,0,0,0,-666,-666,-666,10.20713717,-0.244570257,-1.33E-16,-2.461674705,1.93E-16,-2.351569275,1.394946375,-0.960255415,2.965216349,878.2689322,22.58290377,21.4472136,7.447213595,13.1395281,10.92082039,3.920820393,2.394427191,2.394427191,1.532623792,1.532623792,0.934016994,0.934016994,-0.04,1015881.09,3.248020877,5.88537781,2.963046052,110.7636387,0,0,0,0,0,109.3780258,0,0,0,0,0,0,0,0,19.19061979,0,0,4.899909731,0,6.851892117,0,78.43560413,0,0,0,0,0,0,4.899909731,0,6.520808045,26.0425119,71.91479609,0,0,0,-666,85.28749625,0,0,0,4.899909731,0,0,0,0,0,19.19061979,109.1811014,0,0.298981481,0,-1.619156274,0,-8.458860964,0,-4.485398951,0,0.071428571,15,0,1,0,0,0,0,0,0,1,0,1,-666,0,0,0,-666,3.48989,64.539,0,0,0,0,0,0,0,0,0,0,0,0,0,0,0,1,0,0,0,0,-666,0,0,0,0,0,10,0,0,0,0,0,0,0,0,0,-666,0,0,0,0,0,0,0,0,0,0,0,0,0,0,0,0,0,-666,0,0,0,0,0,0,0,0,0,0,0,0,0,0,0,0,0,0,0,0,0,0,0,0,0,0,0,0,-666,0,0,70,6,12.011,1.262119,11.3,4,2.55,2.2,411.9,18.6,-0.376034695,-0.2750731,C,6,7,1,2.55,3.04,2.1,14,7.69,0.855,50.959
205,1-_ethanesulfinyl_ethyl,3.195 ,2.411 ,2.506 ,3.058 ,3.300 ,3.063 ,2.690 ,2.572 ,0.665,0.525,0.345,0.392,0.393,0.388,0.285,0.386,0.27,0.429,0.477,0.368,0.435,0.369,0.439,0.348,0.419,0.369,0.436,0.373,0.442,0.352,0.423,0.321,0.395,2.57,2.93,2.9,2.97,1.22,1.29,1.18,1.21,2.5,-0.186,-0.318,11.24967593,-3.24066358,11.24967593,1.399421296,0.510426392,105.182,96.11,105.0374109,37,0,0,0,0,0,-666,-666,-666,-2.05E-17,-0.248329703,-1.46E-16,-2.420687649,-7.55E-17,-2.438553146,-5.56E-17,-1.02093389,5.036593814,251.818409,12.65470054,11.81649658,3.632993162,6.315384141,5.574914957,2.224744871,0.472852885,1.418558654,0.185395406,0.556186218,0.025515518,0.076546554,0.31,635.1755547,0.868838654,3.498323917,2.542018561,53.85306608,0,0,0,0,0,52.48294091,0,0,0,0,0,0,0,0,16.5457255,10.79956904,0,0,0,13.70378423,5.704956885,5.728905246,0,0,0,0,0,0,9.913855377,10.79956904,5.728905246,26.04061124,0,0,0,0,-666,35.93721541,4.208898492,0,0,0,0,0,0,0,0,12.33682701,72.59108796,0,0,0,-4.637037037,0,0,0,-6.292785494,-3.022376543,0.75,6,0,1,0,0,0,0,0,0,1,0,2,-666,0,0,0,-666,0.93669,28.6574,0,0,0,0,0,0,0,0,0,0,0,0,0,0,0,0,0,0,0,0,0,0,0,0,0,0,0,0,0,0,0,0,0,0,0,0,-666,0,0,0,0,0,0,0,0,0,0,0,0,0,0,0,0,0,-666,0,0,0,0,0,0,0,0,0,0,0,0,0,0,0,0,0,0,0,0,0,0,0,0,0,0,0,0,-666,0,0,70,6,12.011,1.262119,11.3,4,2.55,2.2,277.4,15.5,-0.381448959,-0.330090286,C,6,16,1,2.55,2.58,2.1,23,7.23,0.957,44.451
206,1-_ethanesulfonyl_ethyl,3.857 ,2.944 ,3.053 ,3.595 ,3.966 ,3.567 ,3.240 ,3.088 ,0.686,0.518,0.485,0.497,0.501,0.499,0.342,0.491,0.322,0.542,0.519,0.42,0.544,0.417,0.542,0.401,0.534,0.419,0.544,0.42,0.544,0.406,0.537,0.384,0.525,3.13,3.5,3.47,3.54,1.61,1.71,1.57,1.6,3.05,-0.226,-0.429,11.32606481,-5.362268519,11.32606481,1.915625,0.535882079,121.181,112.109,121.0323255,43,0,0,0,0,0,-666,-666,-666,1.32E-17,-0.248329703,-5.58E-17,-2.423819597,-1.14E-16,-2.476124231,-2.18E-17,-1.021280301,5.573433116,348.6857251,13.57735027,12.22474487,4.041241452,6.654700538,5.741581624,2.724744871,0.707560933,2.122682799,0.268728739,0.806186218,0.025515518,0.076546554,0.27,870.0077601,1.225720412,2.546113456,2.907958533,57.10421025,0,0,0,0,0,55.72952349,0,0,0,0,0,0,0,0,20.75462399,9.837253136,0,0,0,13.70378423,5.704956885,5.728905246,0,0,0,0,0,0,14.12275387,9.837253136,5.728905246,26.04061124,0,0,0,0,-666,34.9748995,8.417796984,0,0,0,0,0,0,0,0,12.33682701,83.35497685,0,0,0,-5.715740741,0,0,0,-6.943634259,-5.362268519,0.75,7,0,2,0,0,0,0,0,0,2,0,3,-666,0,0,0,-666,0.60279,29.4348,0,0,0,0,0,0,0,0,0,0,0,0,0,0,0,0,0,0,0,0,0,0,0,0,0,0,0,0,0,0,0,0,0,0,0,0,-666,0,0,0,0,0,0,0,0,0,0,0,0,0,0,0,0,0,-666,0,0,0,0,0,0,0,0,0,0,0,0,0,0,0,0,0,0,0,0,0,0,1,0,0,0,0,0,-666,0,0,70,6,12.011,1.262119,11.3,4,2.55,2.2,287.8,16,-0.409388975,-0.358434668,C,6,16,1,2.55,2.58,2.1,23,7.23,0.946,46.259
207,1-_ethylamino_ethyl,1.199 ,0.842 ,0.892 ,1.208 ,1.266 ,1.233 ,0.970 ,0.922 ,0.621,0.594,0.408,0.444,0.448,0.441,0.36,0.443,0.347,0.453,0.537,0.428,0.459,0.427,0.459,0.405,0.45,0.429,0.46,0.432,0.461,0.409,0.452,0.379,0.437,0.87,1.04,1.02,1.06,0.35,0.35,0.32,0.32,0.89,-0.247,-0.401,7.045833333,-3.209837963,7.045833333,0.4375,-666,72.131,62.051,72.08132432,31,0,0,0,0,0,-666,-666,-666,0.00E+00,0,0.00E+00,0,0.00E+00,0,0.00E+00,0,5.437342169,268.1274257,12.65470054,12.4472136,2.447213595,6.315384141,5.894427191,0.947213595,0.335410197,0.335410197,0.111803399,0.111803399,0.02795085,0.02795085,-0.04,635.1755547,0.399117905,3.96,3.96,46.83716149,0,0,0,0,0,45.1253947,0,0,0,0,0,0,0,0,13.74866908,6.190652219,4.985429482,0,0,13.70378423,6.496859684,0,0,0,0,0,0,0,12.6875119,0,4.985429482,26.04061124,0,1.411842078,0,0,-666,31.37672562,0,0,0,0,0,0,0,0,0,13.74866908,68.65127315,0,-0.4375,0,0,0,0,-1.371643519,-9.425462963,0,0.75,5,1,1,0,0,0,0,0,0,0,0,1,-666,0,0,0,-666,1.21147,24.9987,0,0,0,0,0,0,0,0,0,0,0,0,0,0,0,0,1,0,0,0,-666,0,0,0,0,0,0,0,0,0,0,0,0,0,0,0,-666,0,0,0,0,0,0,0,0,0,0,0,0,0,0,0,0,0,-666,0,0,0,0,0,0,0,0,0,0,0,0,0,0,0,0,0,0,0,0,0,0,0,0,0,0,0,0,-666,0,0,70,6,12.011,1.262119,11.3,4,2.55,2.2,258,13.7,-0.398221759,-0.244989512,C,6,7,1,2.55,3.04,2.1,14,7.69,0.848,37.149
208,1-_furan-2-yl_ethyl,3.490 ,2.375 ,2.454 ,3.377 ,3.678 ,3.400 ,2.763 ,2.602 ,0.273,0.206,0.225,0.225,0.226,0.227,0.168,0.224,0.16,0.247,0.292,0.197,0.25,0.189,0.246,0.189,0.246,0.2,0.251,0.19,0.247,0.189,0.246,0.177,0.239,2.36,2.81,2.77,2.87,0.92,0.99,0.9,0.91,2.45,-0.177,-0.296,7.234490741,-2.687962963,7.234490741,0.505555556,0.5184493,95.121,88.065,95.04968984,37,0,0,0,0,0,-666,-666,-666,-9.64E-16,-0.244500251,-1.70E-16,-2.275510935,-7.85E-17,-2.161210118,-1.02E-16,-0.959377864,2.954645696,312.6319344,11.09385813,10.40824829,3.40824829,6.247906126,5.15824829,1.65824829,0.90824829,0.90824829,0.493686218,0.493686218,0.241108627,0.241108627,-0.04,942.492011,1.268618156,2.31410722,1.164181282,53.12726311,0,0,0,0,0,51.68237868,0,0,0,0,0,0,0,0,14.33217285,0,0,0,0,6.851892117,0,30.49831371,0,0,0,0,0,0,0,4.736862954,6.396873262,16.44720201,24.10144045,0,0,0,-666,37.35020583,0,0,0,0,0,0,0,0,4.736862954,9.595309893,53.78645833,0,0,0,0,-0.527777778,-1.036921296,-1.450462963,-2.687962963,0,0.166666667,7,0,1,0,0,0,0,0,0,1,0,1,-666,0,0,0,-666,1.63839,28.282,0,0,0,0,0,0,0,0,0,0,0,0,0,0,0,0,0,0,0,0,0,0,0,0,0,0,3,0,0,0,0,0,0,0,0,0,-666,0,0,0,0,1,0,0,0,0,0,0,0,0,0,0,0,0,-666,0,0,0,0,0,0,0,0,0,0,0,0,0,0,0,0,0,0,0,0,0,0,0,0,0,0,0,0,-666,0,0,70,6,12.011,1.262119,11.3,4,2.55,2.2,262.4,15.3,-0.409727357,-0.309520804,C,6,6,1,2.55,2.55,2.1,13,7.2,0.388,45.586
209,1-_methoxysulfonyl_ethyl,4.241 ,3.239 ,3.360 ,3.941 ,4.359 ,3.903 ,3.562 ,3.396 ,0.686,0.507,0.499,0.496,0.503,0.5,0.341,0.492,0.321,0.547,0.53,0.418,0.548,0.416,0.546,0.401,0.54,0.417,0.548,0.419,0.547,0.406,0.542,0.382,0.532,3.44,3.84,3.8,3.88,1.79,1.9,1.75,1.78,3.36,-0.24,-0.433,10.82606481,-5.017361111,10.82606481,1.748958333,0.544282007,123.153,116.097,123.0115901,43,0,0,0,0,0,-666,-666,-666,0,-0.24622498,-1.70E-17,-2.390922166,-2.64E-18,-2.289232327,3.92E-17,-0.957348209,4.627267758,197.3371507,11.78445705,10.13299316,3.949489743,5.86180732,4.65824829,2.566496581,0.639519551,1.918558654,0.234708048,0.704124145,0.020833333,0.0625,0.23,339.0763258,1.603225834,2.515890609,2.872054575,54.69214987,0,0,0,0,0,53.37334262,0,0,0,0,0,0,0,0,22.88389507,10.87069772,0,0,0,6.851892117,7.037952459,5.728905246,0,0,0,0,0,10.87069772,7.037952459,13.28858518,5.728905246,16.44720201,0,0,0,0,-666,30.48944754,9.105499747,0,0,0,0,0,0,0,4.183085433,9.595309893,70.8630787,0,0,0,-1.748958333,0,0,0,-3.218171296,-8.312615741,0.666666667,7,0,3,0,0,0,0,0,0,1,0,4,-666,0,0,0,-666,1.22509,25.947,0,0,0,0,0,0,0,0,0,0,0,0,0,0,0,0,0,0,0,0,0,0,0,0,0,0,0,0,0,0,0,0,0,0,0,0,-666,0,0,0,0,0,0,0,0,0,0,0,0,0,0,0,0,0,-666,0,0,0,0,0,0,0,0,0,0,0,0,0,0,0,0,0,0,0,0,0,0,0,0,0,0,0,0,-666,0,0,70,6,12.011,1.262119,11.3,4,2.55,2.2,273.8,15.9,-0.430832835,-0.371558811,C,6,16,1,2.55,2.58,2.1,23,7.23,0.944,47.742
210,1-_methyl_phenyl_amino_ethyl,1.581 ,1.204 ,1.267 ,1.592 ,1.660 ,1.621 ,1.309 ,1.250 ,0.527,0.439,0.327,0.358,0.374,0.361,0.288,0.359,0.272,0.383,0.449,0.36,0.393,0.359,0.393,0.337,0.381,0.361,0.394,0.364,0.395,0.341,0.383,0.31,0.365,1.26,1.48,1.46,1.51,0.53,0.53,0.51,0.47,1.26,-0.179,-0.306,7.699074074,-3.208822279,7.699074074,0.027592593,0.599560039,134.202,122.106,134.0969744,53,0,0,0,0,0,-666,-666,-666,-1.84E-15,-0.246474269,-1.77E-16,-2.502219228,-3.03E-16,-2.49715932,3.23E-17,-0.966906097,3.646346572,556.6166805,17.61880215,16.9472136,4.947213595,9.708118551,8.420820393,2.420820393,1.420820393,1.420820393,0.822213595,0.822213595,0.411106798,0.411106798,-0.04,24609.17779,1.658099874,3.968914889,1.978612327,79.20362737,0,0,0,0,0,77.65493751,0,0,0,0,0,0,0,0,16.44910267,0,0,4.899909731,0,6.851892117,6.9758269,42.47820609,0,0,0,0,0,0,11.87573663,0,6.520808045,23.30099479,35.95739804,0,0,0,-666,56.30592511,0,0,4.899909731,0,0,0,0,0,0,16.44910267,88.91757287,0,-0.027592593,0,-0.868402778,0,-4.162879819,0,-7.692031014,0,0.222222222,10,0,1,0,0,0,0,0,0,1,0,1,-666,0,0,0,-666,2.10979,44.1,0,0,0,0,0,0,0,0,0,0,0,0,0,0,0,1,0,0,0,1,-666,0,0,0,0,0,5,0,0,0,0,0,0,0,0,0,-666,0,0,0,0,0,0,0,0,0,0,0,0,0,0,0,0,0,-666,0,0,0,0,0,0,0,0,0,0,0,0,0,0,0,0,0,0,0,0,0,0,0,0,0,0,0,0,-666,0,0,70,6,12.011,1.262119,11.3,4,2.55,2.2,330.3,16.8,-0.37097937,-0.265041734,C,6,7,1,2.55,3.04,2.1,14,7.69,0.833,47.227
211,1-_methylamino_ethyl,1.203 ,0.847 ,0.898 ,1.213 ,1.270 ,1.237 ,0.973 ,0.924 ,0.621,0.592,0.412,0.445,0.449,0.442,0.359,0.444,0.346,0.454,0.533,0.427,0.46,0.426,0.46,0.404,0.451,0.429,0.46,0.431,0.461,0.408,0.453,0.376,0.438,0.87,1.04,1.03,1.06,0.35,0.35,0.32,0.32,0.9,-0.245,-0.405,6.817708333,-2.897337963,6.817708333,0.291666667,-666,58.104,50.04,58.06567426,25,0,0,0,0,0,-666,-666,-666,0.00E+00,0,0.00E+00,0,0.00E+00,0,0.00E+00,0,4.964229828,173.3289625,10.15470054,9.947213595,1.947213595,5.065384141,4.644427191,0.697213595,0.223606798,0.223606798,0.055901699,0.055901699,0,0,-0.04,174.7280118,0.288840109,2.96,1.96,37.66227838,0,0,0,0,0,36.01095269,0,0,0,0,0,0,0,0,11.00715197,6.190652219,4.985429482,0,0,6.851892117,6.9758269,0,0,0,0,0,0,0,13.16647912,0,4.985429482,16.44720201,0,1.411842078,0,0,-666,20.01837124,0,0,4.985429482,0,0,0,0,0,0,11.00715197,53.41273148,0,-0.291666667,0,0,0,0,-1.206018519,-5.74837963,0,0.666666667,4,1,1,0,0,0,0,0,0,0,0,1,-666,0,0,0,-666,0.82137,20.3817,0,0,0,0,0,0,0,0,0,0,0,0,0,0,0,0,1,0,0,0,-666,0,0,0,0,0,0,0,0,0,0,0,0,0,0,0,-666,0,0,0,0,0,0,0,0,0,0,0,0,0,0,0,0,0,-666,0,0,0,0,0,0,0,0,0,0,0,0,0,0,0,0,0,0,0,0,0,0,0,0,0,0,0,0,-666,0,0,70,6,12.011,1.262119,11.3,4,2.55,2.2,225.8,13.1,-0.401544782,-0.246316566,C,6,7,1,2.55,3.04,2.1,14,7.69,0.846,36.817
212,1-_methylsulfamoyl_ethyl,4.008 ,3.038 ,3.155 ,3.763 ,4.126 ,3.745 ,3.370 ,3.216 ,0.68,0.504,0.456,0.444,0.465,0.452,0.314,0.444,0.294,0.507,0.506,0.401,0.513,0.397,0.51,0.382,0.503,0.402,0.514,0.4,0.512,0.386,0.505,0.359,0.492,3.22,3.63,3.6,3.67,1.63,1.75,1.59,1.63,3.15,-0.214,-0.393,11.11773148,-5.096064815,11.11773148,0.866365741,0.547088856,122.169,114.105,122.0275745,43,0,0,0,0,0,-666,-666,-666,2.35E-16,-0.246499613,-3.92E-18,-2.369160575,-1.36E-16,-2.577921073,0,-0.956965207,5.187548797,289.7589333,12.65470054,11.17195847,3.988455048,6.309401077,5.140852058,2.633701791,0.668415505,2.005246516,0.249156026,0.747468077,0.022821773,0.06846532,0.23,622.924847,1.38581287,2.515890609,2.872054575,55.07759397,0,0,0,0,0,53.71998399,0,0,0,0,0,0,0,0,19.42494896,10.02329115,0,4.715119614,0,6.851892117,6.9758269,5.728905246,0,0,4.715119614,0,0,0,15.39362388,10.02329115,5.728905246,16.44720201,0,1.411842078,0,0,-666,34.29503503,8.417796984,0,0,0,0,0,0,0,0,11.00715197,74.58136574,0,0,0,-1.790625,0,0,0,-6.611342593,-5.096064815,0.666666667,7,1,3,0,0,0,0,0,0,-666,1,4,-666,0,0,0,-666,-0.28271,27.9535,0,0,0,0,0,0,0,0,0,0,0,0,0,0,0,0,1,0,0,0,-666,0,0,0,0,0,0,0,0,0,0,0,0,0,0,0,-666,0,0,0,0,0,0,0,0,0,0,0,0,0,0,0,0,0,-666,0,0,0,0,0,0,0,0,0,0,0,0,0,0,0,0,0,0,0,0,0,1,0,0,0,0,0,0,-666,0,0,70,6,12.011,1.262119,11.3,4,2.55,2.2,277.7,16.2,-0.408115836,-0.362114492,C,6,16,1,2.55,2.58,2.1,23,7.23,0.945,48.001
213,1-_methylsulfanyl_ethyl,2.025 ,1.514 ,1.569 ,2.037 ,2.110 ,2.068 ,1.719 ,1.650 ,0.627,0.54,0.331,0.383,0.363,0.372,0.293,0.375,0.283,0.387,0.413,0.343,0.388,0.342,0.387,0.324,0.377,0.344,0.388,0.346,0.389,0.328,0.379,0.299,0.35,1.6,1.88,1.86,1.91,0.67,0.7,0.65,0.65,1.57,-0.205,-0.33,6.836226852,-2.598148148,6.836226852,0.084490741,0.455190161,75.156,68.1,75.02684622,25,0,0,0,0,0,-666,-666,-666,-7.37E-17,-0.246097705,-0.068858097,-2.314284367,-3.58E-17,-2.195441188,-1.45E-16,-0.956466942,3.986683496,122.6278258,9.28445705,8.90824829,2.724744871,4.627827085,4.15824829,1.474744871,0.204124145,0.612372436,0.051031036,0.153093109,0,0,0.35,95.43558191,0.455720087,3.35,2.35,41.42703878,0,0,0,0,0,40.12191631,0,0,0,0,0,0,0,0,9.595309893,11.76188495,0,0,0,6.851892117,6.183924101,5.728905246,0,0,0,0,0,11.76188495,6.183924101,0,5.728905246,16.44720201,0,0,0,0,0,18.76472146,0,0,11.76188495,0,0,0,0,0,0,9.595309893,46.74664352,0.084490741,0,0,-0.793981481,0,0,-2.43900463,-2.598148148,0,0.666666667,4,0,0,0,0,0,0,0,0,1,0,1,-666,0,0,0,-666,1.53109,23.489,0,0,0,0,0,0,0,0,0,0,0,0,0,0,0,0,0,0,0,0,0,0,0,0,0,0,0,0,0,0,0,0,0,0,0,0,-666,0,0,0,0,0,0,0,0,0,0,0,0,0,0,0,0,0,-666,0,0,0,0,0,0,0,0,0,0,0,0,0,0,0,0,0,0,0,0,1,0,0,0,0,0,0,0,-666,0,0,70,6,12.011,1.262119,11.3,4,2.55,2.2,230.5,14.8,-0.390348286,-0.292163644,C,6,16,1,2.55,2.58,2.1,23,7.23,0.871,41.215
214,1-_N-methylacetamido_ethyl,1.974 ,1.330 ,1.405 ,1.766 ,2.075 ,1.756 ,1.478 ,1.378 ,0.598,0.536,0.404,0.426,0.434,0.429,0.332,0.427,0.317,0.445,0.522,0.403,0.453,0.394,0.447,0.382,0.444,0.405,0.454,0.397,0.448,0.385,0.445,0.356,0.43,1.44,1.69,1.67,1.72,0.61,0.6,0.58,0.56,1.4,-0.232,-0.389,11.31215278,-3.336342593,11.31215278,0.493055556,0.473371548,100.141,90.061,100.0762389,41,0,0,0,0,0,-666,-666,-666,5.32E-32,-0.246551682,-1.16E-16,-2.477261677,-1.49E-16,-2.539838583,-1.34E-16,-0.982908861,5.408544063,286.5420576,14.23205081,13.35546189,3.355461886,7.187392609,6.374944538,1.374944538,0.75236616,0.75236616,0.314893891,0.314893891,0.050772623,0.050772623,-0.08,1365.705797,0.956893008,2.992538341,2.595675676,58.17008026,0,0,0,0,0,56.50963139,0,0,0,0,0,0,0,0,18.50212275,5.907179729,0,4.899909731,0,13.70378423,6.9758269,6.520808045,0,0,0,0,0,0,17.78291636,4.794537184,6.520808045,27.4113698,0,0,0,0,-666,38.00750864,4.794537184,0,0,0,0,0,0,0,0,13.70758556,68.57409722,0,10.81909722,0,0,-1.917939815,0,0,-11.3919213,0,0.6,7,0,2,0,0,0,0,0,0,-666,0,2,-666,0,0,0,-666,0.64639,28.418,0,0,0,0,0,0,0,0,0,0,1,1,0,0,0,1,0,0,0,0,-666,0,0,0,0,0,0,1,0,0,0,0,0,0,0,0,-666,0,0,0,0,0,0,0,0,0,0,0,0,0,0,0,0,0,-666,0,0,0,0,0,0,0,0,0,0,0,0,0,0,0,0,0,0,0,0,0,0,0,0,0,0,0,0,-666,0,0,70,6,12.011,1.262119,11.3,4,2.55,2.2,277.1,14.9,-0.387281469,-0.28513275,C,6,7,1,2.55,3.04,2.1,14,7.69,0.858,45.991
215,1-_N-phenylacetamido_ethyl,2.129 ,1.475 ,1.551 ,1.935 ,2.235 ,1.934 ,1.624 ,1.522 ,0.598,0.518,0.4,0.43,0.437,0.432,0.335,0.429,0.318,0.45,0.533,0.414,0.458,0.406,0.454,0.392,0.448,0.418,0.46,0.41,0.456,0.395,0.449,0.364,0.432,1.57,1.84,1.82,1.87,0.7,0.67,0.66,0.62,1.55,-0.228,-0.383,12.10191138,-3.388445413,12.10191138,0.166481481,0.652568041,162.212,150.116,162.091889,63,0,0,0,0,0,-666,-666,-666,1.08E-15,-0.246377817,-2.38E-17,-2.437570093,-1.46E-17,-2.452963379,1.04E-16,-0.960487577,3.717483532,646.2204057,19.19615242,17.85546189,5.855461886,10.61880215,8.874944538,2.874944538,1.725972958,1.725972958,1.025304087,1.025304087,0.563424667,0.563424667,-0.08,62356.18629,2.484272212,4.827344982,2.457906569,89.73009158,0,0,0,0,0,88.23271964,0,0,0,0,0,0,0,0,21.24363986,5.907179729,0,4.899909731,0,13.70378423,0,42.47820609,0,0,0,0,0,0,10.80708946,4.794537184,6.520808045,30.15288691,35.95739804,0,0,0,-666,62.08917005,4.794537184,0,4.899909731,0,0,0,0,0,0,16.44910267,88.45981694,0,11.93542989,0,-0.996990741,-1.859115174,-4.58702381,0,-8.118783777,0,0.2,12,0,2,0,0,0,0,0,0,-666,0,2,-666,0,0,0,-666,2.02649,48.857,0,0,0,0,0,0,0,0,0,0,1,1,0,0,0,1,0,0,0,0,-666,0,0,0,0,0,5,1,0,0,0,0,0,0,0,0,-666,0,0,0,0,0,0,0,0,0,0,0,0,0,0,0,0,0,-666,0,0,0,0,0,0,0,0,0,0,0,0,0,0,0,0,0,0,0,0,0,0,0,0,0,0,0,0,-666,0,0,70,6,12.011,1.262119,11.3,4,2.55,2.2,357.2,17.5,-0.389238629,-0.288487272,C,6,7,1,2.55,3.04,2.1,14,7.69,0.878,49.515
216,1-_phenylamino_ethyl,1.751 ,1.318 ,1.389 ,1.764 ,1.842 ,1.797 ,1.441 ,1.375 ,0.522,0.452,0.315,0.354,0.372,0.355,0.282,0.353,0.269,0.379,0.458,0.356,0.388,0.356,0.387,0.332,0.375,0.358,0.388,0.36,0.39,0.337,0.377,0.307,0.359,1.37,1.62,1.6,1.65,0.58,0.57,0.55,0.52,1.39,-0.171,-0.295,7.549074074,-2.912056524,7.549074074,0.034907407,-666,120.175,110.095,120.0813243,47,0,0,0,0,0,-666,-666,-666,0.00E+00,0,0.00E+00,0,0.00E+00,0,0.00E+00,0,3.610714042,540.8574108,15.11880215,14.4472136,4.447213595,8.496793686,7.144427191,2.197213595,1.197213595,1.197213595,0.654508497,0.654508497,0.355205098,0.355205098,-0.04,8079.136356,1.579273977,3.886985049,2.353880867,69.2222897,0,0,0,0,0,67.73404095,0,0,0,0,0,0,0,0,13.74866908,6.190652219,4.985429482,0,0,6.851892117,0,35.95739804,0,0,0,0,0,0,6.190652219,0,4.985429482,19.18871912,35.95739804,1.411842078,0,0,-666,48.99994238,0,0,4.985429482,0,0,0,0,0,0,13.74866908,73.0772384,0,0.034907407,0,-0.660069444,0,-3.476159297,-1.147193878,-2.912056524,0,0.125,9,1,1,0,0,0,0,0,0,0,0,1,-666,0,0,0,-666,2.20147,40.8207,0,0,0,0,0,0,0,0,0,0,0,0,0,0,0,0,1,0,0,0,-666,0,0,0,0,0,5,0,0,0,0,0,0,0,0,0,-666,0,0,0,0,0,0,0,0,0,0,0,0,0,0,0,0,0,-666,0,0,0,0,0,0,0,0,0,0,0,0,0,0,0,0,0,0,0,0,0,0,0,0,0,0,0,0,-666,0,0,70,6,12.011,1.262119,11.3,4,2.55,2.2,312.9,16.5,-0.376000212,-0.270736187,C,6,7,1,2.55,3.04,2.1,14,7.69,0.817,40.012
217,1-_phenylsulfamoyl_ethyl,4.323 ,3.320 ,3.457 ,4.080 ,4.457 ,4.071 ,3.637 ,3.477 ,0.666,0.495,0.34,0.334,0.415,0.356,0.254,0.336,0.231,0.448,0.466,0.37,0.466,0.365,0.461,0.345,0.443,0.372,0.467,0.369,0.464,0.35,0.448,0.316,0.416,3.53,4,3.96,4.05,1.75,1.88,1.71,1.76,3.45,-0.153,-0.267,11.90749008,-5.188171296,11.90749008,0.539791667,0.775303196,184.24,174.16,184.0432246,65,0,0,0,0,0,-666,-666,-666,11.06919716,-0.244514101,-3.06E-17,-2.357806226,-4.08E-17,-2.377512177,0.7764,-0.956004087,3.501663088,682.6955361,17.61880215,15.67195847,6.488455048,9.740810621,7.640852058,4.133701791,1.642022303,2.978853314,0.827246517,1.508132754,0.432046165,0.809335096,0.23,27434.30689,3.121095404,4.461634442,3.308582712,86.63760529,0,0,0,0,0,85.44307224,0,0,0,0,0,0,0,0,22.16646607,10.02329115,0,4.715119614,0,6.851892117,0,41.68630329,0,0,4.715119614,0,0,0,8.417796984,10.02329115,5.728905246,19.18871912,35.95739804,1.411842078,0,0,-666,63.27660617,8.417796984,0,0,0,0,0,0,0,0,13.74866908,95.76995174,0,0,0,-2.845545163,0,-4.561103592,0,-3.341798351,-5.188171296,0.125,12,1,3,0,0,0,0,0,0,-666,1,4,-666,0,0,0,-666,1.09739,48.3925,0,0,0,0,0,0,0,0,0,0,0,0,0,0,0,0,1,0,0,0,-666,0,0,0,0,0,5,0,0,0,0,0,0,0,0,0,-666,0,0,0,0,0,0,0,0,0,0,0,0,0,0,0,0,0,-666,0,0,0,0,0,0,0,0,0,0,0,0,0,0,0,0,0,0,0,0,0,1,0,0,0,0,0,0,-666,0,0,70,6,12.011,1.262119,11.3,4,2.55,2.2,356.2,18.7,-0.395302315,-0.363648809,C,6,16,1,2.55,2.58,2.1,23,7.23,0.931,50.756
218,1-_phenylsulfanyl_ethyl,2.285 ,1.787 ,1.842 ,2.297 ,2.372 ,2.329 ,1.966 ,1.895 ,0.591,0.447,0.274,0.332,0.323,0.323,0.244,0.323,0.231,0.347,0.359,0.294,0.348,0.293,0.348,0.273,0.334,0.295,0.349,0.297,0.351,0.277,0.337,0.241,0.305,1.86,2.16,2.13,2.19,0.84,0.86,0.81,0.8,1.84,-0.142,-0.264,7.559490741,-2.659163005,7.559490741,0.248032407,0.564595708,137.227,128.155,137.0424963,47,0,0,0,0,0,-666,-666,-666,-6.25E-16,-0.244502192,-3.75E-17,-2.306434381,-3.18E-17,-2.123882258,2.58E-16,-0.955674386,3.176551567,450.1685439,14.24855867,13.40824829,5.224744871,8.069273331,6.65824829,2.974744871,1.15824829,1.974744871,0.630155182,1.140465545,0.340593109,0.646779327,0.35,5282.801544,1.936031524,4.210953581,2.613618545,72.98705011,0,0,0,0,0,71.84500456,0,0,0,0,0,0,0,0,12.33682701,11.76188495,0,0,0,6.851892117,0,40.89440049,0,0,0,0,0,11.76188495,0,0,5.728905246,19.18871912,35.16549524,0,0,0,0,42.84115609,0,0,4.905136514,11.76188495,0,0,0,0,0,12.33682701,65.66476155,0.363287037,-0.248032407,0,-0.735156841,0,-2.635696334,0,-2.659163005,0,0.125,9,0,0,0,0,0,0,0,0,1,0,1,-666,0,0,0,-666,2.91119,43.928,0,0,0,0,0,0,0,0,0,0,0,0,0,0,0,0,0,0,0,0,0,0,0,0,0,0,5,0,0,0,0,0,0,0,0,0,-666,0,0,0,0,0,0,0,0,0,0,0,0,0,0,0,0,0,-666,0,0,0,0,0,0,0,0,0,0,0,0,0,0,0,0,0,0,0,0,1,0,0,0,0,0,0,0,-666,0,0,70,6,12.011,1.262119,11.3,4,2.55,2.2,324,17.3,-0.386365117,-0.297016326,C,6,16,1,2.55,2.58,2.1,23,7.23,0.865,44.805
219,1-_sodiooxy_ethyl,7.573 ,2.277 ,2.525 ,-11.023 ,9.593 ,-7.290 ,12.235 ,12.418 ,-0.455,-0.435,0.07,0.046,0.475,0.028,0.028,0.042,0.036,0.508,0.692,0.495,0.51,0.47,0.505,0.458,0.495,0.491,0.508,0.474,0.507,0.471,0.501,0.438,0.484,0.69,0.65,0.65,0.64,0.57,0.52,0.54,0.46,2.52,-0.079,-0.127,6.638888889,-2.345486111,6.638888889,0.269128086,0.399783643,67.043,63.011,67.01598403,19,0,0,0,0,0,-666,-666,-666,0.00E+00,0,0.00E+00,0,0.00E+00,0,0.00E+00,0,3.623281004,70.92878689,6.78445705,6.40824829,4.40824829,3.481380475,2.862372436,1.678869017,0.306186218,0.714434508,0.102062073,0.306186218,0,0,0.96,35.64737585,1.227569001,3.96,2.96,50.09997079,0,0,0,0,0,49.74993565,0,0,0,0,0,0,0,0,7.90734521,28.40776471,0,0,0,6.851892117,0,6.582933604,0,0,0,0,0,0,28.40776471,2.424310985,6.582933604,12.33492634,0,0,0,0,-666,13.43482572,0,0,28.40776471,0,0,0,0,0,2.424310985,5.483034225,30.54472222,0.269128086,0,0,0,0,0,0,-2.952739198,0,0.5,4,0,1,0,0,0,0,0,0,1,0,2,-666,0,0,0,-666,0.26819,16.813,0,0,0,0,0,0,0,0,0,0,0,0,0,0,0,0,0,0,0,0,0,0,0,0,0,0,0,0,0,0,0,0,0,0,0,0,-666,0,0,0,0,0,0,0,0,0,0,0,0,0,0,0,0,0,-666,0,0,0,0,0,0,0,0,0,0,0,0,0,0,0,0,0,0,0,0,0,0,0,0,0,0,0,0,-666,0,0,70,6,12.011,1.262119,11.3,4,2.55,2.2,259.4,16.1,-0.361132772,-0.216313176,C,6,8,1,2.55,3.44,2.1,15,8.09,0.818,38.607
220,1-_sodiooxy_pentyl,6.244 ,2.257 ,2.469 ,-16.302 ,7.527 ,-9.392 ,9.180 ,9.274 ,-0.454,-0.438,0.061,0.04,0.484,0.026,0.03,0.038,0.037,0.503,0.735,0.508,0.507,0.484,0.502,0.471,0.493,0.504,0.505,0.488,0.504,0.484,0.498,0.448,0.481,0.69,0.64,0.65,0.64,0.55,0.5,0.52,0.43,2.46,-0.087,-0.12,7.372307099,-3.448526235,7.372307099,0.080824672,0.391777954,109.124,99.044,109.0629342,37,0,0,0,0,0,-666,-666,-666,0.00E+00,0,0.00E+00,0,0.00E+00,0,0.00E+00,0,5.551101586,272.3600475,14.28445705,13.90824829,5.90824829,7.231380475,6.612372436,2.428869017,0.681186218,1.089434508,0.278093109,0.482217254,0.107796554,0.209858627,0.96,1699.091566,1.340540228,6.96,6.96,77.62462013,0,0,0,0,0,77.09326169,0,0,0,0,0,0,0,0,16.13189655,28.40776471,0,0,0,25.97066682,0,6.582933604,0,0,0,0,0,0,28.40776471,2.424310985,6.582933604,39.67825238,0,0,0,0,-666,32.55360042,0,0,28.40776471,0,0,0,0,0,2.424310985,13.70758556,76.18527132,-0.080824672,0,0,0,0,0,-10.03246142,-4.460874118,0,0.8,7,0,1,0,0,0,0,0,0,1,0,2,-666,0,0,0,-666,1.43849,30.664,0,0,0,0,0,0,0,0,0,0,0,0,0,0,0,0,0,0,0,0,0,0,0,0,0,0,0,0,0,0,0,0,0,0,0,0,-666,0,0,0,0,0,0,0,0,0,0,0,0,0,0,0,0,0,-666,0,0,0,0,0,0,0,0,0,0,0,0,0,0,0,0,0,0,0,0,0,0,0,0,0,0,0,0,-666,0,0,70,6,12.011,1.262119,11.3,4,2.55,2.2,346.8,16.7,-0.359079464,-0.218262074,C,6,8,1,2.55,3.44,2.1,15,8.09,0.826,44.519
221,1-_thiophen-2-yl_ethyl,3.671 ,2.606 ,2.678 ,3.697 ,3.857 ,3.766 ,3.020 ,2.880 ,0.367,0.269,0.287,0.297,0.284,0.299,0.215,0.295,0.203,0.309,0.336,0.242,0.31,0.241,0.31,0.231,0.306,0.242,0.311,0.243,0.311,0.233,0.307,0.21,0.296,2.6,3.12,3.08,3.18,1.01,1.09,1,1,2.67,-0.149,-0.276,7.338657407,-2.583796296,7.338657407,0.111111111,0.521409943,111.189,104.133,111.0268462,37,0,0,0,0,0,-666,-666,-666,2.34E-24,-0.244500246,0,-2.279028926,-1.39E-17,-2.149470395,-1.29E-33,-0.958681548,2.954645696,312.6319344,11.09385813,10.40824829,4.224744871,6.247906126,5.15824829,2.474744871,0.90824829,1.724744871,0.493686218,1.106058654,0.241108627,0.598325881,0.35,942.492011,1.4392326,2.606803758,1.374450227,58.13682791,0,0,0,0,0,56.99934396,0,0,0,0,0,0,0,0,9.595309893,11.76188495,0,0,0,6.851892117,0,28.790257,0,0,0,0,0,11.76188495,0,0,6.396873262,16.44720201,22.39338374,0,0,0,0,13.24876538,0,0,22.39338374,11.76188495,0,0,0,0,0,9.595309893,49.94365741,0.683078704,-0.111111111,-0.181481481,0,0,-0.666550926,-0.66712963,-2.583796296,0,0.166666667,7,0,0,0,0,0,0,0,0,1,0,1,-666,0,0,0,-666,2.35499,34.788,0,0,0,0,0,0,0,0,0,0,0,0,0,0,0,0,0,0,0,0,0,0,0,0,0,0,3,0,0,0,0,0,0,0,0,0,-666,0,0,0,0,0,0,0,0,0,0,0,0,0,0,0,0,0,-666,0,0,0,0,0,0,0,0,0,0,0,0,0,0,0,0,0,0,0,0,1,0,0,0,0,0,0,0,-666,0,0,70,6,12.011,1.262119,11.3,4,2.55,2.2,275.3,16.8,-0.389749945,-0.313925652,C,6,6,1,2.55,2.55,2.1,13,7.2,0.631,44.355
222,1-_trifluoroboranuidyl_ethyl,4.193 ,3.390 ,3.509 ,4.214 ,4.343 ,4.269 ,3.640 ,3.516 ,0.636,0.501,0.567,0.575,0.589,0.562,0.355,0.557,0.358,0.606,0.609,0.495,0.591,0.495,0.591,0.483,0.586,0.496,0.591,0.497,0.592,0.486,0.587,0.468,0.575,0.89,1.33,1.29,1.38,0.07,0.06,0.07,0.08,1.06,-0.103,-0.12,11.4230787,-5.638888889,11.4230787,2.118055556,-666,95.86,91.828,96.03581519,36,0,0,0,0,0,-666,-666,-666,0.00E+00,0,0.00E+00,0,0.00E+00,0,0.00E+00,0,4.231132186,102.6515613,8.577350269,6.711243688,2.711243688,4.154700538,3.193328805,1.193328805,0.719100232,0.719100232,0.163663418,0.163663418,0,0,-0.145064935,63.57980789,1.760022308,1.535362288,3.854935065,40.02666648,0,0,0,0,0,38.55543211,0,0,0,0,0,0,0,0,18.43001091,6.977304052,0,0,0,6.851892117,0,6.296225031,0,0,0,12.94697668,0,0,6.977304052,0,6.296225031,12.33492634,0,0,0,0,0,20.1254212,12.94697668,0,0,0,0,0,0,0,0,5.483034225,58.99479167,0,0,0,0,0,0,-2.118055556,-8.960069444,0,0.5,6,0,0,0,0,0,0,0,0,0,0,4,-666,0,0,0,-666,1.59719,19.052,0,0,0,0,0,0,0,0,0,0,0,0,0,0,0,0,0,0,0,0,0,0,0,0,0,0,0,0,0,0,0,0,0,0,0,0,-666,0,0,0,0,0,0,0,3,0,0,0,0,0,0,0,0,0,-666,0,0,0,0,0,0,0,0,0,0,0,0,0,0,0,0,0,0,0,0,0,0,0,0,0,0,0,0,-666,0,-1,70,6,12.011,1.262119,11.3,4,2.55,2.2,236.3,13,-0.443020324,-0.428727902,C,6,5,1,2.55,2.04,2.1,12,6.69,0.842,44.492
223,1-_trimethylsilyl_ethyl,2.589 ,2.014 ,2.072 ,2.602 ,2.686 ,2.638 ,2.236 ,2.158 ,0.742,0.568,0.58,0.588,0.594,0.584,0.419,0.579,0.398,0.632,0.618,0.54,0.63,0.539,0.63,0.517,0.621,0.541,0.631,0.544,0.632,0.521,0.623,0.489,0.614,2,2.29,2.26,2.32,0.98,1.03,0.95,0.96,2.07,-0.291,-0.529,7.431520062,-5.618248457,7.431520062,1.666666667,0.443599134,101.245,88.141,101.0786519,37,0,0,0,0,0,-666,-666,-666,-3.02E-16,-1.780514704,-0.070354048,-2.630658263,-0.122572211,-2.732522198,-7.55E-17,-1.941606575,6.454245083,277.8470778,16.07735027,16,4,7.904700538,7.75,3.25,0.875,2.625,0.1875,0.5625,0,0,0.216883117,2429.280788,0.509855105,1.781127013,4.216883117,59.84462323,0,0,0,0,0,58.19127188,0,0,0,0,0,0,0,0,17.81986123,8.073872301,0,0,0,26.27739093,0,6.020147416,0,0,0,0,0,0,8.073872301,0,6.020147416,24.67175335,0,19.42549881,0,0,0,40.37141065,0,0,0,0,0,0,0,0,0,17.81986123,93.6992284,0,0,0,0,0,-1.666666667,0,-14.05320216,-5.618248457,0.8,6,0,0,0,0,0,0,0,0,0,0,1,-666,0,0,0,-666,2.08799,33.32,0,0,0,0,0,0,0,0,0,0,0,0,0,0,0,0,0,0,0,0,0,0,0,0,0,0,0,0,0,0,0,0,0,0,0,0,-666,0,0,0,0,0,0,0,0,0,0,0,0,0,0,0,0,0,-666,0,0,0,0,0,0,0,0,0,0,0,0,0,0,0,0,0,0,0,0,0,0,0,0,0,0,0,0,-666,0,0,70,6,12.011,1.262119,11.3,4,2.55,2.2,303.9,16,-0.386217868,-0.310928982,C,6,14,1,2.55,1.9,2.1,21,6.55,0.985,49.554
224,1-acetylpyrrolidin-2-yl,2.001 ,1.335 ,1.406 ,1.763 ,2.104 ,1.751 ,1.480 ,1.379 ,0.587,0.551,0.404,0.425,0.437,0.429,0.341,0.427,0.327,0.445,0.535,0.41,0.453,0.4,0.447,0.391,0.445,0.413,0.455,0.403,0.449,0.394,0.446,0.368,0.431,1.45,1.71,1.69,1.74,0.62,0.61,0.59,0.56,1.4,-0.252,-0.388,11.51770833,-3.281597222,11.51770833,0.263888889,0.453398815,112.152,102.072,112.0762389,45,0,0,0,0,0,-666,-666,-666,1.02E-16,-0.243572462,-7.40E-17,-2.458037337,-1.77E-16,-2.522379349,-2.16E-17,-0.99314878,3.359356527,373.0544192,14.73205081,13.85546189,3.855461886,7.687392609,6.874944538,1.874944538,1.114169559,1.114169559,0.601000688,0.601000688,0.297201194,0.297201194,-0.08,3348.115864,1.18103117,2.464484912,1.20172926,63.52919122,0,0,0,0,0,61.92462186,0,0,0,0,0,0,0,0,18.50212275,5.907179729,0,4.899909731,0,19.59774192,6.496859684,6.520808045,0,0,0,0,0,0,17.30394914,4.794537184,6.520808045,33.30532748,0,0,0,0,-666,38.52258938,4.794537184,0,4.899909731,0,0,0,0,0,0,13.70758556,72.0875463,0,11.25381944,0,0,-1.816898148,0,-6.32400463,-7.86712963,0,0.666666667,8,0,2,0,0,0,0,0,0,-666,0,2,-666,0,0,0,-666,0.79049,30.921,0,0,0,0,0,0,0,0,0,0,1,1,0,0,0,1,0,0,0,0,-666,0,0,0,0,0,0,1,0,0,0,0,0,0,0,0,-666,0,0,0,0,0,0,0,0,0,0,0,0,0,0,0,0,0,-666,0,0,0,0,0,0,0,0,0,0,0,0,0,0,0,0,0,0,0,0,0,0,0,0,0,0,0,0,-666,0,0,70,6,12.011,1.262119,11.3,4,2.55,2.2,286.1,15.3,-0.387130735,-0.288115442,C,6,7,1,2.55,3.04,2.1,14,7.69,0.849,46.87
225,1-amino-1-carboxyethyl,3.215 ,2.059 ,2.136 ,2.651 ,3.359 ,2.597 ,2.324 ,2.165 ,0.371,0.266,0.34,0.318,0.305,0.318,0.208,0.315,0.195,0.332,0.316,0.229,0.325,0.228,0.319,0.215,0.327,0.229,0.325,0.23,0.318,0.219,0.327,0.2,0.325,2.27,2.62,2.59,2.66,1.02,1.08,0.99,0.99,2.13,-0.137,-0.325,10.51168981,-2.915046296,10.51168981,0.385046296,0.457301957,88.086,82.038,88.03985343,35,0,0,0,0,0,-666,-666,-666,1.66E-15,-0.243458193,-7.80E-17,-2.320910367,-1.28E-17,-2.553270535,-5.73E-18,-0.954162815,4.561929413,166.666358,9.939157589,8.763710176,2.763710176,5.30274768,3.93453057,1.131855088,0.636064276,0.636064276,0.193349166,0.193349166,0,0,-0.12,217.5183188,1.182930363,2.124851682,2.137731959,44.39738833,0,0,0,0,0,42.85326007,0,0,0,0,0,0,0,0,16.8393052,5.969305288,1.431199657,0,5.719716976,6.851892117,0,6.041840829,0,0,5.719716976,0,0,0,11.07811348,4.794537184,6.041840829,10.96416779,0,2.823684157,1.431199657,0,-666,18.86303823,4.794537184,0,5.719716976,0,0,0,0,0,5.108808191,8.367159482,39.23597222,0,10.51168981,3.332523148,-0.385046296,-1.527777778,-1.168981481,0,-2.915046296,0,0.333333333,6,3,3,0,0,0,0,0,0,3,2,3,-666,0,0,0,-666,-0.41841,20.7402,1,0,0,0,0,0,0,0,1,1,1,0,0,0,0,0,0,1,0,0,-666,0,0,0,0,0,0,0,0,0,0,0,0,0,0,0,-666,0,0,0,0,0,0,0,0,0,0,0,0,0,0,0,0,0,-666,0,0,0,0,0,0,0,0,0,0,0,0,0,0,0,0,0,0,0,0,0,0,0,0,0,0,0,0,-666,0,0,70,6,12.011,1.262119,11.3,4,2.55,2.2,238.2,14.1,-0.399995903,-0.325201906,C,6,6,7,2.55,2.55,3.04,19,8.14,0.538,49.994
226,1-aminoethyl,1.135 ,0.812 ,0.862 ,1.143 ,1.193 ,1.164 ,0.932 ,0.889 ,0.65,0.605,0.43,0.463,0.457,0.456,0.356,0.457,0.343,0.469,0.515,0.413,0.469,0.412,0.469,0.392,0.462,0.414,0.47,0.416,0.47,0.396,0.464,0.366,0.45,0.83,0.98,0.97,1,0.33,0.34,0.31,0.31,0.86,-0.245,-0.424,6.583333333,-2.635416667,6.583333333,0.229166667,0.410584216,44.077,38.029,44.05002419,19,0,0,0,0,0,-666,-666,-666,-0.080112729,-0.244460766,-0.706531174,-2.31858206,-0.708815649,-2.494372882,-0.260025011,-0.977430947,3.877604669,85.54887502,7.654700538,7.447213595,1.447213595,3.854059275,3.368033989,0.473606798,0.111803399,0.111803399,0,0,0,0,-0.04,50.07031062,0.179464155,1.96,1.96,28.9900201,0,0,0,0,0,27.39913552,0,0,0,0,0,0,0,0,8.306718381,0,0,0,5.719716976,6.851892117,0,6.520808045,0,0,5.719716976,0,0,0,0,0,6.520808045,12.33492634,0,2.823684157,0,0,-666,13.37270016,0,0,5.719716976,0,0,0,0,0,0,8.306718381,38.77893519,0,0,0,-0.229166667,0,0,0,-3.633101852,0,0.5,3,2,1,0,0,0,0,0,0,1,1,1,-666,0,0,0,-666,0.12679,14.1614,0,0,0,0,0,0,0,0,0,0,0,0,0,0,0,0,0,1,0,0,-666,0,0,0,0,0,0,0,0,0,0,0,0,0,0,0,-666,0,0,0,0,0,0,0,0,0,0,0,0,0,0,0,0,0,-666,0,0,0,0,0,0,0,0,0,0,0,0,0,0,0,0,0,0,0,0,0,0,0,0,0,0,0,0,-666,0,0,70,6,12.011,1.262119,11.3,4,2.55,2.2,192.5,12.4,-0.421355019,-0.253622377,C,6,7,1,2.55,3.04,2.1,14,7.69,0.877,29.722
227,1-azabicyclo_2.2.2_octan-1-ylium-1-yl,7.349 ,6.625 ,6.815 ,7.353 ,7.383 ,7.366 ,7.249 ,7.234 ,0.477,0.321,0.148,0.15,0.137,0.133,0.101,0.14,0.104,0.166,0.104,0.116,0.157,0.116,0.157,0.115,0.155,0.116,0.157,0.116,0.157,0.115,0.155,0.118,0.157,7.05,7.09,7.09,7.1,7.94,8.2,7.82,7.93,6.82,-0.234,-0.435,8.010625,-3.640625,8.010625,0.385625,0.452243548,111.188,98.084,111.1047994,46,0,0,0,0,0,-666,-666,-666,-2.29E-15,-0.183770417,-0.119295733,-2.888373382,-0.126332088,-2.898885455,-2.12E-16,-1.158354502,2.991882208,423.4249312,17.07735027,16.9472136,3.947213595,8.866025404,8.670820393,2.170820393,1.420820393,1.420820393,0.878115295,0.878115295,0.513012746,0.513012746,-0.04,12416.13644,0.799589119,1.728380667,0.655158569,68.94169158,0,0,0,0,0,67.2230824,0,0,0,0,0,0,0,0,17.81986123,0,0,4.899909731,5.893957685,19.1187747,19.49057905,0,0,0,0,0,0,0,24.39048878,0,5.893957685,36.93863593,0,0,0,0,-666,44.50331144,0,0,4.899909731,0,0,0,0,0,0,17.81986123,100.516875,0,-0.385625,0,0,-3.640625,0,-10.4875,-10.253125,0,1,8,0,1,0,0,0,0,0,0,1,0,1,-666,0,0,0,-666,1.1021,33.781,0,0,0,0,0,0,0,0,0,0,0,0,0,0,0,1,0,0,0,0,-666,0,0,0,0,0,0,0,0,0,0,0,0,0,0,0,-666,0,0,0,0,0,0,0,0,0,0,0,0,0,0,0,0,0,-666,0,0,0,0,0,0,0,0,0,0,0,0,0,0,3,0,0,0,0,0,0,0,0,0,0,0,0,0,-666,0,1,65,7,14.007,-1.4,7.4,5,3.04,0.001145,276.2,15.6,-0.32502905,0.016531699,N,6,6,6,2.55,2.55,2.55,18,7.65,0.732,59.139
228,1-benzofuran-2-yl,4.785 ,3.988 ,4.330 ,4.685 ,4.923 ,4.694 ,4.182 ,4.025 ,0.669,0.561,0.377,-0.256,0.447,0.425,0.339,-0.256,-0.239,0.44,0.25,0.344,0.446,0.344,0.453,0.328,0.431,0.341,0.443,0.347,0.455,0.335,0.437,0.318,0.423,3.86,4.35,4.1,4.39,2.16,2.07,2.02,2.05,4.11,0.225,0.197,7.492407407,-0.35625,7.492407407,0.012962963,0.515337894,117.127,112.087,117.0340398,43,0,0,0,0,0,-666,-666,-666,11.9478893,-1.059985784,0.516869514,-2.176487879,0.629820484,-2.039395363,3.127336355,-1.185634821,2.695647917,435.1382169,10.45566545,9.40824829,4.40824829,6.53658126,4.90824829,2.40824829,1.53324829,1.53324829,0.982217254,0.982217254,0.5931707,0.5931707,-0.04,1876.090171,2.536710801,2.295733882,0.983000845,60.66216912,0,0,0,0,0,59.44536431,0,0,0,0,0,0,0,0,11.59065573,0,0,0,0,0,0,47.85470858,0,0,0,0,0,0,0,4.736862954,6.262080448,6.853792781,41.59262813,0,0,0,-666,0,0,0,41.59262813,0,0,0,0,0,6.262080448,11.59065573,41.78212963,0,0,0,0.07962963,-0.012962963,-1.379814815,2.197685185,0,0,0,9,0,1,0,0,0,0,0,0,1,0,1,-666,0,0,0,-666,1.71359,34.204,0,0,0,0,0,0,0,0,0,0,0,0,0,0,0,0,0,0,0,0,0,0,0,0,0,0,6,0,0,0,0,0,0,0,0,0,-666,0,0,0,0,1,0,0,0,0,0,0,0,0,0,0,0,0,-666,0,0,0,0,0,0,0,0,0,0,0,0,0,0,0,0,0,0,0,0,0,0,0,0,0,0,0,0,-666,0,0,70,6,12.011,1.262119,11.3,4,2.55,2.2,272.9,16.9,-0.38864628,-0.366943324,C,6,8,0,2.55,3.44,0,14,5.99,1.013,37.769
229,1-benzofuran-3-yl,4.715 ,3.896 ,4.072 ,4.675 ,4.860 ,4.716 ,4.117 ,3.978 ,0.746,0.619,0.467,0.504,0.539,0.517,0.381,0.509,0.38,0.535,0.245,0.344,0.553,0.336,0.546,0.329,0.539,0.348,0.556,0.339,0.549,0.329,0.54,0.308,0.517,3.84,4.31,4.27,4.36,1.97,1.96,1.88,1.92,4.07,0.204,0.199,7.473657407,-0.35625,7.473657407,0.012962963,0.515337894,117.127,112.087,117.0340398,43,0,0,0,0,0,-666,-666,-666,11.93127489,-1.060324253,0.529553521,-2.178536243,0.62074393,-2.013437723,2.91250634,-1.319306429,2.642307733,435.1382169,10.45566545,9.40824829,4.40824829,6.519744508,4.90824829,2.40824829,1.53324829,1.53324829,0.982217254,0.982217254,0.5931707,0.5931707,-0.04,1826.903179,2.536710801,2.295733882,0.983000845,60.66216912,0,0,0,0,0,59.44536431,0,0,0,0,0,0,0,0,11.59065573,0,0,0,0,0,0,47.85470858,0,0,0,0,0,0,0,4.736862954,6.076020107,6.853792781,41.77868847,0,0,0,-666,0,0,0,41.77868847,0,0,0,0,0,6.076020107,11.59065573,41.59115741,0,0,0,0.125925926,-0.012962963,-1.177037037,2.139583333,0,0,0,9,0,1,0,0,0,0,0,0,1,0,1,-666,0,0,0,-666,1.71359,34.204,0,0,0,0,0,0,0,0,0,0,0,0,0,0,0,0,0,0,0,0,0,0,0,0,0,0,6,0,0,0,0,0,0,0,0,0,-666,0,0,0,0,1,0,0,0,0,0,0,0,0,0,0,0,0,-666,0,0,0,0,0,0,0,0,0,0,0,0,0,0,0,0,0,0,0,0,0,0,0,0,0,0,0,0,-666,0,0,70,6,12.011,1.262119,11.3,4,2.55,2.2,273.1,16.9,-0.389911037,-0.357678226,C,6,6,0,2.55,2.55,0,12,5.1,1.028,42.689
230,1-carboxy-1-acetamidoethyl,4.449 ,2.941 ,3.046 ,3.695 ,4.650 ,3.625 ,3.219 ,2.995 ,0.388,0.28,0.302,0.304,0.296,0.307,0.204,0.304,0.19,0.321,0.288,0.233,0.322,0.225,0.321,0.219,0.317,0.236,0.321,0.227,0.322,0.22,0.319,0.2,0.314,3.19,3.71,3.67,3.77,1.39,1.43,1.35,1.32,3.04,-0.137,-0.287,11.10914966,-3.277225057,11.10914966,0.586435185,-666,130.123,122.059,130.0504181,51,0,0,0,0,0,-666,-666,-666,0,0,0,0,0,0,0,0,5.741219468,366.3373904,14.01650786,12.17195847,4.171958467,7.424756148,5.665047917,1.809586031,1.05302024,1.05302024,0.40669781,0.40669781,0.147188792,0.147188792,-0.16,1921.923872,2.165579023,3.788245092,4.350204082,63.59611082,0,0,0,0,0,62.04285937,0,0,0,0,0,0,0,0,24.33427597,17.58817002,6.416629139,0,0,13.70378423,0,0,0,0,0,0,0,0,22.69697821,9.589074368,4.985429482,21.92833557,0,1.411842078,1.431199657,0,-666,36.27738374,9.589074368,0,0,0,0,0,0,0,5.108808191,11.06759307,53.91755574,0,21.44990882,3.339297525,-1.505902778,-3.674421296,0,0,-6.52643802,0,0.4,9,2,4,0,0,0,0,0,0,-666,1,4,-666,0,0,0,-666,0.19287,31.7175,1,0,0,0,0,0,0,0,1,1,2,1,0,0,0,0,1,0,0,0,-666,0,0,0,0,0,0,1,0,0,0,0,0,0,0,0,-666,0,0,0,0,0,0,0,0,0,0,0,0,0,0,0,0,0,-666,0,0,0,0,0,0,0,0,0,0,0,0,0,0,0,0,0,0,0,0,0,0,0,0,0,0,0,0,-666,0,0,70,6,12.011,1.262119,11.3,4,2.55,2.2,300.2,15.3,-0.413823095,-0.340228999,C,6,6,7,2.55,2.55,3.04,19,8.14,0.598,57.933
231,1-cyano-1-methylethyl,3.938 ,3.102 ,3.202 ,3.957 ,4.076 ,4.008 ,3.421 ,3.303 ,0.521,0.364,0.438,0.433,0.4,0.429,0.279,0.425,0.243,0.463,0.345,0.317,0.458,0.316,0.458,0.297,0.454,0.318,0.458,0.32,0.458,0.301,0.455,0.262,0.448,3.1,3.53,3.49,3.58,1.45,1.52,1.42,1.43,3.2,-0.159,-0.411,8.190231481,-2.805555556,8.190231481,1.037037037,0.417061906,68.099,62.051,68.05002419,27,0,0,0,0,0,-666,-666,-666,-2.16E-32,-0.244322203,-6.01E-18,-2.340060439,-4.94E-19,-2.255255836,8.84E-18,-0.994486236,4.60473853,156.4919795,9.28445705,8.447213595,2.447213595,4.692705341,3.973606798,0.973606798,0.486803399,0.486803399,0.111803399,0.111803399,0,0,-0.04,99.86017018,0.784067354,2.212525253,3.96,40.65648005,0,0,0,0,0,39.17735449,0,0,0,0,0,0,0,0,8.224551337,0,5.261891555,0,0,13.70378423,0,5.917906046,0,6.069221313,0,0,0,0,0,0,17.24901891,21.92833557,0,0,0,0,-666,19.62169028,0,0,0,0,0,6.069221313,0,0,0,13.48644289,39.95097222,0,0,8.190231481,0,-1.037037037,1.173611111,0,-5.611111111,0,0.5,5,0,1,0,0,0,0,0,0,1,0,1,-666,0,0,0,-666,1.12427,20.204,0,0,0,0,0,0,0,0,0,0,0,0,0,0,0,1,0,0,0,0,0,0,0,0,0,0,0,0,0,0,0,0,0,0,0,0,-666,0,0,0,0,0,0,0,0,0,0,0,0,0,0,0,0,0,-666,0,0,1,0,0,0,0,0,0,0,0,0,0,0,0,0,0,0,0,0,0,0,0,0,0,0,0,0,-666,0,0,70,6,12.011,1.262119,11.3,4,2.55,2.2,235.1,14.1,-0.412001678,-0.342177816,C,6,6,6,2.55,2.55,2.55,18,7.65,0.818,48.661
232,1-cyanoethyl,4.372 ,3.468 ,3.586 ,4.393 ,4.523 ,4.449 ,3.806 ,3.676 ,0.599,0.5,0.471,0.477,0.48,0.478,0.374,0.473,0.344,0.509,0.492,0.428,0.509,0.427,0.509,0.414,0.503,0.428,0.509,0.43,0.51,0.416,0.504,0.387,0.492,3.44,3.9,3.86,3.95,1.62,1.69,1.59,1.61,3.58,-0.278,-0.443,7.835856481,-2.519097222,7.835856481,0.863425926,0.399714089,54.072,50.04,54.03437413,21,0,0,0,0,0,-666,-666,-666,0,-0.244464736,9.63E-35,-2.183974185,-6.94E-18,-2.107286684,0,-0.957936989,3.865359278,109.4322804,6.78445705,5.947213595,1.947213595,3.481380475,2.723606798,0.723606798,0.236803399,0.236803399,0.055901699,0.055901699,0,0,-0.04,35.64737585,0.716242568,2.96,1.96,31.48159694,0,0,0,0,0,30.06291247,0,0,0,0,0,0,0,0,5.483034225,0,5.261891555,0,0,6.851892117,0,6.396873262,0,6.069221313,0,0,0,0,0,0,17.72798613,12.33492634,0,0,0,0,-666,13.24876538,0,0,0,0,0,6.069221313,0,0,0,10.74492578,25.73763889,0,0,7.835856481,0,0,1.225694444,-0.863425926,-2.519097222,0,0.333333333,4,0,1,0,0,0,0,0,0,1,0,1,-666,0,0,0,-666,0.73417,15.587,0,0,0,0,0,0,0,0,0,0,0,0,0,0,0,1,0,0,0,0,0,0,0,0,0,0,0,0,0,0,0,0,0,0,0,0,-666,0,0,0,0,0,0,0,0,0,0,0,0,0,0,0,0,0,-666,0,0,1,0,0,0,0,0,0,0,0,0,0,0,0,0,0,0,0,0,0,0,0,0,0,0,0,0,-666,0,0,70,6,12.011,1.262119,11.3,4,2.55,2.2,206.1,13.3,-0.420542027,-0.358958644,C,6,6,1,2.55,2.55,2.1,13,7.2,0.856,35.67
233,1-ethenyl-5-oxopyrrolidin-2-yl,2.289 ,1.700 ,1.796 ,2.212 ,2.387 ,2.233 ,1.874 ,1.787 ,0.62,0.564,0.343,0.384,0.398,0.388,0.312,0.385,0.299,0.406,0.482,0.387,0.418,0.382,0.414,0.366,0.405,0.389,0.42,0.386,0.417,0.369,0.406,0.341,0.385,1.8,2.08,2.06,2.11,0.83,0.83,0.79,0.77,1.79,-0.216,-0.326,11.44826389,-2.966435185,11.44826389,0.106481481,0.491054327,110.136,102.072,110.0605889,43,0,0,0,0,0,-666,-666,-666,-9.86E-32,-0.180234024,-3.89E-17,-2.341919152,-1.11E-16,-2.299327436,2.50E-16,-0.922952709,3.292162137,359.5400362,12.88675135,11.85546189,3.855461886,7.047434948,5.874944538,1.874944538,1.114169559,1.114169559,0.652031725,0.652031725,0.322716712,0.322716712,-0.08,1955.045188,1.496412212,2.464484912,1.00855457,60.02964719,0,0,0,0,0,58.54139843,0,0,0,0,0,0,0,0,15.76060563,5.907179729,0,4.899909731,0,12.7458498,0,19.22785354,0,0,0,0,0,0,10.80708946,4.794537184,6.520808045,23.71191825,12.70704549,0,0,0,-666,37.88088307,4.794537184,0,4.899909731,0,0,0,0,0,0,10.96606845,57.05789352,0,11.55474537,0,0,-1.440277778,0,-6.849305556,-2.156388889,0,0.333333333,8,0,2,0,0,0,0,0,0,-666,0,2,-666,0,0,0,-666,0.91409,30.577,0,0,0,0,0,0,0,0,0,0,1,1,0,0,0,1,0,0,0,0,-666,0,0,0,0,0,0,1,0,0,0,0,0,0,0,0,-666,0,0,0,0,0,0,0,0,0,0,0,0,0,0,0,0,0,-666,0,0,0,0,0,0,0,0,0,0,0,0,0,0,0,0,0,0,0,0,0,0,0,0,0,0,0,0,-666,0,0,70,6,12.011,1.262119,11.3,4,2.55,2.2,280.2,15.7,-0.404484175,-0.303318862,C,6,7,1,2.55,3.04,2.1,14,7.69,0.883,46.824
234,1-ethenyl-5-oxopyrrolidin-3-yl,2.163 ,1.716 ,1.787 ,2.136 ,2.224 ,2.152 ,1.903 ,1.843 ,0.764,0.703,0.577,0.596,0.578,0.59,0.434,0.587,0.413,0.625,0.629,0.54,0.623,0.539,0.622,0.525,0.615,0.541,0.624,0.542,0.624,0.528,0.616,0.502,0.606,1.8,1.99,1.97,2.01,1.01,1.06,0.98,0.99,1.79,-0.306,-0.485,11.44826389,-2.842013889,11.44826389,0.018518519,0.482828682,110.136,102.072,110.0605889,43,0,0,0,0,0,-666,-666,-666,8.36E-17,-0.167607165,-1.96E-16,-2.361879404,-1.15E-16,-2.432460229,-2.46E-17,-0.806077575,3.325652,359.5400362,12.88675135,11.85546189,3.855461886,7.041451884,5.874944538,1.874944538,1.114169559,1.114169559,0.652031725,0.652031725,0.322716712,0.322716712,-0.08,1898.971301,1.496412212,2.464484912,1.00855457,60.02964719,0,0,0,0,0,58.54139843,0,0,0,0,0,0,0,0,15.76060563,5.907179729,0,4.899909731,0,6.372924901,6.496859684,19.10391875,0,0,0,0,0,0,17.30394914,4.794537184,6.396873262,17.33899335,12.70704549,0,0,0,-666,37.88088307,4.794537184,0,4.899909731,0,0,0,0,0,0,10.96606845,57.11622685,0,11.46678241,0,0,-1.440277778,0,-5.03912037,-3.936944444,0,0.333333333,8,0,2,0,0,0,0,0,0,-666,0,2,-666,0,0,0,-666,0.56649,30.827,0,0,0,0,0,0,0,0,0,0,1,1,0,0,0,1,0,0,0,0,-666,0,0,0,0,0,0,1,0,0,0,0,0,0,0,0,-666,0,0,0,0,0,0,0,0,0,0,0,0,0,0,0,0,0,-666,0,0,0,0,0,0,0,0,0,0,0,0,0,0,0,0,0,0,0,0,0,0,0,0,0,0,0,0,-666,0,0,70,6,12.011,1.262119,11.3,4,2.55,2.2,279.8,15.7,-0.380211024,-0.32021795,C,6,6,1,2.55,2.55,2.1,13,7.2,1.035,39.521
235,1-ethoxy-1-oxopropan-2-yl,4.335 ,3.261 ,3.403 ,3.991 ,4.492 ,3.969 ,3.500 ,3.315 ,0.678,0.533,0.499,0.502,0.527,0.508,0.373,0.499,0.355,0.553,0.469,0.471,0.556,0.464,0.554,0.453,0.546,0.473,0.556,0.467,0.556,0.456,0.549,0.426,0.535,3.34,3.8,3.76,3.85,1.58,1.63,1.53,1.56,3.4,-0.257,-0.435,10.95523148,-3.331712963,10.95523148,1.471643519,0.480152576,101.125,92.053,101.0602545,41,0,0,0,0,0,-666,-666,-666,0,-0.248378517,-1.55E-16,-2.398907,-4.32E-17,-2.428223055,-2.09E-17,-1.053587446,4.711389265,264.0533601,13.36180732,12.31649658,3.316496581,6.788510687,5.862372436,1.362372436,0.616581624,0.616581624,0.245790812,0.245790812,0.07186437,0.07186437,-0.08,969.5144468,1.089461435,4.088918919,3.758059356,56.11882132,0,0,0,0,0,54.49717517,0,0,0,0,0,0,0,0,21.86822714,5.969305288,0,0,0,13.70378423,6.558985243,6.396873262,0,0,0,0,0,0,12.52829053,9.531400138,6.396873262,26.04061124,0,0,0,0,-666,32.62894803,4.794537184,0,0,0,0,0,0,0,4.736862954,12.33682701,64.56971608,0,10.95523148,0,0,-1.818402778,0,-1.471643519,-9.651567933,0,0.6,7,0,2,0,0,0,0,0,0,2,0,2,-666,0,0,0,-666,0.77369,26.607,0,0,0,0,0,0,0,0,0,0,1,1,0,0,0,0,0,0,0,0,0,0,0,0,0,0,0,0,0,0,0,0,0,0,0,0,-666,0,0,0,1,1,0,0,0,0,0,0,0,0,0,0,0,0,-666,0,0,0,0,0,0,0,0,0,0,0,0,0,0,0,0,0,0,0,0,0,0,0,0,0,0,0,0,-666,0,0,70,6,12.011,1.262119,11.3,4,2.55,2.2,287.5,14.3,-0.410714775,-0.359253569,C,6,6,1,2.55,2.55,2.1,13,7.2,0.928,40.356
236,1-ethoxy-2-methyl-1-oxopropan-2-yl,4.018 ,2.775 ,2.872 ,3.470 ,4.181 ,3.417 ,3.051 ,2.862 ,0.524,0.303,0.474,0.454,0.412,0.457,0.245,0.451,0.218,0.489,0.373,0.31,0.489,0.307,0.484,0.292,0.486,0.311,0.489,0.31,0.484,0.296,0.487,0.261,0.481,2.91,3.34,3.3,3.38,1.34,1.41,1.31,1.31,2.87,-0.141,-0.433,11.42960648,-3.494212963,11.42960648,1.64525463,0.504697657,115.152,104.064,115.0759046,47,0,0,0,0,0,-666,-666,-666,1.35E-17,-0.248752757,-4.25E-16,-2.435014422,-9.07E-17,-2.451433697,-4.34E-17,-1.053797591,5.29097353,320.5652481,15.86180732,14.81649658,3.816496581,7.999835553,7.112372436,1.612372436,0.866581624,0.866581624,0.347852885,0.347852885,0.097379888,0.097379888,-0.08,2681.172663,1.18103117,3.866332007,2.992538341,65.29370443,0,0,0,0,0,63.61161718,0,0,0,0,0,0,0,0,24.60974426,5.969305288,0,0,0,20.55567635,6.558985243,5.917906046,0,0,0,0,0,0,12.52829053,9.531400138,5.917906046,35.63402047,0,0,0,0,-666,39.00187293,4.794537184,0,0,0,0,0,0,0,4.736862954,15.07834412,79.65568216,0,11.42960648,0,0,-3.671990741,0,0,-13.57996457,0,0.666666667,8,0,2,0,0,0,0,0,0,2,0,2,-666,0,0,0,-666,1.16379,31.224,0,0,0,0,0,0,0,0,0,0,1,1,0,0,0,0,0,0,0,0,0,0,0,0,0,0,0,0,0,0,0,0,0,0,0,0,-666,0,0,0,1,1,0,0,0,0,0,0,0,0,0,0,0,0,-666,0,0,0,0,0,0,0,0,0,0,0,0,0,0,0,0,0,0,0,0,0,0,0,0,0,0,0,0,-666,0,0,70,6,12.011,1.262119,11.3,4,2.55,2.2,310.8,14.9,-0.399194184,-0.339428705,C,6,6,6,2.55,2.55,2.55,18,7.65,0.791,53.769
237,1-ethoxyethyl,1.572 ,1.093 ,1.157 ,1.449 ,1.647 ,1.438 ,1.226 ,1.147 ,0.687,0.64,0.451,0.486,0.497,0.485,0.394,0.484,0.379,0.5,0.563,0.465,0.506,0.455,0.504,0.441,0.494,0.462,0.504,0.458,0.506,0.449,0.498,0.418,0.483,4.05,5.31,5.2,5.47,1.18,1.21,1.18,1.17,4.52,-0.166,-0.141,6.8625,-3.046875,6.8625,1.075810185,0.472881029,72.107,64.043,72.05751488,30,0,0,0,0,0,-666,-666,-666,-1.17E-15,-0.247457363,-0.146999177,-2.411994405,-0.02733713,-2.40433732,-3.03E-17,-1.057573515,4.340548557,162.0171868,10.86180732,10.40824829,2.40824829,5.577185822,4.90824829,0.90824829,0.306186218,0.306186218,0.102062073,0.102062073,0.025515518,0.025515518,-0.04,288.7579411,0.543763045,3.96,3.96,44.1873866,0,0,0,0,0,42.57258285,0,0,0,0,0,0,0,0,15.7029314,0,0,0,0,6.851892117,6.558985243,13.45877408,0,0,0,0,0,0,6.558985243,4.736862954,13.45877408,17.81796057,0,0,0,0,-666,26.86965144,0,0,0,0,0,0,0,0,4.736862954,10.96606845,57.61030093,0,0,0,0,0,0,0,-8.276967593,0,0.5,5,0,1,0,0,0,0,0,0,1,0,1,-666,0,0,0,-666,1.01878,21.283,0,0,0,0,0,0,0,0,0,0,0,0,0,0,0,0,0,0,0,0,0,0,0,0,0,0,0,0,0,0,0,0,0,0,0,0,-666,0,0,0,0,1,0,0,0,0,0,0,0,0,0,0,0,0,-666,0,0,0,0,0,0,0,0,0,0,0,0,0,0,0,0,0,0,0,0,0,0,0,0,0,0,0,0,-666,0,0,70,6,12.011,1.262119,11.3,4,2.55,2.2,244.1,13.6,-0.310369986,-0.295932847,C,6,8,1,2.55,3.44,2.1,15,8.09,0.937,36.691
238,1H-indol-2-yl,4.580 ,4.105 ,4.402 ,4.599 ,4.715 ,4.649 ,4.064 ,3.943 ,0.7,0.606,0.41,-0.055,0.48,-0.046,-0.028,-0.056,-0.034,0.477,0.255,0.358,0.489,0.358,0.488,0.344,0.475,0.359,0.49,0.361,0.491,0.347,0.477,0.329,0.459,4.06,4.67,4.62,4.74,1.82,1.96,1.77,1.93,4.4,-0.034,-0.027,7.552407407,-0.395833333,7.552407407,0.008333333,0.541245942,116.143,110.095,116.0500242,43,0,0,0,0,0,-666,-666,-666,11.16051549,-1.059985784,0.269082577,-2.244508661,0.414117427,-2.108854075,2.63234783,-1.185628624,2.733462946,469.5235664,11.32590893,10.4472136,4.447213595,6.947264863,5.394427191,2.447213595,1.572213595,1.572213595,1.016311896,1.016311896,0.619959347,0.619959347,-0.04,2589.18277,2.228786,2.295733882,0.983000845,62.56151321,0,0,0,0,0,61.30590568,0,0,0,0,0,0,0,0,8.265634859,0,0,5.309813353,0,0,0,47.73045746,0,0,5.309813353,0,0,0,0,0,6.19995489,6.853792781,41.53050257,1.411842078,0,0,-666,6.052071746,0,0,35.47843083,5.309813353,0,0,0,0,6.19995489,8.265634859,44.74092593,0,0,0.676111111,0.02962963,0,-1.574907407,2.294907407,0,0,0,9,1,1,0,0,0,0,0,0,1,1,1,-666,0,0,0,-666,1.28659,36.2547,0,0,0,0,0,0,0,0,0,0,0,0,0,0,0,0,1,0,0,0,-666,0,0,0,0,0,6,0,0,0,0,0,0,0,0,0,-666,0,0,0,0,0,0,0,0,0,0,0,0,0,0,0,0,0,-666,0,0,0,0,0,0,0,0,0,0,0,0,0,0,0,0,0,0,0,0,0,0,0,0,0,0,0,0,-666,0,0,70,6,12.011,1.262119,11.3,4,2.55,2.2,277.8,16.9,-0.365037331,-0.34899931,C,6,7,0,2.55,3.04,0,13,5.59,1.028,37.773
239,1H-indol-3-yl,8.717 ,6.397 ,6.487 ,8.788 ,9.247 ,8.984 ,6.927 ,6.555 ,0.383,0.324,0.236,0.261,0.26,0.265,0.219,0.26,0.21,0.276,0.088,0.247,0.286,0.246,0.286,0.23,0.275,0.248,0.287,0.25,0.288,0.233,0.277,0.222,0.269,5.9,7.25,7.13,7.41,1.87,2.22,1.81,2.09,6.48,0.153,0.062,7.544907407,-0.395833333,7.544907407,0.008333333,0.541245942,116.143,110.095,116.0500242,43,0,0,0,0,0,-666,-666,-666,11.1375266,-1.060708821,0.506307328,-2.261221766,0.56872727,-2.138136353,2.606842913,-1.285607406,2.690792748,469.5235664,11.32590893,10.4472136,4.447213595,6.947264863,5.394427191,2.447213595,1.572213595,1.572213595,1.016311896,1.016311896,0.619959347,0.619959347,-0.04,2670.736281,2.228786,2.295733882,0.983000845,62.56151321,0,0,0,0,0,61.30590568,0,0,0,0,0,0,0,0,8.265634859,0,0,5.309813353,0,0,0,47.73045746,0,0,5.309813353,0,0,0,0,0,6.076020107,6.853792781,41.65443736,1.411842078,0,0,-666,6.052071746,0,0,35.60236561,5.309813353,0,0,0,0,6.076020107,8.265634859,44.62055556,0,0,0.646018519,0.075925926,0,-1.330462963,2.15462963,0,0,0,9,1,1,0,0,0,0,0,0,1,1,1,-666,0,0,0,-666,1.28659,36.2547,0,0,0,0,0,0,0,0,0,0,0,0,0,0,0,0,1,0,0,0,-666,0,0,0,0,0,6,0,0,0,0,0,0,0,0,0,-666,0,0,0,0,0,0,0,0,0,0,0,0,0,0,0,0,0,-666,0,0,0,0,0,0,0,0,0,0,0,0,0,0,0,0,0,0,0,0,0,0,0,0,0,0,0,0,-666,0,0,70,6,12.011,1.262119,11.3,4,2.55,2.2,278.9,17,-0.355580651,-0.34998021,C,6,6,0,2.55,2.55,0,12,5.1,0.46,41.787
240,1H-pyrazol-3-yl,4.222 ,3.507 ,3.676 ,4.242 ,4.363 ,4.294 ,3.686 ,3.561 ,0.726,0.699,0.423,0.46,0.49,0.464,0.408,0.456,0.406,0.487,0.358,0.402,0.491,0.402,0.491,0.39,0.479,0.403,0.492,0.404,0.493,0.393,0.481,0.377,0.46,3.44,3.9,3.86,3.95,1.63,1.63,1.58,1.6,3.67,-0.358,-0.398,6.818287037,-0.231481481,6.818287037,0.138888889,0.461339973,67.071,64.047,67.0296231,25,0,0,0,0,0,-666,-666,-666,11.54935918,-0.089362958,0.29335019,-2.069060134,0.273416446,-2.072972731,2.099505717,-0.544572467,2.850180542,161.9114705,6.14626437,5.394427191,2.394427191,3.715214055,2.594427191,1.147213595,0.548606798,0.548606798,0.261803399,0.261803399,0.125,0.125,-0.08,75.4050522,1.205277013,1.380770705,0.596977989,34.46198989,0,0,0,0,0,33.11626172,0,0,0,0,0,0,0,0,4.153359191,6.21460058,0,5.418816146,5.101407526,0,0,12.22807828,0,0,5.418816146,0,0,0,6.21460058,0,0,2.741517112,17.3294858,1.411842078,0,0,-666,0,0,0,12.22807828,5.418816146,0,0,0,0,11.31600811,4.153359191,20.31944444,0,0,3.199074074,0.543981481,0,-0.138888889,1.909722222,0,0,0,5,1,2,0,0,0,0,0,0,2,1,2,-666,0,0,0,-666,-0.0339,19.7107,0,0,0,0,0,0,0,0,0,0,0,0,0,0,0,1,1,0,0,0,-666,0,0,0,0,0,1,0,0,0,0,0,0,0,0,0,-666,0,0,0,0,0,0,0,0,0,1,0,0,0,0,0,0,0,-666,0,0,0,0,0,0,0,0,0,0,0,0,0,0,0,0,0,0,0,0,0,0,0,0,0,0,0,0,-666,0,0,70,6,12.011,1.262119,11.3,4,2.55,2.2,200.7,14.3,-0.401569606,-0.348832764,C,6,7,0,2.55,3.04,0,13,5.59,0.979,36.508
241,1H-pyrrol-2-yl,4.395 ,3.649 ,3.820 ,4.415 ,4.535 ,4.467 ,3.859 ,3.734 ,0.719,0.618,0.452,0.492,0.506,0.501,0.395,0.497,0.394,0.503,0.29,0.393,0.516,0.393,0.516,0.379,0.504,0.394,0.517,0.395,0.518,0.382,0.507,0.366,0.491,3.56,4.01,3.97,4.06,1.73,1.74,1.68,1.71,3.82,-0.333,-0.443,6.917824074,-0.291666667,6.917824074,0.199074074,0.461053998,66.083,62.051,66.03437413,25,0,0,0,0,0,-666,-666,-666,10.72766563,-0.092269544,0.024457313,-2.083306939,0.032182513,-2.017878747,1.646851893,-0.528057032,2.966254585,194.7443162,7.016507858,6.447213595,2.447213595,4.125897658,3.144427191,1.197213595,0.585410197,0.585410197,0.286106798,0.286106798,0.139754249,0.139754249,-0.04,109.1617784,0.968848852,1.410312175,0.618363684,36.67684097,0,0,0,0,0,35.31403601,0,0,0,0,0,0,0,0,5.524117747,0,0,5.309813353,0,0,0,24.48010491,0,0,5.309813353,0,0,0,0,0,6.19995489,4.112275669,18.28015002,1.411842078,0,0,-666,0,0,0,18.28015002,5.309813353,0,0,0,0,6.19995489,5.524117747,27.51157407,0,0,0.574074074,0,0,-0.444444444,1.858796296,0,0,0,5,1,1,0,0,0,0,0,0,1,1,1,-666,0,0,0,-666,0.42019,20.0887,0,0,0,0,0,0,0,0,0,0,0,0,0,0,0,0,1,0,0,0,-666,0,0,0,0,0,2,0,0,0,0,0,0,0,0,0,-666,0,0,0,0,0,0,0,0,0,0,0,0,0,0,0,0,0,-666,0,0,0,0,0,0,0,0,0,0,0,0,0,0,0,0,0,0,0,0,0,0,0,0,0,0,0,0,-666,0,0,70,6,12.011,1.262119,11.3,4,2.55,2.2,208.6,14.5,-0.366880649,-0.343814565,C,6,7,0,2.55,3.04,0,13,5.59,1.02,37.267
242,1H-pyrrol-3-yl,3.920 ,3.201 ,3.345 ,3.940 ,4.063 ,3.993 ,3.386 ,3.263 ,0.753,0.556,0.51,0.553,0.564,0.564,0.435,0.559,0.428,0.564,0.297,0.418,0.58,0.418,0.579,0.401,0.567,0.42,0.581,0.421,0.582,0.404,0.569,0.38,0.552,3.09,3.53,3.49,3.57,1.45,1.44,1.4,1.41,3.34,-0.343,-0.499,6.90162037,-0.291666667,6.90162037,0.199074074,0.461053998,66.083,62.051,66.03437413,25,0,0,0,0,0,-666,-666,-666,10.70086311,-0.089933965,3.77E-05,-2.151425255,0.032387926,-2.072898426,1.75655984,-0.564071611,2.918787104,194.7443162,7.016507858,6.447213595,2.447213595,4.125897658,3.144427191,1.197213595,0.585410197,0.585410197,0.286106798,0.286106798,0.139754249,0.139754249,-0.04,109.1617784,0.968848852,1.410312175,0.618363684,36.67684097,0,0,0,0,0,35.31403601,0,0,0,0,0,0,0,0,5.524117747,0,0,5.309813353,0,0,0,24.48010491,0,0,5.309813353,0,0,0,0,0,6.076020107,4.112275669,18.4040848,1.411842078,0,0,-666,0,0,0,18.4040848,5.309813353,0,0,0,0,6.076020107,5.524117747,27.49537037,0,0,0.543981481,0,0,-0.199074074,1.659722222,0,0,0,5,1,1,0,0,0,0,0,0,1,1,1,-666,0,0,0,-666,0.42019,20.0887,0,0,0,0,0,0,0,0,0,0,0,0,0,0,0,0,1,0,0,0,-666,0,0,0,0,0,2,0,0,0,0,0,0,0,0,0,-666,0,0,0,0,0,0,0,0,0,0,0,0,0,0,0,0,0,-666,0,0,0,0,0,0,0,0,0,0,0,0,0,0,0,0,0,0,0,0,0,0,0,0,0,0,0,0,-666,0,0,70,6,12.011,1.262119,11.3,4,2.55,2.2,208.5,14.5,-0.368171254,-0.328069664,C,6,6,0,2.55,2.55,0,12,5.1,1.035,38.997
243,1-hydroxyethyl,1.443 ,1.021 ,1.087 ,1.333 ,1.505 ,1.328 ,1.140 ,1.079 ,0.696,0.632,0.476,0.508,0.515,0.503,0.384,0.502,0.369,0.523,0.542,0.444,0.523,0.434,0.516,0.422,0.514,0.442,0.523,0.437,0.517,0.43,0.517,0.399,0.501,1.09,1.26,1.24,1.28,0.49,0.49,0.46,0.46,1.09,-0.279,-0.463,6.416666667,-2.567708333,6.416666667,1.002314815,0.421172048,45.061,40.021,45.03403978,19,0,0,0,0,0,-666,-666,-666,-0.059871143,-0.244457657,-0.612051088,-2.238316008,-0.601011899,-2.16499675,-0.251184754,-0.995906131,3.623281004,67.31914642,6.78445705,6.40824829,1.40824829,3.481380475,2.862372436,0.454124145,0.102062073,0.102062073,0,0,0,0,-0.04,35.64737585,0.234739067,1.96,1.96,27.00994965,0,0,0,0,0,25.45786779,0,0,0,0,0,0,0,0,12.02304207,0,0,0,0,6.851892117,0,6.582933604,0,0,0,0,0,0,5.108808191,0,6.582933604,13.766126,0,0,0,0,-666,13.43482572,0,0,0,0,0,0,0,0,5.108808191,6.914233882,31.60127315,0,0,3.385416667,0,0,0,0,-3.570023148,0,0.5,3,1,1,0,0,0,0,0,0,1,1,1,-666,0,0,0,-666,0.54059,11.9098,0,1,1,0,0,0,0,0,0,0,0,0,0,0,0,0,0,0,0,0,0,0,0,0,0,0,0,0,0,0,0,0,0,0,0,0,-666,0,0,0,0,0,0,0,0,0,0,0,0,0,0,0,0,0,-666,0,0,0,0,0,0,0,0,0,0,0,0,0,0,0,0,0,0,0,0,0,0,0,0,0,0,0,0,-666,0,0,70,6,12.011,1.262119,11.3,4,2.55,2.2,185.4,12,-0.447266048,-0.280856805,C,6,8,1,2.55,3.44,2.1,15,8.09,0.931,29.077
244,1-hydroxypentyl,1.466 ,1.030 ,1.085 ,1.356 ,1.531 ,1.353 ,1.157 ,1.095 ,0.691,0.653,0.476,0.505,0.517,0.501,0.399,0.5,0.386,0.52,0.581,0.467,0.522,0.455,0.515,0.446,0.513,0.465,0.522,0.457,0.516,0.453,0.515,0.424,0.499,1.09,1.26,1.24,1.28,0.5,0.51,0.47,0.47,1.08,-0.306,-0.461,7.273541667,-3.566087963,7.273541667,1.504050926,0.519378436,87.142,76.054,87.08098997,37,0,0,0,0,0,-666,-666,-666,-0.059757401,-0.247611251,-0.580402782,-2.594201302,-0.56901711,-2.460683278,-0.246390521,-1.128675948,5.551101586,267.5255807,14.28445705,13.90824829,2.90824829,7.231380475,6.612372436,1.204124145,0.477062073,0.477062073,0.176031036,0.176031036,0.056765518,0.056765518,-0.04,1699.091566,0.575630555,4.96,3.96,54.534599,0,0,0,0,0,52.80119384,0,0,0,0,0,0,0,0,20.24759341,0,0,0,0,25.97066682,0,6.582933604,0,0,0,0,0,0,5.108808191,0,6.582933604,41.10945204,0,0,0,0,-666,32.55360042,0,0,0,0,0,0,0,0,5.108808191,15.13878522,77.11371457,0,0,3.477121599,0,0,0,-10.4956713,-4.928498205,0,0.8,6,1,1,0,0,0,0,0,0,1,1,1,-666,0,0,0,-666,1.71089,25.7608,0,1,1,0,0,0,0,0,0,0,0,0,0,0,0,0,0,0,0,0,0,0,0,0,0,0,0,0,0,0,0,0,0,0,0,0,-666,0,0,0,0,0,0,0,0,0,0,0,0,0,0,0,0,0,-666,0,0,0,0,0,0,0,0,0,0,0,0,0,0,0,0,0,0,0,0,0,0,0,0,0,0,0,0,-666,0,0,70,6,12.011,1.262119,11.3,4,2.55,2.2,279.1,14,-0.42415848,-0.279890843,C,6,8,1,2.55,3.44,2.1,15,8.09,0.932,34.759
245,"1-methoxy-1,3-dioxo-3-phenylpropan-2-yl",6.609 ,4.894 ,5.086 ,5.742 ,6.839 ,5.649 ,5.151 ,4.857 ,0.545,0.374,0.43,0.365,0.489,0.399,0.296,0.367,0.257,0.518,0.548,0.446,0.533,0.446,0.535,0.419,0.512,0.446,0.53,0.449,0.537,0.427,0.52,0.385,0.495,5.2,5.92,5.86,6,2.43,2.55,2.39,2.42,5.08,-0.175,-0.303,11.95243197,-3.177127687,11.95243197,0.747084567,0.396150696,177.179,168.107,177.0551691,67,0,0,0,0,0,-666,-666,-666,11.20954437,-0.243109361,4.16E-17,-2.261718962,0.080402968,-2.327495874,1.964271626,-0.946870085,3.208049493,620.5340206,17.4032592,15.22474487,6.224744871,9.880603835,7.566496581,3.066496581,1.843643696,1.843643696,1.035352885,1.035352885,0.544244257,0.544244257,-0.12,30484.54328,3.797118135,5.576648034,3.627398766,89.03041374,0,0,0,0,0,87.68360354,0,0,0,0,0,0,0,0,26.66276433,11.75255023,0,0,0,0,7.037952459,42.23033652,0,0,0,0,0,0,18.79050269,14.32593732,6.396873262,12.33682701,35.83346326,0,0,0,-666,61.02083922,9.589074368,0,0,0,0,0,0,0,4.736862954,12.33682701,68.46352986,0,23.30442917,0,-0.904174225,-3.302721088,-4.184543073,-1.449392952,0,-3.177127687,0.1,13,0,3,0,0,0,0,0,0,3,0,3,-666,0,0,0,-666,0.98519,47.686,0,0,0,0,0,0,0,0,0,0,2,2,0,0,0,0,0,0,0,0,0,0,0,0,0,0,6,0,0,0,0,0,0,0,0,0,-666,0,0,0,1,1,0,0,0,0,0,0,0,0,0,1,1,0,-666,1,0,0,0,0,0,0,0,0,0,0,0,0,0,0,0,0,0,0,0,0,0,0,0,0,0,0,0,-666,0,0,70,6,12.011,1.262119,11.3,4,2.55,2.2,370.3,17.2,-0.410534212,-0.397108934,C,6,6,1,2.55,2.55,2.1,13,7.2,0.84,52.18
246,"1-methoxy-1,3-dioxobutan-2-yl",6.919 ,5.009 ,5.190 ,5.960 ,7.165 ,5.852 ,5.334 ,5.007 ,0.557,0.391,0.497,0.478,0.512,0.494,0.387,0.479,0.357,0.543,0.571,0.509,0.551,0.506,0.548,0.491,0.54,0.511,0.55,0.508,0.549,0.495,0.544,0.458,0.526,5.29,6,5.94,6.08,2.52,2.6,2.47,2.48,5.18,-0.276,-0.432,10.82031935,-3.161860355,10.82031935,1.508217593,0.374139021,115.108,108.052,115.0395191,45,0,0,0,0,0,-666,-666,-666,10.38248205,-0.245748373,-2.19E-17,-2.247063615,-6.94E-18,-2.350362652,1.47E-17,-0.94721494,4.540678161,264.7796721,12.43915759,10.72474487,3.724744871,6.44919429,5.066496581,1.566496581,0.843643696,0.843643696,0.308290812,0.308290812,0.118213221,0.118213221,-0.12,692.5805732,1.936083848,3.830810379,4.050068027,57.47040242,0,0,0,0,0,55.96051529,0,0,0,0,0,0,0,0,23.92124722,11.75255023,0,0,0,6.851892117,7.037952459,6.396873262,0,0,0,0,0,0,18.79050269,14.32593732,6.396873262,16.44720201,0,0,0,0,-666,32.03926807,9.589074368,0,0,0,0,0,0,0,4.736862954,9.595309893,49.72763747,0,21.58950916,0,0,-3.534375,0,-1.508217593,-3.161860355,-3.112693689,0.4,8,0,3,0,0,0,0,0,0,3,0,3,-666,0,0,0,-666,-0.04731,26.997,0,0,0,0,0,0,0,0,0,0,2,2,0,0,0,0,0,0,0,0,0,0,0,0,0,0,0,0,0,0,0,0,0,0,0,0,-666,0,0,0,1,1,0,0,0,0,0,0,0,0,0,1,1,0,-666,1,0,0,0,0,0,0,0,0,0,0,0,0,0,0,0,0,0,0,0,0,0,0,0,0,0,0,0,-666,0,0,70,6,12.011,1.262119,11.3,4,2.55,2.2,285.5,14.8,-0.417373542,-0.411522296,C,6,6,1,2.55,2.55,2.1,13,7.2,0.807,49.011
247,1-methylpiperidin-2-yl,1.205 ,0.821 ,0.868 ,1.216 ,1.279 ,1.242 ,0.960 ,0.909 ,0.612,0.613,0.407,0.435,0.447,0.438,0.384,0.441,0.374,0.449,0.569,0.48,0.463,0.479,0.463,0.453,0.452,0.482,0.464,0.484,0.465,0.458,0.454,0.429,0.438,0.85,1.04,1.02,1.06,0.34,0.34,0.31,0.3,0.87,-0.27,-0.396,7.514583333,-3.469791667,7.514583333,0.318125,0.440668645,98.169,86.073,98.09697438,41,0,0,0,0,0,-666,-666,-666,-5.68E-16,-0.243353604,-0.104585994,-2.730187076,-0.11043327,-2.71261208,-8.10E-16,-1.096143884,3.571784301,368.9061228,15.65470054,15.4472136,3.447213595,8.026709006,7.670820393,1.670820393,0.934016994,0.934016994,0.460410197,0.460410197,0.226905948,0.226905948,-0.04,4241.168309,0.687741281,2.31410722,1.475062751,62.17761012,0,0,0,0,0,60.46128174,0,0,0,0,0,0,0,0,16.44910267,0,0,4.899909731,0,19.1187747,13.47268658,6.520808045,0,0,0,0,0,0,18.37259632,0,6.520808045,35.56787738,0,0,0,0,-666,39.11226933,0,0,4.899909731,0,0,0,0,0,0,16.44910267,88.53907407,0,-0.318125,0,0,0,0,-10.15150463,-8.152777778,0,0.833333333,7,0,1,0,0,0,0,0,0,1,0,1,-666,0,0,0,-666,1.26389,30.781,0,0,0,0,0,0,0,0,0,0,0,0,0,0,0,1,0,0,0,0,-666,0,0,0,0,0,0,0,0,0,0,0,0,0,0,0,-666,0,0,0,0,0,0,0,0,0,0,0,0,0,0,0,0,0,-666,0,0,0,0,0,0,0,0,0,0,0,0,0,0,1,0,0,0,0,0,0,0,0,0,0,0,0,0,-666,0,0,70,6,12.011,1.262119,11.3,4,2.55,2.2,277.2,15.1,-0.386917627,-0.241197489,C,6,7,1,2.55,3.04,2.1,14,7.69,0.835,47.644
248,1-methylpiperidin-3-yl,2.002 ,1.551 ,1.619 ,2.014 ,2.084 ,2.044 ,1.709 ,1.644 ,0.745,0.609,0.549,0.552,0.564,0.549,0.405,0.543,0.38,0.606,0.655,0.532,0.608,0.531,0.608,0.511,0.598,0.533,0.609,0.535,0.61,0.515,0.6,0.485,0.586,1.56,1.79,1.77,1.81,0.74,0.76,0.71,0.71,1.62,-0.27,-0.464,7.523958333,-3.4625,7.523958333,0.406087963,0.435155827,98.169,86.073,98.09697438,41,0,0,0,0,0,-666,-666,-666,-2.08E-15,-0.243327736,-0.128995186,-2.733228209,-0.13528639,-2.76386414,-1.10E-16,-1.073727817,3.587489044,368.9061228,15.65470054,15.4472136,3.447213595,8.020725942,7.670820393,1.670820393,0.934016994,0.934016994,0.460410197,0.460410197,0.226905948,0.226905948,-0.04,4061.310623,0.687741281,2.31410722,1.475062751,62.17761012,0,0,0,0,0,60.46128174,0,0,0,0,0,0,0,0,16.44910267,0,0,4.899909731,0,12.7458498,19.96954627,6.396873262,0,0,0,0,0,0,24.869456,0,6.396873262,29.19495248,0,0,0,0,-666,44.01217906,0,0,0,0,0,0,0,0,0,16.44910267,88.57460648,0,-0.406087963,0,0,0,0,-8.143518519,-10.10833333,0,0.833333333,7,0,1,0,0,0,0,0,0,1,0,1,-666,0,0,0,-666,0.91629,31.031,0,0,0,0,0,0,0,0,0,0,0,0,0,0,0,1,0,0,0,0,-666,0,0,0,0,0,0,0,0,0,0,0,0,0,0,0,-666,0,0,0,0,0,0,0,0,0,0,0,0,0,0,0,0,0,-666,0,0,0,0,0,0,0,0,0,0,0,0,0,0,1,0,0,0,0,0,0,0,0,0,0,0,0,0,-666,0,0,70,6,12.011,1.262119,11.3,4,2.55,2.2,275.9,15,-0.345517668,-0.292305725,C,6,6,1,2.55,2.55,2.1,13,7.2,1.023,42.938
249,1-methylpiperidin-4-yl,1.737 ,1.322 ,1.382 ,1.747 ,1.810 ,1.774 ,1.476 ,1.418 ,0.749,0.671,0.525,0.522,0.543,0.528,0.386,0.516,0.36,0.59,0.644,0.513,0.594,0.512,0.594,0.49,0.583,0.515,0.595,0.517,0.596,0.495,0.585,0.465,0.569,1.33,1.53,1.52,1.55,0.62,0.64,0.59,0.6,1.38,-0.251,-0.439,7.514583333,-3.408333333,7.514583333,0.453333333,0.435155827,98.169,86.073,98.09697438,41,0,0,0,0,0,-666,-666,-666,-1.19E-15,-0.243339373,-0.129238939,-2.733848032,-0.135433896,-2.768382171,-4.57E-16,-1.065527348,3.60089099,340.9061228,15.65470054,15.4472136,3.447213595,8.020725942,7.670820393,1.670820393,0.934016994,0.934016994,0.460410197,0.460410197,0.226905948,0.226905948,-0.04,4074.507852,0.687741281,2.31410722,1.475062751,62.17761012,0,0,0,0,0,60.46128174,0,0,0,0,0,0,0,0,16.44910267,0,0,4.899909731,0,12.7458498,19.96954627,6.396873262,0,0,0,0,0,0,24.869456,0,6.396873262,29.19495248,0,0,0,0,-666,44.01217906,0,0,0,0,0,0,0,0,0,16.44910267,88.60009259,0,-0.453333333,0,0,0,0,-8.025,-10.20509259,0,0.833333333,7,0,1,0,0,0,0,0,0,1,0,1,-666,0,0,0,-666,0.91629,31.031,0,0,0,0,0,0,0,0,0,0,0,0,0,0,0,1,0,0,0,0,-666,0,0,0,0,0,0,0,0,0,0,0,0,0,0,0,-666,0,0,0,0,0,0,0,0,0,0,0,0,0,0,0,0,0,-666,0,0,0,0,0,0,0,0,0,0,0,0,0,0,1,0,0,0,0,0,0,0,0,0,0,0,0,0,-666,0,0,70,6,12.011,1.262119,11.3,4,2.55,2.2,276.3,15,-0.33920744,-0.286399711,C,6,6,1,2.55,2.55,2.1,13,7.2,1.034,43.105
250,1-methylpyrrolidin-2-yl,1.163 ,0.801 ,0.845 ,1.173 ,1.231 ,1.197 ,0.934 ,0.886 ,0.62,0.651,0.412,0.445,0.454,0.447,0.396,0.449,0.386,0.458,0.57,0.482,0.47,0.481,0.47,0.458,0.458,0.484,0.471,0.486,0.472,0.463,0.461,0.434,0.444,0.83,1,0.99,1.02,0.33,0.33,0.3,0.3,0.84,-0.289,-0.403,7.364583333,-3.105671296,7.364583333,0.125,0.420757673,84.142,74.062,84.08132432,35,0,0,0,0,0,-666,-666,-666,-9.53E-16,-0.243314843,-0.104575097,-2.49504219,-0.110421007,-2.557790415,-1.94E-16,-1.007120933,3.362208701,292.0747393,13.15470054,12.9472136,2.947213595,6.776709006,6.420820393,1.420820393,0.809016994,0.809016994,0.397910197,0.397910197,0.195655948,0.195655948,-0.04,1263.248483,0.575630555,1.605659929,0.716242568,53.002727,0,0,0,0,0,51.34683972,0,0,0,0,0,0,0,0,13.70758556,0,0,4.899909731,0,12.7458498,13.47268658,6.520808045,0,0,0,0,0,0,18.37259632,0,6.520808045,26.45343536,0,0,0,0,-666,32.73934443,0,0,4.899909731,0,0,0,0,0,0,13.70758556,72.28240741,0,-0.125,0,0,0,0,-6.086921296,-7.403819444,0,0.8,6,0,1,0,0,0,0,0,0,1,0,1,-666,0,0,0,-666,0.87379,26.164,0,0,0,0,0,0,0,0,0,0,0,0,0,0,0,1,0,0,0,0,-666,0,0,0,0,0,0,0,0,0,0,0,0,0,0,0,-666,0,0,0,0,0,0,0,0,0,0,0,0,0,0,0,0,0,-666,0,0,0,0,0,0,0,0,0,0,0,0,0,0,0,0,0,0,0,0,0,0,0,0,0,0,0,0,-666,0,0,70,6,12.011,1.262119,11.3,4,2.55,2.2,256.2,14.5,-0.385472588,-0.244342177,C,6,7,1,2.55,3.04,2.1,14,7.69,0.852,44.335
251,1-oxidoethyl,2.598 ,1.834 ,1.949 ,2.296 ,2.705 ,2.262 ,2.002 ,1.873 ,0.596,0.791,0.42,0.46,0.494,0.459,0.453,0.46,0.455,0.471,0.444,0.469,0.478,0.426,0.445,0.458,0.469,0.471,0.48,0.426,0.445,0.459,0.469,0.43,0.441,0.02,0.12,0.11,0.14,1.17,1.23,1.21,1.26,0.02,-0.11,-0.044,9.569444444,-2.722222222,9.569444444,1.506944444,0.379185974,44.053,40.021,44.02621475,18,0,0,0,0,0,-666,-666,-666,0,-1.766971959,-0.131166449,-2.159542185,-2.78E-17,-2.153217971,0,-1.845454123,3.541196965,55.20035948,6.077350269,5.40824829,1.40824829,2.943375673,2.454124145,0.454124145,0.102062073,0.102062073,0,0,0,0,-0.04,17.08616633,0.320118914,1.96,1.96,25.5183089,0,0,0,0,0,24.02438734,0,0,0,0,0,0,0,0,10.58956162,0,0,0,0,6.851892117,0,6.582933604,0,0,0,0,0,0,0,5.106527395,6.582933604,12.33492634,0,0,0,0,-666,13.43482572,5.106527395,0,0,0,0,0,0,0,0,5.483034225,24.57638889,0,0,9.569444444,0,0,0,0,-4.229166667,0,0.5,3,0,1,0,0,0,0,0,0,0,0,1,-666,0,0,0,-666,0.59859,10.6605,0,0,0,0,0,0,0,0,0,0,0,0,0,0,0,0,0,0,0,0,0,0,0,0,0,0,0,0,0,0,0,0,0,0,0,0,-666,0,0,0,0,0,0,0,0,0,0,0,0,0,0,0,0,0,-666,0,0,0,0,0,0,0,0,0,0,0,0,0,0,0,0,0,0,0,0,0,0,0,0,0,0,0,0,-666,0,-1,70,6,12.011,1.262119,11.3,4,2.55,2.2,182.5,11.8,-0.413398626,-0.300764466,C,6,8,0,2.55,3.44,0,14,5.99,0.653,28.911
252,1-oxiodpentyl,1.460 ,1.026 ,1.081 ,1.351 ,1.525 ,1.347 ,1.153 ,1.090 ,0.691,0.65,0.477,0.505,0.517,0.501,0.399,0.5,0.385,0.521,0.581,0.466,0.522,0.454,0.515,0.446,0.513,0.464,0.522,0.457,0.516,0.453,0.516,0.424,0.499,0,0.05,0.05,0.06,1.1,1.2,1.15,1.28,0,-0.131,-0.032,10.58710176,-3.634837963,10.58710176,2.008680556,0.374278867,86.134,76.054,86.07316494,36,0,0,0,0,0,-666,-666,-666,-1.89E-16,-0.247603765,-0.197065324,-2.574654286,-0.102800919,-2.461370362,-0.000609004,-1.12266415,5.619692713,288.0747393,13.57735027,12.90824829,2.90824829,6.693375673,6.204124145,1.204124145,0.477062073,0.477062073,0.176031036,0.176031036,0.056765518,0.056765518,-0.04,939.7268305,0.655158569,4.96,3.96,52.41024659,0,0,0,0,0,50.73500173,0,0,0,0,0,0,0,0,18.50212275,6.262212162,0,0,0,25.97066682,0,0,0,0,0,0,0,0,6.262212162,4.794537184,0,39.67825238,0,0,0,0,-666,32.23287898,4.794537184,0,0,0,0,0,0,0,0,13.70758556,69.28815287,0,10.58710176,0,0,0,0,-12.76344907,-3.445138889,0,0.8,6,0,1,0,0,0,0,0,0,1,0,1,-666,0,0,0,-666,1.3755,25.589,0,0,0,0,0,0,0,0,0,0,1,1,0,0,0,0,0,0,0,0,0,0,0,1,0,0,0,0,0,0,0,0,0,0,0,0,-666,0,0,0,0,0,0,0,0,0,0,0,0,0,0,0,0,0,-666,0,0,0,0,0,0,0,0,0,0,0,0,0,0,0,0,0,0,0,0,0,0,0,0,0,0,0,0,-666,0,-1,70,6,12.011,1.262119,11.3,4,2.55,2.2,275.7,14.1,-0.408323794,-0.284465703,C,6,8,1,2.55,3.44,2.1,15,8.09,0.931,34.751
253,1-phenylethyl,3.757 ,2.744 ,2.843 ,3.782 ,3.941 ,3.850 ,3.107 ,2.966 ,0.443,0.289,0.331,0.349,0.335,0.352,0.239,0.346,0.225,0.369,0.435,0.284,0.373,0.283,0.372,0.267,0.364,0.285,0.373,0.286,0.374,0.27,0.366,0.253,0.353,2.68,3.18,3.14,3.24,1.08,1.15,1.06,1.05,2.84,-0.161,-0.317,7.482407407,-2.811484316,7.482407407,0.573148148,0.513551941,105.16,96.088,105.0704253,41,0,0,0,0,0,-666,-666,-666,-1.66E-16,-0.244524242,-0.012205893,-2.348443212,-5.42E-16,-2.207033907,-4.23E-16,-0.959002208,3.440640567,430.8926568,13.54145188,13,4,7.586110083,6.5,2,1.125,1.125,0.625,0.625,0.3125,0.3125,0,3222.694509,1.356401384,3.111111111,1.5,62.86394008,0,0,0,0,0,61.41905565,0,0,0,0,0,0,0,0,12.33682701,0,0,0,0,6.851892117,0,42.23033652,0,0,0,0,0,0,0,0,6.396873262,19.18871912,35.83346326,0,0,0,0,49.08222864,0,0,0,0,0,0,0,0,0,12.33682701,65.48570484,0,0,0,-0.573148148,0,-3.23486867,-0.949537037,-2.811484316,0,0.125,8,0,0,0,0,0,0,0,0,0,0,0,-666,0,0,0,-666,2.26299,36.337,0,0,0,0,0,0,0,0,0,0,0,0,0,0,0,0,0,0,0,0,0,0,0,0,0,0,6,0,0,0,0,0,0,0,0,0,-666,0,0,0,0,0,0,0,0,0,0,0,0,0,0,0,0,0,-666,0,0,0,0,0,0,0,0,0,0,0,0,0,0,0,0,0,0,0,0,0,0,0,0,0,0,0,0,-666,0,0,70,6,12.011,1.262119,11.3,4,2.55,2.2,286.9,16.4,-0.397013314,-0.312380563,C,6,6,1,2.55,2.55,2.1,13,7.2,0.749,43.838
254,1-phenylpyrrolidin-2-yl,1.818 ,1.348 ,1.410 ,1.832 ,1.917 ,1.868 ,1.481 ,1.410 ,0.519,0.482,0.308,0.342,0.364,0.346,0.296,0.345,0.285,0.366,0.439,0.371,0.379,0.371,0.379,0.348,0.366,0.373,0.38,0.375,0.382,0.352,0.368,0.324,0.35,1.38,1.64,1.62,1.68,0.56,0.56,0.54,0.51,1.41,-0.195,-0.289,7.858420729,-3.166686154,7.858420729,0.201574074,0.587886509,146.213,134.117,146.0969744,57,0,0,0,0,0,-666,-666,-666,2.40E-15,-0.185864371,-1.57E-16,-2.47431021,-2.35E-16,-2.484619174,-2.83E-16,-0.989268513,2.770273529,651.2427806,18.11880215,17.4472136,5.447213595,10.20811855,8.920820393,2.920820393,1.782623792,1.782623792,1.108320393,1.108320393,0.662664445,0.662664445,-0.04,57598.60874,1.893893718,3.572828505,1.755532233,84.56273833,0,0,0,0,0,83.06992798,0,0,0,0,0,0,0,0,16.44910267,0,0,4.899909731,0,12.7458498,6.496859684,42.47820609,0,0,0,0,0,0,11.39676942,0,6.520808045,29.19495248,35.95739804,0,0,0,-666,61.72091558,0,0,4.899909731,0,0,0,0,0,0,16.44910267,92.41334302,0,0.201574074,0,-0.767361111,0,-3.951338813,-6.208951011,-4.27059949,0,0.3,11,0,1,0,0,0,0,0,0,1,0,1,-666,0,0,0,-666,2.25389,46.603,0,0,0,0,0,0,0,0,0,0,0,0,0,0,0,1,0,0,0,0,-666,0,0,0,0,0,5,0,0,0,0,0,0,0,0,0,-666,0,0,0,0,0,0,0,0,0,0,0,0,0,0,0,0,0,-666,0,0,0,0,0,0,0,0,0,0,0,0,0,0,0,0,0,0,0,0,0,0,0,0,0,0,0,0,-666,0,0,70,6,12.011,1.262119,11.3,4,2.55,2.2,338.1,17.3,-0.371281643,-0.269841069,C,6,7,1,2.55,3.04,2.1,14,7.69,0.8,47.822
255,1-trifluoromethanesulfonylpyrrolidin-2-yl,2.135 ,1.612 ,1.697 ,2.053 ,2.206 ,2.058 ,1.808 ,1.735 ,0.638,0.545,0.426,0.453,0.455,0.457,0.35,0.455,0.332,0.473,0.53,0.425,0.484,0.423,0.483,0.403,0.473,0.427,0.485,0.427,0.485,0.407,0.474,0.374,0.456,1.73,1.94,1.92,1.96,0.92,0.95,0.88,0.87,1.69,-0.252,-0.411,12.36776833,-6.421273148,12.36776833,1.194444444,0.63795206,202.177,195.121,202.0149591,71,0,0,0,0,0,-666,-666,-666,13.37311802,-0.185859256,2.54E-17,-2.444288796,0.4192,-2.530496454,1.107,-0.992244604,3.564895438,489.451614,15.65470054,12.30585189,6.122348467,8.026709006,5.984191969,3.924255298,1.688791462,3.466982563,0.910244252,2.158519162,0.409086775,0.947751827,0.02,4525.174696,4.035028732,3.058412165,1.681303695,78.0451976,0,0,0,0,0,76.7847072,0,0,0,0,0,0,0,0,31.18435202,10.02329115,0,4.305215991,0,18.2541803,6.496859684,6.520808045,0,0,0,13.17124514,0,0,24.72820316,10.02329115,6.520808045,22.3411597,0,0,0,0,-666,45.60035518,21.58904213,0,0,0,0,0,0,0,0,9.595309893,108.0094213,0,0,0,-5.982986111,0,0,-7.19025463,-5.831574074,-6.421273148,0.8,12,0,3,0,0,0,0,0,0,-666,0,7,-666,0,0,0,-666,1.09359,35.2148,0,0,0,0,0,0,0,0,0,0,0,0,0,0,0,1,0,0,0,0,-666,0,0,0,0,3,0,0,0,0,0,0,0,0,0,0,-666,0,0,0,0,0,0,0,3,0,0,0,0,0,0,0,0,0,-666,0,0,0,0,0,0,0,0,0,0,0,0,0,0,0,0,0,0,0,0,0,1,0,0,0,0,0,0,-666,0,0,70,6,12.011,1.262119,11.3,4,2.55,2.2,325.7,17,-0.449036316,-0.315631126,C,6,7,1,2.55,3.04,2.1,14,7.69,0.939,52.872
256,"2,2,2-trichloroethyl",3.922 ,3.301 ,3.428 ,3.937 ,4.028 ,3.976 ,3.518 ,3.423 ,0.691,0.542,0.567,0.557,0.601,0.581,0.437,0.563,0.405,0.625,0.61,0.539,0.64,0.538,0.64,0.517,0.629,0.54,0.641,0.542,0.642,0.521,0.632,0.486,0.612,3.44,3.84,3.81,3.88,1.78,1.83,1.75,1.77,3.43,-0.285,-0.477,6.416666667,-1.833333333,6.416666667,0.710648148,0.443326312,132.397,130.381,130.9222081,31,0,0,0,0,0,-666,-666,-666,35.452,-0.163378212,0,-2.12368448,0.6885,-2.096291739,5.852,-0.574826434,3.541196965,56.44547197,6.077350269,4.133893419,4.401680257,2.943375673,1.81694671,1.950840129,0.497759069,2.778991493,0,0,0,0,0.87,17.08616633,2.949731932,1.545387578,52.99736161,48.82393282,0,0,0,0,0,48.2127132,0,0,0,0,0,0,0,0,2.741517112,34.80281967,0,0,0,3.792535936,0,6.875840478,0,0,0,0,0,34.80281967,3.792535936,0,6.875840478,2.741517112,0,0,0,0,0,10.66837641,0,0,0,0,0,0,0,0,0,37.54433678,11,14.96064815,0,0,0,0,0,0,-0.710648148,0,0.5,5,0,0,0,0,0,0,0,0,0,0,3,0,0,0,0,-666,2.19069,25.647,0,0,0,0,0,0,0,0,0,0,0,0,0,0,0,0,0,0,0,0,0,0,0,0,0,3,0,0,0,0,0,0,0,0,0,0,-666,0,0,0,0,0,0,0,3,0,0,0,0,0,0,0,0,0,-666,0,0,0,0,0,0,0,0,0,0,0,0,0,0,0,0,0,0,0,0,0,0,0,0,0,0,0,0,-666,0,0,70,6,12.011,1.262119,11.3,4,2.55,2.2,245.7,16.3,-0.444801827,-0.386381298,C,6,1,1,2.55,2.1,2.1,8,6.75,0.97,37.193
257,"2,2,2-trifluoro-1-hydroxyethyl",2.537 ,1.937 ,2.026 ,2.411 ,2.617 ,2.410 ,2.155 ,2.078 ,0.649,0.572,0.479,0.493,0.512,0.5,0.408,0.498,0.391,0.508,0.542,0.445,0.517,0.424,0.498,0.426,0.51,0.443,0.518,0.427,0.499,0.432,0.51,0.403,0.493,2.03,2.27,2.25,2.29,1.07,1.12,1.03,1.04,2.03,-0.316,-0.465,10.9799537,-4.817708333,10.9799537,2.002314815,0.481415181,99.031,97.015,99.00577434,37,0,0,0,0,0,-666,-666,-666,18.997,-0.084277205,0.557022354,-2.107251509,0.579374824,-2.208511291,1.255279762,-0.819934546,3.623281004,72.17389939,6.78445705,4.542141709,2.542141709,3.481380475,1.929319145,1.021070855,0.599821142,0.599821142,0.115727512,0.115727512,0,0,-0.25,35.64737585,2.84739369,1.466049383,3.75,35.29164436,0,0,0,0,0,33.84124367,0,0,0,0,0,0,0,0,21.08201155,0,0,0,0,6.176298517,0,6.582933604,0,0,0,13.17124514,0,0,11.28510671,0,6.582933604,2.801958213,0,0,0,0,-666,12.75923212,13.17124514,0,0,0,0,0,0,0,5.108808191,2.801958213,44.41377315,0,0,2.822916667,0,0,0,-4.817708333,-2.002314815,0,0.5,6,1,1,0,0,0,0,0,0,1,1,4,-666,0,0,0,-666,1.08299,12.2908,0,1,1,0,0,0,0,0,0,0,0,0,0,0,0,0,0,0,0,0,0,0,0,0,0,3,0,0,0,0,0,0,0,0,0,0,-666,0,0,0,0,0,0,0,3,0,0,0,0,0,0,0,0,0,-666,0,0,0,0,0,0,0,0,0,0,0,0,0,0,0,0,0,0,0,0,0,0,0,0,0,0,0,0,-666,0,0,70,6,12.011,1.262119,11.3,4,2.55,2.2,214.4,12.4,-0.50310439,-0.362547722,C,6,8,1,2.55,3.44,2.1,15,8.09,0.866,39.466
258,"2,2,2-trifluoroethyl",4.160 ,3.505 ,3.666 ,4.177 ,4.274 ,4.219 ,3.727 ,3.625 ,0.877,0.725,0.662,0.68,0.708,0.693,0.553,0.682,0.53,0.708,0.663,0.593,0.716,0.592,0.716,0.577,0.708,0.594,0.717,0.595,0.717,0.58,0.71,0.553,0.695,3.5,3.87,3.84,3.91,1.92,1.96,1.87,1.9,3.66,-0.436,-0.62,10.7662037,-4.75,10.7662037,2.006944444,0.414708215,83.032,81.016,83.01085972,31,0,0,0,0,0,-666,-666,-666,18.997,-0.164070509,-5.91E-18,-2.058900075,0.4192,-2.177299711,1.107,-0.761342647,3.541196965,56.44547197,6.077350269,4.133893419,2.133893419,2.943375673,1.81694671,0.81694671,0.497759069,0.497759069,0,0,0,0,-0.21,17.08616633,2.052375425,0.880015839,275.3636961,30.41074035,0,0,0,0,0,28.96490125,0,0,0,0,0,0,0,0,15.91276226,0,0,0,0,6.176298517,0,6.875840478,0,0,0,13.17124514,0,0,6.176298517,0,6.875840478,2.741517112,0,0,0,0,0,13.052139,13.17124514,0,0,0,0,0,0,0,0,2.741517112,43.67361111,0,0,0,0,0,0,-4.75,-2.006944444,0,0.5,5,0,0,0,0,0,0,0,0,0,0,3,0,0,0,0,-666,1.38279,11.412,0,0,0,0,0,0,0,0,0,0,0,0,0,0,0,0,0,0,0,0,0,0,0,0,0,3,0,0,0,0,0,0,0,0,0,0,-666,0,0,0,0,0,0,0,3,0,0,0,0,0,0,0,0,0,-666,0,0,0,0,0,0,0,0,0,0,0,0,0,0,0,0,0,0,0,0,0,0,0,0,0,0,0,0,-666,0,0,70,6,12.011,1.262119,11.3,4,2.55,2.2,200.4,11.8,-0.510669995,-0.425372844,C,6,1,1,2.55,2.1,2.1,8,6.75,1.038,28.658
259,"2,2,6,6-tetramethylpiperidin-1-yl",2.773 ,2.226 ,2.295 ,2.784 ,2.855 ,2.815 ,2.468 ,2.397 ,0.691,0.482,0.43,0.42,0.437,0.418,0.325,0.414,0.315,0.461,0.223,0.342,0.458,0.342,0.458,0.336,0.452,0.343,0.459,0.343,0.459,0.337,0.453,0.334,0.45,2.25,2.52,2.5,2.55,1.2,1.25,1.16,1.17,2.29,-0.291,-0.392,7.957291667,-4.201041667,7.957291667,2.991041667,0.490086712,140.25,122.106,140.1439246,59,0,0,0,0,0,-666,-666,-666,-4.97E-16,-0.24761115,-1.84E-16,-2.816350048,-3.78E-16,-2.825667418,-2.45E-16,-1.129867759,4.341974553,532.9284312,23.20710678,22.9472136,4.947213595,11.70710678,11.4472136,2.447213595,1.907623792,1.907623792,0.822213595,0.822213595,0.519611046,0.519611046,-0.04,134170.8205,1.022824268,2.228786,1.978612327,89.49228798,0,0,0,0,0,87.59463629,0,0,0,0,0,0,0,0,24.67365401,0,0,5.316788604,0,57.60419368,0,0,0,0,5.316788604,0,0,0,11.0778505,0,0,71.19999718,0,0,0,0,-666,57.60419368,0,0,0,0,0,0,0,0,5.316788604,24.67365401,138.3933333,0,0,2.991041667,-8.379166667,0,0,-12.50659722,-16.24861111,0,1,10,0,1,0,0,0,0,0,0,0,0,1,-666,0,0,0,-666,2.3319,44.143,0,0,0,0,0,0,0,0,0,0,0,0,0,0,0,1,0,0,0,0,0,0,0,0,0,0,0,0,0,0,0,0,0,0,0,0,-666,0,0,0,0,0,0,0,0,0,0,0,0,0,0,0,0,0,-666,0,0,0,0,0,0,0,0,0,0,0,0,0,0,1,0,0,0,0,0,0,0,0,0,0,0,0,0,-666,0,0,65,7,14.007,-1.4,7.4,5,3.04,0.001145,334.3,16.1,-0.3503071,-0.336499327,N,6,6,0,2.55,2.55,0,12,5.1,0.961,66.612
260,"2,2-dichloropropan-1-yl",3.496 ,2.900 ,3.013 ,3.511 ,3.599 ,3.549 ,3.110 ,3.021 ,0.71,0.582,0.566,0.564,0.601,0.586,0.451,0.57,0.421,0.626,0.675,0.562,0.643,0.561,0.642,0.539,0.631,0.563,0.643,0.565,0.645,0.544,0.633,0.507,0.611,3.03,3.41,3.37,3.45,1.53,1.58,1.5,1.52,3.01,-0.303,-0.487,6.673611111,-2.713348765,6.673611111,1.017746914,0.42020694,111.979,106.939,110.9768305,31,0,0,0,0,0,-666,-666,-666,0,-0.179627602,-0.034311072,-2.364937474,2.73E-16,-2.366960436,4.34E-16,-0.82809361,4.403817967,116.5516958,8.577350269,7.255928946,3.767786838,4.193375673,3.377964473,1.633893419,0.574393044,1.901750562,0,0,0,0,0.58,69.54184355,1.27536395,1.355750409,90.6251843,49.10052021,0,0,0,0,0,48.11675927,0,0,0,0,0,0,0,0,6.853792781,23.20187978,0,0,0,11.18524623,0,6.875840478,0,0,0,0,0,23.20187978,4.333354113,0,6.875840478,13.7056849,0,0,0,0,0,18.06108671,0,0,0,0,0,0,0,0,0,30.05567256,30.84375,10.27623457,0,0,0,0,0,0,-3.731095679,0,0.666666667,5,0,0,0,0,0,0,0,0,0,0,2,-666,0,0,0,-666,2.01429,25.468,0,0,0,0,0,0,0,0,0,0,0,0,0,0,0,0,0,0,0,0,0,0,0,0,0,2,0,0,0,0,0,0,0,0,0,0,-666,0,0,0,0,0,0,0,2,0,0,0,0,0,0,0,0,0,-666,0,0,0,0,0,0,0,0,0,0,0,0,0,0,0,0,0,0,0,0,0,0,0,0,0,0,0,0,-666,0,0,70,6,12.011,1.262119,11.3,4,2.55,2.2,247.2,15.4,-0.424142199,-0.363559796,C,6,1,1,2.55,2.1,2.1,8,6.75,0.975,36.581
261,"2,2-difluoropropan-1-yl",3.194 ,2.595 ,2.712 ,3.209 ,3.298 ,3.247 ,2.806 ,2.717 ,0.875,0.746,0.699,0.713,0.735,0.721,0.576,0.713,0.547,0.743,0.791,0.673,0.75,0.673,0.75,0.653,0.742,0.675,0.751,0.676,0.751,0.657,0.743,0.623,0.729,2.6,2.91,2.88,2.94,1.35,1.37,1.31,1.32,2.71,-0.441,-0.662,12.0787037,-4.3125,12.0787037,1.881944444,0.412186082,79.069,74.029,79.0359316,31,0,0,0,0,0,-666,-666,-666,1.12E-15,-0.247445722,-2.13E-17,-2.315797158,-7.70E-34,-2.389174875,1.89E-16,-1.035586526,4.403817967,116.5516958,8.577350269,7.255928946,2.255928946,4.193375673,3.377964473,0.877964473,0.574393044,0.574393044,0,0,0,0,-0.14,69.54184355,0.922451274,0.919441578,681.3293878,36.82505856,0,0,0,0,0,35.28488464,0,0,0,0,0,0,0,0,15.63462288,0,0,0,0,12.77442129,0,6.875840478,0,0,0,8.780830095,0,0,5.922529168,0,6.875840478,13.7056849,0,0,0,0,0,19.65026176,8.780830095,0,0,0,0,0,0,0,0,6.853792781,54.93865741,0,0,0,0,-4.3125,0,0,-5.459490741,0,0.666666667,5,0,0,0,0,0,0,0,0,0,0,2,-666,0,0,0,-666,1.47569,15.978,0,0,0,0,0,0,0,0,0,0,0,0,0,0,0,0,0,0,0,0,0,0,0,0,0,2,0,0,0,0,0,0,0,0,0,0,-666,0,0,0,0,0,0,0,2,0,0,0,0,0,0,0,0,0,-666,0,0,0,0,0,0,0,0,0,0,0,0,0,0,0,0,0,0,0,0,0,0,0,0,0,0,0,0,-666,0,0,70,6,12.011,1.262119,11.3,4,2.55,2.2,219.4,12.7,-0.462580111,-0.3655325,C,6,1,1,2.55,2.1,2.1,8,6.75,1.047,31.028
262,"2,2-dimethoxypropyl",2.824 ,2.228 ,2.306 ,2.690 ,2.917 ,2.689 ,2.375 ,2.272 ,0.852,0.755,0.654,0.642,0.684,0.664,0.532,0.649,0.497,0.706,0.833,0.663,0.721,0.659,0.725,0.634,0.709,0.665,0.72,0.664,0.727,0.64,0.713,0.586,0.694,2.25,2.51,2.49,2.54,1.15,1.18,1.12,1.13,2.3,-0.346,-0.555,7.05,-3.477546296,7.05,1.629861111,0.481789881,103.141,92.053,103.0759046,43,0,0,0,0,0,-666,-666,-666,-6.94E-16,-0.245966707,-1.91E-16,-2.52933218,-5.94E-16,-2.572642269,-1.30E-16,-1.044602505,5.605956532,256.6288345,14.99156383,14.31649658,3.316496581,7.607589235,6.816496581,1.316496581,0.820705769,0.820705769,0.287457479,0.287457479,0.020833333,0.020833333,-0.08,1847.287014,0.84712752,2.284554637,2.595675676,59.88078545,0,0,0,0,0,58.14281869,0,0,0,0,0,0,0,0,24.55207003,0,0,0,0,12.63900327,14.07590492,6.875840478,0,0,0,0,0,0,19.86301607,9.473725908,6.875840478,21.93023624,0,0,0,0,-666,33.59074867,0,0,0,0,0,0,0,0,9.473725908,15.07834412,83.95115741,0,0,0,0,-3.46875,0,0,-5.107407407,-6.708333333,0.8,7,0,2,0,0,0,0,0,0,2,0,2,-666,0,0,0,-666,0.82949,27.78,0,0,0,0,0,0,0,0,0,0,0,0,0,0,0,0,0,0,0,0,0,0,0,0,0,0,0,0,0,0,0,0,0,0,0,0,-666,0,0,0,0,2,0,0,0,0,0,0,0,0,0,0,0,0,-666,2,0,0,0,0,0,0,0,0,0,0,0,0,0,0,0,0,0,0,0,0,0,0,0,0,0,0,0,-666,0,0,70,6,12.011,1.262119,11.3,4,2.55,2.2,278.9,14.5,-0.398539585,-0.33912662,C,6,1,1,2.55,2.1,2.1,8,6.75,1.05,40.311
263,"2,2-dimethyl-4,6-dioxo-1,3-dioxan-5-yl",7.390 ,5.475 ,5.665 ,6.420 ,7.622 ,6.299 ,5.823 ,5.487 ,0.58,0.42,0.509,0.489,0.522,0.508,0.388,0.493,0.36,0.555,0.55,0.473,0.565,0.469,0.561,0.453,0.554,0.475,0.564,0.473,0.563,0.458,0.558,0.417,0.538,5.86,6.59,6.53,6.67,2.89,3.01,2.84,2.87,5.66,-0.274,-0.445,11.06585648,-3.398541667,11.06585648,1.255439815,0.448624422,143.118,136.062,143.0344337,55,0,0,0,0,0,-666,-666,-666,11.66463603,-0.244322203,0,-2.525277249,1.46E-16,-2.603863081,0.154395636,-1.054618969,3.287787432,322.35587,13.64626437,11.63299316,4.632993162,7.422320836,5.724744871,2.224744871,1.520620726,1.520620726,0.67697703,0.67697703,0.416280466,0.416280466,-0.16,2408.066597,2.711536496,2.467269491,1.914944034,67.94305861,0,0,0,0,0,66.48448939,0,0,0,0,0,0,0,0,28.65811017,11.93861058,0,0,0,19.49089539,0,6.396873262,0,0,0,0,0,0,17.72572173,19.06280028,6.396873262,23.29909413,0,0,0,0,-666,37.82637923,9.589074368,0,0,0,0,0,0,0,9.473725908,9.595309893,57.32300926,0,22.13171296,0,0,-6.652199074,0,-1.255439815,-6.797083333,0,0.5,10,0,4,0,0,0,0,0,0,4,0,4,-666,0,0,0,-666,0.02679,30.563,0,0,0,0,0,0,0,0,0,0,2,2,0,0,0,0,0,0,0,0,0,0,0,0,0,0,0,0,0,0,0,0,0,0,0,0,-666,0,0,0,2,2,0,0,0,0,0,0,0,0,0,0,0,0,-666,0,0,0,0,0,0,0,0,0,0,0,0,0,0,0,0,0,0,0,0,0,0,0,0,0,0,0,0,-666,0,0,70,6,12.011,1.262119,11.3,4,2.55,2.2,299.2,15.8,-0.444482164,-0.433330692,C,6,6,1,2.55,2.55,2.1,13,7.2,0.84,50.744
264,"2,2-dimethylpropyl",2.891 ,2.290 ,2.390 ,2.907 ,3.008 ,2.950 ,2.467 ,2.374 ,0.867,0.777,0.572,0.599,0.633,0.608,0.494,0.602,0.477,0.627,0.69,0.585,0.642,0.584,0.642,0.563,0.63,0.587,0.643,0.589,0.644,0.567,0.632,0.539,0.614,2.22,2.54,2.51,2.57,1.06,1.07,1.02,1.03,2.39,-0.375,-0.541,7.03125,-3.483796296,7.03125,1.631944444,0.40867539,71.143,60.055,71.08607535,31,0,0,0,0,0,-666,-666,-666,-8.36E-16,-0.244322203,-0.012172532,-2.64413622,-1.12E-16,-2.538109605,-8.95E-17,-1.115818821,6.052658863,202.5321118,13.57735027,13.5,2.5,6.693375673,6.5,1,0.75,0.75,0,0,0,0,0,684.8548583,0.355555556,1,0,49.65369499,0,0,0,0,0,47.92485142,0,0,0,0,0,0,0,0,15.07834412,0,0,0,5.414990469,20.55567635,0,6.875840478,0,0,0,0,0,0,0,0,12.29083095,35.63402047,0,0,0,0,0,32.8465073,0,0,0,0,0,0,0,0,0,15.07834412,77.1875,0,0,0,-3.4375,0,0,0,-12.08333333,0,0.8,5,0,0,0,0,0,0,0,0,0,0,0,0,0,0,0,-666,1.86659,24.812,0,0,0,0,0,0,0,0,0,0,0,0,0,0,0,0,0,0,0,0,0,0,0,0,0,0,0,0,0,0,0,0,0,0,0,0,-666,0,0,0,0,0,0,0,0,0,0,0,0,0,0,0,0,0,-666,0,0,0,0,0,0,0,0,0,0,0,0,0,0,0,0,0,0,0,0,0,0,0,0,0,0,0,0,-666,0,0,70,6,12.011,1.262119,11.3,4,2.55,2.2,247.5,13.9,-0.424804235,-0.321957983,C,6,6,1,2.55,2.55,2.1,13,7.2,1.03,34.906
265,"2,2-diphenyl-1-_2,4,6-trinitrophenyl_hydrazin-1-yl",7.628 ,5.998 ,6.260 ,7.009 ,7.940 ,7.003 ,6.096 ,5.788 ,0.117,0.095,0.153,0.121,0.153,0.13,0.098,0.124,0.088,0.151,0.093,0.105,0.157,0.11,0.16,0.101,0.152,0.104,0.155,0.111,0.161,0.104,0.154,0.101,0.156,6.4,7.58,7.48,7.72,2.73,2.79,2.67,2.56,6.24,-0.084,-0.125,11.91444191,-1.732283741,11.91444191,0.014305556,0.425874243,394.323,382.227,394.0787581,145,0,0,0,0,0,-666,-666,-666,13.52919105,-0.094148367,0.705252895,-2.377674651,0.767486648,-2.319313152,3.570720294,-0.44600158,2.587851892,1740.63782,31.4088127,25.68555772,13.68555772,18.87546809,13.1370859,7.137085902,4.774773541,4.774773541,3.067149749,3.067149749,1.946749291,1.946749291,-0.44,325207660.6,11.97604422,10.73327152,5.832791308,178.0075439,0,0,0,0,0,176.993584,0,0,0,0,0,0,0,0,16.44910267,0,0,10.43470392,13.86028914,0,0,136.2494883,0,0,5.425791397,0,0,0,5.008912524,0,29.44239146,16.44910267,120.667386,0,0,0,-666,120.667386,29.44239146,0,5.008912524,0,0,0,0,0,5.425791397,16.44910267,91.76179906,0,70.50247283,0.014305556,-5.324075066,0,-13.95450238,0,0,0,0,29,0,11,0,0,0,0,0,0,7,0,11,-666,0,0,0,-666,4.2203,107.377,0,0,0,0,0,0,0,0,0,0,0,0,0,0,0,5,0,0,0,0,-666,0,0,0,0,0,12,0,0,0,0,0,0,0,0,0,-666,0,0,0,0,0,0,0,0,0,0,0,0,0,0,0,0,0,-666,0,0,0,3,0,0,6,0,0,0,0,0,0,0,0,0,0,0,0,0,0,0,0,0,0,0,0,0,-666,0,0,65,7,14.007,-1.4,7.4,5,3.04,0.001145,571.5,20.6,-0.432430621,-0.375287271,N,6,7,0,2.55,3.04,0,13,5.59,0.398,73.805
266,"2,3-dihydrofuran-2-yl",1.701 ,1.232 ,1.307 ,1.590 ,1.776 ,1.580 ,1.356 ,1.275 ,0.653,0.624,0.38,0.41,0.426,0.409,0.334,0.407,0.321,0.433,0.494,0.402,0.436,0.398,0.437,0.381,0.423,0.4,0.434,0.401,0.439,0.389,0.428,0.366,0.413,1.3,1.51,1.49,1.53,0.57,0.57,0.54,0.54,1.31,-0.245,-0.362,6.980324074,-2.197337963,6.980324074,0.574074074,0.413292855,69.083,64.043,69.03403978,27,0,0,0,0,0,-666,-666,-666,0,-0.215210686,-0.14978803,-2.222287752,-0.022690521,-2.132802652,2.44E-17,-0.810357459,2.944862915,186.0869722,7.939157589,7.40824829,2.40824829,4.459230991,3.65824829,1.15824829,0.556186218,0.556186218,0.266624145,0.266624145,0.127577591,0.127577591,-0.04,145.6776116,0.784067354,1.410312175,0.618363684,38.27704092,0,0,0,0,0,36.83671807,0,0,0,0,0,0,0,0,11.59065573,0,0,0,0,6.372924901,0,18.87313744,0,0,0,0,0,0,0,4.736862954,6.582933604,13.22671768,12.29020383,0,0,0,-666,25.24606234,0,0,0,0,0,0,0,0,4.736862954,6.853792781,38.78530093,0,0,0,0,0,-0.585648148,-2.771412037,-0.678240741,0,0.25,5,0,1,0,0,0,0,0,0,1,0,1,-666,0,0,0,-666,1.08219,19.142,0,0,0,0,0,0,0,0,0,0,0,0,0,0,0,0,0,0,0,0,0,0,0,0,0,0,0,0,0,0,0,0,0,0,0,0,-666,0,0,0,0,1,0,0,0,0,0,0,0,0,0,0,0,0,-666,0,0,0,0,0,0,0,0,0,0,0,0,0,0,0,0,0,0,0,0,0,0,0,0,0,0,0,0,-666,0,0,70,6,12.011,1.262119,11.3,4,2.55,2.2,212.4,14.1,-0.404055674,-0.287641205,C,6,8,1,2.55,3.44,2.1,15,8.09,0.932,36.826
267,"2,3-dioxobutyl",6.092 ,4.420 ,4.612 ,5.247 ,6.313 ,5.170 ,4.694 ,4.424 ,0.598,0.437,0.437,0.441,0.584,0.47,0.363,0.441,0.328,0.588,0.63,0.52,0.597,0.508,0.582,0.505,0.587,0.524,0.599,0.51,0.583,0.506,0.588,0.467,0.558,4.71,5.31,5.26,5.38,2.29,2.35,2.24,2.26,4.61,-0.193,-0.308,10.43314815,-3.037268519,10.43314815,1.299884259,0.419125611,85.082,80.042,85.0289544,33,0,0,0,0,0,-666,-666,-666,10.38627708,-0.24348899,-2.78E-17,-2.154256539,0,-2.291890348,-9.64E-34,-0.92436464,4.399425659,181.4116641,9.232050808,7.816496581,2.816496581,4.764742878,3.65824829,1.15824829,0.65824829,0.65824829,0.206228739,0.206228739,0,0,-0.08,136.6196901,1.456225286,2.157216947,2.175102041,43.18197407,0,0,0,0,0,41.73708964,0,0,0,0,0,0,0,0,16.44286715,11.56648989,0,0,0,6.851892117,0,6.875840478,0,0,0,0,0,0,11.56648989,9.589074368,6.875840478,13.7056849,0,0,0,0,-666,25.29422249,9.589074368,0,0,0,0,0,0,0,0,6.853792781,32.04768519,0,20.80104167,0,0,-3.261574074,0,0,-4.337152778,0,0.25,6,0,2,0,0,0,0,0,0,2,0,2,-666,0,0,0,-666,-0.02141,21.045,0,0,0,0,0,0,0,0,0,0,2,2,0,0,0,0,0,0,0,0,0,0,0,0,0,0,0,0,0,0,0,0,0,0,0,0,-666,0,0,0,0,0,0,0,0,0,0,0,0,0,0,2,2,0,-666,0,0,0,0,0,0,0,0,0,0,0,0,0,0,0,0,0,0,0,0,0,0,0,0,0,0,0,0,-666,0,0,70,6,12.011,1.262119,11.3,4,2.55,2.2,240.7,14.2,-0.401563061,-0.397798078,C,6,1,1,2.55,2.1,2.1,8,6.75,0.763,30.894
268,"2,4,6-trimethoxyphenyl",4.080 ,3.358 ,3.450 ,3.973 ,4.198 ,3.987 ,3.537 ,3.408 ,0.682,0.641,0.467,0.502,0.504,0.51,0.357,0.503,0.35,0.524,0.452,0.294,0.538,0.282,0.532,0.269,0.523,0.299,0.539,0.287,0.534,0.271,0.525,0.224,0.5,3.33,3.7,3.67,3.74,1.7,1.8,1.72,1.73,3.44,-0.114,-0.129,7.67768802,-3.067997685,7.67768802,0.833796296,0.682574153,167.184,156.096,167.0708192,65,0,0,0,0,0,-666,-666,-666,10.22919577,-1.758766486,6.16E-33,-2.369301575,-5.92E-17,-2.328032065,0.602588296,-1.910107432,3.376267308,555.2522495,18.21517847,16.72474487,5.724744871,10.0899355,8.224744871,2.724744871,1.668558654,1.668558654,0.987372436,0.987372436,0.556186218,0.556186218,-0.12,29968.81213,2.686347499,4.796637762,2.436956894,87.37945888,0,0,0,0,0,85.86044857,0,0,0,0,0,0,0,0,29.28893298,0,0,0,0,0,21.11385738,35.45765821,0,0,0,0,0,0,21.11385738,14.21058886,6.076020107,15.07834412,29.38163811,0,0,0,-666,50.49549548,0,0,0,0,0,0,0,6.076020107,14.21058886,15.07834412,91.54082507,0,0,0,0,-2.582175926,-1.777515117,2.017123961,0,-9.11492465,0.333333333,12,0,3,0,0,0,0,0,0,3,0,3,-666,0,0,0,-666,1.39409,43.949,0,0,0,0,0,0,0,0,0,0,0,0,0,0,0,0,0,0,0,0,0,0,0,0,0,0,3,0,0,0,0,0,0,0,0,0,-666,0,0,0,0,3,0,0,0,0,0,0,0,0,0,0,0,0,-666,3,0,0,0,0,0,0,0,0,0,0,0,0,0,0,0,0,0,0,0,0,0,0,0,0,0,0,0,-666,0,0,70,6,12.011,1.262119,11.3,4,2.55,2.2,363.4,16.5,-0.369638087,-0.336062335,C,6,6,0,2.55,2.55,0,12,5.1,0.986,60.686
269,"2,4,6-trimethylphenyl",3.825 ,3.046 ,3.176 ,3.845 ,3.969 ,3.898 ,3.298 ,3.179 ,0.704,0.739,0.425,0.467,0.495,0.477,0.348,0.473,0.358,0.488,0.264,0.284,0.508,0.284,0.508,0.27,0.492,0.285,0.509,0.286,0.511,0.273,0.495,0.261,0.475,2.97,3.39,3.35,3.44,1.43,1.46,1.38,1.41,3.17,-0.298,-0.405,7.644907407,-2.955092593,7.644907407,0.800231481,0.491673038,119.187,108.099,119.0860754,47,0,0,0,0,0,-666,-666,-666,1.36E-15,-1.767076682,-0.017339019,-2.381263637,-4.40E-17,-2.272640169,4.19E-16,-1.859314361,3.727800043,499.9727891,16.09385813,15.5,4.5,8.670555856,7.75,2.25,1.5,1.5,0.75,0.75,0.46875,0.46875,0,7456.770037,1.44,2.722222222,2,72.03882319,0,0,0,0,0,70.53349766,0,0,0,0,0,0,0,0,15.07834412,0,0,0,0,20.55567635,0,34.89947719,0,0,0,0,0,0,0,0,6.076020107,35.63402047,28.82345708,0,0,0,0,49.37913343,0,0,0,0,0,0,0,6.076020107,0,15.07834412,80.53703704,0,0,0,-2.481481481,0,-1.772222222,2.02337963,-8.72337963,0,0.333333333,9,0,0,0,0,0,0,0,0,0,0,0,-666,0,0,0,-666,2.64209,39.944,0,0,0,0,0,0,0,0,0,0,0,0,0,0,0,0,0,0,0,0,0,0,0,0,0,0,6,0,0,0,0,0,0,0,0,0,-666,0,0,0,0,0,0,0,0,0,0,0,0,0,0,0,0,0,-666,0,0,0,0,0,0,0,0,0,0,0,0,0,0,0,0,0,0,0,0,0,0,0,0,0,0,0,0,-666,0,0,70,6,12.011,1.262119,11.3,4,2.55,2.2,320.5,16.3,-0.37701124,-0.319599746,C,6,6,0,2.55,2.55,0,12,5.1,1.034,52.428
270,"2,4-dimethoxyphenyl",3.801 ,3.086 ,3.195 ,3.746 ,3.924 ,3.779 ,3.282 ,3.161 ,0.698,0.618,0.456,0.494,0.501,0.502,0.357,0.497,0.353,0.512,0.326,0.324,0.527,0.316,0.523,0.304,0.514,0.328,0.529,0.32,0.526,0.305,0.516,0.274,0.495,3.04,3.42,3.39,3.47,1.52,1.55,1.48,1.5,3.19,-0.259,-0.436,7.559490741,-2.933883102,7.559490741,0.630092593,0.61464216,137.158,128.086,137.0602545,53,0,0,0,0,0,-666,-666,-666,10.28019968,-0.245535189,-4.84E-19,-2.311952198,1.90E-17,-2.2969993,0.645050606,-0.94376574,3.211895832,465.5917302,15.00807169,13.81649658,4.816496581,8.405484084,6.816496581,2.316496581,1.362372436,1.362372436,0.78324829,0.78324829,0.412457479,0.412457479,-0.08,6158.512059,2.204951884,3.937882077,1.957306778,73.09103054,0,0,0,0,0,71.63702292,0,0,0,0,0,0,0,0,21.81055291,0,0,0,0,0,14.07590492,35.75056509,0,0,0,0,0,0,14.07590492,9.473725908,6.076020107,12.33682701,29.67454498,0,0,0,-666,43.7504499,0,0,0,0,0,0,0,0,15.54974601,12.33682701,72.56569893,0,0,0,0,-1.413657407,-2.067808485,2.072332294,0,-5.823232001,0.25,10,0,2,0,0,0,0,0,0,2,0,2,-666,0,0,0,-666,1.41999,37.997,0,0,0,0,0,0,0,0,0,0,0,0,0,0,0,0,0,0,0,0,0,0,0,0,0,0,4,0,0,0,0,0,0,0,0,0,-666,0,0,0,0,2,0,0,0,0,0,0,0,0,0,0,0,0,-666,2,0,0,0,0,0,0,0,0,0,0,0,0,0,0,0,0,0,0,0,0,0,0,0,0,0,0,0,-666,0,0,70,6,12.011,1.262119,11.3,4,2.55,2.2,321,16.2,-0.369892389,-0.329024106,C,6,6,0,2.55,2.55,0,12,5.1,1.045,51.532
271,"2,4-dioxopentan-3-yl",6.912 ,5.028 ,5.211 ,5.964 ,7.157 ,5.868 ,5.334 ,5.021 ,0.539,0.377,0.495,0.492,0.514,0.506,0.384,0.492,0.355,0.542,0.586,0.491,0.55,0.49,0.544,0.472,0.54,0.492,0.551,0.493,0.546,0.476,0.543,0.436,0.523,5.3,5.99,5.93,6.07,2.57,2.62,2.51,2.52,5.21,-0.267,-0.443,10.79481481,-3.154768519,10.79481481,1.509259259,0.468492595,99.109,92.053,99.04460446,39,0,0,0,0,0,-666,-666,-666,0,-0.24592827,-3.45E-17,-2.252461289,3.57E-17,-2.338859348,2.57E-18,-0.927121116,4.744232511,223.7862191,11.73205081,10.31649658,3.316496581,5.976067743,4.90824829,1.40824829,0.78324829,0.78324829,0.227062073,0.227062073,0.10311437,0.10311437,-0.08,459.8892957,1.452862387,2.992538341,5.92,52.35685719,0,0,0,0,0,50.85153165,0,0,0,0,0,0,0,0,19.18438426,11.56648989,0,0,0,13.70378423,0,6.396873262,0,0,0,0,0,0,11.56648989,9.589074368,6.396873262,23.29909413,0,0,0,0,-666,31.66714739,9.589074368,0,0,0,0,0,0,0,0,9.595309893,46.23171296,0,21.58962963,0,0,-3.502546296,0,-1.509259259,-6.309537037,0,0.4,7,0,2,0,0,0,0,0,0,2,0,2,-666,0,0,0,-666,0.36869,25.662,0,0,0,0,0,0,0,0,0,0,2,2,0,0,0,0,0,0,0,0,0,0,0,0,0,0,0,0,0,0,0,0,0,0,0,0,-666,0,0,0,0,0,0,0,0,0,0,0,0,0,0,2,2,0,-666,0,0,0,0,0,0,0,0,0,0,0,0,0,0,0,0,0,0,0,0,0,0,0,0,0,0,0,0,-666,0,0,70,6,12.011,1.262119,11.3,4,2.55,2.2,268.4,14.7,-0.40984715,-0.407055017,C,6,6,1,2.55,2.55,2.1,13,7.2,0.782,50.238
272,"2,5-dioxo-2,5-dihydro-1H-pyrrol-1-yl",8.550 ,6.580 ,6.801 ,7.779 ,8.801 ,7.706 ,7.017 ,6.672 ,0.566,0.37,0.443,0.379,0.422,0.382,0.278,0.367,0.258,0.445,0.275,0.326,0.427,0.327,0.424,0.328,0.434,0.325,0.425,0.326,0.422,0.328,0.434,0.333,0.448,6.87,7.71,7.64,7.8,3.44,3.57,3.38,3.42,6.8,-0.234,-0.356,10.24203704,-0.912037037,10.24203704,0.611111111,0.371012181,96.065,94.049,96.0085533,35,0,0,0,0,0,-666,-666,-666,14.76196007,-0.088244992,0.99588808,-1.813016777,0.855667444,-2.133975701,4.010286099,-0.344759036,3.060324122,198.607525,7.016507858,5.263710176,3.263710176,4.125897658,2.605461886,1.605461886,0.972108528,0.972108528,0.479455963,0.479455963,0.255062731,0.255062731,-0.12,109.1617784,3.016596056,1.77578768,1.122573655,42.82149057,0,0,0,0,0,41.56588304,0,0,0,0,0,0,0,0,12.33059148,11.81435946,0,5.316788604,0,0,0,12.10414349,0,0,5.316788604,0,0,0,11.81435946,9.589074368,0,2.741517112,12.10414349,0,0,0,-666,23.91850295,9.589074368,0,0,0,0,0,0,0,5.316788604,2.741517112,13.40481481,0,20.48407407,2.824074074,0,-1.824074074,-1.222222222,0,0,0,0,7,0,3,0,0,0,0,0,0,-666,0,3,-666,0,0,0,-666,-0.7862,21.288,0,0,0,0,0,0,0,0,0,0,2,2,0,0,0,1,0,0,0,0,0,0,0,0,0,0,0,2,0,0,0,0,0,0,0,0,-666,0,0,0,0,0,0,0,0,0,0,0,1,0,0,0,0,0,-666,0,0,0,0,0,0,0,0,0,0,0,0,0,0,0,0,0,0,0,0,0,0,0,0,0,0,0,0,-666,0,0,65,7,14.007,-1.4,7.4,5,3.04,0.001145,233.6,15.3,-0.449155192,-0.446349432,N,6,6,0,2.55,2.55,0,12,5.1,0.849,45.368
273,"2,5-dioxopyrrolidin-1-yl",13.334 ,8.155 ,8.178 ,10.778 ,13.888 ,10.524 ,9.620 ,8.954 ,0.113,0.067,0.115,0.117,0.116,0.115,0.08,0.119,0.078,0.124,0.096,0.096,0.122,0.093,0.112,0.095,0.122,0.096,0.123,0.093,0.112,0.094,0.121,0.094,0.122,8.45,9.69,9.59,9.83,3.81,4.38,3.82,4.11,8.17,-0.06,-0.108,10.519375,-2.80150463,10.519375,1.340277778,0.381051627,98.081,94.049,98.02420337,37,0,0,0,0,0,-666,-666,-666,12.57469478,-0.179680777,1.76E-16,-2.277178659,5.55E-17,-2.289443088,1.556501298,-0.900361835,3.145905437,212.2465573,8.86180732,7.263710176,3.263710176,4.798547388,3.605461886,1.605461886,0.972108528,0.972108528,0.479455963,0.479455963,0.255062731,0.255062731,-0.12,197.1580754,2.009487457,1.77578768,1.122573655,46.3210346,0,0,0,0,0,44.94910646,0,0,0,0,0,0,0,0,15.07210859,11.81435946,0,5.316788604,0,12.7458498,0,0,0,0,5.316788604,0,0,0,11.81435946,9.589074368,0,18.22888403,0,0,0,0,-666,24.56020926,9.589074368,0,0,0,0,0,0,0,5.316788604,5.483034225,27.41148148,0,21.03875,2.666666667,0,-2.680555556,0,-5.603009259,0,0,0.5,7,0,3,0,0,0,0,0,0,-666,0,3,-666,0,0,0,-666,-0.5622,21.382,0,0,0,0,0,0,0,0,0,0,2,2,0,0,0,1,0,0,0,0,0,0,0,0,0,0,0,2,0,0,0,0,0,0,0,0,-666,0,0,0,0,0,0,0,0,0,0,0,1,0,0,0,0,0,-666,0,0,0,0,0,0,0,0,0,0,0,0,0,0,0,0,0,0,0,0,0,0,0,0,0,0,0,0,-666,0,0,65,7,14.007,-1.4,7.4,5,3.04,0.001145,241.1,14.9,-0.438075552,-0.438027053,N,6,6,0,2.55,2.55,0,12,5.1,0.119,46.106
274,"2,6-dichloroheptan-4-yl",2.046 ,1.636 ,1.689 ,2.056 ,2.111 ,2.079 ,1.812 ,1.759 ,0.743,0.585,0.579,0.588,0.586,0.59,0.432,0.584,0.403,0.624,0.686,0.514,0.627,0.514,0.627,0.492,0.618,0.516,0.628,0.518,0.629,0.496,0.62,0.462,0.607,1.71,1.91,1.89,1.93,0.93,0.97,0.9,0.9,1.69,-0.316,-0.537,7.527700617,-3.629220679,7.527700617,1.817361111,0.56503044,168.087,154.983,167.0394308,55,0,0,0,0,0,-666,-666,-666,-4.70E-17,-0.246801884,-0.06186686,-2.600497733,-8.28E-17,-2.547702453,-1.29E-16,-1.02525739,6.003027839,367.5921179,18.57735027,17.25592895,5.767786838,9.154700538,8.377964473,2.633893419,1.002964473,1.758893419,0.344491118,0.533473355,0.140995559,0.235486677,0.58,10767.73305,1.514388155,5.371488879,8.58,85.80005267,0,0,0,0,0,84.57452732,0,0,0,0,0,0,0,0,17.81986123,23.20187978,0,0,0,37.15591305,0,6.396873262,0,0,0,0,0,23.20187978,10.70627901,0,6.396873262,44.26949527,0,0,0,0,0,43.55278631,0,0,0,0,0,0,0,0,0,41.02174101,94.65453302,10.69198035,0,-6.960032439,0,0,0,-9.075802469,-6.921789572,0,0.857142857,9,0,0,0,0,0,0,0,0,0,0,2,-666,0,0,0,-666,3.22549,44.164,0,0,0,0,0,0,0,0,0,0,0,0,0,0,0,0,0,0,0,0,0,0,0,0,0,2,0,0,0,0,0,0,0,0,0,0,-666,0,0,0,0,0,0,0,2,0,0,0,0,0,0,0,0,0,-666,0,0,0,0,0,0,0,0,0,0,0,0,0,0,0,0,0,0,0,0,0,0,0,0,0,0,0,0,-666,0,0,70,6,12.011,1.262119,11.3,4,2.55,2.2,352.9,16.7,-0.402540817,-0.31197927,C,6,6,1,2.55,2.55,2.1,13,7.2,1.078,52.569
275,2-_4-cyanophenyl_-1-_dimethylamino_propan-2-yl,4.847 ,3.731 ,3.844 ,4.876 ,5.060 ,4.955 ,4.097 ,3.934 ,0.353,0.102,0.343,0.342,0.292,0.345,0.153,0.336,0.134,0.371,0.266,0.147,0.369,0.146,0.369,0.131,0.364,0.148,0.369,0.149,0.37,0.134,0.365,0.103,0.354,3.74,4.37,4.31,4.44,1.65,1.73,1.63,1.58,3.83,-0.075,-0.316,8.993311503,-3.777390991,8.993311503,0.653744252,0.723900962,187.266,172.146,187.1235235,73,0,0,0,0,0,-666,-666,-666,1.730318757,-2.24858112,7.85E-18,-2.546965038,-1.82E-29,-2.561206349,0.426887606,-2.28767384,3.985009176,800.1958149,23.32590893,21.89442719,6.894427191,12.70146515,10.89442719,3.394427191,2.184016994,2.184016994,1.210410197,1.210410197,0.661106798,0.661106798,-0.08,380762.0138,2.778226729,5.716615912,3.582142546,106.9059449,0,0,0,0,0,105.3652086,0,0,0,0,0,0,0,0,20.56137834,0,5.261891555,4.899909731,0,6.851892117,20.44851348,41.27240209,0,6.069221313,0,0,0,0,25.34842322,0,17.24901891,27.41327046,35.35449604,0,0,0,-666,73.47271742,0,0,0,0,0,6.069221313,0,0,0,25.8232699,114.6846023,0,-0.653744252,8.993311503,-1.874813004,-1.556722411,-2.776076468,0,-14.64989103,0,0.333333333,14,0,2,0,0,0,0,0,0,2,0,2,-666,0,0,0,-666,2.08857,58.39,0,0,0,0,0,0,0,0,0,0,0,0,0,0,0,2,0,0,0,0,-666,0,0,0,0,0,5,0,0,0,0,0,0,0,0,0,-666,0,0,0,0,0,0,0,0,0,0,0,0,0,0,0,0,0,-666,0,0,1,0,0,0,0,0,0,0,0,0,0,0,0,0,0,0,0,0,0,0,0,0,0,0,0,0,-666,0,0,70,6,12.011,1.262119,11.3,4,2.55,2.2,409.6,17.8,-0.360129527,-0.330045615,C,6,6,6,2.55,2.55,2.55,18,7.65,0.686,64.748
276,2-_acetyloxy_phenyl,3.388 ,2.615 ,2.709 ,3.151 ,3.504 ,3.120 ,2.784 ,2.636 ,0.657,0.549,0.365,0.364,0.382,0.375,0.289,0.37,0.281,0.413,0.273,0.318,0.429,0.317,0.438,0.299,0.414,0.319,0.427,0.32,0.441,0.303,0.42,0.28,0.407,2.66,3.02,2.99,3.06,1.28,1.32,1.24,1.26,2.71,-0.206,-0.317,11.03635582,-2.99573708,11.03635582,0.538256803,0.429596687,135.142,128.086,135.0446045,51,0,0,0,0,0,-666,-666,-666,11.14000976,-0.243477805,1.45E-16,-2.218733437,1.12E-16,-2.244077726,2.090452733,-0.927269613,3.0616463,454.9843777,13.37831518,11.81649658,4.816496581,7.641752976,5.862372436,2.362372436,1.343643696,1.343643696,0.671821848,0.671821848,0.382259776,0.382259776,-0.08,3373.824373,2.757024742,3.937882077,2.669223008,69.32906641,0,0,0,0,0,67.9913794,0,0,0,0,0,0,0,0,19.12671003,5.969305288,0,0,0,6.851892117,0,36.04347196,0,0,0,0,0,0,5.969305288,9.531400138,6.076020107,16.44720201,29.96745186,0,0,0,-666,42.78864926,4.794537184,0,0,0,0,0,0,0,10.81288306,9.595309893,53.69436095,0,11.03635582,0,0,-2.198235544,-2.353040438,2.066296296,-2.99573708,0,0.125,10,0,2,0,0,0,0,0,0,2,0,2,-666,0,0,0,-666,1.36259,36.802,0,0,0,0,0,0,0,0,0,0,1,1,0,0,0,0,0,0,0,0,0,0,0,0,0,0,5,0,0,0,0,0,0,0,0,0,-666,0,0,0,1,1,0,0,0,0,0,0,0,0,0,0,0,0,-666,0,0,0,0,0,0,0,0,0,0,0,0,0,0,0,0,0,0,0,0,0,0,0,0,0,0,0,0,-666,0,0,70,6,12.011,1.262119,11.3,4,2.55,2.2,313.6,16.5,-0.401502182,-0.329560431,C,6,6,0,2.55,2.55,0,12,5.1,0.99,54.112
277,2-_dimethylcarbamoyl_phenyl,3.514 ,2.867 ,2.975 ,3.470 ,3.622 ,3.500 ,3.061 ,2.957 ,0.679,0.474,0.378,0.379,0.439,0.397,0.262,0.382,0.245,0.45,0.313,0.277,0.467,0.278,0.468,0.258,0.451,0.278,0.468,0.281,0.471,0.262,0.454,0.236,0.434,2.87,3.21,3.18,3.25,1.47,1.53,1.43,1.48,2.97,-0.162,-0.29,12.10155707,-3.29897782,12.10155707,0.382567082,0.585437105,148.185,138.105,148.0762389,57,0,0,0,0,0,-666,-666,-666,10.1674666,-0.244322203,-3.77E-17,-2.465215881,2.28E-17,-2.579925037,0.096464534,-0.99620535,3.408485342,550.0578948,16.74855867,15.35546189,5.355461886,9.280598196,7.624944538,2.624944538,1.640562761,1.640562761,0.916955963,0.916955963,0.468736135,0.468736135,-0.08,15145.72104,2.455402096,4.073454882,2.455138002,80.55520846,0,0,0,0,0,79.11827763,0,0,0,0,0,0,0,0,18.50212275,5.907179729,0,4.899909731,0,0,13.9516538,35.85741162,0,0,0,0,0,0,24.75874326,4.794537184,6.076020107,13.70758556,29.78139151,0,0,0,-666,49.64022504,4.794537184,0,4.899909731,0,0,0,0,6.076020107,0,13.70758556,72.28370205,0,11.71898998,0,-0.839583333,-1.567592593,-2.987143802,1.989583333,-6.597955641,0,0.222222222,11,0,2,0,0,0,0,0,0,-666,0,2,-666,0,0,0,-666,0.93019,43.73,0,0,0,0,0,0,0,0,0,0,1,1,0,0,0,1,0,0,0,1,-666,0,0,0,0,0,4,1,0,0,0,0,0,0,0,0,-666,0,0,0,0,0,0,0,0,0,0,0,0,0,0,0,0,0,-666,0,0,0,0,0,0,0,0,0,0,0,0,0,0,0,0,0,0,0,0,0,0,0,0,0,0,0,0,-666,0,0,70,6,12.011,1.262119,11.3,4,2.55,2.2,336.4,17,-0.385490904,-0.326930086,C,6,6,0,2.55,2.55,0,12,5.1,1.059,55.638
278,2-_methylsulfamoyl_phenyl,4.304 ,3.472 ,3.627 ,4.207 ,4.431 ,4.212 ,3.740 ,3.597 ,0.678,0.604,0.383,0.406,0.452,0.42,0.297,0.409,0.295,0.458,0.237,0.282,0.477,0.282,0.478,0.262,0.459,0.282,0.476,0.286,0.481,0.267,0.464,0.252,0.445,3.54,3.95,3.91,3.99,1.87,1.93,1.81,1.87,3.62,-0.213,-0.316,11.81468207,-4.918009259,11.81468207,0.688122638,0.697741625,170.213,162.149,170.0275745,59,0,0,0,0,0,-666,-666,-666,11.19931931,-0.243980376,-1.08E-19,-2.328959369,0,-2.559255942,1.545685972,-0.941912259,3.484110637,599.0772135,15.1712084,13.17195847,5.988455048,8.402606664,6.390852058,3.883701791,1.520477578,3.061432734,0.855194978,1.815584934,0.413151463,0.864454388,0.23,7138.801278,3.178135835,3.75732904,2.334020946,77.46272217,0,0,0,0,0,76.32863023,0,0,0,0,0,0,0,0,19.42494896,10.02329115,0,4.715119614,0,0,6.9758269,35.1894436,0,0,4.715119614,0,0,0,15.39362388,10.02329115,6.076020107,9.595309893,29.1134235,1.411842078,0,0,-666,50.82766117,8.417796984,0,0,0,0,0,0,6.076020107,0,11.00715197,79.71650286,0,-1.079050926,0,0,0,-3.280881519,1.85,-3.288561154,-4.918009259,0.142857143,11,1,3,0,0,0,0,0,0,-666,1,4,-666,0,0,0,-666,0.34869,43.0155,0,0,0,0,0,0,0,0,0,0,0,0,0,0,0,0,1,0,0,0,-666,0,0,0,0,0,5,0,0,0,0,0,0,0,0,0,-666,0,0,0,0,0,0,0,0,0,0,0,0,0,0,0,0,0,-666,0,0,0,0,0,0,0,0,0,0,0,0,0,0,0,0,0,0,0,0,0,1,0,0,0,0,0,0,-666,0,0,70,6,12.011,1.262119,11.3,4,2.55,2.2,333.3,18.1,-0.408239414,-0.350630374,C,6,6,0,2.55,2.55,0,12,5.1,1.056,54.12
279,2-_methylsulfanyl_phenyl,3.577 ,2.985 ,3.093 ,3.593 ,3.690 ,3.635 ,3.158 ,3.061 ,0.678,0.553,0.432,0.461,0.476,0.471,0.325,0.466,0.321,0.481,0.315,0.286,0.498,0.286,0.497,0.268,0.484,0.288,0.498,0.29,0.5,0.271,0.487,0.24,0.467,2.96,3.32,3.29,3.35,1.51,1.53,1.47,1.5,3.09,-0.244,-0.412,7.419907407,-2.338567649,7.419907407,0.082407407,0.515799451,123.2,116.144,123.0268462,41,0,0,0,0,0,-666,-666,-666,10.3581907,-0.242488313,-9.95E-18,-2.247381266,4.16E-17,-2.130232338,1.583665534,-0.857172883,3.092169812,373.2901641,11.80096491,10.90824829,4.724744871,6.721032672,5.40824829,2.724744871,1.056186218,1.668558654,0.579124145,0.987372436,0.289562073,0.493686218,0.35,1269.043552,1.914451612,3.390092653,1.696682536,63.81216699,0,0,0,0,0,62.73056255,0,0,0,0,0,0,0,0,9.595309893,11.76188495,0,0,0,0,6.183924101,35.1894436,0,0,0,0,0,11.76188495,6.183924101,0,6.076020107,9.595309893,29.1134235,0,0,0,0,18.28806759,0,0,17.00928001,11.76188495,0,0,0,0,6.076020107,9.595309893,50.19297336,0.398009259,-0.082407407,0,0,0,-1.569197373,-0.022711168,0,0,0.142857143,8,0,0,0,0,0,0,0,0,1,0,1,-666,0,0,0,-666,2.16249,38.551,0,0,0,0,0,0,0,0,0,0,0,0,0,0,0,0,0,0,0,0,0,0,0,0,0,0,5,0,0,0,0,0,0,0,0,0,-666,0,0,0,0,0,0,0,0,0,0,0,0,0,0,0,0,0,-666,0,0,0,0,0,0,0,0,0,0,0,0,0,0,0,0,0,0,0,0,1,0,0,0,0,0,0,0,-666,0,0,70,6,12.011,1.262119,11.3,4,2.55,2.2,292.4,17.2,-0.359624481,-0.329482647,C,6,6,0,2.55,2.55,0,12,5.1,1.047,53.593
280,2-_tert-butoxy_-1-_4-_methoxycarbonyl_phenyl_ethyl,5.087 ,3.689 ,3.816 ,4.815 ,5.323 ,4.845 ,4.055 ,3.845 ,0.386,0.214,0.317,0.324,0.31,0.33,0.221,0.323,0.204,0.348,0.406,0.23,0.351,0.227,0.35,0.22,0.345,0.232,0.352,0.229,0.351,0.221,0.346,0.202,0.331,3.74,4.39,4.34,4.47,1.61,1.68,1.58,1.53,3.81,-0.154,-0.298,12.07437427,-4.204141458,12.07437427,1.193540761,0.752708642,235.303,216.151,235.1334195,93,0,0,0,0,0,-666,-666,-666,1.668426946,-2.087501252,-5.48E-17,-2.74059232,-8.12E-17,-2.653578519,0.02280109,-2.137037068,3.764773272,950.779116,29.03301572,27.22474487,8.224744871,15.63835188,13.52062073,4.020620726,2.649829914,2.649829914,1.30197703,1.30197703,0.681186218,0.681186218,-0.12,6608774.719,3.306500325,6.716520123,5.844096655,129.4919103,0,0,0,0,0,127.7870151,0,0,0,0,0,0,0,0,40.31267566,5.969305288,0,0,0,26.15672716,13.5969377,41.75136931,0,0,0,0,0,0,25.1672938,14.26826309,6.396873262,46.60008892,35.35449604,0,0,0,-666,87.47433946,4.794537184,0,0,0,0,0,0,0,9.473725908,26.04441257,152.50812,0,12.07437427,0,-6.651423716,-1.809663198,-5.189360591,-1.710774321,-16.05483586,-3.333103259,0.428571429,17,0,3,0,0,0,0,0,0,3,0,3,-666,0,0,0,-666,2.60139,67.327,0,0,0,0,0,0,0,0,0,0,1,1,0,0,0,0,0,0,0,0,0,0,0,0,0,0,3,0,0,0,0,0,0,0,0,0,-666,0,0,0,1,2,0,0,0,0,0,0,0,0,0,0,0,0,-666,1,0,0,0,0,0,0,0,0,0,0,0,0,0,0,0,0,0,0,0,0,0,0,0,0,0,0,0,-666,0,0,70,6,12.011,1.262119,11.3,4,2.55,2.2,469.5,17.7,-0.396946371,-0.335755017,C,6,6,1,2.55,2.55,2.1,13,7.2,0.747,55.517
281,2-_tert-butoxy_-1-_4-chlorophenyl_ethyl,4.082 ,2.955 ,3.049 ,4.026 ,4.277 ,4.073 ,3.354 ,3.194 ,0.429,0.292,0.317,0.33,0.321,0.333,0.244,0.328,0.234,0.353,0.448,0.285,0.357,0.284,0.359,0.275,0.347,0.287,0.356,0.286,0.361,0.276,0.35,0.263,0.334,2.98,3.52,3.48,3.59,1.26,1.35,1.24,1.24,3.04,-0.2,-0.297,7.970686886,-4.076194785,7.970686886,0.634397243,0.740911312,211.712,195.584,211.0889678,77,0,0,0,0,0,-666,-666,-666,1.730318757,-2.464130706,-1.55E-16,-2.608032577,-1.46E-16,-2.59951742,0.10873863,-2.501627173,3.716971898,752.9649193,24.24855867,22.78621276,7.542141709,13.04321686,11.34723053,3.725195,2.1992926,2.577257073,0.9746463,1.163628536,0.512838668,0.607329786,0.25,590741.1066,2.733983334,5.365702479,5.210302457,113.5753135,0,0,0,0,0,112.1962033,0,0,0,0,0,0,0,0,26.66899985,11.60093989,0,0,0,26.15672716,6.558985243,41.21055113,0,0,0,0,0,11.60093989,12.16003605,4.736862954,6.396873262,42.48781325,34.81367787,0,0,0,-666,73.92626353,0,0,0,0,0,0,0,0,4.736862954,33.53307679,126.331261,5.631504701,0,-0.634397243,-5.080893386,0,-3.661722018,-1.515470679,-15.54250457,0,0.416666667,14,0,1,0,0,0,0,0,0,1,0,2,-666,0,0,0,-666,3.62469,61.164,0,0,0,0,0,0,0,0,0,0,0,0,0,0,0,0,0,0,0,0,0,0,0,0,0,0,5,0,0,0,0,0,0,0,0,0,-666,0,0,0,0,1,0,0,1,0,0,0,0,0,0,0,0,0,-666,0,0,0,0,0,0,0,0,0,0,0,0,0,0,0,0,0,0,0,0,0,0,0,0,0,0,0,0,-666,0,0,70,6,12.011,1.262119,11.3,4,2.55,2.2,438,17.5,-0.394772936,-0.324255776,C,6,6,1,2.55,2.55,2.1,13,7.2,0.753,49.28
282,2-_tert-butoxy_-1-_4-fluorophenyl_propan-2-yl,3.700 ,2.661 ,2.756 ,3.641 ,3.878 ,3.682 ,3.028 ,2.881 ,0.45,0.314,0.331,0.339,0.328,0.341,0.252,0.337,0.242,0.361,0.453,0.295,0.364,0.293,0.366,0.284,0.355,0.296,0.363,0.295,0.367,0.286,0.358,0.275,0.346,2.67,3.15,3.11,3.2,1.14,1.21,1.11,1.1,2.75,-0.21,-0.313,13.69868259,-4.124205759,13.69868259,1.160254157,0.719320518,195.257,179.129,195.1185184,77,0,0,0,0,0,-666,-666,-666,1.730318757,-2.464130917,-4.31E-16,-2.60904324,-6.39E-17,-2.601180617,0.108562438,-2.501726555,3.716971898,752.9649193,24.24855867,22.78621276,6.786212763,13.04321686,11.34723053,3.347230527,2.1992926,2.1992926,0.9746463,0.9746463,0.512838668,0.512838668,-0.11,590741.1066,2.583189403,5.106845402,4.942860059,107.4375827,0,0,0,0,0,105.780266,0,0,0,0,0,0,0,0,31.0594149,0,0,0,0,26.15672716,6.558985243,42.00513866,0,0,0,4.390415048,0,0,12.16003605,4.736862954,6.396873262,42.48781325,35.60826539,0,0,0,-666,74.72085106,4.390415048,0,0,0,0,0,0,0,4.736862954,21.9321369,138.6818084,0,0,0,-5.284459916,-1.606619465,-5.012030659,-1.62349537,-15.73853631,0,0.416666667,14,0,1,0,0,0,0,0,0,1,0,2,-666,0,0,0,-666,3.35539,56.419,0,0,0,0,0,0,0,0,0,0,0,0,0,0,0,0,0,0,0,0,0,0,0,0,0,0,5,0,0,0,0,0,0,0,0,0,-666,0,0,0,0,1,0,0,1,0,0,0,0,0,0,0,0,0,-666,0,0,0,0,0,0,0,0,0,0,0,0,0,0,0,0,0,0,0,0,0,0,0,0,0,0,0,0,-666,0,0,70,6,12.011,1.262119,11.3,4,2.55,2.2,422.2,17,-0.396362083,-0.3243305,C,6,6,1,2.55,2.55,2.1,13,7.2,0.77,49.288
283,2-_tert-butoxy_-1-_4-methoxyphenyl_ethyl,3.489 ,2.444 ,2.513 ,3.353 ,3.663 ,3.379 ,2.786 ,2.635 ,0.436,0.305,0.3,0.301,0.283,0.303,0.222,0.3,0.208,0.316,0.341,0.231,0.318,0.234,0.317,0.22,0.314,0.231,0.319,0.236,0.318,0.223,0.314,0.208,0.302,2.45,2.91,2.87,2.96,1.02,1.1,1,0.99,2.5,-0.166,-0.286,8.041752291,-4.16162541,8.041752291,1.060323169,0.755095565,207.293,188.141,207.1385048,83,0,0,0,0,0,-666,-666,-666,1.08E-15,-2.464128448,-4.37E-16,-2.611670192,-2.11E-16,-2.612613557,3.36E-16,-2.501593273,3.746949109,857.0782956,27.45566545,26.31649658,7.316496581,14.72766828,13.06649658,3.566496581,2.316496581,2.316496581,1.084279327,1.084279327,0.567655182,0.567655182,-0.08,2802730.222,2.512670879,5.855791358,5.525218814,118.9654461,0,0,0,0,0,117.209233,0,0,0,0,0,0,0,0,35.51813847,0,0,0,0,26.15672716,13.5969377,41.93742965,0,0,0,0,0,0,19.19798851,9.473725908,6.396873262,46.60008892,35.54055639,0,0,0,-666,81.69109451,0,0,0,0,0,0,0,0,9.473725908,26.04441257,153.0107148,0,0,0,-5.334387126,-1.060323169,-4.719669548,-1.646241969,-15.88496347,-3.198462892,0.461538462,15,0,2,0,0,0,0,0,0,2,0,2,-666,0,0,0,-666,3.03229,62.32,0,0,0,0,0,0,0,0,0,0,0,0,0,0,0,0,0,0,0,0,0,0,0,0,0,0,4,0,0,0,0,0,0,0,0,0,-666,0,0,0,0,2,0,0,0,0,0,0,0,0,0,0,0,0,-666,1,0,0,0,0,0,0,0,0,0,0,0,0,0,0,0,0,0,0,0,0,0,0,0,0,0,0,0,-666,0,0,70,6,12.011,1.262119,11.3,4,2.55,2.2,442,17.3,-0.385005036,-0.309029475,C,6,6,1,2.55,2.55,2.1,13,7.2,0.784,55.079
284,2-_tert-butoxy_-1-_4-methylphenyl_ethyl,3.726 ,2.701 ,2.775 ,3.660 ,3.904 ,3.703 ,3.053 ,2.908 ,0.431,0.294,0.319,0.317,0.299,0.321,0.231,0.316,0.215,0.334,0.362,0.242,0.336,0.247,0.337,0.231,0.331,0.242,0.336,0.25,0.338,0.234,0.332,0.219,0.322,2.68,3.15,3.11,3.2,1.15,1.23,1.13,1.11,2.77,-0.173,-0.302,8.029076909,-4.153372425,8.029076909,1.030230576,0.711493223,191.294,172.142,191.1435902,77,0,0,0,0,0,-666,-666,-666,3.15E-16,-2.464135235,-4.40E-16,-2.607648017,-1.08E-16,-2.604631486,1.91E-16,-2.501809663,3.803714671,837.2848524,26.74855867,25.90824829,6.90824829,14.25454173,12.90824829,3.40824829,2.260310363,2.260310363,1.005155182,1.005155182,0.528093109,0.528093109,-0.04,1751593.629,2.158345744,5.15692357,4.994598612,113.8519009,0,0,0,0,0,112.1002494,0,0,0,0,0,0,0,0,30.78127552,0,0,0,0,33.00861928,6.558985243,41.75136931,0,0,0,0,0,0,12.16003605,4.736862954,6.396873262,53.45198104,35.35449604,0,0,0,-666,81.31897383,0,0,0,0,0,0,0,0,4.736862954,26.04441257,149.3457807,0,0,0,-6.351634936,0,-4.718280659,-1.640077003,-18.9691214,0,0.461538462,14,0,1,0,0,0,0,0,0,1,0,1,-666,0,0,0,-666,3.44829,60.985,0,0,0,0,0,0,0,0,0,0,0,0,0,0,0,0,0,0,0,0,0,0,0,0,0,0,5,0,0,0,0,0,0,0,0,0,-666,0,0,0,0,1,0,0,0,0,0,0,0,0,0,0,0,0,-666,0,0,0,0,0,0,0,0,0,0,0,0,0,0,0,0,0,0,0,0,0,0,0,0,0,0,0,0,-666,0,0,70,6,12.011,1.262119,11.3,4,2.55,2.2,425.5,17.4,-0.386400335,-0.314112423,C,6,6,1,2.55,2.55,2.1,13,7.2,0.796,55.291
285,2-_tert-butoxy_-1-_4-nitrophenyl_ethyl,6.331 ,4.462 ,4.674 ,5.721 ,6.649 ,5.721 ,4.830 ,4.550 ,0.321,0.191,0.324,0.312,0.311,0.321,0.221,0.31,0.203,0.342,0.39,0.238,0.343,0.233,0.337,0.227,0.339,0.241,0.344,0.235,0.338,0.228,0.339,0.203,0.327,4.68,5.54,5.47,5.64,2.01,2.07,1.95,1.88,4.66,-0.161,-0.3,11.00277705,-4.165131685,11.00277705,1.216550454,0.580958696,222.264,206.136,222.1130184,87,0,0,0,0,0,-666,-666,-666,1.730318757,-1.815982783,-2.81E-16,-2.683828855,-4.83E-17,-2.600006397,0.992377354,-2.042855939,3.798071652,900.7422647,25.82590893,23.67195847,7.671958467,13.95390047,11.74700346,3.74700346,2.491026946,2.491026946,1.174532766,1.174532766,0.612781901,0.612781901,-0.16,1370435.301,3.440938108,5.95937635,5.253765791,117.3216205,0,0,0,0,0,115.6942432,0,0,0,0,0,0,0,0,26.66899985,0,0,0,4.620096379,26.15672716,6.558985243,51.68943458,0,0,0,0,0,0,12.16003605,4.736862954,16.21100375,42.48781325,40.09852721,0,0,0,-666,79.21111287,9.814130488,0,0,0,0,0,0,0,4.736862954,21.9321369,124.7753779,0,22.0055541,0,-6.673486788,0,-5.115363993,-1.674515779,-15.9008988,0,0.416666667,16,0,4,0,0,0,0,0,0,3,0,4,-666,0,0,0,-666,3.18579,64.473,0,0,0,0,0,0,0,0,0,0,0,0,0,0,0,1,0,0,0,0,-666,0,0,0,0,0,4,0,0,0,0,0,0,0,0,0,-666,0,0,0,0,1,0,0,0,0,0,0,0,0,0,0,0,0,-666,0,0,0,1,0,0,2,0,0,0,0,0,0,0,0,0,0,0,0,0,0,0,0,0,0,0,0,0,-666,0,0,70,6,12.011,1.262119,11.3,4,2.55,2.2,444.4,17.5,-0.412645285,-0.361166961,C,6,6,1,2.55,2.55,2.1,13,7.2,0.693,55.106
286,2-_tert-butoxy_-1-phenylethyl,3.857 ,2.817 ,2.899 ,3.797 ,4.038 ,3.843 ,3.167 ,3.018 ,0.426,0.284,0.337,0.332,0.315,0.336,0.237,0.331,0.219,0.351,0.378,0.246,0.352,0.251,0.354,0.235,0.347,0.246,0.352,0.254,0.355,0.239,0.349,0.221,0.338,2.79,3.28,3.23,3.33,1.2,1.27,1.18,1.16,2.89,-0.176,-0.317,7.952546296,-4.087168722,7.952546296,0.856619465,0.689157728,177.267,160.131,177.1279402,71,0,0,0,0,0,-666,-666,-666,1.26E-15,-2.558112329,-2.85E-16,-2.604121458,-1.24E-16,-2.616668998,5.46E-16,-2.566008184,3.716971898,747.478051,24.24855867,23.40824829,6.40824829,13.04321686,11.65824829,3.15824829,2.010310363,2.010310363,0.880155182,0.880155182,0.465593109,0.465593109,-0.04,590741.1066,2.065302843,4.994598612,5.301352341,104.6770178,0,0,0,0,0,102.9858073,0,0,0,0,0,0,0,0,28.03975841,0,0,0,0,26.15672716,6.558985243,42.23033652,0,0,0,0,0,0,12.16003605,4.736862954,6.396873262,43.85857181,35.83346326,0,0,0,-666,74.94604893,0,0,0,0,0,0,0,0,4.736862954,23.30289545,133.4985469,0,0,0,-5.127422879,0,-4.826983458,-1.540162037,-15.58731182,0,0.416666667,13,0,1,0,0,0,0,0,0,1,0,1,-666,0,0,0,-666,3.05819,56.368,0,0,0,0,0,0,0,0,0,0,0,0,0,0,0,0,0,0,0,0,0,0,0,0,0,0,5,0,0,0,0,0,0,0,0,0,-666,0,0,0,0,1,0,0,0,0,0,0,0,0,0,0,0,0,-666,0,0,0,0,0,0,0,0,0,0,0,0,0,0,0,0,0,0,0,0,0,0,0,0,0,0,0,0,-666,0,0,70,6,12.011,1.262119,11.3,4,2.55,2.2,397.9,17.3,-0.388987165,-0.318976818,C,6,6,1,2.55,2.55,2.1,13,7.2,0.796,55.364
287,2-_tert-butoxy_-2-oxoethyl,4.838 ,3.546 ,3.691 ,4.366 ,5.022 ,4.321 ,3.828 ,3.612 ,0.717,0.532,0.6,0.606,0.649,0.621,0.479,0.604,0.449,0.664,0.712,0.597,0.67,0.589,0.666,0.581,0.66,0.599,0.67,0.591,0.668,0.583,0.663,0.552,0.647,3.64,4.14,4.1,4.2,1.74,1.8,1.7,1.72,3.69,-0.334,-0.513,11.11418981,-3.794212963,11.11418981,1.553587963,0.442710917,115.152,104.064,115.0759046,47,0,0,0,0,0,-666,-666,-666,1.71E-16,-0.244322203,-1.97E-16,-2.599041685,-9.46E-17,-2.603284427,-1.14E-16,-1.10222305,6.047420809,298.5261481,15.86180732,14.81649658,3.816496581,8.077185822,7.112372436,1.612372436,1.070705769,1.070705769,0.245790812,0.245790812,0.139046554,0.139046554,-0.08,3229.682052,1.18103117,2.464484912,5.92,65.29370443,0,0,0,0,0,63.61161718,0,0,0,0,0,0,0,0,24.60974426,5.969305288,0,0,0,26.15672716,0,6.875840478,0,0,0,0,0,0,11.5703561,9.531400138,6.875840478,35.63402047,0,0,0,0,-666,39.00187293,4.794537184,0,0,0,0,0,0,0,4.736862954,15.07834412,81.10763889,0,11.11418981,0,-3.794212963,-1.941319444,0,0,-12.65296296,0,0.666666667,8,0,2,0,0,0,0,0,0,2,0,2,-666,0,0,0,-666,1.16219,31.202,0,0,0,0,0,0,0,0,0,0,1,1,0,0,0,0,0,0,0,0,0,0,0,0,0,0,0,0,0,0,0,0,0,0,0,0,-666,0,0,0,1,1,0,0,0,0,0,0,0,0,0,0,0,0,-666,0,0,0,0,0,0,0,0,0,0,0,0,0,0,0,0,0,0,0,0,0,0,0,0,0,0,0,0,-666,0,0,70,6,12.011,1.262119,11.3,4,2.55,2.2,297.1,15,-0.407658865,-0.380339192,C,6,1,1,2.55,2.1,2.1,8,6.75,0.895,26.65
288,2-_trifluoromethyl_phenyl,3.917 ,3.231 ,3.366 ,3.934 ,4.038 ,3.979 ,3.466 ,3.362 ,0.701,0.61,0.447,0.473,0.493,0.482,0.324,0.477,0.324,0.494,0.265,0.276,0.508,0.276,0.508,0.264,0.497,0.277,0.509,0.278,0.51,0.267,0.499,0.253,0.483,3.21,3.58,3.55,3.62,1.7,1.74,1.65,1.68,3.36,-0.27,-0.425,12.16127079,-4.809143519,12.16127079,0.719444444,0.5257331,145.103,141.071,145.0265098,53,0,0,0,0,0,-666,-666,-666,13.09683308,-1.462984282,0.527624192,-2.195316722,0.632821014,-2.171399147,2.841401359,-1.562295221,3.340268697,361.6214221,11.09385813,8.633893419,4.633893419,6.247906126,4.31694671,2.31694671,1.497759069,1.497759069,0.783473355,0.783473355,0.391736677,0.391736677,-0.21,815.9213637,3.97769894,2.805015452,1.888636914,61.97075167,0,0,0,0,0,60.68798951,0,0,0,0,0,0,0,0,18.65427937,0,0,0,0,6.176298517,0,35.85741162,0,0,0,13.17124514,0,0,6.176298517,0,6.076020107,5.483034225,29.78139151,0,0,0,0,35.95769003,13.17124514,0,0,0,0,0,6.076020107,0,0,5.483034225,64.34488426,0,0,0,-1.468981481,0,-3.554722222,-3.237847222,0,0,0.142857143,10,0,0,0,0,0,0,0,0,0,0,3,-666,0,0,0,-666,2.40429,31.091,0,0,0,0,0,0,0,0,0,0,0,0,0,0,0,0,0,0,0,0,0,0,0,0,0,3,6,0,0,0,0,0,0,0,0,0,-666,0,0,0,0,0,0,0,3,0,0,0,0,0,0,0,0,0,-666,0,0,0,0,0,0,0,0,0,0,0,0,0,0,0,0,0,0,0,0,0,0,0,0,0,0,0,0,-666,0,0,70,6,12.011,1.262119,11.3,4,2.55,2.2,288.6,16,-0.437836797,-0.360183943,C,6,6,0,2.55,2.55,0,12,5.1,1.057,51.79
289,2-_trimethoxysilyl_phenyl,3.468 ,2.739 ,2.840 ,3.428 ,3.599 ,3.455 ,2.951 ,2.824 ,0.688,0.471,0.394,0.421,0.456,0.433,0.293,0.426,0.285,0.459,0.272,0.286,0.478,0.287,0.479,0.261,0.46,0.286,0.479,0.291,0.483,0.267,0.465,0.236,0.444,2.7,3.09,3.06,3.13,1.32,1.36,1.28,1.32,2.83,-0.186,-0.339,7.833587963,-5.462037037,7.833587963,0.765462018,0.660552765,197.286,184.182,197.0633958,71,0,0,0,0,0,-666,-666,-666,1.47E-15,-0.24552904,-6.05E-17,-2.446136619,-1.14E-16,-2.671142119,6.77E-16,-0.963493198,3.766763713,612.4476529,20.71517847,19.22474487,7.224744871,11.36922647,9.474744871,4.699489743,1.862372436,4.087117307,1.209279327,2.87783798,0.618686218,1.481058654,0.096883117,100349.7776,2.814087776,5.096143193,2.311752782,97.94037272,0,0,0,0,0,96.49685462,0,0,0,0,0,0,0,0,31.09787631,8.804435157,0,0,0,0,21.11385738,35.48068578,0,0,0,0,0,0,29.91829253,13.27801508,6.076020107,17.81986123,29.40466567,0,0,0,-666,59.3229582,0,0,0,0,0,0,0,6.076020107,13.27801508,17.81986123,108.9033127,0,0,-0.951967593,0,0,-3.484195641,2.001774691,0,-15.69114642,0.333333333,13,0,3,0,0,0,0,0,0,3,0,4,-666,0,0,0,-666,1.25929,51.817,0,0,0,0,0,0,0,0,0,0,0,0,0,0,0,0,0,0,0,0,0,0,0,0,0,0,6,0,0,0,0,0,0,0,0,0,-666,0,0,0,0,0,0,0,0,0,0,0,0,0,0,0,0,0,-666,0,0,0,0,0,0,0,0,0,0,0,0,0,0,0,0,0,0,0,0,0,0,0,0,0,0,0,0,-666,0,0,70,6,12.011,1.262119,11.3,4,2.55,2.2,404.6,17.9,-0.394699371,-0.310035478,C,6,6,0,2.55,2.55,0,12,5.1,1.051,57.06
290,2-acetamidophenyl,3.987 ,3.254 ,3.394 ,3.962 ,4.109 ,4.000 ,3.487 ,3.370 ,0.695,0.543,0.438,0.472,0.496,0.484,0.325,0.477,0.321,0.496,0.22,0.301,0.512,0.3,0.511,0.284,0.499,0.303,0.514,0.303,0.513,0.287,0.501,0.264,0.483,3.25,3.64,3.61,3.68,1.65,1.68,1.6,1.63,3.39,-0.219,-0.376,11.32802249,-3.063445413,11.32802249,0.092407407,0.618330454,134.158,126.094,134.0605889,51,0,0,0,0,0,-666,-666,-666,10.83138738,-0.243481639,2.45E-16,-2.307025751,6.39E-17,-2.370977824,1.874460088,-0.925799498,3.240361115,485.8156537,14.24855867,12.85546189,4.855461886,8.069273331,6.348551336,2.401337741,1.390562761,1.390562761,0.700152044,0.700152044,0.400848645,0.400848645,-0.08,5297.730644,2.457906569,3.937882077,2.669223008,71.2284105,0,0,0,0,0,69.85192076,0,0,0,0,0,0,0,0,15.80168916,5.907179729,0,5.309813353,0,6.851892117,0,35.9813464,0,0,5.309813353,0,0,0,5.907179729,4.794537184,6.076020107,16.44720201,29.9053263,1.411842078,0,0,-666,42.66439814,4.794537184,0,5.309813353,0,0,0,0,0,6.076020107,11.00715197,57.19656002,0,11.32802249,-0.092407407,-0.623032407,-1.565943878,-2.506466364,2.076712963,-3.063445413,0,0.125,10,1,2,0,0,0,0,0,0,-666,1,2,-666,0,0,0,-666,0.93559,38.8527,0,0,0,0,0,0,0,0,0,0,1,1,0,0,0,0,1,0,0,0,-666,0,0,0,0,0,5,1,0,0,0,0,0,0,0,0,-666,0,0,0,0,0,0,0,0,0,0,0,0,0,0,0,0,0,-666,0,0,0,0,0,0,0,0,0,0,0,0,0,0,0,0,0,0,0,0,0,0,0,0,0,0,0,0,-666,0,0,70,6,12.011,1.262119,11.3,4,2.55,2.2,316.2,16.8,-0.382787988,-0.331782786,C,6,6,0,2.55,2.55,0,12,5.1,1.077,47.304
291,2-acetylphenyl,3.744 ,3.075 ,3.200 ,3.702 ,3.857 ,3.735 ,3.268 ,3.159 ,0.685,0.587,0.376,0.386,0.444,0.399,0.271,0.387,0.264,0.45,0.28,0.263,0.467,0.263,0.466,0.245,0.45,0.264,0.468,0.266,0.469,0.249,0.453,0.224,0.43,3.06,3.43,3.4,3.46,1.58,1.63,1.53,1.58,3.2,-0.189,-0.309,11.3611404,-2.935789872,11.3611404,0.54898904,0.513945019,119.143,112.087,119.0496898,45,0,0,0,0,0,-666,-666,-666,10.75693315,-0.243482464,0,-2.239679936,5.55E-17,-2.219694234,1.856881918,-0.9238851,3.304509992,437.7934041,12.6712084,11.40824829,4.40824829,7.158589728,5.704124145,2.204124145,1.329124145,1.329124145,0.727062073,0.727062073,0.363531036,0.363531036,-0.04,2101.324235,2.228786,3.21003996,1.976711222,64.21552118,0,0,0,0,0,62.88239576,0,0,0,0,0,0,0,0,14.38984708,5.783244946,0,0,0,6.851892117,0,35.85741162,0,0,0,0,0,0,5.783244946,4.794537184,6.076020107,16.44720201,29.78139151,0,0,0,-666,42.41652858,4.794537184,0,0,0,0,0,0,0,6.076020107,9.595309893,49.6699811,0,11.3611404,0,-0.633333333,-1.333796296,-2.431327003,2.053125,-2.935789872,0,0.125,9,0,1,0,0,0,0,0,0,1,0,1,-666,0,0,0,-666,1.43099,35.717,0,0,0,0,0,0,0,0,0,0,1,1,0,0,0,0,0,0,0,0,0,0,0,0,0,0,6,0,0,0,0,0,0,0,0,0,-666,0,0,0,0,0,0,0,0,0,0,0,0,0,0,1,1,0,-666,0,0,0,0,0,0,0,0,0,0,0,0,0,0,0,0,0,0,0,0,0,0,0,0,0,0,0,0,-666,0,0,70,6,12.011,1.262119,11.3,4,2.55,2.2,293.5,16.5,-0.398234455,-0.335663554,C,6,6,0,2.55,2.55,0,12,5.1,1.042,52.144
292,2-aminoethyl,2.478 ,1.917 ,2.017 ,2.493 ,2.581 ,2.531 ,2.103 ,2.019 ,0.868,0.754,0.624,0.628,0.664,0.631,0.496,0.622,0.469,0.687,0.784,0.637,0.693,0.636,0.693,0.616,0.683,0.638,0.694,0.64,0.695,0.621,0.685,0.587,0.668,1.9,2.18,2.16,2.22,0.86,0.87,0.82,0.83,2.02,-0.349,-0.542,6.641203704,-2.583333333,6.641203704,0.31712963,0.399426899,44.077,38.029,44.05002419,19,0,0,0,0,0,-666,-666,-666,-0.132456568,-0.18106878,-0.896748071,-2.365271438,-0.943517532,-2.635169613,-0.423868998,-0.917983255,4.013737498,79.05865003,7.654700538,7.447213595,1.447213595,3.886751346,3.368033989,0.473606798,0.111803399,0.111803399,0,0,0,0,-0.04,54.46500594,0.179464155,1.96,1.96,28.9900201,0,0,0,0,0,27.39913552,0,0,0,0,0,0,0,0,8.306718381,0,0,0,5.719716976,0,6.496859684,6.875840478,0,0,5.719716976,0,0,0,6.496859684,0,6.875840478,5.483034225,0,2.823684157,0,0,-666,13.37270016,0,0,5.719716976,0,0,0,0,0,0,8.306718381,38.90740741,0,0,0,-0.31712963,0,0,0,-3.673611111,0,0.5,3,2,1,0,0,0,0,0,0,1,1,1,-666,0,0,0,-666,-0.22081,14.4114,0,0,0,0,0,0,0,0,0,0,0,0,0,0,0,0,0,1,0,0,-666,0,0,0,0,0,0,0,0,0,0,0,0,0,0,0,-666,0,0,0,0,0,0,0,0,0,0,0,0,0,0,0,0,0,-666,0,0,0,0,0,0,0,0,0,0,0,0,0,0,0,0,0,0,0,0,0,0,0,0,0,0,0,0,-666,0,0,70,6,12.011,1.262119,11.3,4,2.55,2.2,192.9,12.3,-0.367527557,-0.307570697,C,6,1,1,2.55,2.1,2.1,8,6.75,1.059,22.724
293,2-aminophenyl,4.065 ,3.306 ,3.482 ,4.086 ,4.210 ,4.139 ,3.523 ,3.399 ,0.707,0.573,0.273,0.225,0.304,0.25,0.204,0.226,0.187,0.33,0.171,0.228,0.344,0.228,0.343,0.215,0.326,0.229,0.345,0.231,0.347,0.217,0.329,0.202,0.31,3.24,3.72,3.68,3.78,1.47,1.53,1.43,1.47,3.48,-0.17,-0.211,7.259490741,-0.455324074,7.259490741,0.108981481,0.475762523,92.121,86.073,92.05002419,35,0,0,0,0,0,-666,-666,-666,10.2992551,-1.462976419,-2.78E-17,-2.240733642,-2.85E-17,-2.383150417,1.705200369,-1.554223105,3.256008482,326.0161782,10.1712084,9.447213595,3.447213595,5.947264863,4.618033989,1.723606798,0.973606798,0.973606798,0.486803399,0.486803399,0.243401699,0.243401699,-0.04,637.5190682,1.471945588,2.31410722,1.475062751,51.37514831,0,0,0,0,0,50.00778176,0,0,0,0,0,0,0,0,8.306718381,0,0,0,5.719716976,0,0,35.9813464,0,0,5.719716976,0,0,0,0,0,6.076020107,5.483034225,29.9053263,2.823684157,0,0,-666,18.15621524,0,0,17.46882803,0,0,0,0,0,6.076020107,8.306718381,42.46546296,0,0,0,-0.17712963,0,-1.661712963,2.206712963,0,0,0,7,2,1,0,0,0,0,0,0,1,1,1,-666,0,0,0,-666,0.75819,29.2234,0,0,0,0,0,0,0,0,0,0,0,0,0,0,0,0,0,1,0,0,-666,0,0,0,0,0,5,0,0,0,0,0,0,0,0,0,-666,0,0,0,0,0,0,0,0,0,0,0,0,0,0,0,0,0,-666,0,0,0,0,0,0,0,0,0,0,0,0,0,0,0,0,0,0,0,0,0,0,0,0,0,0,0,0,-666,0,0,70,6,12.011,1.262119,11.3,4,2.55,2.2,252.6,16,-0.356144292,-0.32265644,C,6,6,0,2.55,2.55,0,12,5.1,1.063,45.941
294,2-bromophenyl,3.902 ,3.276 ,3.418 ,3.918 ,4.018 ,3.961 ,3.467 ,3.367 ,0.667,0.568,0.437,0.457,0.474,0.468,0.333,0.463,0.332,0.48,0.244,0.303,0.495,0.303,0.495,0.288,0.484,0.304,0.496,0.305,0.497,0.291,0.486,0.273,0.477,3.43,3.86,3.82,3.91,1.74,1.75,1.69,1.71,3.41,-0.269,-0.409,7.212615741,-0.251666667,7.212615741,0.091666667,0.539842344,156.002,151.97,154.9496372,35,0,0,0,0,0,-666,-666,-666,11.58958637,-1.462865872,0.520652245,-2.135659288,0.606724078,-2.017195897,2.905485122,-1.563828215,3.281646062,281.4476335,8.593858127,7.377964473,4.963961012,5.03658126,3.688982237,2.481980506,0.938982237,1.731980506,0.469491118,0.865990253,0.234745559,0.432995127,0.48,256.3467848,2.383240297,2.706103596,1.808586686,56.97675096,0,0,0,0,0,56.17965777,0,0,0,0,0,0,0,0,5.483034225,15.9299439,0,0,0,0,0,34.76667965,0,0,0,0,0,15.9299439,0,0,6.076020107,5.483034225,28.69065954,0,0,0,0,0,0,0,28.69065954,0,0,0,0,0,22.005964,5.483034225,28.91645833,2.964606481,0,0,0,0,-0.733611111,2.43587963,0,0,0,7,0,0,0,0,0,0,0,0,0,0,1,-666,0,0,0,-666,2.19439,33.963,0,0,0,0,0,0,0,0,0,0,0,0,0,0,0,0,0,0,0,0,0,0,0,0,0,0,6,0,0,0,0,0,0,0,0,0,-666,0,0,0,0,0,0,0,1,0,0,0,0,0,0,0,0,0,-666,0,0,0,0,0,0,0,0,0,0,0,0,0,0,0,0,0,0,0,0,0,0,0,0,0,0,0,0,-666,0,0,70,6,12.011,1.262119,11.3,4,2.55,2.2,265.6,17.6,-0.401421249,-0.351818713,C,6,6,0,2.55,2.55,0,12,5.1,1.042,49.114
295,2-carboxyphenyl,3.818 ,3.015 ,3.140 ,3.659 ,3.946 ,3.656 ,3.219 ,3.084 ,0.686,0.613,0.419,0.43,0.466,0.442,0.303,0.433,0.3,0.47,0.275,0.274,0.484,0.277,0.489,0.26,0.471,0.275,0.483,0.28,0.492,0.262,0.475,0.25,0.461,3.05,3.44,3.4,3.48,1.54,1.57,1.49,1.53,3.14,-0.236,-0.364,10.8611404,-1.155555556,10.8611404,0.466296296,0.605399353,121.115,116.075,121.0289544,45,0,0,0,0,0,-666,-666,-666,11.85008798,-0.093483959,0.523947518,-2.173419235,0.574676336,-2.123954557,2.611238709,-0.735465519,3.284216299,379.541393,10.87831518,9.316496581,4.316496581,6.485269665,4.566496581,2.15824829,1.287457479,1.287457479,0.704124145,0.704124145,0.352062073,0.352062073,-0.08,1153.486375,2.887598098,3.180475788,1.953512004,59.92154208,0,0,0,0,0,58.64429617,0,0,0,0,0,0,0,0,15.3863796,5.969305288,1.431199657,0,0,0,0,35.85741162,0,0,0,0,0,0,11.07811348,4.794537184,6.076020107,5.483034225,29.78139151,0,1.431199657,0,-666,35.7506968,4.794537184,0,0,0,0,0,0,0,11.1848283,6.914233882,35.09106387,0,10.8611404,3.598878496,-0.466666667,-1.155555556,-2.041360544,2.1125,0,0,0,9,1,2,0,0,0,0,0,0,2,1,2,-666,0,0,0,-666,0.92659,32.6718,1,0,0,0,0,0,0,0,1,1,1,0,0,0,0,0,0,0,0,0,0,0,0,0,0,0,4,0,0,0,0,0,0,0,0,0,-666,0,0,0,0,0,0,0,0,0,0,0,0,0,0,0,0,0,-666,0,0,0,0,0,0,0,0,0,0,0,0,0,0,0,0,0,0,0,0,0,0,0,0,0,0,0,0,-666,0,0,70,6,12.011,1.262119,11.3,4,2.55,2.2,280.7,16.3,-0.42017597,-0.339357657,C,6,6,0,2.55,2.55,0,12,5.1,1.051,50.955
296,2-chloro-2-methylpropan-1-yl,3.327 ,2.708 ,2.817 ,3.342 ,3.435 ,3.382 ,2.922 ,2.829 ,0.688,0.594,0.553,0.568,0.592,0.587,0.463,0.575,0.437,0.612,0.71,0.57,0.63,0.569,0.629,0.546,0.618,0.571,0.63,0.573,0.632,0.551,0.62,0.513,0.595,2.81,3.18,3.15,3.22,1.36,1.39,1.33,1.34,2.81,-0.328,-0.505,6.852430556,-3.098572531,6.852430556,1.324845679,0.39927591,91.561,83.497,91.03145294,31,0,0,0,0,0,-666,-666,-666,-6.94E-16,-0.244322203,-3.71E-16,-2.520002184,-2.78E-16,-2.48621437,-7.68E-17,-1.027681974,5.220910655,163.5634981,11.07735027,10.37796447,3.133893419,5.443375673,4.938982237,1.31694671,0.658473355,1.225420064,0,0,0,0,0.29,244.2699213,0.64456466,1.173674847,267.50522,49.3771076,0,0,0,0,0,48.02080534,0,0,0,0,0,0,0,0,10.96606845,11.60093989,0,0,0,18.57795653,0,6.875840478,0,0,0,0,0,11.60093989,4.874172291,0,6.875840478,24.66985268,0,0,0,0,0,25.453797,0,0,0,0,0,0,0,0,0,22.56700834,54.66319444,5.289351852,-2.902777778,0,0,0,0,0,-7.521990741,0,0.75,5,0,0,0,0,0,0,0,0,0,0,1,-666,0,0,0,-666,1.83789,25.289,0,0,0,0,0,0,0,0,0,0,0,0,0,0,0,0,0,0,0,0,0,0,0,0,0,1,0,0,0,0,0,0,0,0,0,0,-666,0,0,0,0,0,0,0,1,0,0,0,0,0,0,0,0,0,-666,0,0,0,0,0,0,0,0,0,0,0,0,0,0,0,0,0,0,0,0,0,0,0,0,0,0,0,0,-666,0,0,70,6,12.011,1.262119,11.3,4,2.55,2.2,248.5,14.7,-0.40524914,-0.343438244,C,6,1,1,2.55,2.1,2.1,8,6.75,0.958,36.163
297,2-chloroethyl,3.501 ,2.869 ,2.999 ,3.517 ,3.617 ,3.560 ,3.068 ,2.969 ,0.718,0.554,0.592,0.612,0.631,0.628,0.466,0.617,0.438,0.649,0.676,0.562,0.662,0.562,0.662,0.542,0.652,0.564,0.663,0.566,0.663,0.546,0.654,0.512,0.632,2.97,3.36,3.33,3.41,1.43,1.45,1.39,1.4,3,-0.33,-0.549,6.406635802,-2.277777778,6.406635802,0.908179012,0.368920237,63.507,59.475,63.00015281,19,0,0,0,0,0,-666,-666,-666,-9.23E-16,-0.178604925,-0.084963529,-2.185813791,-1.15E-17,-2.193025159,-4.07E-16,-0.758593387,3.541196965,55.20035948,6.077350269,5.377964473,2.133893419,2.943375673,2.438982237,0.81694671,0.094491118,0.283473355,0,0,0,0,0.29,17.08616633,0.4360794,2.29,2.29,31.02734137,0,0,0,0,0,29.79192132,0,0,0,0,0,0,0,0,5.483034225,11.60093989,0,0,0,0,5.832106723,6.875840478,0,0,0,0,0,11.60093989,5.832106723,0,6.875840478,5.483034225,0,0,0,0,0,12.7079472,0,0,0,0,0,0,0,0,0,17.08397411,25.42438272,4.789351852,0,0,0,-2.277777778,0,0,-0.908179012,0,0.5,3,0,0,0,0,0,0,0,0,0,0,1,-666,0,0,0,-666,1.05929,16.077,0,0,0,0,0,0,0,0,0,0,0,0,0,0,0,0,0,0,0,0,0,0,0,0,0,1,0,0,0,0,0,0,0,0,0,0,-666,0,0,0,0,0,0,0,1,0,0,0,0,0,0,0,0,0,-666,0,0,0,0,0,0,0,0,0,0,0,0,0,0,0,0,0,0,0,0,0,0,0,0,0,0,0,0,-666,0,0,70,6,12.011,1.262119,11.3,4,2.55,2.2,199,13.5,-0.413895034,-0.353784965,C,6,1,1,2.55,2.1,2.1,8,6.75,0.981,24.837
298,2-chlorophenyl,4.499 ,3.747 ,3.907 ,4.519 ,4.638 ,4.570 ,3.976 ,3.854 ,0.697,0.58,0.435,0.463,0.489,0.474,0.35,0.469,0.35,0.486,0.231,0.329,0.502,0.329,0.502,0.315,0.49,0.33,0.503,0.331,0.504,0.318,0.492,0.3,0.476,3.74,4.2,4.16,4.25,1.9,1.93,1.85,1.89,3.9,-0.29,-0.413,7.127546296,-0.320601852,7.127546296,0.073148148,0.481308406,111.551,107.519,111.0001528,35,0,0,0,0,0,-666,-666,-666,11.57971175,-1.462893698,0.521384185,-2.133143073,0.602644646,-2.014328675,2.965235934,-1.558471652,3.281646062,281.4476335,8.593858127,7.377964473,4.133893419,5.03658126,3.688982237,2.06694671,0.938982237,1.31694671,0.469491118,0.658473355,0.234745559,0.329236677,0.29,256.3467848,2.262772726,2.561255644,1.684442415,53.41246958,0,0,0,0,0,52.40056756,0,0,0,0,0,0,0,0,5.483034225,11.60093989,0,0,0,0,0,35.31659344,0,0,0,0,0,11.60093989,0,0,6.076020107,5.483034225,29.24057334,0,0,0,0,0,0,0,29.24057334,0,0,0,0,0,6.076020107,17.08397411,28.41756173,5.424814815,0,-0.073148148,0,0,-1.109429012,2.284645062,0,0,0,7,0,0,0,0,0,0,0,0,0,0,1,-666,0,0,0,-666,2.03829,30.889,0,0,0,0,0,0,0,0,0,0,0,0,0,0,0,0,0,0,0,0,0,0,0,0,0,0,6,0,0,0,0,0,0,0,0,0,-666,0,0,0,0,0,0,0,1,0,0,0,0,0,0,0,0,0,-666,0,0,0,0,0,0,0,0,0,0,0,0,0,0,0,0,0,0,0,0,0,0,0,0,0,0,0,0,-666,0,0,70,6,12.011,1.262119,11.3,4,2.55,2.2,258.6,16.7,-0.401112024,-0.354673613,C,6,6,0,2.55,2.55,0,12,5.1,1.054,47.295
299,2-cyanophenyl,4.135 ,3.446 ,3.597 ,4.153 ,4.259 ,4.199 ,3.670 ,3.563 ,0.696,0.611,0.436,0.466,0.486,0.475,0.333,0.471,0.333,0.486,0.231,0.296,0.501,0.295,0.501,0.283,0.489,0.296,0.502,0.298,0.503,0.285,0.492,0.27,0.475,3.45,3.85,3.81,3.89,1.86,1.88,1.8,1.84,3.59,-0.276,-0.415,8.429065571,-0.393240741,8.429065571,0.151851852,0.484817418,102.116,98.084,102.0343741,37,0,0,0,0,0,-666,-666,-666,11.97782124,-1.462982962,0.526596451,-2.131645521,0.598900505,-2.048296238,2.824675341,-1.560048368,3.349176213,356.0928907,9.300964908,7.947213595,3.947213595,5.574586063,3.973606798,1.973606798,1.111803399,1.111803399,0.611803399,0.611803399,0.305901699,0.305901699,-0.04,454.5175035,2.695685283,3.079539222,1.47805616,53.86672515,0,0,0,0,0,52.67155871,0,0,0,0,0,0,0,0,5.483034225,0,5.261891555,0,0,0,0,35.85741162,0,6.069221313,0,0,0,0,0,0,17.40713297,5.483034225,29.78139151,0,0,0,-666,6.052071746,0,0,23.72931977,0,0,0,6.069221313,0,6.076020107,10.74492578,28.57593443,0,0,8.429065571,-0.151851852,0,0.235277778,2.244907407,0,0,0,8,0,1,0,0,0,0,0,0,1,0,1,-666,0,0,0,-666,1.36557,30.649,0,0,0,0,0,0,0,0,0,0,0,0,0,0,0,1,0,0,0,0,0,0,0,0,0,0,6,0,0,0,0,0,0,0,0,0,-666,0,0,0,0,0,0,0,0,0,0,0,0,0,0,0,0,0,-666,0,0,1,0,0,0,0,0,0,0,0,0,0,0,0,0,0,0,0,0,0,0,0,0,0,0,0,0,-666,0,0,70,6,12.011,1.262119,11.3,4,2.55,2.2,267.5,16.6,-0.424943747,-0.348693847,C,6,6,0,2.55,2.55,0,12,5.1,1.055,48.1
300,"2-ethoxy-1,1-difluoro-2-oxoethyl",3.885 ,2.807 ,2.928 ,3.417 ,4.008 ,3.371 ,3.088 ,2.923 ,0.443,0.348,0.402,0.393,0.433,0.401,0.272,0.393,0.26,0.434,0.326,0.298,0.436,0.293,0.433,0.29,0.429,0.299,0.436,0.295,0.434,0.291,0.432,0.274,0.42,2.99,3.36,3.33,3.4,1.46,1.54,1.41,1.43,2.93,-0.219,-0.36,11.43862717,-3.409212963,11.43862717,2.276736111,0.511333012,123.078,118.038,123.0257608,47,0,0,0,0,0,-666,-666,-666,12.6147826,-0.247418084,0,-2.376898314,0,-2.4124648,0.69279969,-1.053351121,4.435198623,201.2012921,10.86180732,8.572425527,3.572425527,5.577185822,3.990336909,1.490336909,0.751992432,0.751992432,0.298032089,0.298032089,0.084924689,0.084924689,-0.22,288.7579411,2.577201668,3.742192954,2.872924705,52.46506801,0,0,0,0,0,50.97165041,0,0,0,0,0,0,0,0,25.16602301,5.969305288,0,0,0,6.851892117,6.558985243,6.425444745,0,0,0,8.780830095,0,0,12.52829053,9.531400138,6.425444745,13.7056849,0,0,0,0,-666,25.80562739,13.57536728,0,0,0,0,0,0,0,4.736862954,6.853792781,59.005,0,10.10585648,0,0,-2.276736111,0,-2.798032407,-6.70275463,0,0.5,8,0,2,0,0,0,0,0,0,2,0,4,-666,0,0,0,-666,0.97799,22.092,0,0,0,0,0,0,0,0,0,0,1,1,0,0,0,0,0,0,0,0,0,0,0,0,0,0,0,0,0,0,0,0,0,0,0,0,-666,0,0,0,1,1,0,0,2,0,0,0,0,0,0,0,0,0,-666,0,0,0,0,0,0,0,0,0,0,0,0,0,0,0,0,0,0,0,0,0,0,0,0,0,0,0,0,-666,0,0,70,6,12.011,1.262119,11.3,4,2.55,2.2,277.8,14,-0.451720615,-0.39373782,C,6,9,9,2.55,3.98,3.98,24,10.51,0.757,43.468
301,2-ethoxy-1-fluoro-2-oxoethyl,4.228 ,3.064 ,3.187 ,3.733 ,4.373 ,3.680 ,3.337 ,3.149 ,0.547,0.433,0.478,0.473,0.514,0.483,0.372,0.474,0.352,0.516,0.492,0.426,0.521,0.419,0.517,0.415,0.513,0.428,0.52,0.421,0.518,0.417,0.516,0.392,0.502,3.23,3.65,3.62,3.7,1.55,1.62,1.51,1.53,3.18,-0.283,-0.428,11.77196051,-3.289212963,11.77196051,1.943402778,0.482520744,105.088,99.04,105.0351827,41,0,0,0,0,0,-666,-666,-666,10.80370719,-0.247426141,-7.32E-17,-2.380708951,3.85E-34,-2.413912353,3.63E-17,-1.05339328,4.435198623,199.3011575,10.86180732,9.194461054,3.194461054,5.577185822,4.301354672,1.301354672,0.586072742,0.586072742,0.220880414,0.220880414,0.06563677,0.06563677,-0.15,288.7579411,1.669419965,4.020940171,3.686326921,49.7045031,0,0,0,0,0,48.17719178,0,0,0,0,0,0,0,0,22.14636652,5.969305288,0,0,0,6.851892117,6.558985243,6.650642611,0,0,0,4.390415048,0,0,12.52829053,9.531400138,6.650642611,15.07644345,0,0,0,0,-666,26.03082526,9.184952232,0,0,0,0,0,0,0,4.736862954,8.224551337,54.53083333,0,10.29335648,0,0,-1.943402778,0,0,-8.547453704,0,0.5,7,0,2,0,0,0,0,0,0,2,0,3,-666,0,0,0,-666,0.68079,22.041,0,0,0,0,0,0,0,0,0,0,1,1,0,0,0,0,0,0,0,0,0,0,0,0,0,0,0,0,0,0,0,0,0,0,0,0,-666,0,0,0,1,1,0,0,1,0,0,0,0,0,0,0,0,0,-666,0,0,0,0,0,0,0,0,0,0,0,0,0,0,0,0,0,0,0,0,0,0,0,0,0,0,0,0,-666,0,0,70,6,12.011,1.262119,11.3,4,2.55,2.2,267.8,14,-0.433951804,-0.389028805,C,6,9,1,2.55,3.98,2.1,16,8.63,0.81,35.325
302,2-ethoxy-2-oxoethyl,4.825 ,3.738 ,3.911 ,4.484 ,4.990 ,4.461 ,3.953 ,3.750 ,0.776,0.618,0.552,0.558,0.635,0.576,0.461,0.558,0.435,0.641,0.622,0.581,0.651,0.576,0.649,0.564,0.636,0.584,0.652,0.579,0.651,0.566,0.64,0.532,0.616,3.81,4.32,4.28,4.37,1.82,1.87,1.77,1.81,3.91,-0.322,-0.456,10.48085648,-3.169212963,10.48085648,1.298032407,0.432118071,87.098,80.042,87.04460446,35,0,0,0,0,0,-666,-666,-666,7.11E-18,-0.247449348,-6.55E-17,-2.384931205,-6.11E-17,-2.415507933,0,-1.053453921,4.435198623,195.1594481,10.86180732,9.816496581,2.816496581,5.577185822,4.612372436,1.112372436,0.491581624,0.491581624,0.143728739,0.143728739,0.046348851,0.046348851,-0.08,288.7579411,1.00855457,3.123252033,3.92,46.9439382,0,0,0,0,0,45.38273316,0,0,0,0,0,0,0,0,19.12671003,5.969305288,0,0,0,6.851892117,6.558985243,6.875840478,0,0,0,0,0,0,12.52829053,9.531400138,6.875840478,16.44720201,0,0,0,0,-666,26.25602313,4.794537184,0,0,0,0,0,0,0,4.736862954,9.595309893,50.05666667,0,10.48085648,0,0,-1.610069444,0,0,-7.59412037,0,0.5,6,0,2,0,0,0,0,0,0,2,0,2,-666,0,0,0,-666,0.38359,21.99,0,0,0,0,0,0,0,0,0,0,1,1,0,0,0,0,0,0,0,0,0,0,0,0,0,0,0,0,0,0,0,0,0,0,0,0,-666,0,0,0,1,1,0,0,0,0,0,0,0,0,0,0,0,0,-666,0,0,0,0,0,0,0,0,0,0,0,0,0,0,0,0,0,0,0,0,0,0,0,0,0,0,0,0,-666,0,0,70,6,12.011,1.262119,11.3,4,2.55,2.2,257.7,13.8,-0.426090134,-0.384687663,C,6,1,1,2.55,2.1,2.1,8,6.75,0.971,25.343
303,2-fluoroethyl,3.385 ,2.756 ,2.889 ,3.402 ,3.502 ,3.445 ,2.950 ,2.851 ,0.83,0.65,0.715,0.724,0.737,0.736,0.566,0.727,0.539,0.749,0.756,0.667,0.757,0.667,0.757,0.65,0.75,0.669,0.757,0.67,0.758,0.653,0.752,0.622,0.74,2.73,3.08,3.05,3.12,1.36,1.36,1.32,1.32,2.89,-0.442,-0.684,11.43287037,-3.25,11.43287037,1.340277778,0.378699374,47.052,43.02,47.02970335,19,0,0,0,0,0,-666,-666,-666,0,-0.178797456,-0.16645575,-2.168004065,-4.16E-17,-2.20851366,0,-0.818605395,3.541196965,55.20035948,6.077350269,5.377964473,1.377964473,2.943375673,2.438982237,0.438982237,0.094491118,0.094491118,0,0,0,0,-0.07,17.08616633,0.31036508,1.93,1.93,24.88961055,0,0,0,0,0,23.375984,0,0,0,0,0,0,0,0,9.873449272,0,0,0,0,0,6.626694251,6.875840478,0,0,0,4.390415048,0,0,6.626694251,0,6.875840478,5.483034225,0,0,0,0,0,13.50253473,4.390415048,0,0,0,0,0,0,0,0,5.483034225,35.50694444,0,0,0,0,0,0,0,-4.590277778,0,0.5,3,0,0,0,0,0,0,0,0,0,0,1,-666,0,0,0,-666,0.78999,11.332,0,0,0,0,0,0,0,0,0,0,0,0,0,0,0,0,0,0,0,0,0,0,0,0,0,1,0,0,0,0,0,0,0,0,0,0,-666,0,0,0,0,0,0,0,1,0,0,0,0,0,0,0,0,0,-666,0,0,0,0,0,0,0,0,0,0,0,0,0,0,0,0,0,0,0,0,0,0,0,0,0,0,0,0,-666,0,0,70,6,12.011,1.262119,11.3,4,2.55,2.2,181.4,11.5,-0.447993065,-0.357445536,C,6,1,1,2.55,2.1,2.1,8,6.75,1.028,22.152
304,2-fluorophenyl,4.678 ,3.878 ,4.054 ,4.698 ,4.826 ,4.753 ,4.118 ,3.988 ,0.706,0.564,0.448,0.475,0.502,0.483,0.367,0.479,0.366,0.499,0.238,0.361,0.512,0.361,0.512,0.347,0.501,0.362,0.513,0.363,0.514,0.35,0.503,0.332,0.487,3.82,4.3,4.26,4.35,1.92,1.94,1.86,1.9,4.05,-0.302,-0.426,12.45398148,-1.04537037,12.45398148,0.461666667,0.459034609,95.096,91.064,95.02970335,35,0,0,0,0,0,-666,-666,-666,11.5450498,-1.462934776,0.52359959,-2.124630148,0.592977611,-2.050035895,2.633629218,-1.567370488,3.281646062,281.4476335,8.593858127,7.377964473,3.377964473,5.03658126,3.688982237,1.688982237,0.938982237,0.938982237,0.469491118,0.469491118,0.234745559,0.234745559,-0.07,256.3467848,2.039869091,2.291934264,1.456442755,47.27473875,0,0,0,0,0,45.98463024,0,0,0,0,0,0,0,0,9.873449272,0,0,0,0,0,0,36.11118097,0,0,0,4.390415048,0,0,0,0,6.076020107,5.483034225,30.03516086,0,0,0,0,30.03516086,4.390415048,0,0,0,0,0,0,6.076020107,0,5.483034225,40.20935185,0,0,0,0,-1.04537037,-2.183194444,1.852546296,0,0,0,7,0,0,0,0,0,0,0,0,0,0,1,-666,0,0,0,-666,1.76899,26.144,0,0,0,0,0,0,0,0,0,0,0,0,0,0,0,0,0,0,0,0,0,0,0,0,0,0,6,0,0,0,0,0,0,0,0,0,-666,0,0,0,0,0,0,0,1,0,0,0,0,0,0,0,0,0,-666,0,0,0,0,0,0,0,0,0,0,0,0,0,0,0,0,0,0,0,0,0,0,0,0,0,0,0,0,-666,0,0,70,6,12.011,1.262119,11.3,4,2.55,2.2,242,15.5,-0.413853035,-0.357220766,C,6,6,0,2.55,2.55,0,12,5.1,1.054,45.099
305,"2H-1,3,2-dioxaborol-2-yl",3.727 ,3.124 ,3.303 ,3.626 ,3.874 ,3.629 ,3.123 ,2.976 ,0.849,0.805,0.654,0.755,0.772,0.761,0.569,0.745,0.56,0.778,0.635,0.609,0.783,0.606,0.789,0.577,0.756,0.604,0.778,0.61,0.793,0.592,0.768,0.534,0.721,3.16,3.61,3.57,3.66,1.51,1.45,1.44,1.46,3.3,-0.436,-0.627,7.397824074,-0.316990741,7.397824074,0.047222222,0.47375953,118.908,114.876,119.0304348,43,0,0,0,0,0,-666,-666,-666,12.78013004,-0.093484201,0.560708726,-2.188640194,0.664721574,-1.985401929,3.221764669,-0.433241563,2.661705937,336.8305414,9.585421959,8.39384685,4.39384685,6.125897658,4.379652811,2.379652811,1.490175596,1.490175596,0.952718117,0.952718117,0.575807031,0.575807031,-0.015064935,1349.044351,2.929117623,2.310556382,0.991430996,59.38756046,0,0,0,0,0,58.20352069,0,0,0,0,0,0,0,0,14.79175049,7.685153471,0,0,0,0,0,35.72661673,0,0,0,0,0,0,7.685153471,9.308716268,0,5.483034225,35.72661673,0,0,0,-666,0,0,0,35.72661673,0,7.685153471,0,0,0,0,14.79175049,38.98944444,0,0,0,0,0.094444444,-1.06962963,0,0,0.985740741,0,9,0,2,0,0,0,0,0,0,2,0,3,-666,0,0,0,-666,0.905,33.23,0,0,0,0,0,0,0,0,0,0,0,0,0,0,0,0,0,0,0,0,0,0,0,0,0,0,4,0,0,0,0,0,0,0,0,0,-666,0,0,0,0,0,0,0,0,0,0,0,0,0,0,0,0,0,-666,0,0,0,0,0,0,0,0,0,0,0,0,0,0,0,0,0,0,0,0,0,0,0,0,0,0,0,0,-666,0,0,85,5,10.81,0.279723,20.5,3,2.04,2.34,272.5,16.2,-0.404052087,-0.325578142,B,8,8,0,3.44,3.44,0,16,6.88,0.978,34.376
306,2-hydroxyethyl,2.519 ,1.898 ,1.999 ,2.452 ,2.625 ,2.467 ,2.078 ,1.980 ,0.871,0.762,0.638,0.643,0.671,0.643,0.504,0.637,0.479,0.691,0.782,0.631,0.695,0.635,0.696,0.611,0.686,0.632,0.696,0.639,0.698,0.616,0.687,0.587,0.674,1.91,2.2,2.18,2.23,0.87,0.88,0.83,0.84,2,-0.376,-0.579,6.474537037,-2.541666667,6.474537037,1.048611111,0.40007127,45.061,40.021,45.03403978,19,0,0,0,0,0,-666,-666,-666,-0.06084173,-0.179142366,-0.787268085,-2.268610708,-0.792335067,-2.326978095,-0.409505558,-0.98479619,3.708324167,70.82892142,6.78445705,6.40824829,1.40824829,3.504035845,2.862372436,0.454124145,0.102062073,0.102062073,0,0,0,0,-0.04,38.33669273,0.234739067,1.96,1.96,27.00994965,0,0,0,0,0,25.45786779,0,0,0,0,0,0,0,0,10.59184242,0,1.431199657,0,0,0,6.558985243,6.875840478,0,0,0,0,0,0,13.09899309,0,6.875840478,5.483034225,0,0,0,0,-666,13.43482572,0,0,0,0,0,0,0,0,5.108808191,6.914233882,31.63657407,0,0,3.37037037,0,0,0,0,-3.590277778,0,0.5,3,1,1,0,0,0,0,0,0,1,1,1,-666,0,0,0,-666,-0.18721,12.4428,0,1,0,0,0,0,0,0,0,0,0,0,0,0,0,0,0,0,0,0,0,0,0,0,0,0,0,0,0,0,0,0,0,0,0,0,-666,0,0,0,0,0,0,0,0,0,0,0,0,0,0,0,0,0,-666,0,0,0,0,0,0,0,0,0,0,0,0,0,0,0,0,0,0,0,0,0,0,0,0,0,0,0,0,-666,0,0,70,6,12.011,1.262119,11.3,4,2.55,2.2,186.7,11.8,-0.420014888,-0.314195006,C,6,1,1,2.55,2.1,2.1,8,6.75,1.058,22.605
307,2-hydroxyphenyl,4.404 ,3.622 ,3.792 ,4.402 ,4.540 ,4.450 ,3.866 ,3.736 ,0.705,0.555,0.444,0.479,0.501,0.487,0.357,0.483,0.355,0.5,0.249,0.341,0.514,0.341,0.513,0.323,0.5,0.341,0.514,0.344,0.516,0.328,0.504,0.306,0.486,3.6,4.04,4.01,4.09,1.8,1.82,1.74,1.77,3.79,-0.281,-0.424,7.165740741,-0.415740741,7.165740741,0.290740741,0.510481816,93.105,88.065,93.03403978,35,0,0,0,0,0,-666,-666,-666,11.11255644,-0.093103524,0.284806336,-2.179632886,0.364077053,-1.986193267,2.099146655,-0.750989382,3.227107782,301.0603058,9.300964908,8.40824829,3.40824829,5.574586063,4.112372436,1.704124145,0.954124145,0.954124145,0.477062073,0.477062073,0.238531036,0.238531036,-0.04,454.5175035,1.728380667,2.31410722,1.475062751,49.39507786,0,0,0,0,0,48.06651404,0,0,0,0,0,0,0,0,10.59184242,0,1.431199657,0,0,0,0,36.04347196,0,0,0,0,0,0,5.108808191,0,6.076020107,5.483034225,29.96745186,0,1.431199657,0,-666,6.052071746,0,0,23.91538011,0,0,0,0,0,11.1848283,6.914233882,34.99083333,0,0,3.945231481,0,-0.290740741,-1.508287037,2.196296296,0,0,0,7,1,1,0,0,0,0,0,0,1,1,1,-666,0,0,0,-666,1.35749,27.6648,0,1,1,0,0,0,0,0,0,0,0,0,0,0,0,0,0,0,0,0,0,0,0,0,0,0,5,0,0,0,0,0,0,0,0,0,-666,0,0,0,0,0,0,0,0,0,0,0,0,0,0,0,0,0,-666,0,0,0,0,0,0,0,0,0,0,0,0,0,0,0,0,0,0,0,0,0,0,0,0,0,0,0,0,-666,0,0,70,6,12.011,1.262119,11.3,4,2.55,2.2,247,15.7,-0.382795393,-0.338728469,C,6,6,0,2.55,2.55,0,12,5.1,1.052,45.55
308,2-hydroxypropan-2-yl,1.297 ,0.936 ,1.007 ,1.202 ,1.351 ,1.197 ,1.035 ,0.981 ,0.6,0.565,0.443,0.47,0.437,0.46,0.299,0.458,0.286,0.488,0.402,0.366,0.482,0.36,0.476,0.338,0.474,0.361,0.482,0.364,0.477,0.349,0.476,0.314,0.462,1.03,1.18,1.17,1.2,0.47,0.47,0.43,0.43,1.01,-0.184,-0.427,6.63599537,-2.854166667,6.63599537,1.175925926,0.43981176,59.088,52.032,59.04968984,25,0,0,0,0,0,-666,-666,-666,-7.48E-16,-0.244322203,-5.63E-17,-2.380698715,-1.82E-16,-2.300121312,-1.28E-16,-1.030028754,4.426424983,108.6278258,9.28445705,8.90824829,1.90824829,4.692705341,4.112372436,0.704124145,0.329124145,0.329124145,0,0,0,0,-0.04,99.86017018,0.349751778,1.297837838,1128.96,36.18483277,0,0,0,0,0,34.57230981,0,0,0,0,0,0,0,0,14.76455919,0,0,0,0,13.70378423,0,6.103966388,0,0,0,0,0,0,5.108808191,0,6.103966388,23.35953523,0,0,0,0,-666,19.80775062,0,0,0,0,0,0,0,0,5.108808191,9.655750994,46.03009259,0,0,3.520833333,0,0,0,-1.175925926,-5.708333333,0,0.666666667,4,1,1,0,0,0,0,0,0,1,1,1,-666,0,0,0,-666,0.93069,16.5268,0,1,1,0,0,0,0,0,0,0,0,0,0,0,0,0,0,0,0,0,0,0,0,0,0,0,0,0,0,0,0,0,0,0,0,0,-666,0,0,0,0,0,0,0,0,0,0,0,0,0,0,0,0,0,-666,0,0,0,0,0,0,0,0,0,0,0,0,0,0,0,0,0,0,0,0,0,0,0,0,0,0,0,0,-666,0,0,70,6,12.011,1.262119,11.3,4,2.55,2.2,215.2,12.9,-0.439141923,-0.272115154,C,6,6,8,2.55,2.55,3.44,20,8.54,0.898,42.571
309,2-iodophenyl,4.105 ,3.412 ,3.556 ,4.123 ,4.237 ,4.172 ,3.611 ,3.498 ,0.655,0.531,0.409,0.416,0.453,0.435,0.291,0.418,0.281,0.464,0.227,0.278,0.48,0.278,0.48,0.262,0.467,0.279,0.481,0.281,0.482,0.265,0.469,0.249,0.454,3.47,3.9,3.86,3.94,1.76,1.77,1.71,1.72,3.55,-0.216,-0.354,7.251990741,-0.226466667,7.251990741,0.021666667,0.566009388,203.002,198.97,202.9357731,35,0,0,0,0,0,-666,-666,-666,11.59172412,-1.462857423,0.520501071,-2.136157737,0.607318152,-2.040848714,2.905547853,-1.564590371,3.281646062,281.4476335,8.593858127,7.377964473,5.535462764,5.03658126,3.688982237,2.767731382,0.938982237,2.017731382,0.469491118,1.008865691,0.234745559,0.504432846,0.73,256.3467848,2.544565286,2.899317793,1.975644766,62.37104147,0,0,0,0,0,61.93804725,0,0,0,0,0,0,0,0,5.483034225,22.59087063,0,0,0,0,0,33.8641424,0,0,0,0,0,22.59087063,0,0,6.076020107,5.483034225,27.78812229,0,0,0,0,0,0,0,24.20828698,3.579835309,0,0,0,22.59087063,6.076020107,5.483034225,29.18123333,1.825881481,0,0,0,0,-0.559661111,2.50587963,0,0,0,7,0,0,0,0,0,0,0,0,0,0,1,-666,0,0,0,-666,2.23449,39.056,0,0,0,0,0,0,0,0,0,0,0,0,0,0,0,0,0,0,0,0,0,0,0,0,0,0,6,0,0,0,0,0,0,0,0,0,-666,0,0,0,0,0,0,0,1,0,0,0,0,0,0,0,0,0,-666,0,0,0,0,0,0,0,0,0,0,0,0,0,0,0,0,0,0,0,0,0,0,0,0,0,0,0,0,-666,0,0,70,6,12.011,1.262119,11.3,4,2.55,2.2,276.2,18.7,-0.399522868,-0.350294017,C,6,6,0,2.55,2.55,0,12,5.1,1.025,50.064
310,2-methoxy-2-oxoethyl,4.975 ,3.662 ,3.814 ,4.485 ,5.159 ,4.432 ,3.948 ,3.719 ,0.719,0.538,0.615,0.612,0.65,0.626,0.489,0.612,0.459,0.664,0.687,0.602,0.67,0.596,0.665,0.585,0.661,0.603,0.67,0.598,0.666,0.589,0.664,0.557,0.649,3.77,4.29,4.24,4.34,1.79,1.85,1.75,1.77,3.81,-0.359,-0.551,10.16418981,-2.856712963,10.16418981,1.17025463,0.376937414,73.071,68.031,73.0289544,29,0,0,0,0,0,-666,-666,-666,2.66E-15,-0.243089388,-1.39E-17,-2.204597538,-5.08E-18,-2.281931894,0,-0.947282734,3.810136069,127.344978,8.36180732,7.316496581,2.316496581,4.327185822,3.362372436,0.862372436,0.389519551,0.389519551,0.092697703,0.092697703,0,0,-0.08,75.19145712,0.950183595,2.175102041,3.92,37.76905509,0,0,0,0,0,36.26829114,0,0,0,0,0,0,0,0,16.38519292,5.969305288,0,0,0,0,7.037952459,6.875840478,0,0,0,0,0,0,13.00725775,9.531400138,6.875840478,6.853792781,0,0,0,0,-666,19.88309822,4.794537184,0,0,0,0,0,0,0,4.736862954,6.853792781,35.39055556,0,10.16418981,0,0,-1.444444444,0,0,-1.17025463,-2.856712963,0.333333333,5,0,2,0,0,0,0,0,0,2,0,2,-666,0,0,0,-666,-0.00651,17.373,0,0,0,0,0,0,0,0,0,0,1,1,0,0,0,0,0,0,0,0,0,0,0,0,0,0,0,0,0,0,0,0,0,0,0,0,-666,0,0,0,1,1,0,0,0,0,0,0,0,0,0,0,0,0,-666,1,0,0,0,0,0,0,0,0,0,0,0,0,0,0,0,0,0,0,0,0,0,0,0,0,0,0,0,-666,0,0,70,6,12.011,1.262119,11.3,4,2.55,2.2,223.6,13.3,-0.423338926,-0.388836539,C,6,1,1,2.55,2.1,2.1,8,6.75,0.896,25.894
311,2-methoxyethyl,2.566 ,2.012 ,2.102 ,2.521 ,2.663 ,2.541 ,2.170 ,2.080 ,0.86,0.75,0.657,0.676,0.688,0.676,0.528,0.671,0.501,0.706,0.79,0.637,0.71,0.64,0.71,0.616,0.701,0.637,0.711,0.643,0.712,0.622,0.703,0.588,0.689,2.01,2.28,2.25,2.31,0.98,0.99,0.95,0.95,2.1,-0.397,-0.615,6.708912037,-2.919791667,6.708912037,1.214236111,0.426276812,59.088,52.032,59.04968984,25,0,0,0,0,0,-666,-666,-666,-6.81E-16,-0.243095121,-0.207042149,-2.367511319,-0.03737272,-2.406297119,-1.57E-16,-0.997722337,4.131128181,126.1376008,9.28445705,8.90824829,1.90824829,4.650482454,4.15824829,0.65824829,0.204124145,0.204124145,0.051031036,0.051031036,0,0,-0.04,96.95194583,0.349751778,2.96,1.96,36.41747399,0,0,0,0,0,34.80495103,0,0,0,0,0,0,0,0,14.33217285,0,0,0,0,0,13.5969377,6.875840478,0,0,0,0,0,0,13.5969377,4.736862954,6.875840478,9.595309893,0,0,0,0,-666,20.47277818,0,0,0,0,0,0,0,0,4.736862954,9.595309893,49.62881944,0,0,0,0,0,0,0,-4.042361111,-2.919791667,0.666666667,4,0,1,0,0,0,0,0,0,1,0,1,-666,0,0,0,-666,0.46689,17.233,0,0,0,0,0,0,0,0,0,0,0,0,0,0,0,0,0,0,0,0,0,0,0,0,0,0,0,0,0,0,0,0,0,0,0,0,-666,0,0,0,0,1,0,0,0,0,0,0,0,0,0,0,0,0,-666,1,0,0,0,0,0,0,0,0,0,0,0,0,0,0,0,0,0,0,0,0,0,0,0,0,0,0,0,-666,0,0,70,6,12.011,1.262119,11.3,4,2.55,2.2,216.2,12.8,-0.401038376,-0.321638158,C,6,1,1,2.55,2.1,2.1,8,6.75,1.067,26.256
312,2-methoxyphenyl,3.779 ,3.101 ,3.214 ,3.750 ,3.900 ,3.784 ,3.286 ,3.173 ,0.69,0.569,0.445,0.473,0.484,0.48,0.341,0.476,0.336,0.494,0.327,0.317,0.508,0.312,0.505,0.299,0.495,0.32,0.508,0.316,0.508,0.301,0.497,0.27,0.479,3.05,3.42,3.39,3.47,1.53,1.55,1.49,1.51,3.21,-0.251,-0.424,7.315740741,-2.755234316,7.315740741,0.462731481,0.528018598,107.132,100.076,107.0496898,41,0,0,0,0,0,-666,-666,-666,10.32699224,-0.243083839,7.70E-34,-2.274521493,0,-2.274929309,0.663856381,-0.943041453,3.092169812,373.2901641,11.80096491,10.90824829,3.90824829,6.721032672,5.40824829,1.90824829,1.056186218,1.056186218,0.579124145,0.579124145,0.289562073,0.289562073,-0.04,1269.043552,1.722932883,3.079539222,1.47805616,58.80260219,0,0,0,0,0,57.41359727,0,0,0,0,0,0,0,0,14.33217285,0,0,0,0,0,7.037952459,36.04347196,0,0,0,0,0,0,7.037952459,4.736862954,6.076020107,9.595309893,29.96745186,0,0,0,-666,37.00540431,0,0,0,0,0,0,0,0,10.81288306,9.595309893,53.73635299,0,0,0,0,-0.499074074,-2.029382559,2.130671296,0,-2.755234316,0.142857143,8,0,1,0,0,0,0,0,0,1,0,1,-666,0,0,0,-666,1.44589,32.045,0,0,0,0,0,0,0,0,0,0,0,0,0,0,0,0,0,0,0,0,0,0,0,0,0,0,5,0,0,0,0,0,0,0,0,0,-666,0,0,0,0,1,0,0,0,0,0,0,0,0,0,0,0,0,-666,1,0,0,0,0,0,0,0,0,0,0,0,0,0,0,0,0,0,0,0,0,0,0,0,0,0,0,0,-666,0,0,70,6,12.011,1.262119,11.3,4,2.55,2.2,277,15.9,-0.37766132,-0.326962091,C,6,6,0,2.55,2.55,0,12,5.1,1.046,51.748
313,"2-methyl-2,3-dihydrofuran-2-yl",1.501 ,1.109 ,1.187 ,1.404 ,1.565 ,1.396 ,1.207 ,1.139 ,0.563,0.489,0.373,0.393,0.373,0.389,0.253,0.386,0.241,0.417,0.349,0.319,0.414,0.319,0.415,0.295,0.405,0.315,0.413,0.323,0.417,0.305,0.409,0.279,0.396,1.2,1.39,1.37,1.41,0.54,0.53,0.51,0.5,1.19,-0.16,-0.352,7.214699074,-2.7375,7.214699074,0.739699074,0.430626247,83.11,76.054,83.04968984,33,0,0,0,0,0,-666,-666,-666,7.70E-34,-0.243468277,-6.58E-17,-2.356147953,-5.55E-17,-2.268200513,3.25E-32,-0.962232117,3.003123046,252.0987415,10.43915759,9.90824829,2.90824829,5.670555856,4.90824829,1.40824829,0.78324829,0.78324829,0.380155182,0.380155182,0.184343109,0.184343109,-0.04,474.2644606,0.872970584,1.605659929,0.716242568,47.45192403,0,0,0,0,0,45.95116009,0,0,0,0,0,0,0,0,14.33217285,0,0,0,0,13.22481702,0,18.39417022,0,0,0,0,0,0,0,4.736862954,6.103966388,22.82012691,12.29020383,0,0,0,-666,31.61898724,0,0,0,0,0,0,0,0,4.736862954,9.595309893,53.56412037,0,0,0,0,0,-0.751273148,-4.075347222,-2.7375,0,0.4,6,0,1,0,0,0,0,0,0,1,0,1,-666,0,0,0,-666,1.47229,23.759,0,0,0,0,0,0,0,0,0,0,0,0,0,0,0,0,0,0,0,0,0,0,0,0,0,0,0,0,0,0,0,0,0,0,0,0,-666,0,0,0,0,1,0,0,0,0,0,0,0,0,0,0,0,0,-666,0,0,0,0,0,0,0,0,0,0,0,0,0,0,0,0,0,0,0,0,0,0,0,0,0,0,0,0,-666,0,0,70,6,12.011,1.262119,11.3,4,2.55,2.2,244.4,14.5,-0.394873747,-0.279390643,C,6,6,8,2.55,2.55,3.44,20,8.54,0.889,50.662
314,2-methylbut-3-en-2-yl,3.023 ,2.190 ,2.274 ,3.043 ,3.169 ,3.097 ,2.505 ,2.392 ,0.37,0.188,0.376,0.366,0.324,0.362,0.188,0.357,0.163,0.387,0.262,0.216,0.379,0.216,0.379,0.199,0.378,0.217,0.379,0.219,0.379,0.203,0.378,0.168,0.376,2.13,2.51,2.48,2.55,0.89,0.94,0.87,0.86,2.27,-0.083,-0.353,7.042824074,-2.97650463,7.042824074,1.064814815,0.440014152,69.127,60.055,69.07042529,29,0,0,0,0,0,-666,-666,-666,-2.36E-18,-0.244322203,-0.002338025,-2.417507945,-1.66E-16,-2.287851901,-2.56E-16,-0.997246786,5.266627484,212.5673188,11.73205081,11.5,2.5,5.976067743,5.5,1,0.5,0.5,0.125,0.125,0,0,0,386.2055076,0.473372781,2.25,4,46.15415095,0,0,0,0,0,44.54162799,0,0,0,0,0,0,0,0,12.33682701,0,0,0,0,13.70378423,0,18.50101675,0,0,0,0,0,0,0,0,5.917906046,26.04061124,12.58311071,0,0,0,0,32.20480099,0,0,0,0,0,0,0,0,0,12.33682701,61.77037037,0,0,0,0,-1.134259259,-1.064814815,0,-7.071296296,0,0.4,5,0,0,0,0,0,0,0,0,0,0,0,-666,0,0,0,-666,1.78669,24.788,0,0,0,0,0,0,0,0,0,0,0,0,0,0,0,0,0,0,0,0,0,0,0,0,0,0,1,0,0,0,0,0,0,0,0,0,-666,0,0,0,0,0,0,0,0,0,0,0,0,0,0,0,0,0,-666,0,0,0,0,0,0,0,0,0,0,0,0,0,0,0,0,0,0,0,0,0,0,0,0,0,0,0,0,-666,0,0,70,6,12.011,1.262119,11.3,4,2.55,2.2,245.9,14.3,-0.411040786,-0.302136587,C,6,6,6,2.55,2.55,2.55,18,7.65,0.641,51.229
315,2-methylbutan-2-yl,1.574 ,1.238 ,1.309 ,1.582 ,1.634 ,1.604 ,1.355 ,1.307 ,0.639,0.41,0.548,0.558,0.484,0.547,0.29,0.545,0.266,0.586,0.433,0.389,0.579,0.388,0.579,0.361,0.573,0.391,0.58,0.394,0.58,0.366,0.574,0.319,0.564,1.29,1.47,1.45,1.49,0.63,0.63,0.59,0.58,1.31,-0.153,-0.519,7.193287037,-3.385416667,7.193287037,1.5625,0.443300957,71.143,60.055,71.08607535,31,0,0,0,0,0,-666,-666,-666,-5.41E-16,-0.249216374,-0.012751825,-2.558897977,-1.13E-16,-2.423369663,-1.25E-16,-1.082973857,5.566729588,224.5712118,13.57735027,13.5,2.5,6.616025404,6.5,1,0.5,0.5,0.125,0.125,0,0,0,648.3848387,0.355555556,2.25,4,49.65369499,0,0,0,0,0,47.92485142,0,0,0,0,0,0,0,0,15.07834412,0,0,0,0,26.92860125,0,5.917906046,0,0,0,0,0,0,0,0,5.917906046,42.00694537,0,0,0,0,0,32.8465073,0,0,0,0,0,0,0,0,0,15.07834412,76.5337963,0,0,0,0,-1.5625,0,-3.385416667,-9.919212963,0,0.8,5,0,0,0,0,0,0,0,0,0,0,0,-666,0,0,0,-666,2.01069,24.882,0,0,0,0,0,0,0,0,0,0,0,0,0,0,0,0,0,0,0,0,0,0,0,0,0,0,0,0,0,0,0,0,0,0,0,0,-666,0,0,0,0,0,0,0,0,0,0,0,0,0,0,0,0,0,-666,0,0,0,0,0,0,0,0,0,0,0,0,0,0,0,0,0,0,0,0,0,0,0,0,0,0,0,0,-666,0,0,70,6,12.011,1.262119,11.3,4,2.55,2.2,255.6,14,-0.421985501,-0.278260625,C,6,6,6,2.55,2.55,2.55,18,7.65,0.956,51.915
316,2-methyloxolan-2-yl,1.228 ,0.858 ,0.916 ,1.118 ,1.284 ,1.108 ,0.955 ,0.896 ,0.583,0.565,0.432,0.456,0.429,0.451,0.306,0.449,0.294,0.473,0.411,0.367,0.473,0.363,0.47,0.341,0.464,0.364,0.472,0.367,0.472,0.351,0.467,0.32,0.453,0.94,1.09,1.08,1.11,0.42,0.42,0.39,0.38,0.91,-0.202,-0.417,7.287037037,-3.037962963,7.287037037,1.175925926,0.431113792,85.126,76.054,85.06533991,35,0,0,0,0,0,-666,-666,-666,3.70E-32,-1.766987592,-0.016945173,-2.436480225,-3.90E-17,-2.38813075,-9.99E-33,-1.847283057,3.201740188,266.1664941,12.28445705,11.90824829,2.90824829,6.33915195,5.90824829,1.40824829,0.78324829,0.78324829,0.380155182,0.380155182,0.184343109,0.184343109,-0.04,842.4829406,0.655158569,1.605659929,0.716242568,50.95146806,0,0,0,0,0,49.33438351,0,0,0,0,0,0,0,0,17.07368996,0,0,0,0,19.59774192,6.558985243,6.103966388,0,0,0,0,0,0,6.558985243,4.736862954,6.103966388,31.93456893,0,0,0,0,-666,32.26069355,0,0,0,0,0,0,0,0,4.736862954,12.33682701,68.33622685,0,0,0,0,0,0,-7.198263889,-5.971296296,0,0.8,6,0,1,0,0,0,0,0,0,1,0,1,-666,0,0,0,-666,1.34869,24.103,0,0,0,0,0,0,0,0,0,0,0,0,0,0,0,0,0,0,0,0,0,0,0,0,0,0,0,0,0,0,0,0,0,0,0,0,-666,0,0,0,0,1,0,0,0,0,0,0,0,0,0,0,0,0,-666,0,0,0,0,0,0,0,0,0,0,0,0,0,0,0,0,0,0,0,0,0,0,0,0,0,0,0,0,-666,0,0,70,6,12.011,1.262119,11.3,4,2.55,2.2,253.2,14.2,-0.423473227,-0.266994268,C,6,6,8,2.55,2.55,3.44,20,8.54,0.881,51.271
317,2-methylphenyl,3.490 ,2.795 ,2.917 ,3.508 ,3.619 ,3.556 ,3.013 ,2.905 ,0.708,0.628,0.445,0.478,0.496,0.487,0.348,0.483,0.348,0.497,0.256,0.318,0.513,0.318,0.513,0.304,0.5,0.319,0.514,0.321,0.515,0.307,0.503,0.29,0.486,2.73,3.11,3.08,3.16,1.3,1.32,1.25,1.28,2.91,-0.286,-0.427,7.306365741,-2.559143519,7.306365741,0.46099537,0.456360419,91.133,84.077,91.05477522,35,0,0,0,0,0,-666,-666,-666,1.353960686,-1.463007914,-2.78E-17,-2.277671228,-6.70E-17,-2.181210915,1.084353773,-1.564636174,3.340268697,354.7248251,11.09385813,10.5,3.5,6.247906126,5.25,1.75,1,1,0.5,0.5,0.25,0.25,0,815.9213637,1.285714286,2.34375,1.5,53.68905697,0,0,0,0,0,52.30461363,0,0,0,0,0,0,0,0,9.595309893,0,0,0,0,6.851892117,0,35.85741162,0,0,0,0,0,0,0,0,6.076020107,16.44720201,29.78139151,0,0,0,0,36.63328363,0,0,0,0,0,0,0,0,6.076020107,9.595309893,49.99988426,0,0,0,-0.468981481,0,-2.022222222,2.133796296,-2.559143519,0,0.142857143,7,0,0,0,0,0,0,0,0,0,0,0,-666,0,0,0,-666,1.86189,30.71,0,0,0,0,0,0,0,0,0,0,0,0,0,0,0,0,0,0,0,0,0,0,0,0,0,0,6,0,0,0,0,0,0,0,0,0,-666,0,0,0,0,0,0,0,0,0,0,0,0,0,0,0,0,0,-666,0,0,0,0,0,0,0,0,0,0,0,0,0,0,0,0,0,0,0,0,0,0,0,0,0,0,0,0,-666,0,0,70,6,12.011,1.262119,11.3,4,2.55,2.2,261.6,15.9,-0.390366752,-0.31651208,C,6,6,0,2.55,2.55,0,12,5.1,1.045,48.238
318,2-nitrophenyl,4.385 ,3.542 ,3.690 ,4.197 ,4.516 ,4.180 ,3.764 ,3.603 ,0.672,0.602,0.424,0.431,0.466,0.445,0.301,0.435,0.297,0.472,0.254,0.285,0.486,0.286,0.489,0.272,0.472,0.284,0.484,0.288,0.492,0.276,0.477,0.264,0.463,3.62,4.02,3.99,4.07,1.95,2,1.89,1.94,3.69,-0.23,-0.356,10.26391818,-0.891018519,10.26391818,0.517962963,0.416975339,122.103,118.071,122.0242034,45,0,0,0,0,0,-666,-666,-666,13.00758612,-1.037765063,0.531533546,-2.164535034,0.546208004,-2.007529734,3.474756179,-1.107681872,3.422124726,408.3501889,10.1712084,8.263710176,4.263710176,5.947264863,4.088755169,2.088755169,1.230716583,1.230716583,0.669377585,0.669377585,0.334688792,0.334688792,-0.12,637.5190682,3.323790749,3.150977509,1.93040302,57.15877662,0,0,0,0,0,55.8986075,0,0,0,0,0,0,0,0,5.483034225,0,0,0,4.620096379,0,0,45.79547689,0,0,0,0,0,0,0,0,15.89015059,5.483034225,34.52542268,0,0,0,-666,34.52542268,9.814130488,0,0,0,0,0,0,6.076020107,0,5.483034225,27.42216364,0,20.52783636,0,-0.730555556,0,-2.342824074,1.956712963,0,0,0,9,0,3,0,0,0,0,0,0,2,0,3,-666,0,0,0,-666,1.59939,34.198,0,0,0,0,0,0,0,0,0,0,0,0,0,0,0,1,0,0,0,0,-666,0,0,0,0,0,5,0,0,0,0,0,0,0,0,0,-666,0,0,0,0,0,0,0,0,0,0,0,0,0,0,0,0,0,-666,0,0,0,1,0,0,2,0,0,0,0,0,0,0,0,0,0,0,0,0,0,0,0,0,0,0,0,0,-666,0,0,70,6,12.011,1.262119,11.3,4,2.55,2.2,274.3,16.3,-0.441613796,-0.369266557,C,6,6,0,2.55,2.55,0,12,5.1,1.052,50.266
319,2-oxidopropan-2-yl,1.306 ,0.943 ,1.015 ,1.211 ,1.361 ,1.207 ,1.042 ,0.988 ,0.6,0.567,0.443,0.469,0.437,0.46,0.299,0.458,0.287,0.488,0.401,0.366,0.481,0.361,0.476,0.339,0.474,0.362,0.481,0.365,0.477,0.35,0.476,0.315,0.462,0.02,0.15,0.13,0.17,1.13,1.22,1.18,1.25,0.01,-0.069,-0.048,10.36111111,-3.008680556,10.36111111,1.680555556,0.398236962,58.08,52.032,58.04186481,24,0,0,0,0,0,-666,-666,-666,-1.26E-18,-0.244322203,-1.17E-16,-2.263721516,-1.11E-16,-2.28842708,-1.27E-16,-0.963222215,4.39899054,124.0523685,8.577350269,7.90824829,1.90824829,4.154700538,3.704124145,0.704124145,0.329124145,0.329124145,0,0,0,0,-0.04,63.57980789,0.432177934,1.297837838,1128.96,34.06048036,0,0,0,0,0,32.5061177,0,0,0,0,0,0,0,0,13.01908852,5.783244946,0,0,0,13.70378423,0,0,0,0,0,0,0,0,5.783244946,4.794537184,0,21.92833557,0,0,0,0,-666,19.48702918,4.794537184,0,0,0,0,0,0,0,0,8.224551337,38.50347222,0,10.36111111,0,0,-1.680555556,0,0,-6.017361111,0,0.666666667,4,0,1,0,0,0,0,0,0,1,0,1,-666,0,0,0,-666,0.5953,16.355,0,0,0,0,0,0,0,0,0,0,1,1,0,0,0,0,0,0,0,0,0,0,0,0,0,0,0,0,0,0,0,0,0,0,0,0,-666,0,0,0,0,0,0,0,0,0,0,0,0,0,0,1,1,0,-666,0,0,0,0,0,0,0,0,0,0,0,0,0,0,0,0,0,0,0,0,0,0,0,0,0,0,0,0,-666,0,0,70,6,12.011,1.262119,11.3,4,2.55,2.2,211.7,12.9,-0.400874774,-0.278605824,C,6,6,8,2.55,2.55,3.44,20,8.54,0.897,42.556
320,2-oxo-2-phenylethyl,5.593 ,4.120 ,4.302 ,4.983 ,5.810 ,4.945 ,4.376 ,4.141 ,0.606,0.437,0.501,0.482,0.581,0.512,0.394,0.483,0.356,0.587,0.675,0.533,0.599,0.523,0.59,0.514,0.585,0.537,0.6,0.526,0.592,0.516,0.588,0.476,0.562,4.28,4.9,4.85,4.97,1.99,2.05,1.95,1.97,4.3,-0.25,-0.404,11.32192744,-1.183333333,11.32192744,0.608276644,0.514084852,119.143,112.087,119.0496898,45,0,0,0,0,0,-666,-666,-666,10.75139942,-0.163462592,-2.78E-17,-2.242522631,0.08044003,-2.168868368,1.972545137,-0.556342615,3.45535894,437.7934041,12.61880215,11.40824829,4.40824829,7.28546882,5.704124145,2.204124145,1.329124145,1.329124145,0.727062073,0.727062073,0.363531036,0.363531036,-0.04,2500.65541,2.228786,3.21003996,1.976711222,64.21552118,0,0,0,0,0,62.88239576,0,0,0,0,0,0,0,0,14.38984708,5.783244946,0,0,0,0,0,42.70930374,0,0,0,0,0,0,5.783244946,4.794537184,6.875840478,9.595309893,35.83346326,0,0,0,-666,48.49254868,4.794537184,0,0,0,0,0,0,0,0,9.595309893,50.21808012,0,11.32192744,0,-0.633333333,-1.183333333,-3.277535903,0,-1.112471655,0,0,9,0,1,0,0,0,0,0,0,1,0,1,-666,0,0,0,-666,1.44199,36.727,0,0,0,0,0,0,0,0,0,0,1,1,0,0,0,0,0,0,0,0,0,0,0,0,0,0,6,0,0,0,0,0,0,0,0,0,-666,0,0,0,0,0,0,0,0,0,0,0,0,0,0,1,1,0,-666,0,0,0,0,0,0,0,0,0,0,0,0,0,0,0,0,0,0,0,0,0,0,0,0,0,0,0,0,-666,0,0,70,6,12.011,1.262119,11.3,4,2.55,2.2,290.7,16.8,-0.395054702,-0.383714265,C,6,1,1,2.55,2.1,2.1,8,6.75,0.816,30.626
321,2-oxocyclohexyl,4.825 ,3.353 ,3.466 ,4.158 ,5.025 ,4.098 ,3.648 ,3.417 ,0.54,0.391,0.47,0.457,0.467,0.463,0.334,0.456,0.312,0.492,0.517,0.408,0.494,0.4,0.486,0.395,0.49,0.41,0.495,0.402,0.486,0.396,0.491,0.372,0.481,3.5,4.01,3.97,4.07,1.62,1.67,1.58,1.58,3.46,-0.25,-0.433,11.31967593,-3.34212963,11.31967593,1.377199074,0.445403463,97.137,88.065,97.06533991,39,0,0,0,0,0,-666,-666,-666,-1.43E-16,-0.189262227,-1.59E-16,-2.649785272,-7.35E-17,-2.564561592,-2.48E-16,-1.071497274,3.480079225,332.8909119,13.15470054,12.40824829,3.40824829,6.815384141,6.204124145,1.704124145,0.954124145,0.954124145,0.477062073,0.477062073,0.238531036,0.238531036,-0.04,1463.586914,0.970590386,2.31410722,1.475062751,56.36438705,0,0,0,0,0,54.803182,0,0,0,0,0,0,0,0,17.13136419,5.783244946,0,0,0,25.49169961,0,6.396873262,0,0,0,0,0,0,5.783244946,4.794537184,6.396873262,37.82852661,0,0,0,0,-666,37.67181781,4.794537184,0,0,0,0,0,0,0,0,12.33682701,65.08949074,0,11.31967593,0,0,-1.654976852,0,-14.42085648,0,0,0.666666667,7,0,1,0,0,0,0,0,0,1,0,1,-666,0,0,0,-666,1.33379,27.775,0,0,0,0,0,0,0,0,0,0,1,1,0,0,0,0,0,0,0,0,0,0,0,0,0,0,0,0,0,0,0,0,0,0,0,0,-666,0,0,0,0,0,0,0,0,0,0,0,0,0,0,1,1,0,-666,0,0,0,0,0,0,0,0,0,0,0,0,0,0,0,0,0,0,0,0,0,0,0,0,0,0,0,0,-666,0,0,70,6,12.011,1.262119,11.3,4,2.55,2.2,263,15.1,-0.384093577,-0.360723488,C,6,6,1,2.55,2.55,2.1,13,7.2,0.766,46.689
322,2-oxocyclopentyl,4.928 ,3.495 ,3.617 ,4.310 ,5.128 ,4.258 ,3.774 ,3.544 ,0.551,0.416,0.48,0.467,0.479,0.473,0.343,0.465,0.323,0.504,0.522,0.418,0.506,0.41,0.497,0.407,0.501,0.421,0.507,0.412,0.498,0.408,0.502,0.385,0.492,3.63,4.16,4.12,4.22,1.68,1.73,1.64,1.64,3.61,-0.263,-0.44,10.97856481,-2.978009259,10.97856481,1.136574074,0.42572496,83.11,76.054,83.04968984,33,0,0,0,0,0,-666,-666,-666,-2.68E-17,-0.185892724,-2.79E-16,-2.433201806,-8.95E-17,-2.316458575,-2.66E-17,-1.003978762,3.309033604,257.6085165,10.65470054,9.90824829,2.90824829,5.565384141,4.954124145,1.454124145,0.829124145,0.829124145,0.414562073,0.414562073,0.207281036,0.207281036,-0.04,430.0890537,0.872970584,1.605659929,0.716242568,47.18950393,0,0,0,0,0,45.68873999,0,0,0,0,0,0,0,0,14.38984708,5.783244946,0,0,0,19.1187747,0,6.396873262,0,0,0,0,0,0,5.783244946,4.794537184,6.396873262,28.7140846,0,0,0,0,-666,31.29889291,4.794537184,0,0,0,0,0,0,0,0,9.595309893,49.43810185,0,10.97856481,0,0,-1.414351852,0,-9.918981481,0,0,0.6,6,0,1,0,0,0,0,0,0,1,0,1,-666,0,0,0,-666,0.94369,23.158,0,0,0,0,0,0,0,0,0,0,1,1,0,0,0,0,0,0,0,0,0,0,0,0,0,0,0,0,0,0,0,0,0,0,0,0,-666,0,0,0,0,0,0,0,0,0,0,0,0,0,0,1,1,0,-666,0,0,0,0,0,0,0,0,0,0,0,0,0,0,0,0,0,0,0,0,0,0,0,0,0,0,0,0,-666,0,0,70,6,12.011,1.262119,11.3,4,2.55,2.2,242.1,14.5,-0.388194913,-0.363214734,C,6,6,1,2.55,2.55,2.1,13,7.2,0.779,43.325
323,2-oxopropyl,5.113 ,3.743 ,3.894 ,4.564 ,5.305 ,4.525 ,4.018 ,3.793 ,0.674,0.503,0.597,0.607,0.629,0.619,0.479,0.607,0.451,0.639,0.685,0.573,0.645,0.567,0.635,0.558,0.639,0.576,0.646,0.569,0.636,0.56,0.639,0.526,0.621,3.85,4.37,4.33,4.43,1.85,1.88,1.8,1.82,3.89,-0.358,-0.561,10.18981481,-2.820601852,10.18981481,1.171296296,0.39326185,57.072,52.032,57.03403978,23,0,0,0,0,0,-666,-666,-666,2.15E-20,-0.243437125,1.54E-33,-2.176759573,-1.62E-17,-2.218748589,-1.02E-17,-0.926728927,4.055701378,113.8617399,7.654700538,6.90824829,1.90824829,3.854059275,3.204124145,0.704124145,0.329124145,0.329124145,0,0,0,0,-0.04,50.07031062,0.547586172,1.297837838,1128.96,32.65550986,0,0,0,0,0,31.15930751,0,0,0,0,0,0,0,0,11.64832996,5.783244946,0,0,0,6.851892117,0,6.875840478,0,0,0,0,0,0,5.783244946,4.794537184,6.875840478,13.7056849,0,0,0,0,-666,19.51097754,4.794537184,0,0,0,0,0,0,0,0,6.853792781,31.79976852,0,10.18981481,0,0,-1.414351852,0,0,-3.991898148,0,0.333333333,4,0,1,0,0,0,0,0,0,1,0,1,-666,0,0,0,-666,0.40949,16.038,0,0,0,0,0,0,0,0,0,0,1,1,0,0,0,0,0,0,0,0,0,0,0,0,0,0,0,0,0,0,0,0,0,0,0,0,-666,0,0,0,0,0,0,0,0,0,0,0,0,0,0,1,1,0,-666,0,0,0,0,0,0,0,0,0,0,0,0,0,0,0,0,0,0,0,0,0,0,0,0,0,0,0,0,-666,0,0,70,6,12.011,1.262119,11.3,4,2.55,2.2,206.9,13,-0.403066401,-0.38890324,C,6,1,1,2.55,2.1,2.1,8,6.75,0.846,27.133
324,2-oxopyrrolidin-1-yl,6.313 ,4.680 ,4.833 ,5.683 ,6.526 ,5.630 ,5.064 ,4.801 ,0.526,0.364,0.404,0.377,0.394,0.371,0.267,0.365,0.256,0.426,0.249,0.312,0.415,0.31,0.411,0.308,0.414,0.312,0.415,0.311,0.411,0.309,0.415,0.312,0.423,4.87,5.51,5.46,5.58,2.34,2.42,2.29,2.31,4.83,-0.221,-0.339,10.70541667,-2.891782407,10.70541667,1.377314815,0.403296839,84.098,78.05,84.04493881,33,0,0,0,0,0,-666,-666,-666,8.81E-16,-0.185577534,-2.51E-16,-2.398555458,0,-2.413791976,-4.82E-34,-0.982881684,3.188780379,235.7025845,9.78445705,8.855461886,2.855461886,5.127827085,4.401337741,1.401337741,0.778759362,0.778759362,0.382781381,0.382781381,0.18809154,0.18809154,-0.08,257.2080642,1.00855457,1.578792476,0.69797454,44.9694535,0,0,0,0,0,43.48576634,0,0,0,0,0,0,0,0,13.01908852,5.907179729,0,5.316788604,0,12.7458498,6.496859684,0,0,0,5.316788604,0,0,0,12.40403941,4.794537184,0,20.97040114,0,0,0,0,-666,25.14988922,4.794537184,0,0,0,0,0,0,0,5.316788604,8.224551337,41.84435185,0,10.70541667,2.770833333,0,-1.377314815,0,-5.756365741,-2.77025463,0,0.75,6,0,2,0,0,0,0,0,0,-666,0,2,-666,0,0,0,-666,-0.0888,21.242,0,0,0,0,0,0,0,0,0,0,1,1,0,0,0,1,0,0,0,0,0,0,0,0,0,0,0,1,0,0,0,0,0,0,0,0,-666,0,0,0,0,0,0,0,0,0,0,0,0,0,0,0,0,0,-666,0,0,0,0,0,0,0,0,0,0,0,0,0,0,0,0,0,0,0,0,0,0,0,0,0,0,0,0,-666,0,0,65,7,14.007,-1.4,7.4,5,3.04,0.001145,234.6,14.4,-0.402292047,-0.400307746,N,6,6,0,2.55,2.55,0,12,5.1,0.796,42.95
325,2-phenylbut-3-en-2-yl,4.471 ,3.257 ,3.380 ,4.502 ,4.699 ,4.587 ,3.674 ,3.503 ,0.346,0.16,0.291,0.289,0.265,0.292,0.152,0.284,0.133,0.323,0.236,0.166,0.322,0.166,0.321,0.151,0.316,0.167,0.322,0.169,0.323,0.154,0.317,0.134,0.309,3.2,3.82,3.77,3.9,1.27,1.34,1.24,1.22,3.37,-0.077,-0.261,7.708333333,-3.001530612,7.708333333,0.677777778,0.578603121,131.198,120.11,131.0860754,51,0,0,0,0,0,-666,-666,-666,-3.97E-15,-0.243557418,-2.23E-16,-2.38518864,-6.19E-17,-2.245179834,9.52E-17,-0.943057994,3.721443385,577.1056553,16.69615242,16,5,9.407477288,8,2.5,1.5,1.5,0.875,0.875,0.4375,0.4375,0,19076.64361,1.836734694,4,2,77.71416228,0,0,0,0,0,76.26471625,0,0,0,0,0,0,0,0,15.07834412,0,0,0,0,6.851892117,0,54.33448001,0,0,0,0,0,0,0,0,5.917906046,21.93023624,48.41657397,0,0,0,0,61.18637213,0,0,0,0,0,0,0,0,0,15.07834412,81.68165864,0,0,0,-0.677777778,-0.903240741,-4.731457861,0,-4.119182256,0,0.1,10,0,0,0,0,0,0,0,0,0,0,0,-666,0,0,0,-666,2.81919,45.477,0,0,0,0,0,0,0,0,0,0,0,0,0,0,0,0,0,0,0,0,0,0,0,0,0,0,7,0,0,0,0,0,0,0,0,0,-666,0,0,0,0,0,0,0,0,0,0,0,0,0,0,0,0,0,-666,0,0,0,0,0,0,0,0,0,0,0,0,0,0,0,0,0,0,0,0,0,0,0,0,0,0,0,0,-666,0,0,70,6,12.011,1.262119,11.3,4,2.55,2.2,327,17.3,-0.397429335,-0.315166997,C,6,6,6,2.55,2.55,2.55,18,7.65,0.594,60.215
326,2-phenylethane-1-thiol,2.160 ,1.689 ,1.743 ,2.172 ,2.243 ,2.202 ,1.863 ,1.797 ,0.612,0.53,0.353,0.393,0.376,0.384,0.298,0.383,0.285,0.405,0.429,0.349,0.402,0.348,0.402,0.33,0.392,0.35,0.403,0.352,0.404,0.334,0.394,0.305,0.361,1.07,1.15,1.14,1.16,0.68,0.71,0.67,0.68,1.05,-0.302,-0.364,7.69837963,-2.895949074,7.69837963,0.165468396,0.594765411,138.235,128.155,138.0503213,48,0,0,0,0,0,-666,-666,-666,0.963060544,-1.462916368,-0.025610475,-2.445559284,-3.59E-18,-2.468983889,0.878898699,-1.562670168,3.59592534,494.1492668,15.1712084,14.40824829,5.224744871,8.486086652,7.112372436,2.612372436,1.227062073,1.431186218,0.676031036,0.778093109,0.363531036,0.465593109,0.35,8116.578594,1.741095621,4.210953581,2.613618545,75.10487311,0,0,0,0,0,73.90466726,0,0,0,0,0,0,0,0,12.33682701,12.53269604,1.123799173,0,0,6.372924901,5.704956885,35.83346326,0,0,0,0,0,12.53269604,6.828756058,0,0,18.70975191,35.83346326,0,0,0,0,47.91134505,0,0,12.53269604,0,0,0,0,0,0,13.46062618,74.64739347,-0.165468396,0,0,-3.523752834,0,-3.728889834,-2.895949074,0,0,0.25,9,0,0,0,0,0,0,0,0,1,1,1,-666,0,0,0,-666,2.3587,44.833,0,0,0,0,0,0,0,0,0,0,0,0,0,0,0,0,0,0,0,0,0,0,1,0,0,0,6,0,0,0,0,0,0,0,0,0,-666,0,0,0,0,0,0,0,0,0,0,0,0,0,0,0,0,0,-666,0,0,0,0,0,0,0,0,0,0,0,0,0,0,0,0,0,0,0,0,0,0,0,0,0,0,0,0,-666,0,0,70,6,12.011,1.262119,11.3,4,2.55,2.2,324.9,17.3,-0.372038674,-0.228741913,C,6,1,16,2.55,2.1,2.58,23,7.23,0.891,46.069
327,2-phenylpropan-2-yl,3.357 ,2.477 ,2.563 ,3.379 ,3.516 ,3.438 ,2.794 ,2.672 ,0.398,0.163,0.348,0.358,0.308,0.356,0.165,0.35,0.148,0.383,0.288,0.186,0.379,0.186,0.379,0.168,0.373,0.188,0.379,0.189,0.38,0.171,0.374,0.148,0.364,2.46,2.9,2.86,2.95,1.01,1.07,0.99,0.97,2.56,-0.08,-0.328,7.632407407,-3.097942649,7.632407407,0.709089191,0.532792003,119.187,108.099,119.0860754,47,0,0,0,0,0,-666,-666,-666,1.53E-15,-1.643811247,-5.38E-17,-2.444588188,-3.90E-17,-2.320984254,6.24E-16,-1.698468356,3.658434883,493.4825641,16.04145188,15.5,4.5,8.797434948,7.75,2.25,1.375,1.375,0.75,0.75,0.375,0.375,0,9574.379676,1.44,3.239669421,2,72.03882319,0,0,0,0,0,70.53349766,0,0,0,0,0,0,0,0,15.07834412,0,0,0,0,13.70378423,0,41.75136931,0,0,0,0,0,0,0,0,5.917906046,28.78212835,35.83346326,0,0,0,0,55.45515354,0,0,0,0,0,0,0,0,0,15.07834412,81.18877079,0,0,0,-0.781481481,-1.123148148,-3.921589191,0,-6.195885299,0,0.222222222,9,0,0,0,0,0,0,0,0,0,0,0,-666,0,0,0,-666,2.65309,40.954,0,0,0,0,0,0,0,0,0,0,0,0,0,0,0,0,0,0,0,0,0,0,0,0,0,0,6,0,0,0,0,0,0,0,0,0,-666,0,0,0,0,0,0,0,0,0,0,0,0,0,0,0,0,0,-666,0,0,0,0,0,0,0,0,0,0,0,0,0,0,0,0,0,0,0,0,0,0,0,0,0,0,0,0,-666,0,0,70,6,12.011,1.262119,11.3,4,2.55,2.2,308.6,16.7,-0.391500496,-0.303183259,C,6,6,6,2.55,2.55,2.55,18,7.65,0.716,56.26
328,2-sulfanylethyl,2.885 ,2.310 ,2.417 ,2.899 ,2.990 ,2.938 ,2.496 ,2.408 ,0.768,0.616,0.53,0.563,0.592,0.576,0.426,0.566,0.4,0.611,0.676,0.533,0.627,0.532,0.627,0.507,0.612,0.535,0.628,0.537,0.629,0.513,0.615,0.47,0.582,2.36,2.7,2.68,2.74,1.09,1.12,1.06,1.07,2.41,-0.277,-0.481,6.659722222,-2.125,6.659722222,0.106481481,0.392478006,61.129,56.089,61.01119616,19,0,0,0,0,0,-666,-666,-666,-0.030033639,-0.178680508,-0.758676624,-2.25704806,-0.604428639,-2.223711156,-0.12695765,-0.757311591,3.708324167,70.82892142,6.78445705,6.40824829,2.224744871,3.504035845,2.862372436,0.862372436,0.102062073,0.306186218,0,0,0,0,0.35,38.33669273,0.342456847,2.35,2.35,32.96500817,0,0,0,0,0,31.7203268,0,0,0,0,0,0,0,0,5.483034225,12.53269604,1.123799173,0,0,0,5.704956885,6.875840478,0,0,0,0,0,12.53269604,6.828756058,0,6.875840478,5.483034225,0,0,0,0,0,12.58079736,0,0,12.53269604,0,0,0,0,0,0,6.606833398,32.63194444,0.106481481,0,0,-2.125,0,0,0,-0.863425926,0,0.5,3,0,0,0,0,0,0,0,0,1,1,1,-666,0,0,0,-666,0.75029,19.21,0,0,0,0,0,0,0,0,0,0,0,0,0,0,0,0,0,0,0,0,0,0,1,0,0,0,0,0,0,0,0,0,0,0,0,0,-666,0,0,0,0,0,0,0,0,0,0,0,0,0,0,0,0,0,-666,0,0,0,0,0,0,0,0,0,0,0,0,0,0,0,0,0,0,0,0,0,0,0,0,0,0,0,0,-666,0,0,70,6,12.011,1.262119,11.3,4,2.55,2.2,205.1,14.2,-0.376799364,-0.337875472,C,6,1,1,2.55,2.1,2.1,8,6.75,1.013,25.019
329,2-sulfanylphenyl,3.821 ,3.120 ,3.259 ,3.839 ,3.952 ,3.887 ,3.336 ,3.225 ,0.691,0.612,0.417,0.391,0.485,0.435,0.312,0.394,0.288,0.485,0.251,0.31,0.502,0.309,0.502,0.293,0.489,0.311,0.503,0.312,0.504,0.296,0.492,0.276,0.475,3.13,3.55,3.52,3.6,1.53,1.56,1.49,1.52,3.26,-0.209,-0.298,7.269907407,-0.311574074,7.269907407,0.125925926,0.482197647,109.173,104.133,109.0111962,35,0,0,0,0,0,-666,-666,-666,11.1615539,-0.093102469,0.268918629,-2.175153365,0.330674146,-1.984547549,2.490967114,-0.430900037,3.227107782,301.0603058,9.300964908,8.40824829,4.224744871,5.574586063,4.112372436,2.112372436,0.954124145,1.362372436,0.477062073,0.681186218,0.238531036,0.340593109,0.35,454.5175035,1.943125604,2.606803758,1.723373014,55.35013638,0,0,0,0,0,54.32897304,0,0,0,0,0,0,0,0,5.483034225,12.53269604,1.123799173,0,0,0,0,35.1894436,0,0,0,0,0,12.53269604,1.123799173,0,6.076020107,5.483034225,29.1134235,0,0,0,0,0,0,0,29.1134235,12.53269604,0,0,0,0,6.076020107,6.606833398,35.6912963,0.516064815,0.125925926,0,0,0,-1.048101852,2.381481481,0,0,0,7,0,0,0,0,0,0,0,0,1,1,1,-666,0,0,0,-666,1.72929,34.022,0,0,0,0,0,0,0,0,0,0,0,0,0,0,0,0,0,0,0,0,0,0,1,0,0,0,5,0,0,0,0,0,0,0,0,0,-666,0,0,0,0,0,0,0,0,0,0,0,0,0,0,0,0,0,-666,0,0,0,0,0,0,0,0,0,0,0,0,0,0,0,0,0,0,0,0,0,0,0,0,0,0,0,0,-666,0,0,70,6,12.011,1.262119,11.3,4,2.55,2.2,264,17.1,-0.373519796,-0.333528479,C,6,6,0,2.55,2.55,0,12,5.1,1.048,49.214
330,2-tert-butylphenyl,3.203 ,2.617 ,2.707 ,3.219 ,3.316 ,3.261 ,2.790 ,2.696 ,0.693,0.593,0.434,0.46,0.478,0.469,0.314,0.464,0.312,0.485,0.281,0.29,0.5,0.289,0.5,0.274,0.487,0.291,0.501,0.292,0.502,0.277,0.489,0.253,0.471,2.54,2.87,2.85,2.91,1.28,1.3,1.24,1.27,2.7,-0.235,-0.406,7.756365741,-3.598984316,7.756365741,0.769189342,0.51020004,133.214,120.11,133.1017254,53,0,0,0,0,0,-666,-666,-666,0.554177159,-2.073016164,-0.060187266,-2.637108755,-1.01E-16,-2.562731196,0.54203347,-2.090344929,4.008839115,555.6763529,18.59385813,18,5,9.997906126,9,2.5,1.75,1.75,0.875,0.875,0.4375,0.4375,0,28676.05178,1.531190926,2.93877551,2,81.21370631,0,0,0,0,0,79.64793967,0,0,0,0,0,0,0,0,17.81986123,0,0,0,5.414990469,20.55567635,0,35.85741162,0,0,0,0,0,0,0,0,11.49101058,38.37553758,29.78139151,0,0,0,0,55.75205834,0,0,0,0,0,0,0,6.076020107,0,17.81986123,97.86949877,0,0,0,-4.590625,0,-3.585508787,1.936921296,-10.79695295,0,0.4,10,0,0,0,0,0,0,0,0,0,0,0,-666,0,0,0,-666,2.88809,44.491,0,0,0,0,0,0,0,0,0,0,0,0,0,0,0,0,0,0,0,0,0,0,0,0,0,0,6,0,0,0,0,0,0,0,0,0,-666,0,0,0,0,0,0,0,0,0,0,0,0,0,0,0,0,0,-666,0,0,0,0,0,0,0,0,0,0,0,0,0,0,0,0,0,0,0,0,0,0,0,0,0,0,0,0,-666,0,0,70,6,12.011,1.262119,11.3,4,2.55,2.2,329.1,16.7,-0.389709826,-0.313200333,C,6,6,0,2.55,2.55,0,12,5.1,1.038,54.897
331,"3,5-bis_ethoxycarbonyl_-2,6-dimethyl-1,4-dihydropyridin-4-yl",1.998 ,1.261 ,1.300 ,1.799 ,2.124 ,1.786 ,1.443 ,1.324 ,0.435,0.407,0.276,0.287,0.283,0.289,0.248,0.289,0.244,0.307,0.417,0.294,0.316,0.29,0.318,0.274,0.306,0.294,0.316,0.293,0.32,0.28,0.309,0.267,0.3,1.34,1.63,1.6,1.66,0.52,0.53,0.49,0.47,1.3,-0.016,0.318,12.69211463,-3.794113718,12.69211463,0.49896164,0.767451421,252.29,234.146,252.1235831,99,0,0,0,0,0,-666,-666,-666,1.43E-15,-0.249074201,-2.78E-17,-2.492188091,-3.63E-17,-2.533959741,1.07E-16,-1.053433037,3.970030374,965.4365798,29.03301572,26.58020676,8.580206757,15.57702137,13.11917206,4.171958467,2.667180242,2.667180242,1.642919365,1.642919365,0.957179511,0.957179511,-0.2,6195390.23,3.919877657,7.404053386,3.897157786,132.1810417,0,0,0,0,0,130.4886616,0,0,0,0,0,0,0,0,43.77753781,11.93861058,0,5.309813353,0,27.40756847,13.11797049,28.93716095,0,0,5.309813353,0,0,0,25.05658106,19.06280028,6.041840829,50.71046392,22.89532012,1.411842078,0,0,-666,86.71112383,9.589074368,0,0,0,0,0,0,0,9.473725908,24.71473753,141.9767218,0,25.38422926,-0.49896164,-4.888529423,-4.419956617,-3.283535092,0,-22.10330163,0,0.461538462,18,1,5,0,0,0,0,0,0,5,1,5,-666,0,0,0,-666,1.46809,66.1017,0,0,0,0,0,0,0,0,0,0,2,2,0,0,0,0,1,0,0,0,-666,0,0,0,0,0,1,0,0,0,0,0,0,0,0,0,-666,0,1,0,2,2,0,0,0,0,0,0,0,0,0,0,0,0,-666,0,0,0,0,0,0,0,0,0,0,0,0,0,0,0,0,0,0,0,0,0,0,0,0,0,0,0,0,-666,0,0,70,6,12.011,1.262119,11.3,4,2.55,2.2,494.7,17.6,-0.395141289,-0.27422919,C,6,6,1,2.55,2.55,2.1,13,7.2,0.635,58.952
332,"3,5-bis_trifluoromethyl_benzenesulfonyl",6.934 ,4.944 ,5.075 ,5.958 ,7.144 ,5.851 ,5.460 ,5.167 ,0.321,0.188,0.227,0.196,0.258,0.212,0.174,0.208,0.165,0.23,0.226,0.189,0.243,0.159,0.228,0.188,0.242,0.191,0.244,0.159,0.227,0.185,0.241,0.204,0.255,5.42,6.12,6.06,6.2,2.75,2.94,2.71,2.76,5.07,-0.152,-0.198,12.58327538,-5.531759259,12.58327538,1.749398148,0.694885215,277.165,274.141,276.9757947,95,0,0,0,0,0,-666,-666,-666,19.14243093,-0.243428771,1.419536972,-2.292877046,1.658373341,-2.233228647,4.547656191,-0.799788684,3.814523055,513.8009744,16.04145188,10.49253171,8.30902829,8.797434948,5.171350898,4.746265855,2.684350332,3.562014719,1.460675449,1.998132927,0.812618761,1.183409573,-0.15,8327.009634,10.7432929,4.848345869,3.919930926,98.52495814,0,0,0,0,0,97.57715174,0,0,0,0,0,0,0,0,39.5602657,11.4567282,0,0,0,12.35259703,0,34.20756081,0,0,0,26.34249029,0,11.4567282,12.35259703,9.105499747,0,4.112275669,34.20756081,0,0,0,-666,58.01688604,35.44799003,0,0,0,0,0,0,0,0,4.112275669,117.7385494,-3.658888889,-1.749398148,0,-4.694398148,0,-5.850123457,-11.06351852,0,0,0.25,17,0,2,0,0,0,0,0,0,0,0,9,-666,0,0,0,-666,3.8212,45.323,0,0,0,0,0,0,0,0,0,0,0,0,0,0,0,0,0,0,0,0,0,0,0,0,0,6,5,0,0,0,0,0,0,0,0,0,-666,0,0,0,0,0,0,0,6,0,0,0,0,0,0,0,0,0,-666,0,0,0,0,0,0,0,0,0,0,0,0,0,0,0,0,0,0,0,0,0,0,0,0,0,0,0,0,-666,0,0,100,16,32.06,2.07710403,19.4,6,2.58,2.07,398.5,17.8,-0.476938584,-0.408345094,S,8,8,6,3.44,3.44,2.55,22,9.43,0.374,45.804
333,"3,5-bis_trifluoromethyl_phenyl",4.013 ,3.365 ,3.510 ,4.029 ,4.122 ,4.069 ,3.603 ,3.508 ,0.714,0.577,0.45,0.492,0.509,0.498,0.352,0.493,0.348,0.513,0.229,0.337,0.525,0.337,0.525,0.325,0.513,0.338,0.526,0.339,0.527,0.327,0.515,0.306,0.498,3.38,3.73,3.7,3.77,1.92,1.97,1.86,1.9,3.51,-0.279,-0.424,12.32085412,-5.265509259,12.32085412,1.33462963,0.578086841,213.1,210.076,213.0138944,77,0,0,0,0,0,-666,-666,-666,18.997,-0.154298167,1.304375102,-2.348978277,1.57304731,-2.148083096,3.854070908,-1.351536155,3.545777863,419.6475443,13.59385813,9.267786838,6.267786838,7.459230991,4.633893419,3.133893419,2.245518138,2.245518138,1.19194671,1.19194671,0.627223355,0.627223355,-0.42,2174.526082,7.817934,3.622387272,2.783408916,79.4273295,0,0,0,0,0,78.18580739,0,0,0,0,0,0,0,0,30.45476595,0,0,0,0,12.35259703,0,35.37844441,0,0,0,26.34249029,0,0,12.35259703,0,6.076020107,4.112275669,29.3024243,0,0,0,0,41.65502133,26.34249029,0,0,0,0,6.076020107,0,0,0,4.112275669,94.41731481,0,0,0,-4.081805556,0,-4.805787037,-9.196388889,0,0,0.25,14,0,0,0,0,0,0,0,0,0,0,6,-666,0,0,0,-666,3.33679,36.089,0,0,0,0,0,0,0,0,0,0,0,0,0,0,0,0,0,0,0,0,0,0,0,0,0,6,6,0,0,0,0,0,0,0,0,0,-666,0,0,0,0,0,0,0,6,0,0,0,0,0,0,0,0,0,-666,0,0,0,0,0,0,0,0,0,0,0,0,0,0,0,0,0,0,0,0,0,0,0,0,0,0,0,0,-666,0,0,70,6,12.011,1.262119,11.3,4,2.55,2.2,340.7,16.3,-0.471192636,-0.387297063,C,6,6,0,2.55,2.55,0,12,5.1,1.073,43.813
334,"3,5-dichloro-2,4,6-trioxo-1,3,5-triazinan-1-yl",11.281 ,8.001 ,8.343 ,10.165 ,11.633 ,10.069 ,9.081 ,8.617 ,0.06,0.052,0.221,0.159,0.231,0.163,0.126,0.158,0.119,0.253,0.156,0.55,0.784,0.553,0.781,0.524,0.762,0.548,0.782,0.557,0.785,0.533,0.769,0.506,0.741,8.61,9.68,9.6,9.8,4.27,4.44,4.21,4.23,8.34,-0.102,-0.14,10.63222222,-1.140216049,10.63222222,0.105555556,0.540538752,196.957,196.957,195.9316712,59,0,0,0,0,0,-666,-666,-666,35.50091738,10.69903643,2.37666509,-2.200560459,2.116683013,-2.51440177,6.402959882,0.178189275,2.872417886,219.9818948,8.593858127,4.822314604,6.334172496,5.03658126,2.292074924,2.968198328,1.521194456,2.19731786,0.86306018,1.441457982,0.410336835,0.675808338,0.34,256.3467848,9.428183422,3.378393142,1.738404121,70.84727405,0,0,0,0,0,70.18501781,0,0,0,0,0,0,0,0,14.38361155,41.64667999,0,14.15472627,0,0,0,0,0,0,5.316788604,14.38361155,0,23.55333645,26.9312812,0,0,0,0,0,0,0,-666,18.09334354,14.38361155,0,8.837937665,0,0,0,0,0,5.316788604,23.55333645,0.211111111,10.07981481,31.55382716,2.784444444,0,0,-3.406975309,0,0,0,0,11,0,6,0,0,0,0,0,0,-666,0,8,-666,0,0,0,-666,0.876,33.706,0,0,0,0,0,0,0,0,0,0,3,3,0,0,0,3,0,0,0,0,-666,0,0,0,0,0,0,6,0,0,0,0,0,0,0,0,-666,0,0,0,0,0,0,0,2,0,0,0,3,0,0,0,0,0,-666,0,0,0,0,0,0,0,0,0,0,0,0,0,0,0,0,0,0,0,0,0,0,0,0,0,0,0,0,-666,3,0,65,7,14.007,-1.4,7.4,5,3.04,0.001145,304.1,17.7,-0.467638133,-0.465874831,N,6,6,0,2.55,2.55,0,12,5.1,-0.017,49.156
335,"3,5-difluorophenyl",3.930 ,3.277 ,3.420 ,3.946 ,4.047 ,3.990 ,3.486 ,3.383 ,0.713,0.536,0.465,0.496,0.508,0.506,0.348,0.5,0.341,0.516,0.236,0.332,0.531,0.332,0.53,0.32,0.519,0.333,0.532,0.334,0.533,0.322,0.521,0.302,0.505,3.25,3.63,3.6,3.67,1.7,1.73,1.65,1.68,3.42,-0.274,-0.442,12.44199074,-1.279166667,12.44199074,0.748703704,0.480565579,113.086,110.062,113.0202815,41,0,0,0,0,0,-666,-666,-666,13.00089434,-1.274463934,0.608755564,-2.140862928,0.809083428,-2.006574045,3.620514521,-1.393388937,3.281646062,282.692746,8.593858127,6.755928946,3.755928946,5.03658126,3.377964473,1.877964473,1.127964473,1.127964473,0.563982237,0.563982237,0.299848261,0.299848261,-0.14,256.3467848,3.136253269,2.42306753,1.423692918,50.03530366,0,0,0,0,0,48.77908887,0,0,0,0,0,0,0,0,12.89310576,0,0,0,0,0,0,35.8859831,0,0,0,8.780830095,0,0,0,0,6.076020107,4.112275669,29.809963,0,0,0,0,29.809963,8.780830095,0,0,0,0,0,0,6.076020107,0,4.112275669,45.12101852,0,0,0,0,-2.558333333,-2.540231481,1.81087963,0,0,0,8,0,0,0,0,0,0,0,0,0,0,2,-666,0,0,0,-666,2.06619,26.195,0,0,0,0,0,0,0,0,0,0,0,0,0,0,0,0,0,0,0,0,0,0,0,0,0,0,6,0,0,0,0,0,0,0,0,0,-666,0,0,0,0,0,0,0,2,0,0,0,0,0,0,0,0,0,-666,0,0,0,0,0,0,0,0,0,0,0,0,0,0,0,0,0,0,0,0,0,0,0,0,0,0,0,0,-666,0,0,70,6,12.011,1.262119,11.3,4,2.55,2.2,252.1,15.6,-0.430321996,-0.36089137,C,6,6,0,2.55,2.55,0,12,5.1,1.061,43.142
336,3-_acetyloxy_phenyl,3.680 ,2.971 ,3.103 ,3.662 ,3.808 ,3.702 ,3.173 ,3.054 ,0.715,0.539,0.441,0.469,0.493,0.48,0.336,0.474,0.33,0.498,0.229,0.33,0.514,0.33,0.511,0.317,0.502,0.331,0.516,0.332,0.513,0.319,0.503,0.298,0.486,2.94,3.34,3.31,3.38,1.43,1.44,1.38,1.41,3.1,-0.255,-0.4,11.06128023,-3.013187949,11.06128023,0.491960506,0.429596687,135.142,128.086,135.0446045,51,0,0,0,0,0,-666,-666,-666,11.14253771,-0.243478775,5.58E-17,-2.229572819,0.032288431,-2.248320849,2.048043416,-0.927271736,3.08491702,454.9843777,13.37831518,11.81649658,4.816496581,7.641752976,5.862372436,2.362372436,1.343643696,1.343643696,0.671821848,0.671821848,0.382259776,0.382259776,-0.08,3301.563255,2.757024742,3.937882077,2.669223008,69.32906641,0,0,0,0,0,67.9913794,0,0,0,0,0,0,0,0,19.12671003,5.969305288,0,0,0,6.851892117,0,36.04347196,0,0,0,0,0,0,5.969305288,9.531400138,6.076020107,16.44720201,29.96745186,0,0,0,-666,42.78864926,4.794537184,0,0,0,0,0,0,0,10.81288306,9.595309893,53.76642255,0,11.06128023,0,0,-2.266522581,-2.367616213,2.069623961,-3.013187949,0,0.125,10,0,2,0,0,0,0,0,0,2,0,2,-666,0,0,0,-666,1.36259,36.802,0,0,0,0,0,0,0,0,0,0,1,1,0,0,0,0,0,0,0,0,0,0,0,0,0,0,5,0,0,0,0,0,0,0,0,0,-666,0,0,0,1,1,0,0,0,0,0,0,0,0,0,0,0,0,-666,0,0,0,0,0,0,0,0,0,0,0,0,0,0,0,0,0,0,0,0,0,0,0,0,0,0,0,0,-666,0,0,70,6,12.011,1.262119,11.3,4,2.55,2.2,315,16.5,-0.408650572,-0.333953505,C,6,6,0,2.55,2.55,0,12,5.1,1.057,43.848
337,3-_dimethylamino_bicyclo_1.1.1_pentan-1-yl,3.093 ,2.306 ,2.397 ,3.114 ,3.239 ,3.167 ,2.574 ,2.461 ,0.658,0.166,0.328,0.377,0.361,0.374,0.25,0.371,0.242,0.392,0.155,0.321,0.398,0.32,0.398,0.307,0.385,0.322,0.399,0.323,0.4,0.31,0.388,0.287,0.372,2.21,2.59,2.56,2.64,0.94,0.98,0.91,0.93,2.39,-0.18,-0.311,7.680787037,-3.369791667,7.680787037,0.291666667,0.487562733,110.18,98.084,110.0969744,45,0,0,0,0,0,-666,-666,-666,-3.55E-16,-0.244322203,-2.04E-16,-2.971068979,-5.82E-17,-2.956715732,-1.68E-16,-1.081951262,2.677316323,388.9086534,16.15470054,15.9472136,3.947213595,8.482050808,8.170820393,2.170820393,1.795820393,1.795820393,1.253115295,1.253115295,0.710410197,0.710410197,-0.04,5810.537351,0.877705845,1.104685293,0.333754443,67.53672108,0,0,0,0,0,65.87627221,0,0,0,0,0,0,0,0,16.44910267,0,0,4.899909731,0,24.65769996,13.9516538,5.917906046,0,0,0,0,0,0,24.39048878,0,5.917906046,35.56787738,0,0,0,0,-666,44.5272598,0,0,4.899909731,0,0,0,0,0,0,16.44910267,89.77777778,0,-0.291666667,0,-2.890046296,-0.739814815,0,-7.95,-6.739583333,0,0.857142857,8,0,1,0,0,0,0,0,0,1,0,1,-666,0,0,0,-666,1.05879,33.512,0,0,0,0,0,0,0,0,0,0,0,0,0,0,0,1,0,0,0,0,-666,0,0,0,0,0,0,0,0,0,0,0,0,0,0,0,-666,0,0,0,0,0,0,0,0,0,0,0,0,0,0,0,0,0,-666,0,0,0,0,0,0,0,0,0,0,0,0,0,0,0,0,0,0,0,0,0,0,0,0,0,0,0,0,-666,0,0,70,6,12.011,1.262119,11.3,4,2.55,2.2,286.7,15.1,-0.362858186,-0.31047746,C,6,6,6,2.55,2.55,2.55,18,7.65,0.803,47.463
338,3-_methylsulfanyl_phenyl,3.587 ,2.923 ,3.053 ,3.604 ,3.711 ,3.650 ,3.122 ,3.015 ,0.706,0.519,0.382,0.351,0.486,0.392,0.275,0.353,0.249,0.49,0.231,0.317,0.504,0.317,0.503,0.302,0.49,0.318,0.505,0.32,0.506,0.305,0.493,0.282,0.474,2.89,3.28,3.25,3.33,1.36,1.41,1.33,1.37,3.05,-0.18,-0.269,7.438657407,-2.365650983,7.438657407,0.128703704,0.515799451,123.2,116.144,123.0268462,41,0,0,0,0,0,-666,-666,-666,10.35932968,-0.242489498,-5.20E-18,-2.25589445,4.00E-17,-2.134337199,1.644545767,-0.857201663,3.13952684,373.2901641,11.80096491,10.90824829,4.724744871,6.721032672,5.40824829,2.724744871,1.056186218,1.668558654,0.579124145,0.987372436,0.289562073,0.493686218,0.35,1252.873176,1.914451612,3.390092653,1.696682536,63.81216699,0,0,0,0,0,62.73056255,0,0,0,0,0,0,0,0,9.595309893,11.76188495,0,0,0,0,6.183924101,35.1894436,0,0,0,0,0,11.76188495,6.183924101,0,6.076020107,9.595309893,29.1134235,0,0,0,0,18.28806759,0,0,17.00928001,11.76188495,0,0,0,0,6.076020107,9.595309893,50.30010299,0.367268519,-0.128703704,0,0,0,-1.481813114,-0.14018802,0,0,0.142857143,8,0,0,0,0,0,0,0,0,1,0,1,-666,0,0,0,-666,2.16249,38.551,0,0,0,0,0,0,0,0,0,0,0,0,0,0,0,0,0,0,0,0,0,0,0,0,0,0,5,0,0,0,0,0,0,0,0,0,-666,0,0,0,0,0,0,0,0,0,0,0,0,0,0,0,0,0,-666,0,0,0,0,0,0,0,0,0,0,0,0,0,0,0,0,0,0,0,0,1,0,0,0,0,0,0,0,-666,0,0,70,6,12.011,1.262119,11.3,4,2.55,2.2,289.2,17.3,-0.362254522,-0.327121676,C,6,6,0,2.55,2.55,0,12,5.1,1.049,43.558
339,3-_trifluoromethyl_phenyl,3.753 ,3.097 ,3.233 ,3.770 ,3.870 ,3.813 ,3.314 ,3.213 ,0.715,0.551,0.451,0.487,0.501,0.493,0.349,0.489,0.344,0.506,0.23,0.337,0.518,0.337,0.518,0.324,0.506,0.338,0.519,0.339,0.52,0.326,0.509,0.306,0.493,3.07,3.44,3.41,3.48,1.62,1.65,1.57,1.6,3.23,-0.276,-0.43,12.21668745,-4.853009259,12.21668745,0.673148148,0.5257331,145.103,141.071,145.0265098,53,0,0,0,0,0,-666,-666,-666,13.31837958,-1.061408568,0.583344509,-2.20754958,0.638734857,-2.167296842,3.173328499,-1.218169118,3.39211975,361.6214221,11.09385813,8.633893419,4.633893419,6.247906126,4.31694671,2.31694671,1.497759069,1.497759069,0.783473355,0.783473355,0.391736677,0.391736677,-0.21,752.9672721,3.97769894,2.805015452,1.888636914,61.97075167,0,0,0,0,0,60.68798951,0,0,0,0,0,0,0,0,18.65427937,0,0,0,0,6.176298517,0,35.85741162,0,0,0,13.17124514,0,0,6.176298517,0,6.076020107,5.483034225,29.78139151,0,0,0,0,35.95769003,13.17124514,0,0,0,0,0,6.076020107,0,0,5.483034225,64.445,0,0,0,-1.515277778,0,-3.753634259,-3.09275463,0,0,0.142857143,10,0,0,0,0,0,0,0,0,0,0,3,-666,0,0,0,-666,2.40429,31.091,0,0,0,0,0,0,0,0,0,0,0,0,0,0,0,0,0,0,0,0,0,0,0,0,0,3,6,0,0,0,0,0,0,0,0,0,-666,0,0,0,0,0,0,0,3,0,0,0,0,0,0,0,0,0,-666,0,0,0,0,0,0,0,0,0,0,0,0,0,0,0,0,0,0,0,0,0,0,0,0,0,0,0,0,-666,0,0,70,6,12.011,1.262119,11.3,4,2.55,2.2,285.7,16,-0.437143706,-0.355356104,C,6,6,0,2.55,2.55,0,12,5.1,1.062,43.334
340,3-acetamidophenyl,3.498 ,2.798 ,2.918 ,3.485 ,3.627 ,3.528 ,2.997 ,2.882 ,0.717,0.56,0.453,0.46,0.501,0.484,0.337,0.46,0.32,0.507,0.241,0.33,0.521,0.334,0.519,0.316,0.509,0.329,0.522,0.336,0.521,0.32,0.511,0.303,0.495,2.76,3.15,3.12,3.19,1.31,1.33,1.27,1.29,2.92,-0.253,-0.383,11.3529469,-3.080896282,11.3529469,0.119398148,0.618330454,134.158,126.094,134.0605889,51,0,0,0,0,0,-666,-666,-666,10.82578238,-0.243482623,7.72E-17,-2.322152417,0.031892819,-2.376122209,1.914587174,-0.925798247,3.266088747,485.8156537,14.24855867,12.85546189,4.855461886,8.069273331,6.348551336,2.401337741,1.390562761,1.390562761,0.700152044,0.700152044,0.400848645,0.400848645,-0.08,5047.440274,2.457906569,3.937882077,2.669223008,71.2284105,0,0,0,0,0,69.85192076,0,0,0,0,0,0,0,0,15.80168916,5.907179729,0,5.309813353,0,6.851892117,0,35.9813464,0,0,5.309813353,0,0,0,5.907179729,4.794537184,6.076020107,16.44720201,29.9053263,1.411842078,0,0,-666,42.66439814,4.794537184,0,5.309813353,0,0,0,0,0,6.076020107,11.00715197,57.31436236,0,11.3529469,-0.119398148,-0.669328704,-1.587934618,-2.523125472,2.063373961,-3.080896282,0,0.125,10,1,2,0,0,0,0,0,0,-666,1,2,-666,0,0,0,-666,0.93559,38.8527,0,0,0,0,0,0,0,0,0,0,1,1,0,0,0,0,1,0,0,0,-666,0,0,0,0,0,5,1,0,0,0,0,0,0,0,0,-666,0,0,0,0,0,0,0,0,0,0,0,0,0,0,0,0,0,-666,0,0,0,0,0,0,0,0,0,0,0,0,0,0,0,0,0,0,0,0,0,0,0,0,0,0,0,0,-666,0,0,70,6,12.011,1.262119,11.3,4,2.55,2.2,314.6,16.8,-0.384669828,-0.322427358,C,6,6,0,2.55,2.55,0,12,5.1,1.069,43.776
341,3-acetylphenyl,3.662 ,2.967 ,3.105 ,3.642 ,3.787 ,3.682 ,3.166 ,3.052 ,0.717,0.554,0.407,0.412,0.475,0.425,0.308,0.412,0.298,0.479,0.231,0.32,0.493,0.325,0.493,0.306,0.479,0.32,0.494,0.327,0.496,0.31,0.481,0.291,0.464,2.94,3.34,3.3,3.38,1.44,1.47,1.39,1.44,3.1,-0.226,-0.333,11.40433485,-2.962873205,11.40433485,0.502692744,0.513945019,119.143,112.087,119.0496898,45,0,0,0,0,0,-666,-666,-666,10.74384487,-0.243484326,-2.29E-16,-2.247850596,0.031595818,-2.226501237,1.891171579,-0.92391901,3.361264323,437.7934041,12.6712084,11.40824829,4.40824829,7.158589728,5.704124145,2.204124145,1.329124145,1.329124145,0.727062073,0.727062073,0.363531036,0.363531036,-0.04,1997.527034,2.228786,3.21003996,1.976711222,64.21552118,0,0,0,0,0,62.88239576,0,0,0,0,0,0,0,0,14.38984708,5.783244946,0,0,0,6.851892117,0,35.85741162,0,0,0,0,0,0,5.783244946,4.794537184,6.076020107,16.44720201,29.78139151,0,0,0,-666,42.41652858,4.794537184,0,0,0,0,0,0,0,6.076020107,9.595309893,49.75641629,0,11.40433485,0,-0.67962963,-1.368287037,-2.455840892,2.05587963,-2.962873205,0,0.125,9,0,1,0,0,0,0,0,0,1,0,1,-666,0,0,0,-666,1.43099,35.717,0,0,0,0,0,0,0,0,0,0,1,1,0,0,0,0,0,0,0,0,0,0,0,0,0,0,6,0,0,0,0,0,0,0,0,0,-666,0,0,0,0,0,0,0,0,0,0,0,0,0,0,1,1,0,-666,0,0,0,0,0,0,0,0,0,0,0,0,0,0,0,0,0,0,0,0,0,0,0,0,0,0,0,0,-666,0,0,70,6,12.011,1.262119,11.3,4,2.55,2.2,290.2,16.7,-0.40175425,-0.3314658,C,6,6,0,2.55,2.55,0,12,5.1,1.058,43.212
342,3-aminophenyl,3.767 ,3.064 ,3.218 ,3.786 ,3.902 ,3.836 ,3.260 ,3.143 ,0.722,0.536,0.283,0.221,0.313,0.249,0.205,0.221,0.184,0.349,0.173,0.241,0.363,0.241,0.362,0.224,0.34,0.243,0.365,0.244,0.367,0.227,0.344,0.207,0.318,2.99,3.43,3.4,3.48,1.34,1.4,1.31,1.36,3.22,-0.174,-0.217,7.278240741,-0.459490741,7.278240741,0.081990741,0.475762523,92.121,86.073,92.05002419,35,0,0,0,0,0,-666,-666,-666,10.33929926,-1.061406153,0,-2.255622043,0.08803054,-2.383892958,1.754669423,-1.21026361,3.295614683,326.0161782,10.1712084,9.447213595,3.447213595,5.947264863,4.618033989,1.723606798,0.973606798,0.973606798,0.486803399,0.486803399,0.243401699,0.243401699,-0.04,593.979272,1.471945588,2.31410722,1.475062751,51.37514831,0,0,0,0,0,50.00778176,0,0,0,0,0,0,0,0,8.306718381,0,0,0,5.719716976,0,0,35.9813464,0,0,5.719716976,0,0,0,0,0,6.076020107,5.483034225,29.9053263,2.823684157,0,0,-666,12.10414349,0,0,23.52089978,0,0,0,0,0,6.076020107,8.306718381,42.5299537,0,0,0,-0.250416667,0,-1.619583333,2.17337963,0,0,0,7,2,1,0,0,0,0,0,0,1,1,1,-666,0,0,0,-666,0.75819,29.2234,0,0,0,0,0,0,0,0,0,0,0,0,0,0,0,0,0,1,0,0,-666,0,0,0,0,0,5,0,0,0,0,0,0,0,0,0,-666,0,0,0,0,0,0,0,0,0,0,0,0,0,0,0,0,0,-666,0,0,0,0,0,0,0,0,0,0,0,0,0,0,0,0,0,0,0,0,0,0,0,0,0,0,0,0,-666,0,0,70,6,12.011,1.262119,11.3,4,2.55,2.2,251.2,16,-0.360123347,-0.320337213,C,6,6,0,2.55,2.55,0,12,5.1,1.06,42.262
343,3-aminopropyl,2.397 ,1.894 ,1.981 ,2.410 ,2.489 ,2.444 ,2.061 ,1.985 ,0.867,0.754,0.606,0.63,0.673,0.635,0.51,0.623,0.479,0.691,0.825,0.644,0.698,0.644,0.698,0.621,0.686,0.646,0.699,0.648,0.7,0.626,0.688,0.585,0.667,1.86,2.11,2.09,2.14,0.9,0.92,0.86,0.88,1.98,-0.339,-0.514,6.912037037,-2.994212963,6.912037037,0.49,0.456662495,58.104,50.04,58.06567426,25,0,0,0,0,0,-666,-666,-666,-0.131299899,-0.186456859,-0.834426061,-2.495112761,-0.834328551,-2.677123556,-0.415918604,-0.996657437,4.74924129,134.3819626,10.15470054,9.947213595,1.947213595,5.136751346,4.618033989,0.723606798,0.236803399,0.236803399,0.055901699,0.055901699,0,0,-0.04,202.7135778,0.288840109,2.96,1.96,38.16490322,0,0,0,0,0,36.51357753,0,0,0,0,0,0,0,0,11.04823549,0,0,0,5.719716976,6.372924901,6.496859684,6.875840478,0,0,5.719716976,0,0,0,6.496859684,0,6.875840478,14.59747624,0,2.823684157,0,0,-666,25.46534204,0,0,0,0,0,0,0,0,0,11.04823549,53.89324074,0,0,0,-0.49,0,0,-2.947916667,-4.288657407,0,0.666666667,4,2,1,0,0,0,0,0,0,1,1,1,-666,0,0,0,-666,0.16929,19.0284,0,0,0,0,0,0,0,0,0,0,0,0,0,0,0,0,0,1,0,0,-666,0,0,0,0,0,0,0,0,0,0,0,0,0,0,0,-666,0,0,0,0,0,0,0,0,0,0,0,0,0,0,0,0,0,-666,0,0,0,0,0,0,0,0,0,0,0,0,0,0,0,0,0,0,0,0,0,0,0,0,0,0,0,0,-666,0,0,70,6,12.011,1.262119,11.3,4,2.55,2.2,221.4,13.2,-0.370954214,-0.307628398,C,6,1,1,2.55,2.1,2.1,8,6.75,1.075,26.066
344,3-bromophenyl,3.802 ,3.161 ,3.305 ,3.819 ,3.924 ,3.864 ,3.346 ,3.241 ,0.696,0.534,0.436,0.472,0.494,0.481,0.329,0.475,0.323,0.498,0.231,0.322,0.513,0.322,0.512,0.309,0.499,0.323,0.513,0.324,0.515,0.311,0.502,0.293,0.479,3.18,3.57,3.54,3.61,1.62,1.62,1.57,1.58,3.3,-0.246,-0.399,7.231365741,-0.20537037,7.231365741,0.04537037,0.539842344,156.002,151.97,154.9496372,35,0,0,0,0,0,-666,-666,-666,12.01019838,-1.462865866,0.523789048,-2.135608412,0.629900449,-2.010750233,3.294023077,-1.563772388,3.281646062,281.4476335,8.593858127,7.377964473,4.963961012,5.03658126,3.688982237,2.481980506,0.938982237,1.731980506,0.469491118,0.865990253,0.234745559,0.432995127,0.48,256.3467848,2.383240297,2.706103596,1.808586686,56.97675096,0,0,0,0,0,56.17965777,0,0,0,0,0,0,0,0,5.483034225,15.9299439,0,0,0,0,0,34.76667965,0,0,0,0,0,15.9299439,0,0,6.076020107,5.483034225,28.69065954,0,0,0,0,0,0,0,28.69065954,0,0,0,0,0,22.005964,5.483034225,28.88027778,2.954490741,0,0,0,0,-0.577939815,2.32650463,0,0,0,7,0,0,0,0,0,0,0,0,0,0,1,-666,0,0,0,-666,2.19439,33.963,0,0,0,0,0,0,0,0,0,0,0,0,0,0,0,0,0,0,0,0,0,0,0,0,0,0,6,0,0,0,0,0,0,0,0,0,-666,0,0,0,0,0,0,0,1,0,0,0,0,0,0,0,0,0,-666,0,0,0,0,0,0,0,0,0,0,0,0,0,0,0,0,0,0,0,0,0,0,0,0,0,0,0,0,-666,0,0,70,6,12.011,1.262119,11.3,4,2.55,2.2,264.4,17.6,-0.403763876,-0.346711774,C,6,6,0,2.55,2.55,0,12,5.1,1.055,43.133
345,3-carboxyphenyl,3.718 ,3.029 ,3.165 ,3.707 ,3.840 ,3.749 ,3.236 ,3.127 ,0.719,0.555,0.444,0.472,0.498,0.482,0.342,0.474,0.336,0.502,0.234,0.333,0.516,0.335,0.513,0.318,0.504,0.333,0.517,0.337,0.515,0.322,0.505,0.301,0.488,3.01,3.39,3.36,3.43,1.51,1.53,1.46,1.49,3.16,-0.259,-0.394,10.90433485,-1.190046296,10.90433485,0.429138322,0.605399353,121.115,116.075,121.0289544,45,0,0,0,0,0,-666,-666,-666,11.87222468,-0.091919473,0.516833707,-2.177296745,0.545042026,-2.140257323,2.55842338,-0.735595296,3.30873818,379.541393,10.87831518,9.316496581,4.316496581,6.485269665,4.566496581,2.15824829,1.287457479,1.287457479,0.704124145,0.704124145,0.352062073,0.352062073,-0.08,1094.568273,2.887598098,3.180475788,1.953512004,59.92154208,0,0,0,0,0,58.64429617,0,0,0,0,0,0,0,0,15.3863796,5.969305288,1.431199657,0,0,0,0,35.85741162,0,0,0,0,0,0,11.07811348,4.794537184,6.076020107,5.483034225,29.78139151,0,1.431199657,0,-666,35.7506968,4.794537184,0,0,0,0,0,0,0,11.1848283,6.914233882,35.12962868,0,10.90433485,3.599295163,-0.512962963,-1.190046296,-2.035017952,2.104768519,0,0,0,9,1,2,0,0,0,0,0,0,2,1,2,-666,0,0,0,-666,0.92659,32.6718,1,0,0,0,0,0,0,0,1,1,1,0,0,0,0,0,0,0,0,0,0,0,0,0,0,0,4,0,0,0,0,0,0,0,0,0,-666,0,0,0,0,0,0,0,0,0,0,0,0,0,0,0,0,0,-666,0,0,0,0,0,0,0,0,0,0,0,0,0,0,0,0,0,0,0,0,0,0,0,0,0,0,0,0,-666,0,0,70,6,12.011,1.262119,11.3,4,2.55,2.2,278,16.6,-0.419164777,-0.336770835,C,6,6,0,2.55,2.55,0,12,5.1,1.062,43.164
346,3-chlorophenyl,4.159 ,3.474 ,3.629 ,4.177 ,4.287 ,4.225 ,3.673 ,3.560 ,0.707,0.542,0.433,0.464,0.492,0.474,0.34,0.468,0.334,0.492,0.227,0.335,0.506,0.334,0.506,0.321,0.493,0.335,0.507,0.337,0.508,0.324,0.496,0.304,0.476,3.44,3.86,3.82,3.9,1.75,1.77,1.7,1.74,3.63,-0.261,-0.399,7.146296296,-0.286111111,7.146296296,0.119444444,0.481308406,111.551,107.519,111.0001528,35,0,0,0,0,0,-666,-666,-666,12.01494239,-1.059813472,0.517149136,-2.135880091,0.644156305,-1.985221049,3.340329476,-1.199155207,3.281646062,281.4476335,8.593858127,7.377964473,4.133893419,5.03658126,3.688982237,2.06694671,0.938982237,1.31694671,0.469491118,0.658473355,0.234745559,0.329236677,0.29,256.3467848,2.262772726,2.561255644,1.684442415,53.41246958,0,0,0,0,0,52.40056756,0,0,0,0,0,0,0,0,5.483034225,11.60093989,0,0,0,0,0,35.31659344,0,0,0,0,0,11.60093989,0,0,6.076020107,5.483034225,29.24057334,0,0,0,0,0,0,0,29.24057334,0,0,0,0,0,6.076020107,17.08397411,28.39705247,5.445324074,0,-0.119444444,0,0,-1.01992284,2.241435185,0,0,0,7,0,0,0,0,0,0,0,0,0,0,1,-666,0,0,0,-666,2.03829,30.889,0,0,0,0,0,0,0,0,0,0,0,0,0,0,0,0,0,0,0,0,0,0,0,0,0,0,6,0,0,0,0,0,0,0,0,0,-666,0,0,0,0,0,0,0,1,0,0,0,0,0,0,0,0,0,-666,0,0,0,0,0,0,0,0,0,0,0,0,0,0,0,0,0,0,0,0,0,0,0,0,0,0,0,0,-666,0,0,70,6,12.011,1.262119,11.3,4,2.55,2.2,257.5,16.7,-0.403831904,-0.349406703,C,6,6,0,2.55,2.55,0,12,5.1,1.058,42.209
347,3-chloropropan-1-yl,2.487 ,1.942 ,2.031 ,2.500 ,2.584 ,2.536 ,2.135 ,2.056 ,0.88,0.771,0.664,0.685,0.697,0.687,0.542,0.681,0.516,0.715,0.815,0.661,0.719,0.661,0.719,0.641,0.711,0.663,0.72,0.664,0.721,0.645,0.713,0.612,0.699,1.94,2.2,2.18,2.23,0.95,0.97,0.92,0.93,2.03,-0.401,-0.611,6.780092593,-2.713734568,6.780092593,1.159722222,0.415758163,77.534,71.486,77.01580287,25,0,0,0,0,0,-666,-666,-666,-5.88E-16,-0.185110162,-0.084963967,-2.399469793,-5.55E-17,-2.355446477,-1.77E-16,-0.917495131,4.403817967,114.6515613,8.577350269,7.877964473,2.633893419,4.193375673,3.688982237,1.06694671,0.219491118,0.408473355,0.047245559,0.141736677,0,0,0.29,69.54184355,0.538043836,3.29,2.29,40.20222448,0,0,0,0,0,38.90636333,0,0,0,0,0,0,0,0,8.224551337,11.60093989,0,0,0,6.372924901,5.832106723,6.875840478,0,0,0,0,0,11.60093989,5.832106723,0,6.875840478,14.59747624,0,0,0,0,0,19.0808721,0,0,0,0,0,0,0,0,0,19.82549123,39.92257716,4.917314815,0,0,0,-2.688657407,0,-2.713734568,-1.159722222,0,0.666666667,4,0,0,0,0,0,0,0,0,0,0,1,-666,0,0,0,-666,1.44939,20.694,0,0,0,0,0,0,0,0,0,0,0,0,0,0,0,0,0,0,0,0,0,0,0,0,0,1,0,0,0,0,0,0,0,0,0,0,-666,0,0,0,0,0,0,0,1,0,0,0,0,0,0,0,0,0,-666,0,0,0,0,0,0,0,0,0,0,0,0,0,0,0,0,0,0,0,0,0,0,0,0,0,0,0,0,-666,0,0,70,6,12.011,1.262119,11.3,4,2.55,2.2,225.5,14.2,-0.40955797,-0.318261139,C,6,1,1,2.55,2.1,2.1,8,6.75,1.059,27.57
348,3-chloropropyl,3.241 ,2.690 ,2.820 ,3.257 ,3.350 ,3.297 ,2.838 ,2.747 ,0.854,0.709,0.568,0.61,0.652,0.62,0.489,0.609,0.465,0.651,0.653,0.582,0.661,0.582,0.661,0.56,0.648,0.584,0.662,0.586,0.663,0.565,0.651,0.529,0.629,2.68,3.01,2.98,3.05,1.38,1.38,1.34,1.34,2.82,-0.337,-0.506,6.780092593,-2.713734568,6.780092593,1.159722222,0.415758163,77.534,71.486,77.01580287,25,0,0,0,0,0,-666,-666,-666,-9.48E-17,-0.185110162,-0.084963967,-2.399469793,-5.95E-19,-2.355446477,-1.55E-16,-0.917495131,4.403817967,114.6515613,8.577350269,7.877964473,2.633893419,4.193375673,3.688982237,1.06694671,0.219491118,0.408473355,0.047245559,0.141736677,0,0,0.29,69.54184355,0.538043836,3.29,2.29,40.20222448,0,0,0,0,0,38.90636333,0,0,0,0,0,0,0,0,8.224551337,11.60093989,0,0,0,6.372924901,5.832106723,6.875840478,0,0,0,0,0,11.60093989,5.832106723,0,6.875840478,14.59747624,0,0,0,0,0,19.0808721,0,0,0,0,0,0,0,0,0,19.82549123,39.92257716,4.917314815,0,0,0,-2.688657407,0,-2.713734568,-1.159722222,0,0.666666667,4,0,0,0,0,0,0,0,0,0,0,1,-666,0,0,0,-666,1.44939,20.694,0,0,0,0,0,0,0,0,0,0,0,0,0,0,0,0,0,0,0,0,0,0,0,0,0,1,0,0,0,0,0,0,0,0,0,0,-666,0,0,0,0,0,0,0,1,0,0,0,0,0,0,0,0,0,-666,0,0,0,0,0,0,0,0,0,0,0,0,0,0,0,0,0,0,0,0,0,0,0,0,0,0,0,0,-666,0,0,70,6,12.011,1.262119,11.3,4,2.55,2.2,228.2,14.1,-0.416352884,-0.349961117,C,6,1,1,2.55,2.1,2.1,8,6.75,1.047,24.066
349,3-cyanophenyl,3.877 ,3.254 ,3.398 ,3.893 ,3.990 ,3.935 ,3.450 ,3.351 ,0.709,0.544,0.45,0.481,0.499,0.49,0.343,0.485,0.337,0.503,0.231,0.333,0.517,0.332,0.517,0.318,0.505,0.334,0.518,0.335,0.519,0.321,0.508,0.3,0.492,3.26,3.62,3.59,3.66,1.77,1.78,1.72,1.75,3.4,-0.259,-0.421,8.460037793,-0.369212963,8.460037793,0.198148148,0.484817418,102.116,98.084,102.0343741,37,0,0,0,0,0,-666,-666,-666,12.07110194,-1.059966785,0.562690195,-2.134060682,0.635871656,-2.028293943,3.086387456,-1.202362734,3.375336311,356.0928907,9.300964908,7.947213595,3.947213595,5.574586063,3.973606798,1.973606798,1.111803399,1.111803399,0.611803399,0.611803399,0.305901699,0.305901699,-0.04,431.0504606,2.695685283,3.079539222,1.47805616,53.86672515,0,0,0,0,0,52.67155871,0,0,0,0,0,0,0,0,5.483034225,0,5.261891555,0,0,0,0,35.85741162,0,6.069221313,0,0,0,0,0,0,17.40713297,5.483034225,29.78139151,0,0,0,-666,0,0,0,29.78139151,0,0,0,6.069221313,0,6.076020107,10.74492578,28.57945295,0,0,8.460037793,-0.198148148,0,0.289861111,2.20212963,0,0,0,8,0,1,0,0,0,0,0,0,1,0,1,-666,0,0,0,-666,1.36557,30.649,0,0,0,0,0,0,0,0,0,0,0,0,0,0,0,1,0,0,0,0,0,0,0,0,0,0,6,0,0,0,0,0,0,0,0,0,-666,0,0,0,0,0,0,0,0,0,0,0,0,0,0,0,0,0,-666,0,0,1,0,0,0,0,0,0,0,0,0,0,0,0,0,0,0,0,0,0,0,0,0,0,0,0,0,-666,0,0,70,6,12.011,1.262119,11.3,4,2.55,2.2,266.2,16.6,-0.425502636,-0.345912294,C,6,6,0,2.55,2.55,0,12,5.1,1.061,43.055
350,3-ethylbicyclo_1.1.1_pentan-1-yl,2.775 ,2.025 ,2.111 ,2.795 ,2.918 ,2.848 ,2.275 ,2.167 ,0.637,0.168,0.32,0.385,0.355,0.377,0.261,0.379,0.251,0.377,0.161,0.31,0.382,0.31,0.381,0.297,0.37,0.311,0.383,0.312,0.384,0.3,0.373,0.275,0.359,1.94,2.29,2.26,2.33,0.81,0.82,0.77,0.78,2.11,-0.183,-0.327,7.607291667,-3.3125,7.607291667,0.69849537,0.467838834,95.165,84.077,95.08607535,39,0,0,0,0,0,-666,-666,-666,-6.14E-16,-0.247593109,-0.003307055,-2.98193797,-7.38E-17,-2.865206559,-3.22E-19,-1.13993148,2.649790875,361.3110283,14.57735027,14.5,3.5,7.616025404,7.5,2,1.625,1.625,1.125,1.125,0.65625,0.65625,0,2463.123752,0.698060942,0.887573964,0.296296296,60.37191691,0,0,0,0,0,58.75483236,0,0,0,0,0,0,0,0,15.07834412,0,0,0,5.414990469,32.34359172,0,5.917906046,0,0,0,0,0,0,0,0,11.33289652,47.42193584,0,0,0,0,0,43.67648824,0,0,0,0,0,0,0,0,0,15.07834412,82.07395833,0,0,0,-2.83275463,-0.69849537,0,-11.06354167,-3.3125,0,0.857142857,7,0,0,0,0,0,0,0,0,0,0,0,-666,0,0,0,-666,2.15479,29.818,0,0,0,0,0,0,0,0,0,0,0,0,0,0,0,0,0,0,0,0,0,0,0,0,0,0,0,0,0,0,0,0,0,0,0,0,-666,0,0,0,0,0,0,0,0,0,0,0,0,0,0,0,0,0,-666,0,0,0,0,0,0,0,0,0,0,0,0,0,0,0,0,0,0,0,0,0,0,0,0,0,0,0,0,-666,0,0,70,6,12.011,1.262119,11.3,4,2.55,2.2,273.7,14.8,-0.421540502,-0.306411725,C,6,6,6,2.55,2.55,2.55,18,7.65,0.76,46.922
351,3-fluorophenyl,3.703 ,3.043 ,3.179 ,3.720 ,3.824 ,3.765 ,3.248 ,3.143 ,0.714,0.526,0.454,0.483,0.497,0.491,0.343,0.487,0.337,0.504,0.234,0.333,0.517,0.333,0.517,0.32,0.506,0.334,0.518,0.335,0.519,0.322,0.508,0.303,0.493,3,3.38,3.35,3.42,1.5,1.52,1.45,1.48,3.18,-0.27,-0.433,12.56199074,-1.091666667,12.56199074,0.41537037,0.459034609,95.096,91.064,95.02970335,35,0,0,0,0,0,-666,-666,-666,11.9725217,-1.059883274,0.500010096,-2.123482606,0.626153145,-2.029929368,2.525382771,-1.217905687,3.281646062,281.4476335,8.593858127,7.377964473,3.377964473,5.03658126,3.688982237,1.688982237,0.938982237,0.938982237,0.469491118,0.469491118,0.234745559,0.234745559,-0.07,256.3467848,2.039869091,2.291934264,1.456442755,47.27473875,0,0,0,0,0,45.98463024,0,0,0,0,0,0,0,0,9.873449272,0,0,0,0,0,0,36.11118097,0,0,0,4.390415048,0,0,0,0,6.076020107,5.483034225,30.03516086,0,0,0,0,30.03516086,4.390415048,0,0,0,0,0,0,6.076020107,0,5.483034225,40.20935185,0,0,0,0,-1.091666667,-2.282731481,1.99837963,0,0,0,7,0,0,0,0,0,0,0,0,0,0,1,-666,0,0,0,-666,1.76899,26.144,0,0,0,0,0,0,0,0,0,0,0,0,0,0,0,0,0,0,0,0,0,0,0,0,0,0,6,0,0,0,0,0,0,0,0,0,-666,0,0,0,0,0,0,0,1,0,0,0,0,0,0,0,0,0,-666,0,0,0,0,0,0,0,0,0,0,0,0,0,0,0,0,0,0,0,0,0,0,0,0,0,0,0,0,-666,0,0,70,6,12.011,1.262119,11.3,4,2.55,2.2,241.5,15.7,-0.414143872,-0.340268658,C,6,6,0,2.55,2.55,0,12,5.1,1.054,42.98
352,3-fluoropropyl,2.556 ,2.012 ,2.107 ,2.570 ,2.652 ,2.605 ,2.207 ,2.129 ,0.879,0.774,0.662,0.685,0.697,0.686,0.542,0.682,0.517,0.714,0.81,0.661,0.719,0.66,0.719,0.64,0.71,0.662,0.72,0.664,0.721,0.644,0.712,0.611,0.698,2,2.26,2.24,2.29,1,1.02,0.96,0.97,2.11,-0.41,-0.626,12.115,-3.66087963,12.115,1.402777778,0.426756799,61.079,55.031,61.04535341,25,0,0,0,0,0,-666,-666,-666,-1.36E-16,-0.185211089,-0.166454275,-2.384460173,-9.65E-17,-2.365204741,-9.77E-17,-0.953018882,4.403817967,114.6515613,8.577350269,7.877964473,1.877964473,4.193375673,3.688982237,0.688982237,0.219491118,0.219491118,0.047245559,0.047245559,0,0,-0.07,69.54184355,0.423082316,2.93,1.93,34.06449366,0,0,0,0,0,32.49042601,0,0,0,0,0,0,0,0,12.61496638,0,0,0,0,6.372924901,6.626694251,6.875840478,0,0,0,4.390415048,0,0,6.626694251,0,6.875840478,14.59747624,0,0,0,0,0,19.87545963,4.390415048,0,0,0,0,0,0,0,0,8.224551337,50.37615741,0,0,0,0,0,0,-3.145833333,-5.063657407,0,0.666666667,4,0,0,0,0,0,0,0,0,0,0,1,-666,0,0,0,-666,1.18009,15.949,0,0,0,0,0,0,0,0,0,0,0,0,0,0,0,0,0,0,0,0,0,0,0,0,0,1,0,0,0,0,0,0,0,0,0,0,-666,0,0,0,0,0,0,0,1,0,0,0,0,0,0,0,0,0,-666,0,0,0,0,0,0,0,0,0,0,0,0,0,0,0,0,0,0,0,0,0,0,0,0,0,0,0,0,-666,0,0,70,6,12.011,1.262119,11.3,4,2.55,2.2,212.3,12.6,-0.443522755,-0.325217246,C,6,1,1,2.55,2.1,2.1,8,6.75,1.061,24.059
353,3-hydroxyphenyl,3.871 ,3.153 ,3.294 ,3.878 ,4.005 ,3.927 ,3.362 ,3.249 ,0.722,0.553,0.449,0.481,0.499,0.489,0.355,0.485,0.35,0.5,0.233,0.343,0.515,0.343,0.512,0.329,0.503,0.343,0.516,0.346,0.514,0.333,0.505,0.314,0.488,3.09,3.51,3.47,3.55,1.49,1.51,1.45,1.48,3.29,-0.285,-0.43,7.184490741,-0.417824074,7.184490741,0.327962963,0.510481816,93.105,88.065,93.03403978,35,0,0,0,0,0,-666,-666,-666,11.1011263,-0.091917021,0.034998373,-2.182996838,0.163561971,-1.985051296,2.064945172,-0.752229818,3.250551951,301.0603058,9.300964908,8.40824829,3.40824829,5.574586063,4.112372436,1.704124145,0.954124145,0.954124145,0.477062073,0.477062073,0.238531036,0.238531036,-0.04,431.0504606,1.728380667,2.31410722,1.475062751,49.39507786,0,0,0,0,0,48.06651404,0,0,0,0,0,0,0,0,10.59184242,0,1.431199657,0,0,0,0,36.04347196,0,0,0,0,0,0,5.108808191,0,6.076020107,5.483034225,29.96745186,0,1.431199657,0,-666,6.052071746,0,0,23.91538011,0,0,0,0,0,11.1848283,6.914233882,35.00282407,0,0,3.951990741,0,-0.337037037,-1.464074074,2.17962963,0,0,0,7,1,1,0,0,0,0,0,0,1,1,1,-666,0,0,0,-666,1.35749,27.6648,0,1,1,0,0,0,0,0,0,0,0,0,0,0,0,0,0,0,0,0,0,0,0,0,0,0,5,0,0,0,0,0,0,0,0,0,-666,0,0,0,0,0,0,0,0,0,0,0,0,0,0,0,0,0,-666,0,0,0,0,0,0,0,0,0,0,0,0,0,0,0,0,0,0,0,0,0,0,0,0,0,0,0,0,-666,0,0,70,6,12.011,1.262119,11.3,4,2.55,2.2,245.8,15.9,-0.386724108,-0.332501231,C,6,6,0,2.55,2.55,0,12,5.1,1.065,42.254
354,3-hydroxypropyl,2.450 ,1.881 ,1.968 ,2.442 ,2.550 ,2.475 ,2.068 ,1.984 ,0.883,0.786,0.66,0.684,0.695,0.686,0.543,0.681,0.518,0.712,0.822,0.664,0.718,0.663,0.717,0.643,0.709,0.665,0.719,0.667,0.718,0.647,0.711,0.614,0.696,1.85,2.13,2.1,2.16,0.86,0.88,0.83,0.84,1.97,-0.407,-0.618,6.818287037,-2.952546296,6.818287037,1.254861111,0.457274989,59.088,52.032,59.04968984,25,0,0,0,0,0,-666,-666,-666,-3.52E-17,-1.454897647,-0.771875366,-2.432777977,-0.746419257,-2.446349992,-3.12E-16,-1.623935047,4.527512324,131.6473758,9.28445705,8.90824829,1.90824829,4.754035845,4.112372436,0.704124145,0.227062073,0.227062073,0.051031036,0.051031036,0,0,-0.04,142.1358234,0.349751778,2.96,1.96,36.18483277,0,0,0,0,0,34.57230981,0,0,0,0,0,0,0,0,13.33335953,0,1.431199657,0,0,6.372924901,6.558985243,6.875840478,0,0,0,0,0,0,13.09899309,0,6.875840478,14.59747624,0,0,0,0,-666,19.80775062,0,0,0,0,0,0,0,0,5.108808191,9.655750994,46.34303241,0,0,3.41125,0,0,0,-2.880208333,-4.207407407,0,0.666666667,4,1,1,0,0,0,0,0,0,1,1,1,-666,0,0,0,-666,0.20289,17.0598,0,1,0,0,0,0,0,0,0,0,0,0,0,0,0,0,0,0,0,0,0,0,0,0,0,0,0,0,0,0,0,0,0,0,0,0,-666,0,0,0,0,0,0,0,0,0,0,0,0,0,0,0,0,0,-666,0,0,0,0,0,0,0,0,0,0,0,0,0,0,0,0,0,0,0,0,0,0,0,0,0,0,0,0,-666,0,0,70,6,12.011,1.262119,11.3,4,2.55,2.2,218.3,12.8,-0.411591022,-0.310058542,C,6,1,1,2.55,2.1,2.1,8,6.75,1.064,23.997
355,3-iodophenyl,3.866 ,3.234 ,3.385 ,3.884 ,3.990 ,3.930 ,3.402 ,3.296 ,0.673,0.512,0.421,0.429,0.475,0.448,0.312,0.434,0.3,0.477,0.231,0.316,0.492,0.316,0.492,0.301,0.479,0.317,0.493,0.318,0.494,0.304,0.482,0.282,0.467,3.28,3.68,3.65,3.72,1.69,1.67,1.63,1.62,3.38,-0.218,-0.368,7.270740741,-0.18017037,7.270740741,0.02462963,0.566009388,203.002,198.97,202.9357731,35,0,0,0,0,0,-666,-666,-666,12.02571926,-1.059752863,0.522608055,-2.140168233,0.650774685,-2.018414041,3.278962301,-1.210652364,3.281646062,281.4476335,8.593858127,7.377964473,5.535462764,5.03658126,3.688982237,2.767731382,0.938982237,2.017731382,0.469491118,1.008865691,0.234745559,0.504432846,0.73,256.3467848,2.544565286,2.899317793,1.975644766,62.37104147,0,0,0,0,0,61.93804725,0,0,0,0,0,0,0,0,5.483034225,22.59087063,0,0,0,0,0,33.8641424,0,0,0,0,0,22.59087063,0,0,6.076020107,5.483034225,27.78812229,0,0,0,0,0,0,0,24.20828698,3.579835309,0,0,22.59087063,0,6.076020107,5.483034225,29.15922778,1.801590741,0,0,0,0,-0.373364815,2.36587963,0,0,0,7,0,0,0,0,0,0,0,0,0,0,1,-666,0,0,0,-666,2.23449,39.056,0,0,0,0,0,0,0,0,0,0,0,0,0,0,0,0,0,0,0,0,0,0,0,0,0,0,6,0,0,0,0,0,0,0,0,0,-666,0,0,0,0,0,0,0,1,0,0,0,0,0,0,0,0,0,-666,0,0,0,0,0,0,0,0,0,0,0,0,0,0,0,0,0,0,0,0,0,0,0,0,0,0,0,0,-666,0,0,70,6,12.011,1.262119,11.3,4,2.55,2.2,274.4,18.8,-0.402045189,-0.346568204,C,6,6,0,2.55,2.55,0,12,5.1,1.048,43.224
356,3-methoxyphenyl,3.534 ,2.833 ,2.956 ,3.528 ,3.659 ,3.570 ,3.044 ,2.932 ,0.716,0.526,0.442,0.468,0.49,0.477,0.328,0.472,0.322,0.495,0.231,0.325,0.51,0.324,0.509,0.312,0.498,0.326,0.511,0.327,0.511,0.314,0.5,0.293,0.484,2.77,3.16,3.13,3.21,1.3,1.33,1.26,1.29,2.95,-0.256,-0.413,7.334490741,-2.782317649,7.334490741,0.427877929,0.528018598,107.132,100.076,107.0496898,41,0,0,0,0,0,-666,-666,-666,10.3293207,-0.243085429,-4.30E-17,-2.283361843,1.77E-16,-2.27796347,0.671786595,-0.943199198,3.139142733,373.2901641,11.80096491,10.90824829,3.90824829,6.721032672,5.40824829,1.90824829,1.056186218,1.056186218,0.579124145,0.579124145,0.289562073,0.289562073,-0.04,1252.873176,1.722932883,3.079539222,1.47805616,58.80260219,0,0,0,0,0,57.41359727,0,0,0,0,0,0,0,0,14.33217285,0,0,0,0,0,7.037952459,36.04347196,0,0,0,0,0,0,7.037952459,4.736862954,6.076020107,9.595309893,29.96745186,0,0,0,-666,37.00540431,0,0,0,0,0,0,0,0,10.81288306,9.595309893,53.81274187,0,0,0,0,-0.54537037,-2.023016818,2.121296296,0,-2.782317649,0.142857143,8,0,1,0,0,0,0,0,0,1,0,1,-666,0,0,0,-666,1.44589,32.045,0,0,0,0,0,0,0,0,0,0,0,0,0,0,0,0,0,0,0,0,0,0,0,0,0,0,5,0,0,0,0,0,0,0,0,0,-666,0,0,0,0,1,0,0,0,0,0,0,0,0,0,0,0,0,-666,1,0,0,0,0,0,0,0,0,0,0,0,0,0,0,0,0,0,0,0,0,0,0,0,0,0,0,0,-666,0,0,70,6,12.011,1.262119,11.3,4,2.55,2.2,275.1,16,-0.378689353,-0.32020923,C,6,6,0,2.55,2.55,0,12,5.1,1.051,43.467
357,3-methoxypropyl,2.567 ,1.976 ,2.066 ,2.556 ,2.670 ,2.589 ,2.171 ,2.082 ,0.875,0.755,0.584,0.61,0.663,0.62,0.494,0.609,0.466,0.674,0.819,0.644,0.687,0.646,0.688,0.619,0.673,0.646,0.688,0.65,0.691,0.625,0.675,0.585,0.652,1.95,2.24,2.21,2.27,0.89,0.93,0.86,0.89,2.06,-0.332,-0.509,6.968287037,-3.23900463,6.968287037,1.382638889,0.470694949,73.115,64.043,73.06533991,31,0,0,0,0,0,-666,-666,-666,-4.21E-16,-0.243132357,-0.207024286,-2.479570257,-0.037372207,-2.48098318,-5.72E-16,-1.032006794,4.776458421,193.4788601,11.78445705,11.40824829,2.40824829,5.900482454,5.40824829,0.90824829,0.329124145,0.329124145,0.102062073,0.102062073,0.025515518,0.025515518,-0.04,368.5515249,0.46308642,3.96,3.96,45.5923571,0,0,0,0,0,43.91939304,0,0,0,0,0,0,0,0,17.07368996,0,0,0,0,6.372924901,13.5969377,6.875840478,0,0,0,0,0,0,13.5969377,4.736862954,6.875840478,18.70975191,0,0,0,0,-666,26.84570308,0,0,0,0,0,0,0,0,4.736862954,12.33682701,64.75289352,0,0,0,0,0,0,-3.095833333,-4.621643519,-3.11875,0.75,5,0,1,0,0,0,0,0,0,1,0,1,-666,0,0,0,-666,0.85699,21.85,0,0,0,0,0,0,0,0,0,0,0,0,0,0,0,0,0,0,0,0,0,0,0,0,0,0,0,0,0,0,0,0,0,0,0,0,-666,0,0,0,0,1,0,0,0,0,0,0,0,0,0,0,0,0,-666,1,0,0,0,0,0,0,0,0,0,0,0,0,0,0,0,0,0,0,0,0,0,0,0,0,0,0,0,-666,0,0,70,6,12.011,1.262119,11.3,4,2.55,2.2,246.9,13.5,-0.406079803,-0.313829293,C,6,1,1,2.55,2.1,2.1,8,6.75,1.063,24.272
358,3-methylphenyl,3.802 ,3.097 ,3.234 ,3.821 ,3.936 ,3.871 ,3.302 ,3.187 ,0.717,0.539,0.434,0.465,0.487,0.472,0.34,0.468,0.336,0.486,0.229,0.334,0.5,0.333,0.5,0.32,0.488,0.335,0.501,0.336,0.502,0.323,0.491,0.302,0.475,3.02,3.43,3.4,3.48,1.44,1.46,1.39,1.43,3.23,-0.268,-0.413,7.325115741,-2.603009259,7.325115741,0.423148148,0.456360419,91.133,84.077,91.05477522,35,0,0,0,0,0,-666,-666,-666,1.166194838,-1.275344116,-2.19E-17,-2.295609193,0,-2.180121576,0.960380751,-1.393353902,3.39211975,354.7248251,11.09385813,10.5,3.5,6.247906126,5.25,1.75,1,1,0.5,0.5,0.25,0.25,0,752.9672721,1.285714286,2.34375,1.5,53.68905697,0,0,0,0,0,52.30461363,0,0,0,0,0,0,0,0,9.595309893,0,0,0,0,6.851892117,0,35.85741162,0,0,0,0,0,0,0,0,6.076020107,16.44720201,29.78139151,0,0,0,0,36.63328363,0,0,0,0,0,0,0,0,6.076020107,9.595309893,50.1,0,0,0,-0.515277778,0,-2.018634259,2.12025463,-2.603009259,0,0.142857143,7,0,0,0,0,0,0,0,0,0,0,0,-666,0,0,0,-666,1.86189,30.71,0,0,0,0,0,0,0,0,0,0,0,0,0,0,0,0,0,0,0,0,0,0,0,0,0,0,6,0,0,0,0,0,0,0,0,0,-666,0,0,0,0,0,0,0,0,0,0,0,0,0,0,0,0,0,-666,0,0,0,0,0,0,0,0,0,0,0,0,0,0,0,0,0,0,0,0,0,0,0,0,0,0,0,0,-666,0,0,70,6,12.011,1.262119,11.3,4,2.55,2.2,260,15.8,-0.391224711,-0.325526917,C,6,6,0,2.55,2.55,0,12,5.1,1.06,42.222
359,3-nitrophenyl,3.949 ,3.270 ,3.419 ,3.923 ,4.062 ,3.959 ,3.488 ,3.382 ,0.715,0.558,0.446,0.478,0.502,0.488,0.343,0.481,0.335,0.507,0.233,0.331,0.521,0.334,0.519,0.317,0.509,0.331,0.523,0.337,0.521,0.321,0.511,0.301,0.493,3.29,3.65,3.62,3.69,1.79,1.83,1.73,1.77,3.42,-0.256,-0.4,10.30711262,-0.918009259,10.30711262,0.471666667,0.416975339,122.103,118.071,122.0242034,45,0,0,0,0,0,-666,-666,-666,13.07342171,-1.037808722,0.525168035,-2.16300854,0.54011526,-2.007619975,3.477064872,-1.108834426,3.467322759,408.3501889,10.1712084,8.263710176,4.263710176,5.947264863,4.088755169,2.088755169,1.230716583,1.230716583,0.669377585,0.669377585,0.334688792,0.334688792,-0.12,593.979272,3.323790749,3.150977509,1.93040302,57.15877662,0,0,0,0,0,55.8986075,0,0,0,0,0,0,0,0,5.483034225,0,0,0,4.620096379,0,0,45.79547689,0,0,0,0,0,0,0,0,15.89015059,5.483034225,34.52542268,0,0,0,-666,34.52542268,9.814130488,0,0,0,0,0,0,6.076020107,0,5.483034225,27.37327475,0,20.61422525,0,-0.776851852,0,-2.390694444,2.01337963,0,0,0,9,0,3,0,0,0,0,0,0,2,0,3,-666,0,0,0,-666,1.59939,34.198,0,0,0,0,0,0,0,0,0,0,0,0,0,0,0,1,0,0,0,0,-666,0,0,0,0,0,5,0,0,0,0,0,0,0,0,0,-666,0,0,0,0,0,0,0,0,0,0,0,0,0,0,0,0,0,-666,0,0,0,1,0,0,2,0,0,0,0,0,0,0,0,0,0,0,0,0,0,0,0,0,0,0,0,0,-666,0,0,70,6,12.011,1.262119,11.3,4,2.55,2.2,271.9,16.3,-0.4438357,-0.360636517,C,6,6,0,2.55,2.55,0,12,5.1,1.065,43.222
360,3-oxobutan-2-yl,4.603 ,3.226 ,3.341 ,3.976 ,4.789 ,3.919 ,3.495 ,3.279 ,0.551,0.387,0.487,0.478,0.482,0.483,0.338,0.475,0.314,0.511,0.508,0.409,0.512,0.404,0.503,0.395,0.508,0.411,0.512,0.406,0.503,0.397,0.508,0.369,0.497,3.37,3.85,3.81,3.9,1.57,1.61,1.53,1.54,3.34,-0.246,-0.453,10.66418981,-3.036226852,10.66418981,1.344907407,0.446554381,71.099,64.043,71.04968984,29,0,0,0,0,0,-666,-666,-666,2.47E-32,-0.246591554,-1.22E-17,-2.303777867,-8.59E-18,-2.303895232,-1.20E-17,-0.962999795,4.528344983,176.8258473,10.15470054,9.40824829,2.40824829,5.065384141,4.454124145,0.954124145,0.454124145,0.454124145,0.113531036,0.113531036,0,0,-0.04,174.7280118,0.64751665,2.212525253,3.96,41.83039297,0,0,0,0,0,40.27374952,0,0,0,0,0,0,0,0,14.38984708,5.783244946,0,0,0,13.70378423,0,6.396873262,0,0,0,0,0,0,5.783244946,4.794537184,6.396873262,23.29909413,0,0,0,0,-666,25.88390244,4.794537184,0,0,0,0,0,0,0,0,9.595309893,46.11196759,0,10.66418981,0,0,-1.622685185,0,-1.344907407,-5.975231481,0,0.5,5,0,1,0,0,0,0,0,0,1,0,1,-666,0,0,0,-666,0.79959,20.655,0,0,0,0,0,0,0,0,0,0,1,1,0,0,0,0,0,0,0,0,0,0,0,0,0,0,0,0,0,0,0,0,0,0,0,0,-666,0,0,0,0,0,0,0,0,0,0,0,0,0,0,1,1,0,-666,0,0,0,0,0,0,0,0,0,0,0,0,0,0,0,0,0,0,0,0,0,0,0,0,0,0,0,0,-666,0,0,70,6,12.011,1.262119,11.3,4,2.55,2.2,234.3,13.8,-0.389541368,-0.362777432,C,6,6,1,2.55,2.55,2.1,13,7.2,0.778,42.259
361,3-oxocyclohexyl,2.163 ,1.680 ,1.774 ,2.126 ,2.238 ,2.145 ,1.852 ,1.782 ,0.711,0.627,0.514,0.532,0.549,0.535,0.403,0.527,0.38,0.585,0.673,0.516,0.591,0.516,0.594,0.494,0.579,0.517,0.592,0.52,0.596,0.499,0.582,0.465,0.563,1.78,2,1.98,2.02,0.91,0.93,0.87,0.87,1.77,-0.278,-0.452,11.38493056,-3.314930556,11.38493056,1.384143519,0.445403463,97.137,88.065,97.06533991,39,0,0,0,0,0,-666,-666,-666,-4.18E-16,-0.186097127,-8.11E-17,-2.63392998,-8.57E-17,-2.561600937,-1.37E-16,-1.031466593,3.466778688,332.8909119,13.15470054,12.40824829,3.40824829,6.809401077,6.204124145,1.704124145,0.954124145,0.954124145,0.477062073,0.477062073,0.238531036,0.238531036,-0.04,1443.471575,0.970590386,2.31410722,1.475062751,56.36438705,0,0,0,0,0,54.803182,0,0,0,0,0,0,0,0,17.13136419,5.783244946,0,0,0,25.49169961,0,6.396873262,0,0,0,0,0,0,5.783244946,4.794537184,6.396873262,37.82852661,0,0,0,0,-666,37.67181781,4.794537184,0,0,0,0,0,0,0,0,12.33682701,64.98372685,0,11.38493056,0,0,-1.759143519,0,-14.27618056,0,0,0.666666667,7,0,1,0,0,0,0,0,0,1,0,1,-666,0,0,0,-666,1.33379,27.775,0,0,0,0,0,0,0,0,0,0,1,1,0,0,0,0,0,0,0,0,0,0,0,0,0,0,0,0,0,0,0,0,0,0,0,0,-666,0,0,0,0,0,0,0,0,0,0,0,0,0,0,1,1,0,-666,0,0,0,0,0,0,0,0,0,0,0,0,0,0,0,0,0,0,0,0,0,0,0,0,0,0,0,0,-666,0,0,70,6,12.011,1.262119,11.3,4,2.55,2.2,263.1,15.1,-0.396974035,-0.304539379,C,6,6,1,2.55,2.55,2.1,13,7.2,1.025,43.594
362,3-sulfanylphenyl,3.668 ,3.017 ,3.152 ,3.685 ,3.791 ,3.731 ,3.207 ,3.101 ,0.702,0.519,0.42,0.408,0.49,0.447,0.31,0.409,0.283,0.494,0.232,0.325,0.508,0.324,0.508,0.31,0.496,0.326,0.509,0.327,0.51,0.313,0.498,0.288,0.478,2.98,3.38,3.34,3.42,1.46,1.49,1.43,1.45,3.15,-0.192,-0.304,7.288657407,-0.277083333,7.288657407,0.07962963,0.482197647,109.173,104.133,109.0111962,35,0,0,0,0,0,-666,-666,-666,11.15049415,-0.091916955,0.001862191,-2.177671588,0.062413665,-1.982954563,2.362684167,-0.419229295,3.250551951,301.0603058,9.300964908,8.40824829,4.224744871,5.574586063,4.112372436,2.112372436,0.954124145,1.362372436,0.477062073,0.681186218,0.238531036,0.340593109,0.35,431.0504606,1.943125604,2.606803758,1.723373014,55.35013638,0,0,0,0,0,54.32897304,0,0,0,0,0,0,0,0,5.483034225,12.53269604,1.123799173,0,0,0,0,35.1894436,0,0,0,0,0,12.53269604,1.123799173,0,6.076020107,5.483034225,29.1134235,0,0,0,0,0,0,0,29.1134235,12.53269604,0,0,0,0,6.076020107,6.606833398,35.74078704,0.485324074,0.07962963,0,0,0,-0.92287037,2.283796296,0,0,0,7,0,0,0,0,0,0,0,0,1,1,1,-666,0,0,0,-666,1.72929,34.022,0,0,0,0,0,0,0,0,0,0,0,0,0,0,0,0,0,0,0,0,0,0,1,0,0,0,5,0,0,0,0,0,0,0,0,0,-666,0,0,0,0,0,0,0,0,0,0,0,0,0,0,0,0,0,-666,0,0,0,0,0,0,0,0,0,0,0,0,0,0,0,0,0,0,0,0,0,0,0,0,0,0,0,0,-666,0,0,70,6,12.011,1.262119,11.3,4,2.55,2.2,262.5,17.2,-0.375752843,-0.334439704,C,6,6,0,2.55,2.55,0,12,5.1,1.05,43.12
363,3-sulfanylpropyl,2.447 ,2.003 ,2.088 ,2.459 ,2.534 ,2.491 ,2.129 ,2.058 ,0.843,0.732,0.613,0.646,0.68,0.655,0.517,0.64,0.484,0.697,0.816,0.631,0.702,0.631,0.702,0.609,0.692,0.633,0.703,0.635,0.704,0.613,0.694,0.574,0.677,2.02,2.27,2.25,2.3,1.02,1.03,0.99,0.99,2.09,-0.322,-0.5,6.922453704,-2.695023148,6.922453704,0.090138889,0.443834514,75.156,68.1,75.02684622,25,0,0,0,0,0,-666,-666,-666,-0.030016973,-0.18515767,-0.742219691,-2.437231823,-0.601716661,-2.373518347,-0.126953513,-0.916350106,4.527512324,131.6473758,9.28445705,8.90824829,2.724744871,4.754035845,4.112372436,1.112372436,0.227062073,0.431186218,0.051031036,0.153093109,0,0,0.35,142.1358234,0.455720087,3.35,2.35,42.13989129,0,0,0,0,0,40.83476881,0,0,0,0,0,0,0,0,8.224551337,12.53269604,1.123799173,0,0,6.372924901,5.704956885,6.875840478,0,0,0,0,0,12.53269604,6.828756058,0,6.875840478,14.59747624,0,0,0,0,0,18.95372226,0,0,12.53269604,0,0,0,0,0,0,9.34835051,47.47173611,-0.090138889,0,0,-2.53587963,0,0,-2.695023148,-1.150694444,0,0.666666667,4,0,0,0,0,0,0,0,0,1,1,1,-666,0,0,0,-666,1.14039,23.827,0,0,0,0,0,0,0,0,0,0,0,0,0,0,0,0,0,0,0,0,0,0,1,0,0,0,0,0,0,0,0,0,0,0,0,0,-666,0,0,0,0,0,0,0,0,0,0,0,0,0,0,0,0,0,-666,0,0,0,0,0,0,0,0,0,0,0,0,0,0,0,0,0,0,0,0,0,0,0,0,0,0,0,0,-666,0,0,70,6,12.011,1.262119,11.3,4,2.55,2.2,231.2,14.8,-0.369556753,-0.323622154,C,6,1,1,2.55,2.1,2.1,8,6.75,1.077,27.575
364,3-tert-butylphenyl,3.432 ,2.752 ,2.868 ,3.450 ,3.561 ,3.498 ,2.958 ,2.850 ,0.713,0.582,0.425,0.456,0.482,0.464,0.331,0.459,0.328,0.485,0.232,0.327,0.499,0.327,0.499,0.313,0.486,0.328,0.5,0.33,0.501,0.316,0.489,0.296,0.473,2.68,3.07,3.03,3.11,1.26,1.29,1.22,1.25,2.86,-0.26,-0.392,7.775115741,-3.626067649,7.775115741,0.722893046,0.51020004,133.214,120.11,133.1017254,53,0,0,0,0,0,-666,-666,-666,0.597341219,-2.062947165,-0.05703264,-2.640325255,-2.19E-17,-2.566901994,0.559865435,-2.084661727,4.075228161,555.6763529,18.59385813,18,5,9.997906126,9,2.5,1.75,1.75,0.875,0.875,0.4375,0.4375,0,27905.95359,1.531190926,2.93877551,2,81.21370631,0,0,0,0,0,79.64793967,0,0,0,0,0,0,0,0,17.81986123,0,0,0,5.414990469,20.55567635,0,35.85741162,0,0,0,0,0,0,0,0,11.49101058,38.37553758,29.78139151,0,0,0,0,55.75205834,0,0,0,0,0,0,0,6.076020107,0,17.81986123,98.14253118,0,0,0,-4.680787037,0,-3.695462491,1.94525463,-10.87820295,0,0.4,10,0,0,0,0,0,0,0,0,0,0,0,-666,0,0,0,-666,2.88809,44.491,0,0,0,0,0,0,0,0,0,0,0,0,0,0,0,0,0,0,0,0,0,0,0,0,0,0,6,0,0,0,0,0,0,0,0,0,-666,0,0,0,0,0,0,0,0,0,0,0,0,0,0,0,0,0,-666,0,0,0,0,0,0,0,0,0,0,0,0,0,0,0,0,0,0,0,0,0,0,0,0,0,0,0,0,-666,0,0,70,6,12.011,1.262119,11.3,4,2.55,2.2,325.9,16.9,-0.388979727,-0.313595654,C,6,6,0,2.55,2.55,0,12,5.1,1.064,43.512
365,"4,4-dimethyl-2,5-dioxoimidazolidin-1-yl",9.882 ,7.135 ,7.355 ,8.685 ,10.236 ,8.564 ,7.728 ,7.281 ,0.514,0.331,0.293,0.218,0.233,0.212,0.153,0.216,0.149,0.238,0.129,0.18,0.224,0.183,0.226,0.188,0.235,0.179,0.222,0.182,0.224,0.187,0.235,0.204,0.262,7.45,8.5,8.42,8.62,3.5,3.71,3.45,3.5,7.35,-0.052,-0.085,11.34125,-3.354421296,11.34125,0.37962963,0.450687351,127.123,120.067,127.0507525,49,0,0,0,0,0,-666,-666,-666,11.05655192,-0.244322203,-2.20E-17,-2.519957507,4.58E-17,-2.686027547,0.263863558,-1.032549834,3.488215574,331.6667983,12.93915759,11.21092377,4.210923772,6.959230991,5.499889077,2.052675481,1.521743745,1.521743745,0.770046455,0.770046455,0.38405688,0.38405688,-0.16,1597.574595,2.165579023,1.914944034,1.214154503,62.50880703,0,0,0,0,0,61.03307347,0,0,0,0,0,0,0,0,19.22546778,11.93829424,0,10.62660196,0,19.24270949,0,0,0,0,10.62660196,4.794537184,0,0,17.47721949,4.794537184,0,21.92833557,0,1.411842078,0,0,-666,31.18100373,9.589074368,0,5.309813353,0,0,0,0,0,5.316788604,9.636393415,49.50703704,0,22.285625,2.317453704,-3.197337963,-1.631944444,-1.488657407,0,-6.708842593,0,0.6,9,1,4,0,0,0,0,0,0,-666,1,4,-666,0,0,0,-666,-0.3808,29.7517,0,0,0,0,0,0,0,0,0,0,2,2,0,0,0,1,1,0,0,0,-666,0,0,0,0,0,0,3,0,0,0,0,0,0,0,0,-666,0,0,0,0,0,0,0,0,0,0,0,1,0,0,0,0,0,-666,0,0,0,0,0,0,0,0,0,0,0,0,0,0,0,0,0,0,0,0,0,0,0,0,0,0,0,0,-666,1,0,65,7,14.007,-1.4,7.4,5,3.04,0.001145,285.1,15.7,-0.429464953,-0.426598161,N,6,6,0,2.55,2.55,0,12,5.1,0.753,47.488
366,4-__tert-butoxy_carbonyl_morpholin-3-yl,2.232 ,1.508 ,1.588 ,2.020 ,2.343 ,2.013 ,1.697 ,1.586 ,0.627,0.551,0.384,0.416,0.427,0.417,0.342,0.416,0.328,0.435,0.517,0.412,0.444,0.406,0.441,0.392,0.433,0.415,0.445,0.41,0.443,0.395,0.435,0.368,0.419,1.62,1.9,1.88,1.93,0.71,0.72,0.67,0.65,1.59,-0.243,-0.366,12.53930556,-4.196253779,12.53930556,0.658263889,0.573908717,186.231,170.103,186.1130184,75,0,0,0,0,0,-666,-666,-666,3.57E-17,-0.244322203,-1.38E-16,-2.637416139,-1.32E-16,-2.734204486,2.02E-17,-1.102312996,3.653190173,611.4525626,23.64626437,22.17195847,6.171958467,12.36762594,10.94144112,2.941441119,1.914359022,1.914359022,0.839933471,0.839933471,0.458292966,0.458292966,-0.16,261974.4134,2.164102947,4.371400189,4.04257164,101.280931,0,0,0,0,0,99.48591517,0,0,0,0,0,0,0,0,36.20039999,6.093240071,0,4.899909731,0,26.15672716,19.61483017,6.520808045,0,0,0,4.794537184,0,0,36.20903078,9.473725908,6.520808045,42.48781325,0,0,0,0,-666,63.28551518,4.794537184,0,0,0,0,0,0,0,9.473725908,21.9321369,127.3399791,0,11.88104167,0,-4.196253779,0,0,-2.417199074,-24.52423458,0,0.777777778,13,0,4,0,0,0,0,0,0,-666,0,4,-666,0,0,0,-666,1.41549,48.059,0,0,0,0,0,0,0,0,0,0,1,1,0,0,0,1,0,0,0,0,-666,0,0,0,0,0,0,1,0,0,0,0,0,0,0,0,-666,0,0,0,0,2,0,0,0,0,0,0,0,0,0,0,0,0,-666,0,1,0,0,0,0,0,0,0,0,0,0,0,0,0,0,0,0,0,0,0,0,0,0,0,0,0,0,-666,0,0,70,6,12.011,1.262119,11.3,4,2.55,2.2,386.7,16.5,-0.405966648,-0.295229448,C,6,7,1,2.55,3.04,2.1,14,7.69,0.872,49.32
367,4-_acetyloxy_-1-methoxy-1-oxopentan-2-yl,4.696 ,3.375 ,3.493 ,4.096 ,4.868 ,4.024 ,3.666 ,3.443 ,0.601,0.431,0.498,0.485,0.51,0.495,0.357,0.483,0.331,0.54,0.587,0.452,0.543,0.455,0.547,0.434,0.532,0.454,0.54,0.458,0.548,0.439,0.538,0.416,0.529,3.57,4.02,3.99,4.07,1.82,1.91,1.78,1.81,3.49,-0.23,-0.392,11.49627516,-4.045309429,11.49627516,1.964729781,0.587210359,173.188,160.084,173.0813839,69,0,0,0,0,0,-666,-666,-666,4.58E-16,-0.246504669,-2.47E-17,-2.540873286,-3.76E-17,-2.565288329,3.86E-33,-1.038438896,5.942450009,517.5927155,20.64626437,18.63299316,5.632993162,10.66633777,8.974744871,2.474744871,1.358163248,1.358163248,0.565550587,0.565550587,0.251525294,0.251525294,-0.16,44097.38212,2.447923067,6.366334178,6.543966449,90.10859699,0,0,0,0,0,88.41282497,0,0,0,0,0,0,0,0,36.88266151,11.93861058,0,0,0,26.15672716,7.037952459,6.396873262,0,0,0,0,0,0,25.05658106,19.06280028,6.396873262,37.89657037,0,0,0,0,-666,51.53016346,9.589074368,0,0,0,0,0,0,0,9.473725908,17.81986123,99.53805465,0,22.89302221,0,0,-4.407132976,0,-9.953002173,-7.417667115,-3.403274597,0.625,12,0,4,0,0,0,0,0,0,4,0,4,-666,0,0,0,-666,0.70539,42.161,0,0,0,0,0,0,0,0,0,0,2,2,0,0,0,0,0,0,0,0,0,0,0,0,0,0,0,0,0,0,0,0,0,0,0,0,-666,0,0,0,2,2,0,0,0,0,0,0,0,0,0,0,0,0,-666,1,0,0,0,0,0,0,0,0,0,0,0,0,0,0,0,0,0,0,0,0,0,0,0,0,0,0,0,-666,0,0,70,6,12.011,1.262119,11.3,4,2.55,2.2,372.3,16.3,-0.412636666,-0.372529664,C,6,6,1,2.55,2.55,2.1,13,7.2,0.881,51.243
368,4-_acetyloxy_phenyl,3.627 ,2.936 ,3.068 ,3.616 ,3.751 ,3.656 ,3.138 ,3.023 ,0.718,0.513,0.454,0.493,0.508,0.502,0.354,0.496,0.348,0.513,0.235,0.344,0.528,0.341,0.525,0.329,0.516,0.345,0.529,0.344,0.527,0.331,0.517,0.308,0.499,2.91,3.29,3.26,3.33,1.43,1.44,1.38,1.41,3.07,-0.251,-0.406,11.07698791,-3.024983466,11.07698791,0.542276077,0.429596687,135.142,128.086,135.0446045,51,0,0,0,0,0,-666,-666,-666,11.65928025,-1.764915258,0.073786855,-2.249485643,0.243856749,-2.274066235,1.686195787,-1.806024061,3.106656441,454.9843777,13.37831518,11.81649658,4.816496581,7.641752976,5.862372436,2.362372436,1.343643696,1.343643696,0.671821848,0.671821848,0.382259776,0.382259776,-0.08,3314.874658,2.757024742,3.937882077,2.669223008,69.32906641,0,0,0,0,0,67.9913794,0,0,0,0,0,0,0,0,19.12671003,5.969305288,0,0,0,6.851892117,0,36.04347196,0,0,0,0,0,0,5.969305288,9.531400138,6.076020107,16.44720201,29.96745186,0,0,0,-666,42.78864926,4.794537184,0,0,0,0,0,0,0,10.81288306,9.595309893,53.81131637,0,11.07698791,0,0,-2.315393519,-2.383441043,2.085513747,-3.024983466,0,0.125,10,0,2,0,0,0,0,0,0,2,0,2,-666,0,0,0,-666,1.36259,36.802,0,0,0,0,0,0,0,0,0,0,1,1,0,0,0,0,0,0,0,0,0,0,0,0,0,0,5,0,0,0,0,0,0,0,0,0,-666,0,0,0,1,1,0,0,0,0,0,0,0,0,0,0,0,0,-666,0,0,0,0,0,0,0,0,0,0,0,0,0,0,0,0,0,0,0,0,0,0,0,0,0,0,0,0,-666,0,0,70,6,12.011,1.262119,11.3,4,2.55,2.2,315.2,16.4,-0.407897426,-0.336581875,C,6,6,0,2.55,2.55,0,12,5.1,1.059,42.885
369,"4-_chloromethyl_-1,4-diazobicyclo_2.2.2_octan-4-ium-1-ylium-1-yl",0.171 ,0.048 ,0.024 ,0.175 ,0.199 ,0.185 ,0.093 ,0.078 ,0.024,-0.015,0.031,0.007,0.021,0.014,-0.008,0.016,-0.013,0.006,0.008,0.001,0.006,0.001,0.007,-0.049,0.02,0.001,0.006,0.001,0.006,-0.045,0.018,-0.045,0.021,9.92,9.23,9.28,9.17,16.93,17,16.57,16.48,9.07,0.017,-0.033,7.969236111,-3.789236111,7.969236111,0.476558642,-666,161.656,147.544,161.0845511,59,0,0,0,0,0,-666,-666,-666,0,0,0,0,0.00E+00,0,0,0,3.164942016,508.838944,19.57735027,18.77239166,5.52832061,10.1160254,9.504229821,2.882194294,1.761566409,1.93059726,1.11529863,1.368844906,0.606091667,0.732864806,0.21,36757.75634,1.362697036,2.36254405,0.948707534,86.61973346,0,0,0,0,0,85.11169988,0,0,0,0,0,0,0,0,19.19061979,11.60093989,0,9.382940589,0,0,44.93719961,0,0,0,0,0,0,11.60093989,54.3201402,0,0,19.19061979,0,0,0,0,-666,54.3201402,0,0,0,0,0,0,0,0,0,30.79155968,107.3251389,5.495933642,-0.476558642,0,0,-3.739027778,0,0,-22.244375,0,1,10,0,2,0,0,0,0,0,0,1,0,3,-666,0,0,0,-666,0.3496,43.6,0,0,0,0,0,0,0,0,0,0,0,0,0,0,0,2,0,0,0,0,-666,0,0,0,0,1,0,0,0,0,0,0,0,0,0,0,-666,0,0,0,0,0,0,0,1,0,0,0,0,0,0,0,0,0,-666,0,0,0,0,0,0,0,0,0,0,0,0,0,0,0,3,0,0,0,0,0,0,0,0,0,0,0,0,-666,0,2,65,7,14.007,-1.4,7.4,5,3.04,0.001145,315.4,16.6,-0.359593846,-0.132035267,N,6,6,6,2.55,2.55,2.55,18,7.65,0.002,59.313
370,4-_dimethylamino_benzoyloxidanyl,10.271 ,7.847 ,7.809 ,10.008 ,10.612 ,10.048 ,8.755 ,8.343 ,0.056,0.044,0.02,0.126,0.126,0.127,0.1,0.117,0.09,0.121,0.08,0.081,0.101,0.071,0.077,0.104,0.129,0.082,0.103,0.067,0.073,0.098,0.121,0.126,0.149,8.06,9.69,9.55,9.86,2.66,3.19,2.68,2.89,7.79,-0.078,-0.09,10.86839498,-3.292936272,10.86839498,0.222414966,0.661008897,164.184,154.104,164.0711536,63,0,0,0,0,0,-666,-666,-666,10.55625214,-1.762237684,1.17E-16,-2.551420669,1.14E-16,-2.516559398,1.505787767,-1.87856503,3.762498391,594.8671899,17.61880215,15.76371018,5.763710176,9.708118551,7.829068684,2.829068684,1.846474473,1.846474473,1.039534342,1.039534342,0.519767171,0.519767171,-0.12,22264.36505,2.937511639,4.211548325,2.436956894,85.34944222,0,0,0,0,0,83.90794979,0,0,0,0,0,0,0,0,23.60865014,5.969305288,0,4.899909731,0,0,13.9516538,35.47843083,0,0,0,0,0,0,24.82086882,9.901064579,0,13.70758556,35.47843083,0,0,0,-666,55.39938992,9.901064579,0,4.899909731,0,0,0,0,0,0,13.70758556,73.68580215,0,10.64598002,10.86839498,-2.102052154,-1.98808579,-4.3575,0,-6.585872543,0,0.222222222,12,0,3,0,0,0,0,0,0,2,0,3,-666,0,0,0,-666,0.8852,44.6865,0,0,0,0,0,0,0,0,0,0,1,1,0,0,0,1,0,0,0,1,-666,0,0,0,0,0,3,0,0,0,0,0,0,0,0,0,-666,0,0,0,0,0,0,0,0,0,0,0,0,0,0,0,0,0,-666,0,0,0,0,0,0,0,0,0,0,0,0,0,0,0,0,0,0,0,0,0,0,0,0,0,0,0,0,-666,0,0,60,8,15.999,1.4611135,5.3,6,3.44,0.001308,350.8,17.1,-0.387544455,-0.387472137,O,6,0,0,2.55,0,0,6,2.55,0.025,32.802
371,4-_ethoxycarbonyl_phenyl,3.716 ,3.022 ,3.157 ,3.693 ,3.836 ,3.732 ,3.228 ,3.116 ,0.707,0.522,0.437,0.476,0.493,0.485,0.344,0.48,0.339,0.497,0.233,0.334,0.512,0.332,0.509,0.321,0.499,0.336,0.513,0.334,0.511,0.323,0.501,0.301,0.483,3,3.38,3.35,3.42,1.5,1.52,1.46,1.49,3.15,-0.26,-0.393,11.72030093,-3.312599206,11.72030093,0.64593065,0.597615502,149.169,140.097,149.0602545,57,0,0,0,0,0,-666,-666,-666,10.81642297,-0.247450345,-5.71E-17,-2.38782231,0.004747785,-2.41340527,0.679024082,-1.053234031,3.173122854,538.1117016,15.87831518,14.31649658,5.316496581,8.881716275,7.112372436,2.612372436,1.491581624,1.491581624,0.847852885,0.847852885,0.44944196,0.44944196,-0.08,10667.06149,2.708116321,4.728423353,2.795274026,78.50394952,0,0,0,0,0,77.10582141,0,0,0,0,0,0,0,0,21.86822714,5.969305288,0,0,0,6.851892117,6.558985243,35.85741162,0,0,0,0,0,0,12.52829053,9.531400138,6.076020107,19.18871912,29.78139151,0,0,0,-666,49.16157416,4.794537184,0,0,0,0,0,0,6.076020107,4.736862954,12.33682701,68.57920706,0,11.72030093,0,-0.840856481,-1.58599537,-2.85233938,2.040759047,-6.561075798,0,0.222222222,11,0,2,0,0,0,0,0,0,2,0,2,-666,0,0,0,-666,1.40509,41.669,0,0,0,0,0,0,0,0,0,0,1,1,0,0,0,0,0,0,0,0,0,0,0,0,0,0,4,0,0,0,0,0,0,0,0,0,-666,0,0,0,1,1,0,0,0,0,0,0,0,0,0,0,0,0,-666,0,0,0,0,0,0,0,0,0,0,0,0,0,0,0,0,0,0,0,0,0,0,0,0,0,0,0,0,-666,0,0,70,6,12.011,1.262119,11.3,4,2.55,2.2,338.4,16.7,-0.415688201,-0.335951804,C,6,6,0,2.55,2.55,0,12,5.1,1.06,42.876
372,4-_methylsulfanyl_phenyl,3.629 ,2.973 ,3.104 ,3.646 ,3.751 ,3.691 ,3.174 ,3.069 ,0.71,0.499,0.431,0.471,0.489,0.478,0.334,0.474,0.328,0.493,0.233,0.328,0.508,0.328,0.507,0.312,0.494,0.329,0.509,0.33,0.51,0.315,0.497,0.292,0.478,2.94,3.32,3.28,3.36,1.44,1.48,1.4,1.44,3.1,-0.206,-0.33,7.419907407,-2.383101852,7.419907407,0.163194444,0.515799451,123.2,116.144,123.0268462,41,0,0,0,0,0,-666,-666,-666,10.35977214,-0.242489344,1.54E-33,-2.258868225,-1.51E-32,-2.135596769,1.659005747,-0.857197857,3.160672146,373.2901641,11.80096491,10.90824829,4.724744871,6.721032672,5.40824829,2.724744871,1.056186218,1.668558654,0.579124145,0.987372436,0.289562073,0.493686218,0.35,1255.781867,1.914451612,3.390092653,1.696682536,63.81216699,0,0,0,0,0,62.73056255,0,0,0,0,0,0,0,0,9.595309893,11.76188495,0,0,0,0,6.183924101,35.1894436,0,0,0,0,0,11.76188495,6.183924101,0,6.076020107,9.595309893,29.1134235,0,0,0,0,6.183924101,0,0,29.1134235,11.76188495,0,0,0,0,6.076020107,9.595309893,50.36611678,0.347314815,-0.163194444,0,0,0,-1.444675926,-0.188894558,0,0,0.142857143,8,0,0,0,0,0,0,0,0,1,0,1,-666,0,0,0,-666,2.16249,38.551,0,0,0,0,0,0,0,0,0,0,0,0,0,0,0,0,0,0,0,0,0,0,0,0,0,0,5,0,0,0,0,0,0,0,0,0,-666,0,0,0,0,0,0,0,0,0,0,0,0,0,0,0,0,0,-666,0,0,0,0,0,0,0,0,0,0,0,0,0,0,0,0,0,0,0,0,1,0,0,0,0,0,0,0,-666,0,0,70,6,12.011,1.262119,11.3,4,2.55,2.2,293.5,17.3,-0.360602139,-0.333789862,C,6,6,0,2.55,2.55,0,12,5.1,1.05,42.821
373,4-_trifluoromethyl_benzenesulfonyl,6.730 ,4.742 ,4.871 ,5.742 ,6.945 ,5.631 ,5.227 ,4.925 ,0.321,0.19,0.227,0.192,0.255,0.208,0.169,0.203,0.16,0.229,0.222,0.186,0.242,0.157,0.227,0.185,0.241,0.188,0.243,0.156,0.227,0.182,0.239,0.201,0.254,5.19,5.91,5.85,5.99,2.5,2.67,2.46,2.51,4.87,-0.149,-0.196,12.44170163,-5.080681532,12.44170163,1.075925926,0.681627958,209.168,205.136,208.98841,71,0,0,0,0,0,-666,-666,-666,15.998,-1.766918997,0.998465235,-2.286719631,1.192794529,-2.197661562,3.256530698,-1.835918346,3.585426683,452.5253849,13.54145188,9.85863829,6.675134871,7.586110083,4.854404188,3.929319145,1.936591263,2.81425565,1.052202094,1.589659573,0.526101047,0.794829786,0.06,2886.987268,6.526490931,4.060801578,3.033062865,81.06838032,0,0,0,0,0,80.07933386,0,0,0,0,0,0,0,0,27.75977912,11.4567282,0,0,0,6.176298517,0,34.68652803,0,0,0,13.17124514,0,11.4567282,6.176298517,9.105499747,0,5.483034225,34.68652803,0,0,0,-666,52.31955474,22.27674489,0,0,0,0,0,0,0,0,5.483034225,86.84257653,-3.140058579,-1.075925926,0,-1.776203704,0,-5.297484568,-5.080681532,0,0,0.142857143,13,0,2,0,0,0,0,0,0,0,0,6,-666,0,0,0,-666,2.8887,40.325,0,0,0,0,0,0,0,0,0,0,0,0,0,0,0,0,0,0,0,0,0,0,0,0,0,3,5,0,0,0,0,0,0,0,0,0,-666,0,0,0,0,0,0,0,3,0,0,0,0,0,0,0,0,0,-666,0,0,0,0,0,0,0,0,0,0,0,0,0,0,0,0,0,0,0,0,0,0,0,0,0,0,0,0,-666,0,0,100,16,32.06,2.07710403,19.4,6,2.58,2.07,343.7,17.7,-0.459081021,-0.390406302,S,6,8,8,2.55,3.44,3.44,22,9.43,0.378,45.88
374,4-_trifluoromethyl_benzoyloxidanyl,8.532 ,5.696 ,5.882 ,6.692 ,8.809 ,6.501 ,6.205 ,5.815 ,0.416,0.319,0.209,0.09,0.126,0.099,0.08,0.091,0.074,0.114,0.093,0.075,0.091,0.115,0.128,0.098,0.118,0.071,0.086,0.109,0.12,0.098,0.118,0.146,0.172,6.17,6.95,6.89,7.04,3.09,3.44,3.07,3.19,5.88,-0.139,-0.168,12.43263133,-5.093027211,12.43263133,1.187037037,0.667093629,189.112,185.08,189.016339,69,0,0,0,0,0,-666,-666,-666,15.99805698,-0.09034284,0.980554572,-2.247264204,0.99661018,-2.197984615,3.609696738,-0.408215424,3.642949344,487.4889845,13.54145188,9.95039,5.95039,7.586110083,4.975195,2.975195,2.035216548,2.035216548,1.1125975,1.1125975,0.55629875,0.55629875,-0.29,2886.987268,6.24175102,3.836968747,2.841987126,77.29144964,0,0,0,0,0,76.0554438,0,0,0,0,0,0,0,0,28.55534395,5.969305288,0,0,0,6.176298517,0,35.35449604,0,0,0,13.17124514,0,0,12.14560381,9.901064579,0,5.483034225,35.35449604,0,0,0,-666,47.50009985,23.07230972,0,0,0,0,0,0,0,0,5.483034225,65.4840514,0,10.50899046,10.50899046,-2.981018519,-2.059514361,-5.451805556,-5.093027211,0,0,0.125,13,0,2,0,0,0,0,0,0,1,0,5,-666,0,0,0,-666,1.9284,37.0545,0,0,0,0,0,0,0,0,0,0,1,1,0,0,0,0,0,0,0,0,0,0,0,0,0,3,4,0,0,0,0,0,0,0,0,0,-666,0,0,0,0,0,0,0,3,0,0,0,0,0,0,0,0,0,-666,0,0,0,0,0,0,0,0,0,0,0,0,0,0,0,0,0,0,0,0,0,0,0,0,0,0,0,0,-666,0,0,60,8,15.999,1.4611135,5.3,6,3.44,0.001308,333.6,16.7,-0.470703782,-0.465965747,O,6,0,0,2.55,0,0,6,2.55,0.564,32.805
375,4-acetamidophenyl,3.575 ,2.882 ,3.014 ,3.565 ,3.700 ,3.607 ,3.082 ,2.970 ,0.714,0.528,0.43,0.447,0.493,0.463,0.333,0.45,0.323,0.497,0.231,0.338,0.513,0.337,0.512,0.322,0.499,0.339,0.514,0.34,0.515,0.325,0.502,0.302,0.483,2.85,3.24,3.2,3.28,1.37,1.39,1.32,1.35,3.01,-0.233,-0.36,11.36865457,-3.092691799,11.36865457,0.137314815,0.618330454,134.158,126.094,134.0605889,51,0,0,0,0,0,-666,-666,-666,10.82130556,-0.24348253,1.04E-16,-2.324978446,0.032379207,-2.376870909,1.922649583,-0.925800249,3.290167589,485.8156537,14.24855867,12.85546189,4.855461886,8.069273331,6.348551336,2.401337741,1.390562761,1.390562761,0.700152044,0.700152044,0.400848645,0.400848645,-0.08,5094.396569,2.457906569,3.937882077,2.669223008,71.2284105,0,0,0,0,0,69.85192076,0,0,0,0,0,0,0,0,15.80168916,5.907179729,0,5.309813353,0,6.851892117,0,35.9813464,0,0,5.309813353,0,0,0,5.907179729,4.794537184,6.076020107,16.44720201,29.9053263,1.411842078,0,0,-666,42.66439814,4.794537184,0,5.309813353,0,0,0,0,0,6.076020107,11.00715197,57.38735804,0,11.36865457,-0.137314815,-0.703819444,-1.602314815,-2.545941043,2.076069303,-3.092691799,0,0.125,10,1,2,0,0,0,0,0,0,-666,1,2,-666,0,0,0,-666,0.93559,38.8527,0,0,0,0,0,0,0,0,0,0,1,1,0,0,0,0,1,0,0,0,-666,0,0,0,0,0,5,1,0,0,0,0,0,0,0,0,-666,0,0,0,0,0,0,0,0,0,0,0,0,0,0,0,0,0,-666,0,0,0,0,0,0,0,0,0,0,0,0,0,0,0,0,0,0,0,0,0,0,0,0,0,0,0,0,-666,0,0,70,6,12.011,1.262119,11.3,4,2.55,2.2,314.1,16.9,-0.383496193,-0.325416371,C,6,6,0,2.55,2.55,0,12,5.1,1.065,42.691
376,4-acetylmorpholin-3-yl,2.366 ,1.606 ,1.696 ,2.101 ,2.481 ,2.081 ,1.778 ,1.656 ,0.599,0.512,0.389,0.411,0.423,0.413,0.326,0.412,0.312,0.431,0.514,0.395,0.439,0.389,0.436,0.375,0.429,0.397,0.439,0.392,0.437,0.379,0.431,0.352,0.416,1.75,2.05,2.03,2.09,0.78,0.77,0.74,0.71,1.69,-0.234,-0.372,11.61493056,-3.344097222,11.61493056,0.357638889,0.460235535,128.151,118.071,128.0711536,51,0,0,0,0,0,-666,-666,-666,1.91E-16,-0.243583033,-1.57E-16,-2.62215176,-2.54E-16,-2.729866435,1.93E-33,-0.981813897,3.353273133,389.9713409,15.43915759,14.26371018,4.263710176,8.14449939,7.033192829,2.033192829,1.170355777,1.170355777,0.620046455,0.620046455,0.291942253,0.291942253,-0.12,4670.443474,1.546897084,3.150977509,1.93040302,68.64273645,0,0,0,0,0,67.03360549,0,0,0,0,0,0,0,0,23.2389857,5.907179729,0,4.899909731,0,6.851892117,19.61483017,6.520808045,0,0,0,0,0,0,30.42191963,9.531400138,6.520808045,20.55947768,0,0,0,0,-666,38.89471006,4.794537184,0,4.899909731,0,0,0,0,0,4.736862954,13.70758556,75.99756944,0,11.25729167,0,0,-1.890231481,0,0,-14.5312963,0,0.666666667,9,0,3,0,0,0,0,0,0,-666,0,3,-666,0,0,0,-666,0.02689,32.506,0,0,0,0,0,0,0,0,0,0,1,1,0,0,0,1,0,0,0,0,-666,0,0,0,0,0,0,1,0,0,0,0,0,0,0,0,-666,0,0,0,0,1,0,0,0,0,0,0,0,0,0,0,0,0,-666,0,1,0,0,0,0,0,0,0,0,0,0,0,0,0,0,0,0,0,0,0,0,0,0,0,0,0,0,-666,0,0,70,6,12.011,1.262119,11.3,4,2.55,2.2,296,15.7,-0.398097325,-0.300684124,C,6,7,1,2.55,3.04,2.1,14,7.69,0.852,49.598
377,4-acetylphenyl,3.704 ,3.031 ,3.169 ,3.682 ,3.821 ,3.719 ,3.229 ,3.119 ,0.704,0.526,0.434,0.46,0.489,0.475,0.336,0.464,0.325,0.492,0.233,0.331,0.507,0.329,0.505,0.317,0.495,0.332,0.509,0.331,0.507,0.319,0.497,0.299,0.48,3.03,3.4,3.36,3.44,1.55,1.57,1.5,1.54,3.17,-0.228,-0.361,11.42925926,-2.980324074,11.42925926,0.561481481,0.513945019,119.143,112.087,119.0496898,45,0,0,0,0,0,-666,-666,-666,10.73445239,-0.243484086,-1.39E-16,-2.250565818,0.032372191,-2.22841758,1.902182606,-0.923915828,3.387296406,437.7934041,12.6712084,11.40824829,4.40824829,7.158589728,5.704124145,2.204124145,1.329124145,1.329124145,0.727062073,0.727062073,0.363531036,0.363531036,-0.04,2016.449716,2.228786,3.21003996,1.976711222,64.21552118,0,0,0,0,0,62.88239576,0,0,0,0,0,0,0,0,14.38984708,5.783244946,0,0,0,6.851892117,0,35.85741162,0,0,0,0,0,0,5.783244946,4.794537184,6.076020107,16.44720201,29.78139151,0,0,0,-666,42.41652858,4.794537184,0,0,0,0,0,0,0,6.076020107,9.595309893,49.80972789,0,11.42925926,0,-0.71412037,-1.390277778,-2.480138889,2.075873961,-2.980324074,0,0.125,9,0,1,0,0,0,0,0,0,1,0,1,-666,0,0,0,-666,1.43099,35.717,0,0,0,0,0,0,0,0,0,0,1,1,0,0,0,0,0,0,0,0,0,0,0,0,0,0,6,0,0,0,0,0,0,0,0,0,-666,0,0,0,0,0,0,0,0,0,0,0,0,0,0,1,1,0,-666,0,0,0,0,0,0,0,0,0,0,0,0,0,0,0,0,0,0,0,0,0,0,0,0,0,0,0,0,-666,0,0,70,6,12.011,1.262119,11.3,4,2.55,2.2,290.2,16.6,-0.399171899,-0.336810149,C,6,6,0,2.55,2.55,0,12,5.1,1.06,42.826
378,4-aminophenyl,3.753 ,3.049 ,3.203 ,3.772 ,3.890 ,3.823 ,3.243 ,3.127 ,0.72,0.527,0.406,0.324,0.469,0.353,0.27,0.325,0.246,0.486,0.222,0.339,0.505,0.339,0.504,0.32,0.485,0.34,0.506,0.342,0.508,0.324,0.489,0.299,0.461,2.97,3.42,3.38,3.46,1.35,1.39,1.31,1.35,3.2,-0.228,-0.318,7.259490741,-0.425,7.259490741,0.064074074,0.475762523,92.121,86.073,92.05002419,35,0,0,0,0,0,-666,-666,-666,10.451412,-1.058501499,6.94E-18,-2.260754925,0.095117735,-2.387410656,1.92352218,-1.181391844,3.313440272,326.0161782,10.1712084,9.447213595,3.447213595,5.947264863,4.618033989,1.723606798,0.973606798,0.973606798,0.486803399,0.486803399,0.243401699,0.243401699,-0.04,601.7846169,1.471945588,2.31410722,1.475062751,51.37514831,0,0,0,0,0,50.00778176,0,0,0,0,0,0,0,0,8.306718381,0,0,0,5.719716976,0,0,35.9813464,0,0,5.719716976,0,0,0,0,0,6.076020107,5.483034225,29.9053263,2.823684157,0,0,-666,12.10414349,0,0,23.52089978,0,0,0,0,0,6.076020107,8.306718381,42.56824074,0,0,0,-0.302824074,0,-1.599074074,2.166990741,0,0,0,7,2,1,0,0,0,0,0,0,1,1,1,-666,0,0,0,-666,0.75819,29.2234,0,0,0,0,0,0,0,0,0,0,0,0,0,0,0,0,0,1,0,0,-666,0,0,0,0,0,5,0,0,0,0,0,0,0,0,0,-666,0,0,0,0,0,0,0,0,0,0,0,0,0,0,0,0,0,-666,0,0,0,0,0,0,0,0,0,0,0,0,0,0,0,0,0,0,0,0,0,0,0,0,0,0,0,0,-666,0,0,70,6,12.011,1.262119,11.3,4,2.55,2.2,251.4,15.9,-0.358366468,-0.321828113,C,6,6,0,2.55,2.55,0,12,5.1,1.073,41.884
379,4-bromophenyl,3.688 ,3.040 ,3.173 ,3.705 ,3.808 ,3.749 ,3.243 ,3.140 ,0.716,0.507,0.441,0.487,0.5,0.495,0.348,0.491,0.343,0.505,0.234,0.337,0.52,0.337,0.519,0.321,0.506,0.338,0.521,0.34,0.522,0.325,0.509,0.296,0.485,3.03,3.4,3.37,3.44,1.55,1.57,1.5,1.54,3.17,-0.259,-0.422,7.212615741,-0.15474537,7.212615741,0.091666667,0.539842344,156.002,151.97,154.9496372,35,0,0,0,0,0,-666,-666,-666,12.05455237,-1.462726369,0.50278603,-2.133710671,0.744984604,-2.006479969,3.336459034,-1.560780053,3.281646062,281.4476335,8.593858127,7.377964473,4.963961012,5.03658126,3.688982237,2.481980506,0.938982237,1.731980506,0.469491118,0.865990253,0.234745559,0.432995127,0.48,256.3467848,2.383240297,2.706103596,1.808586686,56.97675096,0,0,0,0,0,56.17965777,0,0,0,0,0,0,0,0,5.483034225,15.9299439,0,0,0,0,0,34.76667965,0,0,0,0,0,15.9299439,0,0,6.076020107,5.483034225,28.69065954,0,0,0,0,0,0,0,28.69065954,0,0,0,0,0,22.005964,5.483034225,28.85453704,2.945740741,0,0,0,0,-0.492824074,2.27587963,0,0,0,7,0,0,0,0,0,0,0,0,0,0,1,-666,0,0,0,-666,2.19439,33.963,0,0,0,0,0,0,0,0,0,0,0,0,0,0,0,0,0,0,0,0,0,0,0,0,0,0,6,0,0,0,0,0,0,0,0,0,-666,0,0,0,0,0,0,0,1,0,0,0,0,0,0,0,0,0,-666,0,0,0,0,0,0,0,0,0,0,0,0,0,0,0,0,0,0,0,0,0,0,0,0,0,0,0,0,-666,0,0,70,6,12.011,1.262119,11.3,4,2.55,2.2,264.3,17.7,-0.403014938,-0.346772943,C,6,6,0,2.55,2.55,0,12,5.1,1.054,42.793
380,4-carboxyphenyl,3.742 ,3.064 ,3.204 ,3.728 ,3.860 ,3.769 ,3.270 ,3.164 ,0.706,0.521,0.439,0.478,0.493,0.487,0.345,0.482,0.34,0.497,0.234,0.334,0.512,0.331,0.509,0.321,0.5,0.336,0.514,0.334,0.511,0.323,0.502,0.301,0.483,3.06,3.43,3.4,3.47,1.57,1.58,1.52,1.55,3.2,-0.261,-0.406,10.92925926,-1.212037037,10.92925926,0.466296296,0.605399353,121.115,116.075,121.0289544,45,0,0,0,0,0,-666,-666,-666,11.86059735,-0.090340951,0.515305064,-2.178458834,0.540829623,-2.1434077,2.500430209,-0.735601978,3.330587193,379.541393,10.87831518,9.316496581,4.316496581,6.485269665,4.566496581,2.15824829,1.287457479,1.287457479,0.704124145,0.704124145,0.352062073,0.352062073,-0.08,1105.52433,2.887598098,3.180475788,1.953512004,59.92154208,0,0,0,0,0,58.64429617,0,0,0,0,0,0,0,0,15.3863796,5.969305288,1.431199657,0,0,0,0,35.85741162,0,0,0,0,0,0,11.07811348,4.794537184,6.076020107,5.483034225,29.78139151,0,1.431199657,0,-666,35.7506968,4.794537184,0,0,0,0,0,0,0,11.1848283,6.914233882,35.15407596,0,10.92925926,3.598425926,-0.547453704,-1.212037037,-2.037685185,2.115414777,0,0,0,9,1,2,0,0,0,0,0,0,2,1,2,-666,0,0,0,-666,0.92659,32.6718,1,0,0,0,0,0,0,0,1,1,1,0,0,0,0,0,0,0,0,0,0,0,0,0,0,0,4,0,0,0,0,0,0,0,0,0,-666,0,0,0,0,0,0,0,0,0,0,0,0,0,0,0,0,0,-666,0,0,0,0,0,0,0,0,0,0,0,0,0,0,0,0,0,0,0,0,0,0,0,0,0,0,0,0,-666,0,0,70,6,12.011,1.262119,11.3,4,2.55,2.2,278,16.5,-0.42161563,-0.339896864,C,6,6,0,2.55,2.55,0,12,5.1,1.06,42.848
381,4-chlorobutan-2-yl,1.963 ,1.534 ,1.605 ,1.973 ,2.036 ,2.000 ,1.700 ,1.641 ,0.743,0.618,0.582,0.594,0.576,0.59,0.412,0.585,0.389,0.624,0.626,0.524,0.622,0.523,0.621,0.501,0.614,0.525,0.622,0.527,0.623,0.505,0.616,0.468,0.605,1.57,1.78,1.76,1.8,0.8,0.82,0.77,0.77,1.6,-0.287,-0.545,7.014467593,-3.000192901,7.014467593,1.333333333,0.455168365,91.561,83.497,91.03145294,31,0,0,0,0,0,-666,-666,-666,-2.71E-15,-0.244524256,-0.084956258,-2.472312825,-5.59E-18,-2.40477784,-4.95E-16,-0.992767137,4.857162526,177.5634981,11.07735027,10.37796447,3.133893419,5.404700538,4.938982237,1.31694671,0.344491118,0.533473355,0.109745559,0.204236677,0.02362278,0.070868339,0.29,240.6662437,0.64456466,4.29,4.29,49.3771076,0,0,0,0,0,48.02080534,0,0,0,0,0,0,0,0,10.96606845,11.60093989,0,0,0,13.22481702,5.832106723,6.396873262,0,0,0,0,0,11.60093989,5.832106723,0,6.396873262,24.19088547,0,0,0,0,0,25.453797,0,0,0,0,0,0,0,0,0,22.56700834,54.73887346,4.993240741,0,0,0,-2.904282407,0,-4.333526235,-2.966527778,0,0.75,5,0,0,0,0,0,0,0,0,0,0,1,-666,0,0,0,-666,1.83949,25.311,0,0,0,0,0,0,0,0,0,0,0,0,0,0,0,0,0,0,0,0,0,0,0,0,0,1,0,0,0,0,0,0,0,0,0,0,-666,0,0,0,0,0,0,0,1,0,0,0,0,0,0,0,0,0,-666,0,0,0,0,0,0,0,0,0,0,0,0,0,0,0,0,0,0,0,0,0,0,0,0,0,0,0,0,-666,0,0,70,6,12.011,1.262119,11.3,4,2.55,2.2,257.8,14.6,-0.407122249,-0.300272913,C,6,6,1,2.55,2.55,2.1,13,7.2,1.009,42.875
382,4-chloropentan-2-yl,1.942 ,1.512 ,1.579 ,1.953 ,2.015 ,1.979 ,1.679 ,1.620 ,0.744,0.626,0.583,0.596,0.577,0.591,0.417,0.587,0.393,0.625,0.643,0.534,0.623,0.533,0.623,0.511,0.616,0.535,0.624,0.537,0.624,0.515,0.617,0.478,0.606,1.54,1.75,1.73,1.77,0.78,0.8,0.75,0.75,1.58,-0.291,-0.546,7.248842593,-3.286651235,7.248842593,1.498958333,0.472728155,105.588,95.508,105.047103,37,0,0,0,0,0,-666,-666,-666,-1.11E-15,-0.246724935,-0.061869535,-2.544832401,-2.40E-16,-2.488127948,-2.38E-17,-1.025040837,5.367288301,248.9154537,13.57735027,12.87796447,3.633893419,6.654700538,6.188982237,1.56694671,0.563982237,0.94194671,0.172245559,0.266736677,0.05487278,0.102118339,0.29,870.0077601,0.752916854,3.479035917,4.29,58.55199071,0,0,0,0,0,57.13524736,0,0,0,0,0,0,0,0,13.70758556,11.60093989,0,0,0,25.42984864,0,6.396873262,0,0,0,0,0,11.60093989,5.353139507,0,6.396873262,33.7842947,0,0,0,0,0,31.82672191,0,0,0,0,0,0,0,0,0,25.30852545,69.92031636,5.243240741,0,-3.216782407,0,0,0,-4.785609568,-6.383387346,0,0.8,6,0,0,0,0,0,0,0,0,0,0,1,-666,0,0,0,-666,2.22799,29.906,0,0,0,0,0,0,0,0,0,0,0,0,0,0,0,0,0,0,0,0,0,0,0,0,0,1,0,0,0,0,0,0,0,0,0,0,-666,0,0,0,0,0,0,0,1,0,0,0,0,0,0,0,0,0,-666,0,0,0,0,0,0,0,0,0,0,0,0,0,0,0,0,0,0,0,0,0,0,0,0,0,0,0,0,-666,0,0,70,6,12.011,1.262119,11.3,4,2.55,2.2,284.1,15,-0.403179984,-0.298210384,C,6,6,1,2.55,2.55,2.1,13,7.2,1.012,43.209
383,4-chlorophenyl,4.039 ,3.357 ,3.505 ,4.056 ,4.164 ,4.103 ,3.565 ,3.456 ,0.717,0.514,0.44,0.483,0.501,0.492,0.356,0.488,0.351,0.5,0.23,0.343,0.516,0.343,0.515,0.328,0.502,0.344,0.517,0.346,0.518,0.331,0.505,0.308,0.485,3.32,3.72,3.69,3.76,1.7,1.72,1.65,1.69,3.5,-0.273,-0.423,7.127546296,-0.242901235,7.127546296,0.153935185,0.481308406,111.551,107.519,111.0001528,35,0,0,0,0,0,-666,-666,-666,11.78038922,-1.058351035,0.510192063,-2.136789419,0.696869937,-1.981347068,3.184015669,-1.187132733,3.281646062,281.4476335,8.593858127,7.377964473,4.133893419,5.03658126,3.688982237,2.06694671,0.938982237,1.31694671,0.469491118,0.658473355,0.234745559,0.329236677,0.29,256.3467848,2.262772726,2.561255644,1.684442415,53.41246958,0,0,0,0,0,52.40056756,0,0,0,0,0,0,0,0,5.483034225,11.60093989,0,0,0,0,0,35.31659344,0,0,0,0,0,11.60093989,0,0,6.076020107,5.483034225,29.24057334,0,0,0,0,0,0,0,29.24057334,0,0,0,0,0,6.076020107,17.08397411,28.38916667,5.453209877,0,-0.153935185,0,0,-0.965432099,2.221435185,0,0,0,7,0,0,0,0,0,0,0,0,0,0,1,-666,0,0,0,-666,2.03829,30.889,0,0,0,0,0,0,0,0,0,0,0,0,0,0,0,0,0,0,0,0,0,0,0,0,0,0,6,0,0,0,0,0,0,0,0,0,-666,0,0,0,0,0,0,0,1,0,0,0,0,0,0,0,0,0,-666,0,0,0,0,0,0,0,0,0,0,0,0,0,0,0,0,0,0,0,0,0,0,0,0,0,0,0,0,-666,0,0,70,6,12.011,1.262119,11.3,4,2.55,2.2,257.6,16.6,-0.402016032,-0.350215781,C,6,6,0,2.55,2.55,0,12,5.1,1.06,41.984
384,4-cyanophenyl,4.212 ,3.564 ,3.726 ,4.228 ,4.328 ,4.271 ,3.769 ,3.666 ,0.703,0.518,0.433,0.473,0.49,0.481,0.348,0.477,0.345,0.49,0.22,0.334,0.504,0.334,0.504,0.32,0.492,0.335,0.505,0.336,0.506,0.323,0.494,0.304,0.477,3.57,3.95,3.92,3.99,1.98,1.99,1.92,1.96,3.72,-0.276,-0.416,8.477592593,-0.334722222,8.477592593,0.232638889,0.484817418,102.116,98.084,102.0343741,37,0,0,0,0,0,-666,-666,-666,11.89619137,-0.617662328,0.59138662,-2.148435062,0.686513023,-2.003889619,2.799020637,-0.727352034,3.38761567,356.0928907,9.300964908,7.947213595,3.947213595,5.574586063,3.973606798,1.973606798,1.111803399,1.111803399,0.611803399,0.611803399,0.305901699,0.305901699,-0.04,435.272186,2.695685283,3.079539222,1.47805616,53.86672515,0,0,0,0,0,52.67155871,0,0,0,0,0,0,0,0,5.483034225,0,5.261891555,0,0,0,0,35.85741162,0,6.069221313,0,0,0,0,0,0,17.40713297,5.483034225,29.78139151,0,0,0,-666,0,0,0,29.78139151,0,0,0,6.069221313,0,6.076020107,10.74492578,28.58388889,0,0,8.477592593,-0.232638889,0,0.315833333,2.188657407,0,0,0,8,0,1,0,0,0,0,0,0,1,0,1,-666,0,0,0,-666,1.36557,30.649,0,0,0,0,0,0,0,0,0,0,0,0,0,0,0,1,0,0,0,0,0,0,0,0,0,0,6,0,0,0,0,0,0,0,0,0,-666,0,0,0,0,0,0,0,0,0,0,0,0,0,0,0,0,0,-666,0,0,1,0,0,0,0,0,0,0,0,0,0,0,0,0,0,0,0,0,0,0,0,0,0,0,0,0,-666,0,0,70,6,12.011,1.262119,11.3,4,2.55,2.2,266.6,16.6,-0.423408578,-0.355908091,C,6,6,0,2.55,2.55,0,12,5.1,1.063,42.041
385,4-ethoxycarbonylphenyl,4.076 ,3.352 ,3.502 ,4.053 ,4.202 ,4.094 ,3.559 ,3.441 ,0.709,0.526,0.426,0.464,0.49,0.475,0.346,0.468,0.34,0.49,0.225,0.338,0.505,0.336,0.502,0.325,0.493,0.34,0.507,0.338,0.505,0.327,0.494,0.306,0.476,3.33,3.73,3.7,3.78,1.68,1.71,1.63,1.67,3.5,-0.246,-0.366,11.72030093,-3.312599206,11.72030093,0.64593065,0.597615502,149.169,140.097,149.0602545,57,0,0,0,0,0,-666,-666,-666,10.81642297,-0.247450345,-5.71E-17,-2.38782231,0.004747785,-2.41340527,0.679024082,-1.053234031,3.173122854,538.1117016,15.87831518,14.31649658,5.316496581,8.881716275,7.112372436,2.612372436,1.491581624,1.491581624,0.847852885,0.847852885,0.44944196,0.44944196,-0.08,10667.06149,2.708116321,4.728423353,2.795274026,78.50394952,0,0,0,0,0,77.10582141,0,0,0,0,0,0,0,0,21.86822714,5.969305288,0,0,0,6.851892117,6.558985243,35.85741162,0,0,0,0,0,0,12.52829053,9.531400138,6.076020107,19.18871912,29.78139151,0,0,0,-666,49.16157416,4.794537184,0,0,0,0,0,0,6.076020107,4.736862954,12.33682701,68.57920706,0,11.72030093,0,-0.840856481,-1.58599537,-2.85233938,2.040759047,-6.561075798,0,0.222222222,11,0,2,0,0,0,0,0,0,2,0,2,-666,0,0,0,-666,1.40509,41.669,0,0,0,0,0,0,0,0,0,0,1,1,0,0,0,0,0,0,0,0,0,0,0,0,0,0,4,0,0,0,0,0,0,0,0,0,-666,0,0,0,1,1,0,0,0,0,0,0,0,0,0,0,0,0,-666,0,0,0,0,0,0,0,0,0,0,0,0,0,0,0,0,0,0,0,0,0,0,0,0,0,0,0,0,-666,0,0,70,6,12.011,1.262119,11.3,4,2.55,2.2,338.5,16.7,-0.415737825,-0.344980003,C,6,6,0,2.55,2.55,0,12,5.1,1.065,42.064
386,4-fluorophenyl,3.968 ,3.286 ,3.434 ,3.986 ,4.093 ,4.032 ,3.494 ,3.384 ,0.724,0.519,0.461,0.5,0.514,0.509,0.369,0.505,0.363,0.515,0.237,0.354,0.529,0.354,0.529,0.34,0.517,0.355,0.53,0.357,0.531,0.343,0.52,0.322,0.503,3.24,3.63,3.6,3.68,1.64,1.66,1.59,1.62,3.43,-0.291,-0.446,12.61740741,-1.126157407,12.61740741,0.48287037,0.459034609,95.096,91.064,95.02970335,35,0,0,0,0,0,-666,-666,-666,11.20782579,-0.090340222,0.483831225,-2.128428729,0.677306802,-2.005356921,2.720734685,-0.407309701,3.281646062,281.4476335,8.593858127,7.377964473,3.377964473,5.03658126,3.688982237,1.688982237,0.938982237,0.938982237,0.469491118,0.469491118,0.234745559,0.234745559,-0.07,256.3467848,2.039869091,2.291934264,1.456442755,47.27473875,0,0,0,0,0,45.98463024,0,0,0,0,0,0,0,0,9.873449272,0,0,0,0,0,0,36.11118097,0,0,0,4.390415048,0,0,0,0,6.076020107,5.483034225,30.03516086,0,0,0,0,30.03516086,4.390415048,0,0,0,0,0,0,0,6.076020107,5.483034225,40.20935185,0,0,0,0,-1.126157407,-2.315740741,2.06587963,0,0,0,7,0,0,0,0,0,0,0,0,0,0,1,-666,0,0,0,-666,1.76899,26.144,0,0,0,0,0,0,0,0,0,0,0,0,0,0,0,0,0,0,0,0,0,0,0,0,0,0,6,0,0,0,0,0,0,0,0,0,-666,0,0,0,0,0,0,0,1,0,0,0,0,0,0,0,0,0,-666,0,0,0,0,0,0,0,0,0,0,0,0,0,0,0,0,0,0,0,0,0,0,0,0,0,0,0,0,-666,0,0,70,6,12.011,1.262119,11.3,4,2.55,2.2,241.7,15.7,-0.412150617,-0.351726459,C,6,6,0,2.55,2.55,0,12,5.1,1.061,42.024
387,4-hydroxyphenyl,3.530 ,2.850 ,2.980 ,3.537 ,3.655 ,3.583 ,3.053 ,2.948 ,0.721,0.521,0.462,0.502,0.511,0.51,0.363,0.506,0.357,0.516,0.24,0.351,0.531,0.347,0.528,0.335,0.519,0.353,0.533,0.35,0.53,0.338,0.521,0.313,0.503,2.8,3.18,3.15,3.22,1.35,1.36,1.3,1.32,2.98,-0.278,-0.448,7.165740741,-0.383333333,7.165740741,0.334953704,0.510481816,93.105,88.065,93.03403978,35,0,0,0,0,0,-666,-666,-666,11.08378805,-0.090343518,0.033306751,-2.184686099,0.152865525,-1.984558682,2.052976807,-0.752424525,3.261191179,301.0603058,9.300964908,8.40824829,3.40824829,5.574586063,4.112372436,1.704124145,0.954124145,0.954124145,0.477062073,0.477062073,0.238531036,0.238531036,-0.04,435.272186,1.728380667,2.31410722,1.475062751,49.39507786,0,0,0,0,0,48.06651404,0,0,0,0,0,0,0,0,10.59184242,0,1.431199657,0,0,0,0,36.04347196,0,0,0,0,0,0,5.108808191,0,6.076020107,5.483034225,29.96745186,0,1.431199657,0,-666,0,0,0,29.96745186,0,0,0,0,0,11.1848283,6.914233882,35.01259259,0,0,3.952407407,0,-0.371527778,-1.436574074,2.176435185,0,0,0,7,1,1,0,0,0,0,0,0,1,1,1,-666,0,0,0,-666,1.35749,27.6648,0,1,1,0,0,0,0,0,0,0,0,0,0,0,0,0,0,0,0,0,0,0,0,0,0,0,5,0,0,0,0,0,0,0,0,0,-666,0,0,0,0,0,0,0,0,0,0,0,0,0,0,0,0,0,-666,0,0,0,0,0,0,0,0,0,0,0,0,0,0,0,0,0,0,0,0,0,0,0,0,0,0,0,0,-666,0,0,70,6,12.011,1.262119,11.3,4,2.55,2.2,245.9,15.7,-0.384593468,-0.326063536,C,6,6,0,2.55,2.55,0,12,5.1,1.063,42.726
388,4-iodophenyl,3.700 ,3.044 ,3.173 ,3.717 ,3.821 ,3.762 ,3.248 ,3.144 ,0.708,0.5,0.427,0.462,0.482,0.471,0.331,0.465,0.325,0.485,0.233,0.322,0.5,0.322,0.5,0.307,0.487,0.323,0.501,0.324,0.502,0.31,0.489,0.289,0.474,3.04,3.42,3.38,3.46,1.56,1.58,1.51,1.54,3.17,-0.251,-0.403,7.251990741,-0.11537037,7.251990741,0.021666667,0.566009388,203.002,198.97,202.9357731,35,0,0,0,0,0,-666,-666,-666,11.79077866,-1.058290304,0.519426936,-2.140896317,0.69818061,-2.016819543,3.145638197,-1.198857266,3.281646062,281.4476335,8.593858127,7.377964473,5.535462764,5.03658126,3.688982237,2.767731382,0.938982237,2.017731382,0.469491118,1.008865691,0.234745559,0.504432846,0.73,256.3467848,2.544565286,2.899317793,1.975644766,62.37104147,0,0,0,0,0,61.93804725,0,0,0,0,0,0,0,0,5.483034225,22.59087063,0,0,0,0,0,33.8641424,0,0,0,0,0,22.59087063,0,0,6.076020107,5.483034225,27.78812229,0,0,0,0,0,0,0,24.20828698,3.579835309,0,0,22.59087063,0,6.076020107,5.483034225,29.14118704,1.785140741,0,0,0,0,-0.274074074,2.30107963,0,0,0,7,0,0,0,0,0,0,0,0,0,0,1,-666,0,0,0,-666,2.23449,39.056,0,0,0,0,0,0,0,0,0,0,0,0,0,0,0,0,0,0,0,0,0,0,0,0,0,0,6,0,0,0,0,0,0,0,0,0,-666,0,0,0,0,0,0,0,1,0,0,0,0,0,0,0,0,0,-666,0,0,0,0,0,0,0,0,0,0,0,0,0,0,0,0,0,0,0,0,0,0,0,0,0,0,0,0,-666,0,0,70,6,12.011,1.262119,11.3,4,2.55,2.2,274.4,18.7,-0.402085959,-0.345227551,C,6,6,0,2.55,2.55,0,12,5.1,1.051,42.797
389,4-methoxybenzenesulfonyl,6.601 ,4.446 ,4.598 ,5.510 ,6.853 ,5.388 ,4.910 ,4.577 ,0.335,0.188,0.194,0.13,0.203,0.145,0.115,0.14,0.108,0.176,0.167,0.136,0.184,0.112,0.171,0.139,0.189,0.138,0.186,0.11,0.169,0.136,0.186,0.163,0.211,4.91,5.76,5.69,5.85,2.02,2.2,1.99,2.06,4.59,-0.116,-0.155,10.78497603,-2.965242819,10.78497603,0.806296296,0.671005555,171.197,164.141,171.0115901,59,0,0,0,0,0,-666,-666,-666,12.01265627,-0.24308556,8.44E-17,-2.306921664,0.045195807,-2.281061496,1.721782792,-0.943201082,3.383489571,462.1497875,14.24855867,12.13299316,5.949489743,8.05923663,5.945705769,3.520620726,1.495018411,2.372682799,0.847852885,1.385310363,0.423926442,0.692655182,0.23,4704.744522,3.536369908,4.303970001,2.630499748,77.90023084,0,0,0,0,0,76.80494162,0,0,0,0,0,0,0,0,23.43767259,11.4567282,0,0,0,0,7.037952459,34.87258837,0,0,0,0,0,11.4567282,7.037952459,13.8423627,0,9.595309893,34.87258837,0,0,0,-666,53.36726902,9.105499747,0,0,0,0,0,0,0,4.736862954,9.595309893,75.98403148,-2.965242819,-0.830655707,0,0,-0.806296296,-3.453873457,0,0,-2.955740977,0.142857143,11,0,3,0,0,0,0,0,0,1,0,4,-666,0,0,0,-666,1.9303,41.279,0,0,0,0,0,0,0,0,0,0,0,0,0,0,0,0,0,0,0,0,0,0,0,0,0,0,4,0,0,0,0,0,0,0,0,0,-666,0,0,0,0,1,0,0,0,0,0,0,0,0,0,0,0,0,-666,1,0,0,0,0,0,0,0,0,0,0,0,0,0,0,0,0,0,0,0,0,0,0,0,0,0,0,0,-666,0,0,100,16,32.06,2.07710403,19.4,6,2.58,2.07,333,17.7,-0.413397299,-0.363806028,S,6,8,8,2.55,3.44,3.44,22,9.43,0.385,45.973
390,4-methoxybenzoyloxidanyl,14.618 ,5.761 ,6.017 ,13.344 ,15.215 ,13.284 ,11.550 ,5.546 ,0.075,0.053,0.12,0.004,-0.245,0.006,0.006,0.006,0.007,0.302,0.198,0.079,0.114,0.066,0.078,-0.205,-0.266,0.103,0.149,0.064,0.076,0.035,0.046,0.052,0.066,6.33,7.49,7.39,7.62,2.59,2.93,2.57,2.7,6.01,-0.094,-0.109,10.67386491,-2.964811272,10.67386491,0.824074074,0.63840499,151.141,144.085,151.0395191,57,0,0,0,0,0,-666,-666,-666,11.71990255,-1.75847705,0.102136945,-2.334616864,6.16E-05,-2.249667493,2.030852713,-1.910619685,3.429747629,497.310203,14.24855867,12.22474487,5.224744871,8.05923663,6.066496581,2.566496581,1.593643696,1.593643696,0.90824829,0.90824829,0.454124145,0.454124145,-0.12,4704.744522,3.322062169,4.043932929,2.43281107,74.12330016,0,0,0,0,0,72.78105156,0,0,0,0,0,0,0,0,24.23323743,5.969305288,0,0,0,0,7.037952459,35.54055639,0,0,0,0,0,0,13.00725775,14.63792753,0,9.595309893,35.54055639,0,0,0,-666,48.54781413,9.901064579,0,0,0,0,0,0,0,4.736862954,9.595309893,54.2897893,0,10.67386491,10.67386491,-0.941766818,-2.706079932,-3.608194444,0,0,-2.964811272,0.125,11,0,3,0,0,0,0,0,0,2,0,3,-666,0,0,0,-666,0.97,38.0085,0,0,0,0,0,0,0,0,0,0,1,1,0,0,0,0,0,0,0,0,0,0,0,0,0,0,3,0,0,0,0,0,0,0,0,0,-666,0,0,0,0,1,0,0,0,0,0,0,0,0,0,0,0,0,-666,1,0,0,0,0,0,0,0,0,0,0,0,0,0,0,0,0,0,0,0,0,0,0,0,0,0,0,0,-666,0,0,60,8,15.999,1.4611135,5.3,6,3.44,0.001308,322.6,16.8,-0.421308336,-0.41880078,O,6,0,0,2.55,0,0,6,2.55,0.038,32.726
391,4-methoxyphenyl,3.843 ,3.116 ,3.253 ,3.839 ,3.975 ,3.884 ,3.326 ,3.206 ,0.724,0.535,0.45,0.495,0.509,0.504,0.369,0.5,0.364,0.51,0.234,0.355,0.526,0.353,0.523,0.34,0.513,0.357,0.527,0.355,0.525,0.342,0.515,0.32,0.496,3.05,3.46,3.43,3.51,1.46,1.48,1.41,1.44,3.25,-0.285,-0.436,7.315740741,-2.799768519,7.315740741,0.462731481,0.528018598,107.132,100.076,107.0496898,41,0,0,0,0,0,-666,-666,-666,10.33019662,-0.243085224,0,-2.28592891,4.72E-17,-2.278724727,0.672249098,-0.943197301,3.160672146,373.2901641,11.80096491,10.90824829,3.90824829,6.721032672,5.40824829,1.90824829,1.056186218,1.056186218,0.579124145,0.579124145,0.289562073,0.289562073,-0.04,1255.781867,1.722932883,3.079539222,1.47805616,58.80260219,0,0,0,0,0,57.41359727,0,0,0,0,0,0,0,0,14.33217285,0,0,0,0,0,7.037952459,36.04347196,0,0,0,0,0,0,7.037952459,4.736862954,6.076020107,9.595309893,29.96745186,0,0,0,-666,37.00540431,0,0,0,0,0,0,0,0,10.81288306,9.595309893,53.85880197,0,0,0,0,-0.579861111,-2.02337963,2.127540627,0,-2.799768519,0.142857143,8,0,1,0,0,0,0,0,0,1,0,1,-666,0,0,0,-666,1.44589,32.045,0,0,0,0,0,0,0,0,0,0,0,0,0,0,0,0,0,0,0,0,0,0,0,0,0,0,5,0,0,0,0,0,0,0,0,0,-666,0,0,0,0,1,0,0,0,0,0,0,0,0,0,0,0,0,-666,1,0,0,0,0,0,0,0,0,0,0,0,0,0,0,0,0,0,0,0,0,0,0,0,0,0,0,0,-666,0,0,70,6,12.011,1.262119,11.3,4,2.55,2.2,275.1,16,-0.377559381,-0.331280141,C,6,6,0,2.55,2.55,0,12,5.1,1.069,41.928
392,"4-methyl-1,4-diazabicyclo_2.2.2_octan-4-ium-1-ylium-1-yl",0.256 ,0.080 ,0.040 ,0.267 ,0.349 ,0.297 ,0.106 ,0.089 ,0.021,-0.002,0.033,0.02,0.03,0.031,-0.054,0.029,-0.044,0.019,0.049,-0.067,0.026,-0.067,0.026,-0.058,0.027,-0.068,0.026,-0.07,0.026,-0.059,0.027,-0.052,0.028,9.71,9.07,9.11,9.01,16.47,16.85,16.2,16.32,8.94,0.018,-0.034,7.933680556,-3.96125,7.933680556,0.50125,-666,127.211,112.091,127.1235235,53,0,0,0,0,0,-666,-666,-666,0,0,0,0,0,0,0,0,3.164942016,503.538554,19.57735027,19.39442719,4.394427191,10.1160254,9.815247584,2.315247584,1.677050983,1.677050983,0.988525492,0.988525492,0.542705098,0.542705098,-0.08,36757.75634,0.90098828,1.703725895,0.864355867,77.72143774,0,0,0,0,0,75.90130394,0,0,0,0,0,0,0,0,20.56137834,0,0,9.382940589,0,0,45.95698501,0,0,0,0,0,0,0,55.33992559,0,0,20.56137834,0,0,0,0,-666,55.33992559,0,0,0,0,0,0,0,0,0,20.56137834,114.2302083,0,-0.50125,0,0,0,0,0,-26.47895833,0,1,9,0,2,0,0,0,0,0,0,1,0,2,-666,0,0,0,-666,-0.2169,38.804,0,0,0,0,0,0,0,0,0,0,0,0,0,0,0,2,0,0,0,1,-666,0,0,0,0,0,0,0,0,0,0,0,0,0,0,0,-666,0,0,0,0,0,0,0,0,0,0,0,0,0,0,0,0,0,-666,0,0,0,0,0,0,0,0,0,0,0,0,0,0,0,3,0,0,0,0,0,0,0,0,0,0,0,0,-666,0,2,65,7,14.007,-1.4,7.4,5,3.04,0.001145,294.8,15.8,-0.32033211,-0.070654397,N,6,6,6,2.55,2.55,2.55,18,7.65,-0.043,59.292
393,4-methylbenzenesulfonyl,6.500 ,4.448 ,4.581 ,5.480 ,6.736 ,5.368 ,4.913 ,4.596 ,0.331,0.19,0.214,0.16,0.232,0.177,0.141,0.172,0.133,0.206,0.196,0.162,0.216,0.136,0.204,0.163,0.217,0.164,0.217,0.135,0.203,0.16,0.216,0.184,0.237,4.88,5.67,5.6,5.75,2.11,2.27,2.08,2.14,4.58,-0.134,-0.178,10.76072657,-2.95638511,10.76072657,0.776203704,0.596742171,155.198,148.142,155.0166755,53,0,0,0,0,0,-666,-666,-666,11.20628334,-0.243466084,1.97E-18,-2.329977261,0.044416219,-2.182252214,1.677092499,-0.946550976,3.585426683,445.6287879,13.54145188,11.72474487,5.541241452,7.586110083,5.787457479,3.362372436,1.438832194,2.316496581,0.768728739,1.306186218,0.38436437,0.653093109,0.27,2886.987268,2.95900185,3.6003847,2.14647772,72.78668561,0,0,0,0,0,71.69595798,0,0,0,0,0,0,0,0,18.70080964,11.4567282,0,0,0,6.851892117,0,34.68652803,0,0,0,0,0,11.4567282,0,9.105499747,0,16.44720201,34.68652803,0,0,0,-666,52.99514834,9.105499747,0,0,0,0,0,0,0,0,9.595309893,72.31390306,-2.95638511,-0.825925926,0,-0.776203704,0,-3.452484568,0,-2.830681532,0,0.142857143,10,0,2,0,0,0,0,0,0,0,0,3,-666,0,0,0,-666,2.3463,39.944,0,0,0,0,0,0,0,0,0,0,0,0,0,0,0,0,0,0,0,0,0,0,0,0,0,0,5,0,0,0,0,0,0,0,0,0,-666,0,0,0,0,0,0,0,0,0,0,0,0,0,0,0,0,0,-666,0,0,0,0,0,0,0,0,0,0,0,0,0,0,0,0,0,0,0,0,0,0,0,0,0,0,0,0,-666,0,0,100,16,32.06,2.07710403,19.4,6,2.58,2.07,318.1,17.7,-0.426670535,-0.364932435,S,6,8,8,2.55,3.44,3.44,22,9.43,0.385,45.972
394,4-methylbenzoyloxidanyl,8.443 ,5.422 ,4.735 ,6.470 ,8.756 ,6.267 ,5.933 ,5.519 ,0.415,0.317,0.199,-0.224,0.106,0.082,0.067,0.541,0.494,0.087,0.073,0.052,0.062,0.063,0.069,0.08,0.095,0.049,0.059,0.052,0.057,0.076,0.091,0.119,0.14,5,5.28,5.36,5.41,2.71,3.04,2.69,2.81,4.73,-0.134,-0.16,10.64961546,-2.843027211,10.64961546,0.793981481,0.575346525,135.142,128.086,135.0446045,51,0,0,0,0,0,-666,-666,-666,11.19225998,-0.243466157,0,-2.321800856,0.048757103,-2.204554924,1.878344605,-0.946534055,3.642949344,480.5923875,13.54145188,11.81649658,4.816496581,7.586110083,5.90824829,2.40824829,1.537457479,1.537457479,0.829124145,0.829124145,0.414562073,0.414562073,-0.08,2886.987268,2.757024742,3.351893337,1.957306778,69.00975493,0,0,0,0,0,67.67206792,0,0,0,0,0,0,0,0,19.49637447,5.969305288,0,0,0,6.851892117,0,35.35449604,0,0,0,0,0,0,5.969305288,9.901064579,0,16.44720201,35.35449604,0,0,0,-666,48.17569345,9.901064579,0,0,0,0,0,0,0,0,9.595309893,50.67412793,0,10.64961546,10.64961546,-1.731018519,-1.875840892,-3.606805556,0,-2.843027211,0,0.125,10,0,2,0,0,0,0,0,0,1,0,2,-666,0,0,0,-666,1.386,36.6735,0,0,0,0,0,0,0,0,0,0,1,1,0,0,0,0,0,0,0,0,0,0,0,0,0,0,4,0,0,0,0,0,0,0,0,0,-666,0,0,0,0,0,0,0,0,0,0,0,0,0,0,0,0,0,-666,0,0,0,0,0,0,0,0,0,0,0,0,0,0,0,0,0,0,0,0,0,0,0,0,0,0,0,0,-666,0,0,60,8,15.999,1.4611135,5.3,6,3.44,0.001308,308.1,16.7,-0.43263984,-0.429272598,O,6,0,0,2.55,0,0,6,2.55,0.564,32.749
395,4-methylmorpholin-3-yl,1.619 ,1.107 ,1.172 ,1.570 ,1.711 ,1.586 ,1.271 ,1.195 ,0.583,0.547,0.396,0.424,0.437,0.426,0.378,0.428,0.366,0.438,0.532,0.456,0.45,0.456,0.451,0.431,0.438,0.458,0.45,0.461,0.454,0.436,0.441,0.407,0.426,1.18,1.41,1.39,1.44,0.49,0.49,0.45,0.44,1.17,-0.267,-0.385,7.373958333,-3.198958333,7.373958333,0.21875,0.428142681,100.141,90.061,100.0762389,41,0,0,0,0,0,-666,-666,-666,-4.14E-17,-0.24333112,-0.102656755,-2.653292416,-0.03423287,-2.748439773,-1.44E-17,-1.025717517,3.315498991,310.3083431,13.86180732,13.35546189,3.355461886,7.233815787,6.579068684,1.579068684,0.865203212,0.865203212,0.416955963,0.416955963,0.190397007,0.190397007,-0.08,1747.208169,0.84712752,2.284554637,1.450252015,58.11627223,0,0,0,0,0,56.45582336,0,0,0,0,0,0,0,0,18.44444852,0,0,4.899909731,0,0,26.59065707,6.520808045,0,0,0,0,0,0,31.4905668,4.736862954,6.520808045,13.70758556,0,0,0,0,-666,33.11146512,0,0,4.899909731,0,0,0,0,0,4.736862954,13.70758556,76.24381944,0,-0.21875,0,0,0,0,0,-13.85840278,0,0.8,7,0,2,0,0,0,0,0,0,2,0,2,-666,0,0,0,-666,0.11019,27.749,0,0,0,0,0,0,0,0,0,0,0,0,0,0,0,1,0,0,0,1,-666,0,0,0,0,0,0,0,0,0,0,0,0,0,0,0,-666,0,0,0,0,1,0,0,0,0,0,0,0,0,0,0,0,0,-666,0,1,0,0,0,0,0,0,0,0,0,0,0,0,0,0,0,0,0,0,0,0,0,0,0,0,0,0,-666,0,0,70,6,12.011,1.262119,11.3,4,2.55,2.2,265.7,14.9,-0.394374852,-0.259093443,C,6,7,1,2.55,3.04,2.1,14,7.69,0.824,46.946
396,4-methylphenyl,3.814 ,3.110 ,3.250 ,3.833 ,3.948 ,3.882 ,3.314 ,3.199 ,0.718,0.52,0.436,0.472,0.492,0.48,0.348,0.476,0.344,0.492,0.231,0.337,0.506,0.337,0.506,0.323,0.493,0.338,0.507,0.34,0.508,0.326,0.496,0.306,0.48,3.03,3.45,3.41,3.49,1.46,1.47,1.41,1.44,3.25,-0.273,-0.417,7.306365741,-2.630092593,7.306365741,0.46099537,0.456360419,91.133,84.077,91.05477522,35,0,0,0,0,0,-666,-666,-666,3.49E-16,-0.243465744,-0.007536862,-2.305232343,6.81E-17,-2.16712949,1.46E-16,-0.946532849,3.415376909,354.7248251,11.09385813,10.5,3.5,6.247906126,5.25,1.75,1,1,0.5,0.5,0.25,0.25,0,764.2198392,1.285714286,2.34375,1.5,53.68905697,0,0,0,0,0,52.30461363,0,0,0,0,0,0,0,0,9.595309893,0,0,0,0,6.851892117,0,35.85741162,0,0,0,0,0,0,0,0,6.076020107,16.44720201,29.78139151,0,0,0,0,36.63328363,0,0,0,0,0,0,0,0,6.076020107,9.595309893,50.15763889,0,0,0,-0.549768519,0,-2.021990741,2.127546296,-2.630092593,0,0.142857143,7,0,0,0,0,0,0,0,0,0,0,0,-666,0,0,0,-666,1.86189,30.71,0,0,0,0,0,0,0,0,0,0,0,0,0,0,0,0,0,0,0,0,0,0,0,0,0,0,6,0,0,0,0,0,0,0,0,0,-666,0,0,0,0,0,0,0,0,0,0,0,0,0,0,0,0,0,-666,0,0,0,0,0,0,0,0,0,0,0,0,0,0,0,0,0,0,0,0,0,0,0,0,0,0,0,0,-666,0,0,70,6,12.011,1.262119,11.3,4,2.55,2.2,260.4,15.8,-0.389011478,-0.326952058,C,6,6,0,2.55,2.55,0,12,5.1,1.057,41.952
397,4-nitrobenzoyloxidanyl,8.187 ,5.179 ,5.680 ,6.420 ,8.414 ,6.242 ,6.065 ,5.728 ,0.415,0.32,0.321,0.484,0.356,0.48,0.429,0.232,0.187,0.38,0.294,0.317,0.382,0.37,0.417,0.307,0.37,0.312,0.376,0.372,0.419,0.317,0.38,0.332,0.392,5.67,6.01,5.99,6.07,4.79,3.64,4.72,3.39,5.21,-0.185,-0.226,10.54055933,-1.910279667,10.54055933,0.985555556,0.487982167,166.112,162.08,166.0140326,61,0,0,0,0,0,-666,-666,-666,14.22060161,-0.090342554,0.841813468,-2.162232201,0.850023443,-2.116033118,3.646909362,-0.423127721,3.692949508,532.5900803,12.61880215,9.580206757,5.580206757,7.28546882,4.74700346,2.74700346,1.768174061,1.768174061,0.99850173,0.99850173,0.499250865,0.499250865,-0.2,2268.422146,5.51334722,4.154911072,2.395253125,72.47947459,0,0,0,0,0,71.26606179,0,0,0,0,0,0,0,0,15.3840988,5.969305288,0,0,4.620096379,0,0,45.29256132,0,0,0,0,0,0,5.969305288,9.901064579,9.814130488,5.483034225,40.09852721,0,0,0,-666,46.06783249,19.71519507,0,0,0,0,0,0,0,0,5.483034225,27.61277022,0,31.46861678,10.54055933,-2.041111111,-1.910279667,-4.003888889,0,0,0,0,12,0,5,0,0,0,0,0,0,3,0,5,-666,0,0,0,-666,1.1235,40.1615,0,0,0,0,0,0,0,0,0,0,1,1,0,0,0,1,0,0,0,0,-666,0,0,0,0,0,3,0,0,0,0,0,0,0,0,0,-666,0,0,0,0,0,0,0,0,0,0,0,0,0,0,0,0,0,-666,0,0,0,1,0,0,2,0,0,0,0,0,0,0,0,0,0,0,0,0,0,0,0,0,0,0,0,0,-666,0,0,60,8,15.999,1.4611135,5.3,6,3.44,0.001308,319.6,16.9,-0.468753511,-0.464858753,O,6,0,0,2.55,0,0,6,2.55,0.565,32.833
398,4-nitrophenyl,3.916 ,3.256 ,3.410 ,3.887 ,4.024 ,3.921 ,3.467 ,3.364 ,0.703,0.521,0.449,0.487,0.5,0.497,0.351,0.492,0.346,0.504,0.224,0.337,0.519,0.334,0.515,0.325,0.507,0.339,0.521,0.336,0.517,0.327,0.509,0.305,0.491,3.29,3.64,3.61,3.67,1.83,1.85,1.77,1.8,3.41,-0.276,-0.431,10.33203704,-0.935925926,10.33203704,0.534537037,0.416975339,122.103,118.071,122.0242034,45,0,0,0,0,0,-666,-666,-666,13.03395508,-0.088250964,0.585523594,-2.124308857,0.671961191,-2.066053805,3.540307194,-0.463588026,3.487746643,408.3501889,10.1712084,8.263710176,4.263710176,5.947264863,4.088755169,2.088755169,1.230716583,1.230716583,0.669377585,0.669377585,0.334688792,0.334688792,-0.12,601.7846169,3.323790749,3.150977509,1.93040302,57.15877662,0,0,0,0,0,55.8986075,0,0,0,0,0,0,0,0,5.483034225,0,0,0,4.620096379,0,0,45.79547689,0,0,0,0,0,0,0,0,15.89015059,5.483034225,34.52542268,0,0,0,-666,34.52542268,9.814130488,0,0,0,0,0,0,0,6.076020107,5.483034225,27.3437963,0,20.66407407,0,-0.811342593,0,-2.419074074,2.05587963,0,0,0,9,0,3,0,0,0,0,0,0,2,0,3,-666,0,0,0,-666,1.59939,34.198,0,0,0,0,0,0,0,0,0,0,0,0,0,0,0,1,0,0,0,0,-666,0,0,0,0,0,5,0,0,0,0,0,0,0,0,0,-666,0,0,0,0,0,0,0,0,0,0,0,0,0,0,0,0,0,-666,0,0,0,1,0,0,2,0,0,0,0,0,0,0,0,0,0,0,0,0,0,0,0,0,0,0,0,0,-666,0,0,70,6,12.011,1.262119,11.3,4,2.55,2.2,271.6,16.4,-0.446438596,-0.364104498,C,6,6,0,2.55,2.55,0,12,5.1,1.066,42.919
399,4-oxocyclohexyl,2.202 ,1.744 ,1.829 ,2.180 ,2.275 ,2.201 ,1.904 ,1.837 ,0.725,0.604,0.573,0.587,0.579,0.587,0.429,0.582,0.404,0.617,0.672,0.534,0.62,0.533,0.62,0.515,0.611,0.535,0.62,0.536,0.621,0.519,0.613,0.487,0.6,1.82,2.03,2.02,2.06,0.97,0.98,0.93,0.92,1.83,-0.317,-0.542,11.41875,-3.250810185,11.41875,1.393888889,0.445403463,97.137,88.065,97.06533991,39,0,0,0,0,0,-666,-666,-666,-7.80E-16,-0.18211445,-4.41E-16,-2.6264149,-1.40E-16,-2.560604105,-1.75E-16,-0.996881576,3.454968099,302.8909119,13.15470054,12.40824829,3.40824829,6.809401077,6.204124145,1.704124145,0.954124145,0.954124145,0.477062073,0.477062073,0.238531036,0.238531036,-0.04,1445.018819,0.970590386,2.31410722,1.475062751,56.36438705,0,0,0,0,0,54.803182,0,0,0,0,0,0,0,0,17.13136419,5.783244946,0,0,0,25.49169961,0,6.396873262,0,0,0,0,0,0,5.783244946,4.794537184,6.396873262,37.82852661,0,0,0,0,-666,37.67181781,4.794537184,0,0,0,0,0,0,0,0,12.33682701,64.93115741,0,11.41875,0,0,-1.813888889,0,-14.20268519,0,0,0.666666667,7,0,1,0,0,0,0,0,0,1,0,1,-666,0,0,0,-666,1.33379,27.775,0,0,0,0,0,0,0,0,0,0,1,1,0,0,0,0,0,0,0,0,0,0,0,0,0,0,0,0,0,0,0,0,0,0,0,0,-666,0,0,0,0,0,0,0,0,0,0,0,0,0,0,1,1,0,-666,0,0,0,0,0,0,0,0,0,0,0,0,0,0,0,0,0,0,0,0,0,0,0,0,0,0,0,0,-666,0,0,70,6,12.011,1.262119,11.3,4,2.55,2.2,263.4,15.1,-0.390129233,-0.312760966,C,6,6,1,2.55,2.55,2.1,13,7.2,1.017,43.394
400,4-phenylmorpholin-3-yl,1.996 ,1.469 ,1.545 ,1.938 ,2.098 ,1.956 ,1.605 ,1.519 ,0.532,0.469,0.323,0.349,0.372,0.354,0.308,0.352,0.294,0.376,0.465,0.381,0.388,0.382,0.389,0.357,0.375,0.383,0.388,0.386,0.392,0.363,0.378,0.332,0.361,1.56,1.84,1.82,1.87,0.67,0.67,0.64,0.6,1.54,-0.202,-0.3,7.867795729,-3.259973191,7.867795729,0.107824074,0.622661566,162.212,150.116,162.091889,63,0,0,0,0,0,-666,-666,-666,1.58E-15,-0.179480504,-1.98E-16,-2.635410751,-1.29E-16,-2.719273779,4.09E-16,-0.960623495,2.771909398,671.8162895,18.82590893,17.85546189,5.855461886,10.66522533,9.079068684,3.079068684,1.83881001,1.83881001,1.12736616,1.12736616,0.657405504,0.657405504,-0.08,81085.32086,2.288892817,4.239941416,1.989127917,89.67628356,0,0,0,0,0,88.17891162,0,0,0,0,0,0,0,0,21.18596563,0,0,4.899909731,0,0,19.61483017,42.47820609,0,0,0,0,0,0,24.5147399,4.736862954,6.520808045,16.44910267,35.95739804,0,0,0,-666,62.09303626,0,0,4.899909731,0,0,0,0,0,4.736862954,16.44910267,96.56341601,0,0.107824074,0,-0.840694444,0,-4.15666643,0,-10.75721254,0,0.3,12,0,2,0,0,0,0,0,0,2,0,2,-666,0,0,0,-666,1.49029,48.188,0,0,0,0,0,0,0,0,0,0,0,0,0,0,0,1,0,0,0,0,-666,0,0,0,0,0,5,0,0,0,0,0,0,0,0,0,-666,0,0,0,0,1,0,0,0,0,0,0,0,0,0,0,0,0,-666,0,1,0,0,0,0,0,0,0,0,0,0,0,0,0,0,0,0,0,0,0,0,0,0,0,0,0,0,-666,0,0,70,6,12.011,1.262119,11.3,4,2.55,2.2,349.5,17.4,-0.38273016,-0.277959794,C,6,7,1,2.55,3.04,2.1,14,7.69,0.827,50.856
401,4-sulfanylphenyl,3.632 ,2.974 ,3.107 ,3.650 ,3.755 ,3.695 ,3.176 ,3.071 ,0.711,0.504,0.436,0.463,0.493,0.484,0.341,0.465,0.325,0.496,0.234,0.333,0.511,0.333,0.511,0.317,0.498,0.334,0.512,0.335,0.513,0.32,0.5,0.295,0.48,2.94,3.32,3.28,3.36,1.45,1.48,1.41,1.45,3.1,-0.223,-0.355,7.269907407,-0.230787037,7.269907407,0.045138889,0.482197647,109.173,104.133,109.0111962,35,0,0,0,0,0,-666,-666,-666,11.13497864,-0.090340102,0.001714314,-2.178910083,0.055369802,-1.982295037,2.295292298,-0.408500216,3.261191179,301.0603058,9.300964908,8.40824829,4.224744871,5.574586063,4.112372436,2.112372436,0.954124145,1.362372436,0.477062073,0.681186218,0.238531036,0.340593109,0.35,435.272186,1.943125604,2.606803758,1.723373014,55.35013638,0,0,0,0,0,54.32897304,0,0,0,0,0,0,0,0,5.483034225,12.53269604,1.123799173,0,0,0,0,35.1894436,0,0,0,0,0,12.53269604,1.123799173,0,6.076020107,5.483034225,29.1134235,0,0,0,0,0,0,0,29.1134235,12.53269604,0,0,0,0,6.076020107,6.606833398,35.77092593,0.46537037,0.045138889,0,0,0,-0.85787037,2.243101852,0,0,0,7,0,0,0,0,0,0,0,0,1,1,1,-666,0,0,0,-666,1.72929,34.022,0,0,0,0,0,0,0,0,0,0,0,0,0,0,0,0,0,0,0,0,0,0,1,0,0,0,5,0,0,0,0,0,0,0,0,0,-666,0,0,0,0,0,0,0,0,0,0,0,0,0,0,0,0,0,-666,0,0,0,0,0,0,0,0,0,0,0,0,0,0,0,0,0,0,0,0,0,0,0,0,0,0,0,0,-666,0,0,70,6,12.011,1.262119,11.3,4,2.55,2.2,263.5,17.1,-0.37637454,-0.334493485,C,6,6,0,2.55,2.55,0,12,5.1,1.053,42.759
402,4-tert-butylphenyl,3.477 ,2.796 ,2.916 ,3.495 ,3.606 ,3.543 ,3.002 ,2.894 ,0.716,0.537,0.434,0.472,0.49,0.48,0.343,0.476,0.339,0.493,0.239,0.336,0.509,0.336,0.509,0.321,0.496,0.337,0.51,0.338,0.511,0.324,0.498,0.304,0.483,2.73,3.11,3.08,3.16,1.3,1.32,1.26,1.29,2.91,-0.263,-0.409,7.756365741,-3.643518519,7.756365741,0.844328704,0.51020004,133.214,120.11,133.1017254,53,0,0,0,0,0,-666,-666,-666,0.642807586,-2.057702134,-0.057038515,-2.640931647,-2.21E-18,-2.567802804,0.570721448,-2.081898259,4.105401885,555.6763529,18.59385813,18,5,9.997906126,9,2.5,1.75,1.75,0.875,0.875,0.4375,0.4375,0,28046.95879,1.531190926,2.93877551,2,81.21370631,0,0,0,0,0,79.64793967,0,0,0,0,0,0,0,0,17.81986123,0,0,0,5.414990469,20.55567635,0,35.85741162,0,0,0,0,0,0,0,0,11.49101058,38.37553758,29.78139151,0,0,0,0,55.75205834,0,0,0,0,0,0,0,6.076020107,0,17.81986123,98.30779478,0,0,0,-4.742361111,0,-3.782407407,1.980862623,-10.93055556,0,0.4,10,0,0,0,0,0,0,0,0,0,0,0,-666,0,0,0,-666,2.88809,44.491,0,0,0,0,0,0,0,0,0,0,0,0,0,0,0,0,0,0,0,0,0,0,0,0,0,0,6,0,0,0,0,0,0,0,0,0,-666,0,0,0,0,0,0,0,0,0,0,0,0,0,0,0,0,0,-666,0,0,0,0,0,0,0,0,0,0,0,0,0,0,0,0,0,0,0,0,0,0,0,0,0,0,0,0,-666,0,0,70,6,12.011,1.262119,11.3,4,2.55,2.2,325.4,16.8,-0.388025368,-0.315845541,C,6,6,0,2.55,2.55,0,12,5.1,1.055,42.645
403,5-_4-methylbenzenesulfonamido_pentan-2-yl,2.013 ,1.651 ,1.716 ,1.997 ,2.071 ,2.014 ,1.784 ,1.732 ,0.66,0.508,0.529,0.533,0.523,0.532,0.375,0.527,0.346,0.574,0.51,0.429,0.574,0.43,0.574,0.405,0.566,0.431,0.575,0.435,0.576,0.41,0.568,0.364,0.554,1.75,1.93,1.91,1.95,1.06,1.05,1.01,0.99,1.71,-0.228,-0.436,12.92352336,-5.861310823,12.92352336,1.167797088,0.775346891,240.348,222.204,240.1058248,89,0,0,0,0,0,-666,-666,-666,6.90E-16,-0.246426574,-1.36E-16,-2.595183257,-1.41E-16,-2.66207155,5.02E-18,-1.041526527,3.788656643,1045.785314,27.61880215,25.67195847,8.488455048,14.69615242,12.64085206,5.133701791,2.257280977,3.798236133,1.206740224,2.258417273,0.617763658,1.234889276,0.23,3110622.944,3.212954151,6.842419791,4.615578789,123.3371377,0,0,0,0,0,121.9008403,0,0,0,0,0,0,0,0,33.13253452,10.02329115,0,4.715119614,0,26.44963404,6.496859684,41.08340129,0,0,4.715119614,0,0,0,14.91465667,10.02329115,6.396873262,49.75252949,34.68652803,1.411842078,0,0,-666,88.76830578,8.417796984,0,0,0,0,0,0,0,0,24.71473753,160.5364999,0,-1.69756098,0,-1.167797088,0,-5.731412834,-10.16775488,-11.07732993,-5.861310823,0.416666667,16,1,3,0,0,0,0,0,0,-666,1,4,-666,0,0,0,-666,2.31019,67.1105,0,0,0,0,0,0,0,0,0,0,0,0,0,0,0,0,1,0,0,0,-666,0,0,0,0,0,5,0,0,0,0,0,0,0,0,0,-666,0,0,0,0,0,0,0,0,0,0,0,0,0,0,0,0,0,-666,0,0,0,0,0,0,0,0,0,0,0,0,0,0,0,0,0,0,0,0,0,1,0,0,0,0,0,0,-666,0,0,70,6,12.011,1.262119,11.3,4,2.55,2.2,444.6,19.2,-0.392328475,-0.308650173,C,6,6,1,2.55,2.55,2.1,13,7.2,1.054,48.732
404,5-bromo-1H-indole-1-carbothioylsulfanyl,6.380 ,5.237 ,5.223 ,6.405 ,6.562 ,6.473 ,5.679 ,5.513 ,-0.022,0.083,0.391,0.29,0.408,0.304,0.262,0.285,0.247,0.427,0.34,0.352,0.425,0.352,0.425,0.349,0.421,0.352,0.425,0.352,0.425,0.35,0.422,0.367,0.44,5.63,6.48,6.4,6.63,2.49,2.73,2.54,2.65,5.22,-0.024,0.036,7.875648148,-0.259722222,7.875648148,0.086296296,0.660767359,271.184,266.144,269.9046783,65,0,0,0,0,0,-666,-666,-666,13.25155326,-0.090252627,0.8596856,-2.269104266,1.01652059,-2.200621178,4.817141153,-0.38871763,2.827480208,604.0792527,13.77350269,11.14167465,9.36066435,8.28546882,5.76805092,4.877545771,2.250710149,4.075523457,1.461082298,2.222729805,0.939561724,1.510797354,1.14,9601.809212,6.01895654,4.33334007,2.213839134,103.0547942,0,0,0,0,0,102.987653,0,0,0,0,0,0,0,0,6.853792781,45.09714057,0,4.899909731,0,0,0,46.13680991,0,0,0,0,0,40.77660649,9.220443816,0,0,6.853792781,46.13680991,0,0,0,-666,0,0,0,50.457344,0,4.899909731,0,0,0,15.9299439,31.70045537,39.06671485,12.70092404,1.076574074,0,0.197476852,0,-0.698634259,-0.259722222,0,0,0,13,0,1,0,0,0,0,0,0,-666,0,4,-666,0,0,0,-666,3.4008,64.344,0,0,0,0,0,0,0,0,0,0,0,0,1,0,0,1,0,0,0,0,-666,0,0,0,0,0,5,0,0,0,0,0,0,0,0,0,-666,0,0,0,0,0,0,0,1,0,0,0,0,0,0,0,0,0,-666,0,0,0,0,0,0,0,0,0,0,0,0,0,0,0,0,0,0,0,0,0,0,0,0,0,0,0,0,-666,0,0,100,16,32.06,2.07710403,19.4,6,2.58,2.07,380.9,20.4,-0.403275347,-0.388556908,S,7,16,16,3.04,2.58,2.58,6,2.55,-0.052,30.535
405,5-methyl-2-_methylsulfamoyl_phenyl,4.262 ,3.422 ,3.570 ,4.163 ,4.391 ,4.170 ,3.695 ,3.550 ,0.679,0.619,0.381,0.403,0.45,0.417,0.291,0.406,0.29,0.455,0.244,0.273,0.473,0.274,0.475,0.254,0.455,0.273,0.473,0.277,0.478,0.259,0.46,0.242,0.442,3.48,3.89,3.86,3.94,1.82,1.89,1.76,1.83,3.56,-0.209,-0.314,11.98496268,-5.063842593,11.98496268,0.752217026,0.735178241,184.24,174.16,184.0432246,65,0,0,0,0,0,-666,-666,-666,10.88944273,-0.246113436,-5.80E-17,-2.348914811,4.85E-18,-2.559552294,0.7764,-0.946773542,3.599912545,680.6955361,17.6712084,15.67195847,6.488455048,9.613931529,7.640852058,4.133701791,1.770477578,3.311432734,0.980194978,1.940584934,0.475651463,0.926954388,0.23,21149.50832,3.121095404,3.958771808,2.356787724,86.63760529,0,0,0,0,0,85.44307224,0,0,0,0,0,0,0,0,22.16646607,10.02329115,0,4.715119614,0,6.851892117,6.9758269,34.71047639,0,0,4.715119614,0,0,0,15.39362388,10.02329115,6.076020107,19.18871912,28.63445628,1.411842078,0,0,-666,57.20058607,8.417796984,0,0,0,0,0,6.076020107,0,0,13.74866908,95.07900286,0,-1.206828704,0,-0.87327381,0,-3.163510488,1.784375,-6.305922265,-5.063842593,0.25,12,1,3,0,0,0,0,0,0,-666,1,4,-666,0,0,0,-666,0.73879,47.6325,0,0,0,0,0,0,0,0,0,0,0,0,0,0,0,0,1,0,0,0,-666,0,0,0,0,0,5,0,0,0,0,0,0,0,0,0,-666,0,0,0,0,0,0,0,0,0,0,0,0,0,0,0,0,0,-666,0,0,0,0,0,0,0,0,0,0,0,0,0,0,0,0,0,0,0,0,0,1,0,0,0,0,0,0,-666,0,0,70,6,12.011,1.262119,11.3,4,2.55,2.2,362.5,18.1,-0.404615747,-0.346191374,C,6,6,0,2.55,2.55,0,12,5.1,1.058,54.255
406,"9,10-dihydroanthracene-9-yl",5.059 ,3.561 ,3.663 ,5.099 ,5.355 ,5.208 ,4.060 ,3.853 ,0.367,0.236,0.255,0.259,0.255,0.266,0.173,0.262,0.174,0.285,0.366,0.169,0.292,0.169,0.292,0.162,0.285,0.169,0.293,0.17,0.293,0.164,0.286,0.168,0.277,3.47,4.23,4.17,4.32,1.29,1.38,1.27,1.24,3.65,-0.156,-0.233,8.363425926,-2.609143519,8.363425926,0.380990174,0.496880756,179.242,168.154,179.0860754,67,0,0,0,0,0,-666,-666,-666,10.67200816,-1.802531483,0.29206361,-2.495201151,0.364320635,-2.387758704,2.004429788,-1.848103191,2.508789875,835.0624916,19.0055535,18,7,11.44016936,9.5,4,2.75,2.75,1.875,1.875,1.25,1.25,0,240262.7765,3.245541838,3.867768595,1.613333333,99.78306236,0,0,0,0,0,98.55713437,0,0,0,0,0,0,0,0,15.07834412,0,0,0,0,6.372924901,0,77.10586535,0,0,0,0,0,0,0,0,6.396873262,21.45126902,70.70899209,0,0,0,0,72.33258119,0,0,11.14620906,0,0,0,0,0,0,15.07834412,87.93012776,0,0,0,-1.732294029,0,-5.129546695,-3.15162037,0,0,0.071428571,14,0,0,0,0,0,0,0,0,0,0,0,-666,0,0,0,-666,3.43959,59.529,0,0,0,0,0,0,0,0,0,0,0,0,0,0,0,0,0,0,0,0,0,0,0,0,0,0,12,0,0,0,0,0,0,0,0,0,-666,0,0,0,0,0,0,0,0,0,0,0,0,0,0,0,0,0,-666,0,0,0,0,0,0,0,0,0,0,0,0,0,0,0,0,0,0,0,0,0,0,0,0,0,0,0,0,-666,0,0,70,6,12.011,1.262119,11.3,4,2.55,2.2,370.8,18.9,-0.390093715,-0.314333987,C,6,6,1,2.55,2.55,2.1,13,7.2,0.61,52.724
407,9H-fluoren-9-yl,6.911 ,4.922 ,5.034 ,6.965 ,7.308 ,7.111 ,5.560 ,5.277 ,0.363,0.237,0.253,0.264,0.258,0.271,0.188,0.265,0.183,0.286,0.373,0.182,0.292,0.181,0.292,0.175,0.285,0.182,0.293,0.183,0.294,0.177,0.286,0.176,0.276,4.69,5.73,5.64,5.85,1.72,1.87,1.72,1.7,5.02,-0.17,-0.235,8.125925926,-0.489295163,8.125925926,0.02962963,0.543812294,165.215,156.143,165.0704253,61,0,0,0,0,0,-666,-666,-666,10.85359064,-1.905209831,0.441233725,-2.292128981,0.418140769,-2.39071773,2.60331761,-1.935984284,2.447483886,816.4488293,16.5055535,15.5,6.5,10.19615242,8.25,3.75,2.625,2.625,1.875,1.875,1.3125,1.3125,0,85859.39911,3.25,3.292517007,1.333333333,90.60817925,0,0,0,0,0,89.44269236,0,0,0,0,0,0,0,0,12.33682701,0,0,0,0,0,0,77.10586535,0,0,0,0,0,0,0,0,5.917906046,12.33682701,71.1879593,0,0,0,0,48.41657397,0,0,28.68929138,0,0,0,0,0,0,12.33682701,70.75006614,0,0,0,-0.135185185,-0.075925926,-3.87228836,0,0,0,0,13,0,0,0,0,0,0,0,0,0,0,0,-666,0,0,0,-666,3.04949,54.912,0,0,0,0,0,0,0,0,0,0,0,0,0,0,0,0,0,0,0,0,0,0,0,0,0,0,12,0,0,0,0,0,0,0,0,0,-666,0,0,0,0,0,0,0,0,0,0,0,0,0,0,0,0,0,-666,0,0,0,0,0,0,0,0,0,0,0,0,0,0,0,0,0,0,0,0,0,0,0,0,0,0,0,0,-666,0,0,70,6,12.011,1.262119,11.3,4,2.55,2.2,349.2,18.6,-0.376350961,-0.33578416,C,6,6,1,2.55,2.55,2.1,13,7.2,0.627,48.162
408,acetamidomethyl,2.357 ,1.652 ,1.747 ,2.142 ,2.461 ,2.142 ,1.823 ,1.719 ,0.684,0.625,0.454,0.495,0.515,0.499,0.42,0.498,0.403,0.512,0.662,0.495,0.525,0.483,0.513,0.476,0.515,0.499,0.528,0.487,0.515,0.478,0.515,0.442,0.491,1.77,2.05,2.02,2.08,0.81,0.81,0.77,0.77,1.75,-0.306,-0.441,10.52111111,-2.949305556,10.52111111,0.284722222,-666,72.087,66.039,72.04493881,29,0,0,0,0,0,-666,-666,-666,0,0,0,0,0,0,0,0,4.670208171,200.3631603,9.232050808,8.355461886,2.355461886,4.764742878,3.848551336,0.901337741,0.416955963,0.416955963,0.101545246,0.101545246,0,0,-0.08,136.6196901,0.768270031,2.175102041,3.92,39.01385948,0,0,0,0,0,37.47429281,0,0,0,0,0,0,0,0,13.06017204,12.57679916,4.985429482,0,0,6.851892117,0,0,0,0,0,0,0,0,12.57679916,4.794537184,4.985429482,13.7056849,0,1.411842078,0,0,-666,19.42869128,4.794537184,0,4.985429482,0,0,0,0,0,0,8.265634859,39.00122685,0,10.23638889,0,0,-1.543981481,0,0,-4.110300926,0,0.333333333,5,1,2,0,0,0,0,0,0,-666,0,2,-666,0,0,0,-666,0.34797,20.5217,0,0,0,0,0,0,0,0,0,0,1,1,0,0,0,0,1,0,0,0,-666,0,0,0,0,0,0,1,0,0,0,0,0,0,0,0,-666,0,0,0,0,0,0,0,0,0,0,0,0,0,0,0,0,0,-666,0,0,0,0,0,0,0,0,0,0,0,0,0,0,0,0,0,0,0,0,0,0,0,0,0,0,0,0,-666,0,0,70,6,12.011,1.262119,11.3,4,2.55,2.2,225.8,13.8,-0.401816597,-0.310538237,C,7,1,1,3.04,2.1,2.1,9,7.24,0.894,24.597
409,acetamidooxidanyl,4.279 ,2.803 ,2.910 ,3.196 ,4.423 ,3.083 ,2.973 ,2.763 ,0.47,0.429,0.359,0.343,0.342,0.341,0.324,0.343,0.323,0.358,0.324,0.336,0.357,0.397,0.404,0.334,0.355,0.332,0.353,0.398,0.405,0.34,0.36,0.36,0.377,3.16,3.53,3.5,3.57,1.6,1.62,1.55,1.56,2.91,-0.524,-0.343,10.02777778,-2.982638889,10.02777778,0.951388889,0.38556001,74.059,70.027,74.02420337,29,0,0,0,0,0,-666,-666,-666,10.87533348,-0.243431156,2.96E-18,-2.181793328,-3.84E-18,-2.416771247,1.09E-17,-0.928785164,4.055701378,118.2262679,7.654700538,6.263710176,2.263710176,3.854059275,2.807518724,0.860305129,0.396439657,0.396439657,0.082911346,0.082911346,0,0,-0.12,50.07031062,1.183125564,2.137731959,3.88,35.24178831,0,0,0,0,0,33.75810115,0,0,0,0,0,0,0,0,15.52590796,5.907179729,0,5.473121347,0,6.851892117,0,0,0,0,5.473121347,0,0,0,5.907179729,10.00179021,0,10.96416779,0,1.411842078,0,0,-666,18.23219319,10.00179021,0,0,0,0,0,0,0,0,5.524117747,24.87863426,0,10.02777778,9.664189815,-0.951388889,-1.719907407,0,0,-2.982638889,0,0.5,5,1,3,0,0,0,0,0,0,-666,1,3,-666,0,0,0,-666,-0.532,14.5032,0,0,0,0,0,0,0,0,0,0,1,1,0,0,0,0,1,0,1,0,-666,0,0,0,0,0,0,1,0,0,0,0,0,0,0,0,-666,0,0,0,0,0,0,0,0,0,0,0,0,0,0,0,0,0,-666,0,0,0,0,0,0,0,0,0,0,0,0,0,0,0,0,0,0,0,0,0,0,0,0,0,0,0,0,-666,0,0,60,8,15.999,1.4611135,5.3,6,3.44,0.001308,213.6,13.2,-0.430625308,-0.390856781,O,7,0,0,3.04,0,0,7,3.04,0.576,26.116
410,acetyl,2.595 ,1.832 ,1.947 ,2.294 ,2.702 ,2.260 ,2.000 ,1.871 ,0.596,0.791,0.42,0.461,0.494,0.459,0.453,0.46,0.455,0.471,0.444,0.469,0.478,0.426,0.445,0.458,0.469,0.471,0.481,0.426,0.446,0.459,0.469,0.43,0.441,1.95,2.24,2.21,2.27,0.91,0.89,0.86,0.86,1.95,-0.405,-0.412,9.138888889,-2.513888889,9.138888889,0.854166667,0.376484718,43.045,40.021,43.01838972,17,0,0,0,0,0,-666,-666,-666,0,-0.243416663,-1.39E-17,-2.009686515,0,-2.017050235,0,-0.920996809,3.445991214,54.30376252,5.207106781,4.40824829,1.40824829,2.560660172,1.954124145,0.454124145,0.102062073,0.102062073,0,0,0,0,-0.04,12.16479704,0.462211238,1.96,1.96,23.48062674,0,0,0,0,0,22.04486549,0,0,0,0,0,0,0,0,8.906812853,6.286160523,0,0,0,6.851892117,0,0,0,0,0,0,0,0,6.286160523,4.794537184,0,10.96416779,0,0,0,0,-666,6.851892117,0,0,0,0,6.286160523,0,0,0,0,8.906812853,18.27083333,0,9.138888889,0,0,0,0,0.854166667,-2.513888889,0,0.5,3,0,1,0,0,0,0,0,0,1,0,1,-666,0,0,0,-666,0.116,11.3675,0,0,0,0,0,0,0,0,0,0,0,1,0,0,0,0,0,0,0,0,0,0,0,0,0,0,0,0,0,0,0,0,0,0,0,0,-666,0,0,0,0,0,0,0,0,0,0,0,0,0,0,0,0,0,-666,0,0,0,0,0,0,0,0,0,0,0,0,0,0,0,0,0,0,0,0,0,0,0,0,0,0,0,0,-666,0,0,70,6,12.011,1.262119,11.3,4,2.55,2.2,176.3,11.8,-0.477731745,-0.310684876,C,6,8,0,2.55,3.44,0,14,5.99,0.653,28.918
411,acetyloxidanyl,7.795 ,4.912 ,5.012 ,5.890 ,8.041 ,5.681 ,5.515 ,5.134 ,0.427,0.343,0.394,0.359,0.373,0.361,0.31,0.355,0.303,0.388,0.314,0.334,0.383,0.38,0.414,0.334,0.382,0.33,0.379,0.381,0.415,0.338,0.386,0.359,0.404,5.36,5.95,5.9,6.01,2.74,3,2.71,2.79,5.01,-0.322,-0.371,9.347222222,-2.944444444,9.347222222,2.006944444,0.385541395,59.044,56.02,59.01330434,23,0,0,0,0,0,-666,-666,-666,10.95925901,-0.243427059,0,-2.053633573,0,-2.143713745,3.47E-17,-0.928129287,3.791118417,83.42592197,6.077350269,4.816496581,1.816496581,2.943375673,2.15824829,0.65824829,0.287457479,0.287457479,0,0,0,0,-0.08,17.08616633,0.953692476,1.262465753,253.92,28.27486049,0,0,0,0,0,26.83453765,0,0,0,0,0,0,0,0,14.01334025,5.969305288,0,0,0,6.851892117,0,0,0,0,0,0,0,0,5.969305288,9.901064579,0,10.96416779,0,0,0,0,-666,12.82119741,9.901064579,0,0,0,0,0,0,0,0,4.112275669,18.17361111,0,9.347222222,9.347222222,0,-2.006944444,0,0,-2.944444444,0,0.5,4,0,2,0,0,0,0,0,0,1,0,2,-666,0,0,0,-666,-0.0366,11.3675,0,0,0,0,0,0,0,0,0,0,1,1,0,0,0,0,0,0,0,0,0,0,0,0,0,0,0,0,0,0,0,0,0,0,0,0,-666,0,0,0,0,0,0,0,0,0,0,0,0,0,0,0,0,0,-666,0,0,0,0,0,0,0,0,0,0,0,0,0,0,0,0,0,0,0,0,0,0,0,0,0,0,0,0,-666,0,0,60,8,15.999,1.4611135,5.3,6,3.44,0.001308,192.1,12.5,-0.472059518,-0.466269816,O,6,0,0,2.55,0,0,6,2.55,0.552,28.732
412,acetylperoxy,5.275 ,3.453 ,3.589 ,3.895 ,5.444 ,3.748 ,3.671 ,3.412 ,0.64,0.598,0.412,0.4,0.419,0.402,0.382,0.404,0.381,0.424,0.402,0.407,0.427,0.447,0.466,0.401,0.422,0.403,0.424,0.449,0.467,0.407,0.427,0.419,0.44,3.89,4.3,4.26,4.34,2.04,2.06,1.97,1.99,3.59,-0.371,-0.392,9.736111111,-2.914930556,9.736111111,1.724537037,0.297764316,75.043,72.019,75.00821896,29,0,0,0,0,0,-666,-666,-666,12.93257177,-0.243427097,0,-2.092944298,0,-2.182775549,-2.41E-34,-0.929015579,3.823378455,95.19188266,6.78445705,5.224744871,2.224744871,3.481380475,2.324914957,0.824914957,0.370790812,0.370790812,0.075687358,0.075687358,0,0,-0.12,35.64737585,1.552052461,2.137731959,3.88,33.31770104,0,0,0,0,0,31.87281661,0,0,0,0,0,0,0,0,19.0516192,5.969305288,0,0,0,6.851892117,0,0,0,0,0,0,0,0,5.969305288,14.93934353,0,10.96416779,0,0,0,0,-666,12.82119741,4.794537184,0,0,0,0,0,0,0,4.887570953,9.369511063,18.58986111,0,12.39930556,9.066967593,0,-1.724537037,0,0,-2.914930556,0,0.5,5,0,3,0,0,0,0,0,0,2,0,3,-666,0,0,0,-666,-0.105,12.4525,0,0,0,0,0,0,0,0,0,0,1,1,0,0,0,0,0,0,0,0,0,0,0,0,0,0,0,0,0,0,0,0,0,0,0,0,-666,0,0,0,0,0,0,0,0,0,0,0,0,0,0,0,0,0,-666,0,0,0,0,0,0,0,0,0,0,0,0,0,0,0,0,0,0,0,0,0,0,0,0,0,0,0,0,-666,0,0,60,8,15.999,1.4611135,5.3,6,3.44,0.001308,211.5,12.7,-0.454229194,-0.441322985,O,8,0,0,3.44,0,0,8,3.44,0.773,24.584
413,adamantan-1-yl,1.867 ,1.417 ,1.481 ,1.879 ,1.950 ,1.909 ,1.576 ,1.513 ,0.687,0.395,0.471,0.467,0.44,0.488,0.299,0.486,0.283,0.49,0.428,0.415,0.517,0.414,0.516,0.395,0.507,0.416,0.517,0.418,0.518,0.399,0.509,0.375,0.497,1.42,1.64,1.62,1.67,0.67,0.67,0.64,0.63,1.48,-0.206,-0.45,8.314583333,-3.717708333,8.314583333,1.451041667,0.478853343,135.23,120.11,135.1173755,55,0,0,0,0,0,-666,-666,-666,-1.26E-15,-0.169669695,-0.008110775,-2.966407919,-1.29E-16,-2.858892049,-2.73E-16,-1.178598583,2.635449752,550.8803639,20.07735027,20,5,10.6160254,10.5,3,2.25,2.25,1.5,1.5,1.125,1.125,0,86259.42691,1.111111111,1.777777778,0.680555556,84.0807941,0,0,0,0,0,82.39870685,0,0,0,0,0,0,0,0,20.56137834,0,0,0,17.68187306,38.23754941,0,5.917906046,0,0,0,0,0,0,0,0,23.5997791,58.79892775,0,0,0,0,0,61.83732851,0,0,0,0,0,0,0,0,0,20.56137834,121.9159722,0,0,0,0,-12.25868056,0,-21.740625,0,0,0.9,10,0,0,0,0,0,0,0,0,0,0,0,-666,0,0,0,-666,2.79089,41.415,0,0,0,0,0,0,0,0,0,0,0,0,0,0,0,0,0,0,0,0,0,0,0,0,0,0,0,0,0,0,0,0,0,0,0,0,-666,0,0,0,0,0,0,0,0,0,0,0,0,0,0,0,0,0,-666,0,0,0,0,0,0,0,0,0,0,0,0,0,0,0,0,0,0,0,0,0,0,0,0,0,0,0,0,-666,0,0,70,6,12.011,1.262119,11.3,4,2.55,2.2,300.7,16.2,-0.398623651,-0.28598569,C,6,6,6,2.55,2.55,2.55,18,7.65,1.005,60.695
414,adenosine_radical,8.968 ,6.542 ,6.726 ,8.978 ,9.384 ,9.123 ,7.460 ,7.134 ,0.352,0.264,0.207,0.205,0.194,0.198,0.152,0.203,0.147,0.212,0.146,0.167,0.211,0.167,0.21,0.169,0.212,0.168,0.211,0.166,0.209,0.168,0.211,0.17,0.216,6.5,7.69,7.59,7.82,2.74,2.95,2.71,2.75,6.71,-0.069,-0.083,8.645151172,-3.697880645,8.645151172,0.246923658,-666,266.237,254.141,266.0889289,101,0,0,0,0,0,-666,-666,-666,0,0,0,0,0,0,0.00E+00,0,2.272645898,940.7307123,23.62095586,20.86906114,8.869061139,14.23064112,10.42864717,4.756688704,3.363289932,3.363289932,2.310242272,2.310242272,1.474461997,1.474461997,-0.36,4325870.615,5.44430904,5.202687045,2.165328073,124.7762853,0,0,0,0,0,123.3244125,0,0,0,0,0,0,0,0,32.44119805,18.46479379,4.293598972,20.61141142,4.992404733,24.44400689,6.558985243,11.51801341,0,0,15.71150169,0,0,0,73.9877192,4.736862954,0,10.96606845,16.51041814,1.411842078,0,0,-666,60.98579933,0,0,4.899909731,0,0,0,0,0,36.030331,21.40837245,101.5881124,0,3.900513432,15.61346871,2.573166868,-1.175310702,0,-16.27697961,-3.639637739,0,0.5,19,4,9,0,0,0,0,0,0,-666,3,9,-666,0,0,0,-666,-3.6667,63.5531,0,3,0,0,0,0,0,0,0,0,0,0,0,0,1,4,1,0,0,0,-666,0,0,0,0,0,0,0,3,0,0,0,0,0,0,0,-666,0,0,0,0,1,0,0,0,0,0,0,0,0,0,0,0,0,-666,0,0,0,0,0,0,0,0,0,0,0,0,0,0,0,0,0,0,0,0,0,0,0,0,0,0,0,0,-666,0,0,65,7,14.007,-1.4,7.4,5,3.04,0.001145,424.9,18.3,-0.40197654,-0.398017978,N,6,1,0,2.55,2.1,0,7,4.65,0.583,30.636
415,aminomethyl,1.370 ,0.975 ,1.027 ,1.380 ,1.443 ,1.407 ,1.114 ,1.058 ,0.747,0.708,0.49,0.532,0.539,0.529,0.45,0.533,0.437,0.533,0.656,0.507,0.542,0.506,0.541,0.487,0.532,0.508,0.542,0.51,0.543,0.491,0.534,0.463,0.518,0.97,1.15,1.14,1.18,0.37,0.38,0.35,0.35,1.03,-0.344,-0.49,6.166666667,-0.824074074,6.166666667,0.083333333,0.389719904,30.05,26.018,30.03437413,13,0,0,0,0,0,-666,-666,-666,-0.134139777,-0.169205483,-1.049926713,-2.118380015,-1.116290519,-2.431282743,-0.459387363,-0.813824517,2.993497243,28.52932501,5.154700538,4.947213595,0.947213595,2.64273441,2.118033989,0.223606798,0,0,0,0,0,0,-0.04,13.60964047,0.073423517,0.96,-27.04,19.81513699,0,0,0,0,0,18.28469351,0,0,0,0,0,0,0,0,5.565201269,0,0,0,5.719716976,0,0,6.999775261,0,0,5.719716976,0,0,0,0,0,6.999775261,2.741517112,0,2.823684157,0,0,-666,6.999775261,0,0,5.719716976,0,0,0,0,0,0,5.565201269,24.57407407,0,0,0,-0.083333333,0,0,0,-0.824074074,0,0,2,2,1,0,0,0,0,0,0,1,1,1,-666,0,0,0,-666,-0.26331,9.5444,0,0,0,0,0,0,0,0,0,0,0,0,0,0,0,0,0,1,0,0,-666,0,0,0,0,0,0,0,0,0,0,0,0,0,0,0,-666,0,0,0,0,0,0,0,0,0,0,0,0,0,0,0,0,0,-666,0,0,0,0,0,0,0,0,0,0,0,0,0,0,0,0,0,0,0,0,0,0,0,0,0,0,0,0,-666,0,0,70,6,12.011,1.262119,11.3,4,2.55,2.2,159.1,11.1,-0.436970038,-0.260026889,C,7,1,1,3.04,2.1,2.1,9,7.24,0.896,13.933
416,aminooxidanyl,2.370 ,1.437 ,1.508 ,1.712 ,2.452 ,1.637 ,1.594 ,1.463 ,0.516,0.487,0.447,0.422,0.397,0.416,0.403,0.418,0.404,0.423,0.385,0.399,0.415,0.472,0.478,0.398,0.414,0.391,0.408,0.474,0.479,0.406,0.422,0.438,0.452,1.69,1.89,1.88,1.91,0.83,0.85,0.79,0.8,1.51,-0.427,-0.442,8.694444444,-0.75,8.694444444,0.75,0.352165813,32.022,30.006,32.01363868,13,0,0,0,0,0,-666,-666,-666,0,-0.139977401,-0.085681167,-1.844930754,-0.080850515,-2.32879182,0,-0.822658425,2.323790008,10.7548875,3.577350269,2.855461886,0.855461886,1.732050808,1.077001377,0.182574186,0,0,0,0,0,0,-0.08,3.245112498,0.190594858,0.92,-14.58,15.38852613,0,0,0,0,0,13.91396215,0,0,0,0,0,0,0,0,8.030937181,0,0,0,5.88302497,0,0,0,0,0,5.88302497,0,0,0,0,5.207253025,0,0,0,2.823684157,0,0,-666,5.88302497,0,0,0,0,0,0,0,0,0,8.030937181,11.05555556,0,0,8.694444444,0,-0.75,0,0,0,0,0,2,2,2,0,0,0,0,0,0,1,1,2,0,0,0,0,-666,-0.7094,4.8739,0,0,0,0,0,0,0,0,0,0,0,0,0,0,0,0,0,1,0,0,0,0,0,0,0,0,0,0,0,0,0,0,0,0,0,0,-666,0,0,0,0,0,0,0,0,0,0,0,0,0,0,0,0,0,0,0,0,0,0,0,0,0,0,0,0,0,0,0,0,0,0,0,0,0,0,0,0,0,0,0,0,0,0,-666,0,0,60,8,15.999,1.4611135,5.3,6,3.44,0.001308,142.4,9.9,-0.417582566,-0.346836368,O,7,0,0,3.04,0,0,7,3.04,0.526,13.944
417,ammoniumyl,7.250 ,7.065 ,7.344 ,7.243 ,7.208 ,7.228 ,7.452 ,7.511 ,0.88,0.696,0.747,0.761,0.776,0.761,0.657,0.757,0.642,0.765,0.627,0.668,0.761,0.668,0.761,0.663,0.759,0.668,0.762,0.669,0.762,0.664,0.76,0.659,0.758,7.7,7.49,7.5,7.47,10.21,10.27,9.99,10.13,7.34,-0.624,-0.846,5.75,-0.25,5.75,0.25,0.397555062,17.031,14.007,17.0265491,8,0,0,0,0,0,-666,-666,-666,-0.208044018,-0.208044018,-1.911178056,-1.911178056,-1.987647403,-1.987647403,-0.965041308,-0.965041308,2.323790008,8,3.577350269,3.447213595,0.447213595,1.732050808,1.341640786,0,0,0,0,0,0,0,-0.04,3.245112498,0.00017531,-27.04,-104.04,11.89330952,0,0,0,0,0,10.36514683,0,0,0,0,0,0,0,0,4.235526235,0,0,6.129620598,0,0,0,0,0,0,6.129620598,0,0,0,0,0,0,0,0,4.235526235,0,0,-666,0,0,0,6.129620598,0,0,0,0,0,0,4.235526235,17.25,0,0,0,0,0,0,-0.25,0,0,0,1,3,1,0,0,0,0,0,0,1,1,1,0,0,0,0,-666,0.162,5.0221,0,0,0,0,0,0,0,0,0,0,0,0,0,0,0,0,0,0,0,0,0,0,0,0,0,0,0,0,0,0,0,0,0,0,0,0,-666,0,0,0,0,0,0,0,0,0,0,0,0,0,0,0,0,0,0,0,0,0,0,0,0,0,0,0,0,0,0,0,0,0,0,0,0,0,0,0,0,0,0,0,0,0,0,-666,0,1,65,7,14.007,-1.4,7.4,5,3.04,0.001145,126.1,9.1,-0.345557096,-0.010286087,N,1,1,1,2.1,2.1,2.1,3,6.3,1.09,0
418,azanyl,3.727 ,3.118 ,3.258 ,3.741 ,3.822 ,3.776 ,3.350 ,3.259 ,0.963,0.822,0.853,0.864,0.838,0.863,0.744,0.861,0.732,0.864,0.825,0.766,0.865,0.766,0.865,0.759,0.863,0.766,0.865,0.767,0.865,0.761,0.863,0.764,0.869,3.15,3.49,3.46,3.52,1.65,1.65,1.6,1.62,3.26,-0.698,-0.851,5.5,2,5.5,2,0.351155431,16.023,14.007,16.01872406,7,0,0,0,0,0,-666,-666,-666,-0.139378936,-0.139378936,-1.557006838,-1.557006838,-1.673951766,-1.673951766,-0.702976002,-0.702976002,1.632993162,2.754887502,2.707106781,2.447213595,0.447213595,1.414213562,0.894427191,0,0,0,0,0,0,0,-0.04,2.754887502,0.000399833,-27.04,-104.04,10.43028239,0,0,0,0,0,8.960280006,0,0,0,0,0,0,0,0,2.823684157,0,0,6.136595849,0,0,0,0,0,0,6.136595849,0,0,0,0,0,0,0,0,2.823684157,0,0,-666,0,0,0,0,0,0,0,0,6.136595849,0,2.823684157,11,0,0,0,0,0,0,2,0,0,0,1,2,1,0,0,0,0,0,0,0,0,1,0,0,0,0,-666,-0.0522,4.0594,0,0,0,0,0,0,0,0,0,0,0,0,0,0,0,0,0,1,0,0,0,0,0,0,0,0,0,0,0,0,0,0,0,0,0,0,-666,0,0,0,0,0,0,0,0,0,0,0,0,0,0,0,0,0,0,0,0,0,0,0,0,0,0,0,0,0,0,0,0,0,0,0,0,0,0,0,0,0,0,0,0,0,0,0,0,0,65,7,14.007,-1.4,7.4,5,3.04,0.001145,120.5,8.8,-0.432518569,-0.427058032,N,1,1,0,2.1,2.1,0,2,4.2,1.065,0
419,azido,6.620 ,5.509 ,5.704 ,6.643 ,6.788 ,6.706 ,5.955 ,5.794 ,0.534,0.481,0.537,0.521,0.52,0.523,0.467,0.52,0.459,0.532,0.395,0.471,0.529,0.471,0.53,0.471,0.531,0.471,0.529,0.471,0.529,0.471,0.531,0.472,0.531,5.49,6.09,6.04,6.15,2.85,2.9,2.79,2.8,5.7,-0.465,-0.527,6.75,1.5,6.75,1.5,0.297922952,42.021,42.021,42.009222,15,0,0,0,0,0,-666,-666,-666,15.42171365,12.59328635,1.414713651,-1.413713651,0.934113651,-1.894313651,3.548713651,0.720286349,1.632993162,0,2.707106781,1.341640786,1.341640786,1.414213562,0.4,0.4,0.089442719,0.089442719,0,0,0,0,-0.12,2.754887502,2.88,1.88,1.88,18.54422453,0,0,0,0,0,17.22013473,0,0,0,0,0,0,0,0,0,0,0,17.22013473,0,0,0,0,0,0,17.22013473,0,0,0,0,0,0,0,0,0,0,0,-666,0,0,0,0,0,0,5.53479419,0,0,0,11.68534054,0,0,0,0,1.5,13.5,0,0,0,0,0,3,0,3,0,0,0,0,0,0,0,0,3,0,0,0,0,-666,-1.4418,6.402,0,0,0,0,0,0,0,0,0,0,0,0,0,0,0,3,0,0,0,0,0,0,0,0,0,0,0,0,0,0,0,0,0,0,0,0,-666,0,0,0,0,0,0,0,0,0,0,0,0,0,0,0,0,0,0,0,0,0,0,0,0,0,0,0,0,0,0,0,0,0,0,0,0,0,0,0,0,0,0,0,0,0,0,0,0,0,65,7,14.007,-1.4,7.4,5,3.04,0.001145,153.3,11.8,-0.452683205,-0.452683113,N,7,0,0,3.04,0,0,7,3.04,0.601,18.512
420,benzenesulfinyl,5.183 ,3.725 ,3.798 ,4.509 ,5.380 ,4.454 ,3.995 ,3.763 ,0.299,0.283,0.426,0.361,0.439,0.374,0.278,0.363,0.269,0.419,0.332,0.298,0.42,0.277,0.399,0.301,0.423,0.3,0.422,0.275,0.399,0.298,0.42,0.329,0.452,4.02,4.71,4.66,4.79,1.7,1.79,1.69,1.7,3.79,-0.175,-0.155,10.43766818,-0.478888889,10.43766818,0.089259259,0.551872538,125.172,120.132,125.0061108,41,0,0,0,0,0,-666,-666,-666,11.20954437,-0.094126162,0.500226819,-2.19976791,0.537356923,-2.044834605,2.502672444,-0.450440242,3.490945968,361.711126,10.1712084,8.816496581,4.632993162,6.002106418,4.370790812,2.612372436,1.037457479,1.612372436,0.560395406,0.931186218,0.280197703,0.465593109,0.31,701.8677369,2.506569015,3.357969394,1.673790393,58.92038469,0,0,0,0,0,57.89465976,0,0,0,0,0,0,0,0,11.06269127,11.66647324,0,0,0,0,0,35.16549524,0,0,0,0,0,0,4.208898492,11.66647324,0,6.853792781,35.16549524,0,0,0,-666,30.26035873,4.208898492,0,16.57160976,0,0,0,0,0,0,6.853792781,46.48324074,-0.089259259,-0.258333333,0,0,0,-2.302314815,0,0,0,0,8,0,1,0,0,0,0,0,0,1,0,2,-666,0,0,0,-666,1.2093,34.5054,0,0,0,0,0,0,0,0,0,0,0,0,0,0,0,0,0,0,0,0,0,0,0,0,0,0,5,0,0,0,0,0,0,0,0,0,-666,0,0,0,0,0,0,0,0,0,0,0,0,0,0,0,0,0,-666,0,0,0,0,0,0,0,0,0,0,0,0,0,0,0,0,0,0,0,0,0,0,0,0,0,0,0,0,-666,0,0,100,16,32.06,2.07710403,19.4,6,2.58,2.07,276.4,17.4,-0.410968682,-0.352932953,S,16,0,0,2.58,0,0,14,5.99,0.353,35.979
421,benzenesulfonyl,6.515 ,4.492 ,4.619 ,5.513 ,6.743 ,5.403 ,4.962 ,4.651 ,0.329,0.192,0.223,0.18,0.246,0.196,0.157,0.191,0.149,0.22,0.21,0.175,0.231,0.148,0.218,0.175,0.231,0.177,0.232,0.147,0.217,0.173,0.23,0.194,0.247,4.92,5.68,5.61,5.76,2.18,2.34,2.14,2.2,4.61,-0.146,-0.192,10.59044596,-2.829259259,10.59044596,0.602592593,0.573578848,141.171,136.131,141.0010254,47,0,0,0,0,0,-666,-666,-666,12.93329228,-0.094126162,0.517515962,-2.232158175,0.569405959,-2.049338672,2.507789802,-0.450610575,3.448068054,364.9083785,11.04145188,9.224744871,5.041241452,6.374785218,4.537457479,3.112372436,1.188832194,2.066496581,0.643728739,1.181186218,0.32186437,0.590593109,0.27,971.5503878,3.113456534,3.441331416,2.159491335,63.61180249,0,0,0,0,0,62.58151597,0,0,0,0,0,0,0,0,15.95929253,11.4567282,0,0,0,0,0,35.16549524,0,0,0,0,0,11.4567282,0,9.105499747,0,6.853792781,35.16549524,0,0,0,-666,46.62222344,9.105499747,0,0,0,0,0,0,0,0,6.853792781,57.05679012,-2.829259259,-0.698148148,0,0,0,-3.307160494,0,0,0,0,9,0,2,0,0,0,0,0,0,0,0,3,-666,0,0,0,-666,1.9562,35.327,0,0,0,0,0,0,0,0,0,0,0,0,0,0,0,0,0,0,0,0,0,0,0,0,0,0,5,0,0,0,0,0,0,0,0,0,-666,0,0,0,0,0,0,0,0,0,0,0,0,0,0,0,0,0,-666,0,0,0,0,0,0,0,0,0,0,0,0,0,0,0,0,0,0,0,0,0,0,0,0,0,0,0,0,-666,0,0,100,16,32.06,2.07710403,19.4,6,2.58,2.07,289.1,17.7,-0.436299539,-0.369277504,S,8,8,6,3.44,3.44,2.55,22,9.43,0.383,45.916
422,benzoyl,2.844 ,1.963 ,2.040 ,2.533 ,2.966 ,2.502 ,2.187 ,2.045 ,0.596,0.869,0.381,0.417,0.466,0.419,0.438,0.416,0.439,0.437,0.383,0.466,0.446,0.426,0.42,0.454,0.433,0.467,0.447,0.427,0.421,0.456,0.435,0.431,0.41,2.02,2.34,2.31,2.37,0.9,0.92,0.86,0.88,2.04,-0.383,-0.361,10.27100151,-0.514490741,10.27100151,0.425,0.523118199,105.116,100.076,105.0340398,39,0,0,0,0,0,-666,-666,-666,11.20954437,-0.094126982,0.501356326,-2.204084205,0.533258597,-2.06660981,2.642100383,-0.446235703,3.490945968,357.5694165,10.1712084,8.90824829,3.90824829,6.002106418,4.454124145,1.954124145,1.102062073,1.102062073,0.602062073,0.602062073,0.301031036,0.301031036,-0.04,701.8677369,2.295733882,3.079539222,1.47805616,55.04063807,0,0,0,0,0,53.76795375,0,0,0,0,0,0,0,0,11.64832996,6.286160523,0,0,0,0,0,35.83346326,0,0,0,0,0,0,6.286160523,4.794537184,0,6.853792781,35.83346326,0,0,0,-666,35.83346326,4.794537184,0,0,0,0,6.286160523,0,0,0,6.853792781,35.89038738,0,10.27100151,0,-0.425,0,-2.560462963,1.324074074,0,0,0,8,0,1,0,0,0,0,0,0,1,0,1,-666,0,0,0,-666,1.1485,32.0565,0,0,0,0,0,0,0,0,0,0,0,1,0,0,0,0,0,0,0,0,0,0,0,0,0,0,6,0,0,0,0,0,0,0,0,0,-666,0,0,0,0,0,0,0,0,0,0,0,0,0,0,0,0,0,-666,0,0,0,0,0,0,0,0,0,0,0,0,0,0,0,0,0,0,0,0,0,0,0,0,0,0,0,0,-666,0,0,70,6,12.011,1.262119,11.3,4,2.55,2.2,267,16.3,-0.424996393,-0.301908091,C,6,8,0,2.55,3.44,0,14,5.99,0.684,38.659
423,benzoyloxidanyl,7.901 ,5.477 ,5.650 ,6.107 ,8.146 ,5.926 ,5.706 ,5.352 ,0.415,0.319,0.375,0.089,0.372,0.097,0.078,0.09,0.073,0.386,0.297,0.319,0.386,0.37,0.417,0.314,0.381,0.314,0.382,0.371,0.419,0.321,0.386,0.335,0.397,5.11,5.52,5.48,5.56,2.99,3.14,2.95,2.93,4.83,-0.114,-0.136,10.47933485,-1.775925926,10.47933485,0.62037037,0.550572369,121.115,116.075,121.0289544,45,0,0,0,0,0,-666,-666,-666,11.87021743,-0.094126984,0.515018547,-2.209396399,0.564162023,-2.117120633,2.657292423,-0.44648456,3.526889273,398.793442,11.04145188,9.316496581,4.316496581,6.374785218,4.65824829,2.15824829,1.287457479,1.287457479,0.704124145,0.704124145,0.352062073,0.352062073,-0.08,971.5503878,2.887598098,3.180475788,1.953512004,59.83487182,0,0,0,0,0,58.55762591,0,0,0,0,0,0,0,0,16.75485736,5.969305288,0,0,0,0,0,35.83346326,0,0,0,0,0,0,5.969305288,9.901064579,0,6.853792781,35.83346326,0,0,0,-666,41.80276855,9.901064579,0,0,0,0,0,0,0,0,6.853792781,35.77244142,0,10.47933485,10.47933485,-0.809259259,-1.775925926,-3.479259259,0,0,0,0,9,0,2,0,0,0,0,0,0,1,0,2,-666,0,0,0,-666,0.9959,32.0565,0,0,0,0,0,0,0,0,0,0,1,1,0,0,0,0,0,0,0,0,0,0,0,0,0,0,4,0,0,0,0,0,0,0,0,0,-666,0,0,0,0,0,0,0,0,0,0,0,0,0,0,0,0,0,-666,0,0,0,0,0,0,0,0,0,0,0,0,0,0,0,0,0,0,0,0,0,0,0,0,0,0,0,0,-666,0,0,60,8,15.999,1.4611135,5.3,6,3.44,0.001308,278.7,16.6,-0.444126213,-0.439675712,O,6,0,0,2.55,0,0,6,2.55,0.564,32.776
424,benzyl,4.084 ,3.182 ,3.329 ,4.109 ,4.263 ,4.175 ,3.439 ,3.297 ,0.685,0.57,0.317,0.358,0.372,0.361,0.31,0.358,0.298,0.377,0.467,0.383,0.391,0.382,0.39,0.366,0.375,0.384,0.392,0.386,0.393,0.369,0.378,0.348,0.357,3.09,3.62,3.58,3.68,1.31,1.35,1.28,1.28,3.32,-0.237,-0.31,7.332407407,-0.775925926,7.332407407,0.364814815,0.456915551,91.133,84.077,91.05477522,35,0,0,0,0,0,-666,-666,-666,-1.61E-16,-0.163438227,-0.015285199,-2.263376711,-3.47E-18,-2.09822011,0,-0.569001914,3.448068054,354.7248251,11.04145188,10.5,3.5,6.374785218,5.25,1.75,1,1,0.5,0.5,0.25,0.25,0,971.5503878,1.285714286,2.34375,1.5,53.68905697,0,0,0,0,0,52.30461363,0,0,0,0,0,0,0,0,9.595309893,0,0,0,0,0,0,42.70930374,0,0,0,0,0,0,0,0,6.875840478,9.595309893,35.83346326,0,0,0,0,37.13619921,0,0,5.57310453,0,0,0,0,0,0,9.595309893,50.35555556,0,0,0,-0.364814815,0,-2.548148148,0,-0.775925926,0,0,7,0,0,0,0,0,0,0,0,0,0,0,-666,0,0,0,-666,1.87289,31.72,0,0,0,0,0,0,0,0,0,0,0,0,0,0,0,0,0,0,0,0,0,0,0,0,0,0,6,0,0,0,0,0,0,0,0,0,-666,0,0,0,0,0,0,0,0,0,0,0,0,0,0,0,0,0,-666,0,0,0,0,0,0,0,0,0,0,0,0,0,0,0,0,0,0,0,0,0,0,0,0,0,0,0,0,-666,0,0,70,6,12.011,1.262119,11.3,4,2.55,2.2,260.1,16.1,-0.404910819,-0.331138668,C,6,1,1,2.55,2.1,2.1,8,6.75,0.939,28.077
425,benzylperoxy,4.353 ,2.691 ,2.797 ,3.155 ,4.505 ,3.032 ,2.950 ,2.731 ,0.594,0.559,0.308,0.191,0.309,0.211,0.204,0.195,0.187,0.324,0.313,0.319,0.334,0.426,0.443,0.301,0.314,0.307,0.321,0.429,0.446,0.318,0.332,0.354,0.369,3.05,3.44,3.4,3.48,1.49,1.59,1.45,1.49,2.8,-0.221,-0.231,10.15302249,-2.964814815,10.15302249,0.652362056,0.432958763,123.131,116.075,123.0446045,47,0,0,0,0,0,-666,-666,-666,10.90756695,-0.164261288,-1.11E-16,-2.322699045,0.046020211,-2.259460187,1.546006989,-0.859929712,3.516876959,414.9415037,12.6712084,11.31649658,4.316496581,7.236086652,5.620790812,2.120790812,1.185395406,1.185395406,0.643728739,0.643728739,0.342697703,0.342697703,-0.08,2345.166962,2.207644251,3.854020552,2.327680232,63.52613126,0,0,0,0,0,62.13256474,0,0,0,0,0,0,0,0,19.74011624,0,0,0,0,0,6.558985243,35.83346326,0,0,0,0,0,0,6.558985243,10.14480635,0,9.595309893,35.83346326,0,0,0,-666,42.3924485,5.257235394,0,0,0,0,0,0,0,4.887570953,9.595309893,50.75416478,0,3.250684051,10.15302249,-0.797685185,0,-3.645371315,0,-2.964814815,0,0.142857143,9,0,2,0,0,0,0,0,0,1,0,2,-666,0,0,0,-666,1.4009,33.0015,0,0,0,0,0,0,0,0,0,0,0,0,0,0,0,0,0,0,0,0,0,0,0,0,0,0,4,0,0,0,0,0,0,0,0,0,-666,0,0,0,0,0,0,0,0,0,0,0,0,0,0,0,0,0,-666,0,0,0,0,0,0,0,0,0,0,0,0,0,0,0,0,0,0,0,0,0,0,0,0,0,0,0,0,-666,0,0,60,8,15.999,1.4611135,5.3,6,3.44,0.001308,296.3,16.1,-0.418695039,-0.397372369,O,8,0,0,3.44,0,0,8,3.44,0.681,22.538
426,benzylsulfanyl,5.177 ,4.474 ,4.631 ,5.196 ,5.313 ,5.247 ,4.641 ,4.512 ,0.855,0.769,0.527,0.304,0.442,0.323,0.291,0.303,0.274,0.44,0.393,0.388,0.445,0.388,0.445,0.381,0.438,0.388,0.446,0.389,0.447,0.382,0.439,0.619,0.704,5.03,5.86,5.79,5.95,2.13,2.25,2.11,2.2,4.63,-0.329,-0.361,7.411782407,-2.367592593,7.411782407,0.48287037,0.537540442,123.2,116.144,123.0268462,41,0,0,0,0,0,-666,-666,-666,10.25071427,-0.163847768,-0.01163108,-2.314567612,0.045774842,-2.187950997,1.859505782,-0.711655203,3.538044723,392.5422131,11.96410162,10.90824829,4.724744871,6.675426481,5.454124145,2.362372436,1.102062073,1.306186218,0.602062073,0.806186218,0.301031036,0.403093109,0.35,1235.837423,1.914451612,3.390092653,1.696682536,64.84412363,0,0,0,0,0,63.76251919,0,0,0,0,0,0,0,0,9.595309893,12.62878915,0,0,0,0,5.704956885,35.83346326,0,0,0,0,0,12.62878915,5.704956885,0,0,9.595309893,35.83346326,0,0,0,0,41.53842015,0,0,0,0,0,0,0,0,12.62878915,9.595309893,51.16512755,4.45436319,0,0,-2.850462963,0,-2.852361111,0,0,0,0.142857143,8,0,0,0,0,0,0,0,0,0,0,1,-666,0,0,0,-666,2.2363,38.821,0,0,0,0,0,0,0,0,0,0,0,0,0,0,0,0,0,0,0,0,0,0,0,0,0,0,5,0,0,0,0,0,0,0,0,0,-666,0,0,0,0,0,0,0,0,0,0,0,0,0,0,0,0,0,-666,0,0,0,0,0,0,0,0,0,0,0,0,0,0,0,0,0,0,0,0,0,0,0,0,0,0,0,0,-666,0,0,100,16,32.06,2.07710403,19.4,6,2.58,2.07,293.1,17.3,-0.378583864,-0.378234721,S,6,0,0,2.55,0,0,6,2.55,0.972,24.009
427,bis_dimethylamino_phosphanyl,2.737 ,1.949 ,1.967 ,2.761 ,2.909 ,2.824 ,2.165 ,2.047 ,0.759,0.716,0.559,0.59,0.613,0.593,0.507,0.592,0.502,0.626,0.541,0.549,0.641,0.549,0.64,0.529,0.625,0.551,0.642,0.552,0.643,0.533,0.628,0.524,0.621,1.89,2.36,2.31,2.41,0.67,0.71,0.66,0.67,1.96,-0.416,-0.526,7.045347222,-3.165123457,7.045347222,0.154027778,0.49783411,119.128,107.032,119.07381,43,0,0,0,0,0,-666,-666,-666,-1.77E-16,-0.247090089,-3.40E-16,-2.527516924,-4.07E-16,-2.567574888,-1.89E-17,-0.998197776,5.4282387,238.812144,15.86180732,15.34164079,4.236067977,7.971197119,7.294427191,2.094427191,0.713049517,1.691934955,0.178885438,0.536656315,0.089442719,0.268328157,0.35,2573.036575,0.880162077,3.364392151,6.35,64.24059977,0,0,0,0,0,62.57539186,0,0,0,0,0,0,0,0,16.44910267,8.882149203,0,9.34083238,0,0,27.9033076,0,0,0,0,0,0,8.882149203,37.24413998,0,0,16.44910267,0,0,0,0,-666,36.7854568,0,0,9.34083238,0,0,0,0,0,0,16.44910267,84.23611111,0,0,0,0,0,0,0,-12.66049383,-0.964506173,1,7,0,2,0,0,0,0,0,0,2,0,3,-666,0,0,0,-666,0.8858,34.294,0,0,0,0,0,0,0,0,0,0,0,0,0,0,0,2,0,0,0,0,-666,0,0,0,0,0,0,0,0,0,0,0,0,0,0,0,-666,0,0,0,0,0,0,0,0,0,0,0,0,0,0,0,0,0,-666,0,0,0,0,0,0,0,0,0,0,0,0,0,0,0,0,0,0,0,0,0,0,0,0,0,0,0,0,-666,0,0,100,15,30.973762,0.746607,25,5,2.19,1.823,304,15.8,-0.350816664,-0.282086751,P,7,7,0,3.04,3.04,0,14,6.08,0.832,45.517
428,bis_trimethylsilyl_aminyl,4.932 ,4.018 ,4.141 ,4.952 ,5.076 ,5.006 ,4.395 ,4.270 ,0.756,0.431,0.335,0.293,0.351,0.287,0.217,0.286,0.21,0.361,0.202,0.291,0.357,0.291,0.357,0.283,0.352,0.292,0.357,0.293,0.358,0.284,0.353,0.286,0.362,4.09,4.63,4.58,4.69,2.08,2.22,2.03,2.09,4.13,-0.178,-0.27,7.494367284,-6.258333333,7.494367284,3.069444444,0.55027816,160.389,142.245,160.0977776,55,0,0,0,0,0,-666,-666,-666,-9.15E-16,-2.461910077,-0.03900454,-2.695440271,-0.043572381,-2.759217274,-2.02E-16,-2.505216734,7.454278915,404.9182522,22.70710678,22.4472136,6.447213595,11.20710678,10.9472136,5.841640786,1.532623792,5.26869177,0.335410197,3.01869177,0.251557647,2.264018827,0.393766234,58146.98016,0.950059394,2.557895933,8.393766234,86.32516888,0,0,0,0,0,84.64350432,0,0,0,0,0,0,0,0,24.67365401,16.47092175,0,4.647930924,0,38.85099763,0,0,0,0,4.647930924,0,0,0,16.47092175,0,0,24.67365401,0,38.85099763,0,0,-666,55.32191938,0,0,0,0,0,0,0,0,4.647930924,24.67365401,137.9680556,0,0,0,0,0,0,0,-23.5625,-12.51666667,1,9,0,1,0,0,0,0,0,0,0,0,3,-666,0,0,0,-666,2.2606,48.826,0,0,0,0,0,0,0,0,0,0,0,0,0,0,0,1,0,0,0,0,0,0,0,0,0,0,0,0,0,0,0,0,0,0,0,0,-666,0,0,0,0,0,0,0,0,0,0,0,0,0,0,0,0,0,-666,0,0,0,0,0,0,0,0,0,0,0,0,0,0,0,0,0,0,0,0,0,0,0,0,0,0,0,0,-666,0,0,65,7,14.007,-1.4,7.4,5,3.04,0.001145,384.2,17.8,-0.358531315,-0.357396881,N,14,14,0,1.9,1.9,0,28,3.8,0.908,68.254
429,boranuidyl,1.484 ,0.557 ,0.567 ,1.531 ,1.835 ,1.656 ,0.571 ,0.430 ,1.072,0.801,0.988,1.013,1.004,1.024,0.772,1.015,0.739,1.023,1.037,0.895,1.031,0.894,1.03,0.865,1.021,0.897,1.031,0.9,1.032,0.871,1.023,0.848,1.009,0.45,1.16,1.09,1.27,0.91,0.97,0.9,0.97,0.57,-0.222,-0.222,5.916666667,-1.416666667,5.916666667,1.416666667,0.287938226,13.836,10.812,14.0327805,6,0,0,0,0,0,-666,-666,-666,-0.267763893,-0.267763893,-1.690289993,-1.690289993,-1.931549021,-1.931549021,-0.478358688,-0.478358688,2.323790008,8,3.577350269,3.577350269,0.577350269,1.732050808,1.732050808,0,0,0,0,0,0,0,0.064935065,3.245112498,0.000478012,13.46493506,57.66493506,13.76243149,0,0,0,0,0,12.31039815,0,0,0,0,0,0,0,0,0,8.30325998,4.007138173,0,0,0,0,0,0,0,0,0,0,0,12.31039815,0,0,0,0,0,0,0,0,8.30325998,0,0,0,0,0,0,0,0,0,4.007138173,17.75,0,0,0,0,0,0,0,0,-1.416666667,0,1,0,0,0,0,0,0,0,0,0,0,1,0,0,0,0,-666,-1.1839,9.939,0,0,0,0,0,0,0,0,0,0,0,0,0,0,0,0,0,0,0,0,0,0,0,0,0,0,0,0,0,0,0,0,0,0,0,0,-666,0,0,0,0,0,0,0,0,0,0,0,0,0,0,0,0,0,0,0,0,0,0,0,0,0,0,0,0,0,0,0,0,0,0,0,0,0,0,0,0,0,0,0,0,0,0,-666,0,-1,85,5,10.81,0.279723,20.5,3,2.04,2.34,145.2,9.2,-0.439339122,-0.277108416,B,1,1,1,2.1,2.1,2.1,3,6.3,1.11,0
430,boranyl,2.961 ,2.366 ,2.516 ,2.983 ,3.120 ,3.041 ,2.418 ,2.304 ,1.007,0.88,0.799,0.847,0.834,0.863,0.693,0.854,0.676,0.834,0.872,0.687,0.854,0.687,0.854,0.675,0.845,0.688,0.855,0.689,0.855,0.677,0.847,0.649,0.822,2.37,2.77,2.74,2.81,1.04,0.97,0.99,1,2.52,-0.612,-0.805,5.75,0.5,5.75,0.5,0.295736663,12.828,10.812,13.02495546,5,0,0,0,0,0,-666,-666,-666,-0.179951315,-0.179951315,-1.381414702,-1.381414702,-1.61650685,-1.61650685,-0.32689875,-0.32689875,1.632993162,2.754887502,2.707106781,2.577350269,0.577350269,1.414213562,1.154700538,0,0,0,0,0,0,0,0.064935065,2.754887502,0.001053098,13.46493506,57.66493506,12.40515036,0,0,0,0,0,11.01127733,0,0,0,0,0,0,0,0,0,8.339851885,2.671425448,0,0,0,0,0,0,0,0,0,0,0,11.01127733,0,0,0,0,0,0,0,0,0,0,0,0,8.339851885,0,0,0,0,0,2.671425448,11.5,0,0,0,0,0,0,0,0,0.5,0,1,0,0,0,0,0,0,0,0,0,0,1,0,0,0,0,-666,-0.9162,8.544,0,0,0,0,0,0,0,0,0,0,0,0,0,0,0,0,0,0,0,0,0,0,0,0,0,0,0,0,0,0,0,0,0,0,0,0,-666,0,0,0,0,0,0,0,0,0,0,0,0,0,0,0,0,0,0,0,0,0,0,0,0,0,0,0,0,0,0,0,0,0,0,0,0,0,0,0,0,0,0,0,0,0,0,0,0,0,85,5,10.81,0.279723,20.5,3,2.04,2.34,142.7,10,-0.439248073,-0.292772221,B,1,1,0,2.1,2.1,0,2,4.2,0.983,0
431,bromanyl,6.142 ,5.736 ,5.853 ,6.155 ,6.232 ,6.189 ,5.766 ,5.669 ,1,1,1,1,1,1,1,1,1,1,1,1,1,1,1,1,1,1,1,1,1,1,1,1,1,7.16,8.03,7.96,8.13,3.52,3.46,3.47,3.48,5.85,-1,-1,0,0,0,0,0.40413095,79.904,79.904,78.9183371,7,0,0,0,0,0,-666,-666,-666,79.904,79.904,0,0,0.8456,0.8456,8.927,8.927,0,0,0,0.377964473,1.963961012,0,0,0,0,0,0,0,0,0,0.48,0,1.48,0.563333333,4.813333333,17.88117987,0,0,0,0,0,0,0,0,0,0,0,0,16.98145085,0,0,16.98145085,0,0,0,0,0,0,0,0,0,0,0,16.98145085,0,0,0,0,0,0,0,0,0,0,0,0,16.98145085,0,0,0,0,0,0,0,0,0,0,0,0,0,0,0,0,0,0,1,0,0,0,0,0,0,0,0,0,0,1,0,0,0,0,-666,0.8456,8.927,0,0,0,0,0,0,0,0,0,0,0,0,0,0,0,0,0,0,0,0,0,0,0,0,0,0,0,0,0,0,0,0,0,0,0,0,0,0,0,0,0,0,0,0,1,0,0,0,0,0,0,0,0,0,0,0,0,0,0,0,0,0,0,0,0,0,0,0,0,0,0,0,0,0,0,0,0,0,0,0,0,0,0,0,0,0,115,35,79.904,3.3635882,21,7,2.96,3.1028,132.7,13.3,-0.462630769,-0.462630769,Br,0,0,0,0,0,0,0,0,1,0
432,bromomethyl,2.591 ,2.117 ,2.196 ,2.601 ,2.662 ,2.627 ,2.315 ,2.249 ,0.8,0.641,0.446,0.505,0.517,0.501,0.389,0.5,0.373,0.527,0.559,0.447,0.533,0.447,0.532,0.432,0.518,0.448,0.534,0.45,0.535,0.435,0.521,0.415,0.483,2.39,2.74,2.71,2.78,1.1,1.15,1.08,1.1,2.2,-0.3,-0.431,6.083333333,-0.270833333,6.083333333,0.270833333,0.422257966,93.931,91.915,92.93398716,13,0,0,0,0,0,-666,-666,-666,0,-0.162456524,-0.061888103,-1.740304004,5.55E-17,-1.587210253,0,-0.541524466,2.323790008,10.7548875,3.577350269,2.877964473,2.463961012,1.732050808,1.188982237,0.981980506,0,0,0,0,0,0,0.48,3.245112498,0.448555952,1.48,0.563333333,25.41673963,0,0,0,0,0,24.45656951,0,0,0,0,0,0,0,0,2.741517112,15.9299439,0,0,0,0,0,5.785108502,0,0,0,0,0,15.9299439,0,0,5.785108502,2.741517112,0,0,0,0,0,0,0,0,5.785108502,0,0,0,0,0,15.9299439,2.741517112,12.16666667,2.520833333,0,0,0,-0.270833333,0,0,0,0,0,2,0,0,0,0,0,0,0,0,0,0,1,0,0,0,0,-666,1.17289,14.284,0,0,0,0,0,0,0,0,0,0,0,0,0,0,0,0,0,0,0,0,0,0,0,0,0,0,0,0,0,0,0,0,0,0,0,0,-666,0,0,0,0,0,0,0,1,0,0,0,0,0,0,0,0,0,-666,0,0,0,0,0,0,0,0,0,0,0,0,0,0,0,0,0,0,0,0,0,0,0,0,0,0,0,0,-666,0,0,70,6,12.011,1.262119,11.3,4,2.55,2.2,171.6,14.4,-0.423639695,-0.34698326,C,35,1,1,2.96,2.1,2.1,37,7.16,1.013,21.182
433,but-3-en-2-yl,3.158 ,2.300 ,2.391 ,3.179 ,3.309 ,3.234 ,2.620 ,2.503 ,0.405,0.282,0.38,0.376,0.366,0.377,0.253,0.371,0.234,0.396,0.385,0.293,0.393,0.292,0.393,0.279,0.391,0.294,0.394,0.295,0.394,0.282,0.391,0.261,0.387,2.22,2.61,2.58,2.65,0.93,0.98,0.9,0.91,2.39,-0.167,-0.358,6.828703704,-2.690046296,6.828703704,0.856481481,0.4248794,55.1,48.044,55.05477522,23,0,0,0,0,0,-666,-666,-666,-0.073916565,-0.24451765,-0.579903671,-2.281873997,-0.540168377,-2.154353096,-0.211029965,-0.960507868,4.515539132,161.7696121,9.232050808,9,2,4.764742878,4.25,0.75,0.25,0.25,0.0625,0.0625,0,0,0,136.6196901,0.36,3,2,36.97926784,0,0,0,0,0,35.42718598,0,0,0,0,0,0,0,0,9.595309893,0,0,0,0,6.851892117,0,18.97998397,0,0,0,0,0,0,0,0,6.396873262,16.44720201,12.58311071,0,0,0,0,25.83187609,0,0,0,0,0,0,0,0,0,9.595309893,46.70983796,0,0,0,0,0,-0.856481481,-0.960648148,-3.642708333,0,0.25,4,0,0,0,0,0,0,0,0,0,0,0,-666,0,0,0,-666,1.39659,20.171,0,0,0,0,0,0,0,0,0,0,0,0,0,0,0,0,0,0,0,0,0,0,0,0,0,0,1,0,0,0,0,0,0,0,0,0,-666,0,0,0,0,0,0,0,0,0,0,0,0,0,0,0,0,0,-666,0,0,0,0,0,0,0,0,0,0,0,0,0,0,0,0,0,0,0,0,0,0,0,0,0,0,0,0,-666,0,0,70,6,12.011,1.262119,11.3,4,2.55,2.2,223.2,13.6,-0.420276448,-0.311523776,C,6,6,1,2.55,2.55,2.1,13,7.2,0.656,38.68
434,but-3-yn-2-yl,3.564 ,2.674 ,2.764 ,3.586 ,3.719 ,3.643 ,3.003 ,2.878 ,0.536,0.366,0.426,0.432,0.425,0.431,0.273,0.427,0.259,0.455,0.433,0.302,0.454,0.302,0.454,0.294,0.449,0.302,0.455,0.303,0.455,0.296,0.45,0.283,0.441,2.58,3.01,2.97,3.05,1.09,1.16,1.07,1.08,2.76,-0.231,-0.405,6.684027778,-2.450347222,6.684027778,0.68287037,0.358788814,53.084,48.044,53.03912516,21,0,0,0,0,0,-666,-666,-666,-1.04E-17,-0.2444777,-0.0441167,-2.204330544,0,-2.110475755,1.50E-33,-0.957910109,3.98585689,135.2625471,7.491563832,7,2,3.981380475,3.25,0.75,0.25,0.25,0.0625,0.0625,0,0,0,57.50871228,0.5625,3,2,33.85815526,0,0,0,0,0,32.42239401,0,0,0,0,0,0,0,0,6.853792781,0,0,0,0,6.851892117,0,6.396873262,0,12.31983585,0,0,0,0,0,0,18.71670912,13.7056849,0,0,0,0,0,13.24876538,0,0,0,0,0,0,6.399401535,5.920434319,0,6.853792781,32.6375,0,0,0,0,1.822916667,0,0.906597222,-2.450347222,0,0.25,4,0,0,0,0,0,0,0,0,0,0,0,-666,0,0,0,-666,0.84379,18.807,0,0,0,0,0,0,0,0,0,0,0,0,0,0,0,0,0,0,0,0,0,0,0,0,0,0,0,0,0,0,0,0,0,0,0,0,-666,0,0,0,0,0,0,0,0,0,0,0,0,0,0,0,0,0,-666,0,0,0,0,0,0,0,0,0,0,0,0,0,0,0,0,0,0,0,0,0,0,0,1,0,0,0,0,-666,0,0,70,6,12.011,1.262119,11.3,4,2.55,2.2,216.3,13.6,-0.399383037,-0.310377483,C,6,6,1,2.55,2.55,2.1,13,7.2,0.768,36.73
435,butan-2-yl,2.474 ,1.940 ,2.036 ,2.488 ,2.574 ,2.525 ,2.112 ,2.031 ,0.764,0.65,0.532,0.557,0.549,0.549,0.394,0.546,0.379,0.582,0.51,0.484,0.58,0.484,0.58,0.462,0.572,0.486,0.581,0.488,0.582,0.467,0.573,0.432,0.561,1.91,2.19,2.16,2.22,0.91,0.91,0.86,0.87,2.03,-0.28,-0.504,6.958912037,-3.12650463,6.958912037,1.388888889,0.42871387,57.116,48.044,57.07042529,25,0,0,0,0,0,-666,-666,-666,-0.080229378,-0.248924049,-0.694158377,-2.488282315,-0.657224817,-2.353969958,-0.258988298,-1.07587947,4.857162526,173.0341731,11.07735027,11,2,5.404700538,5.25,0.75,0.25,0.25,0.0625,0.0625,0,0,0,240.6662437,0.25,3,2,40.47881187,0,0,0,0,0,38.8104094,0,0,0,0,0,0,0,0,12.33682701,0,0,0,0,20.07670914,0,6.396873262,0,0,0,0,0,0,0,0,6.396873262,32.41353614,0,0,0,0,0,26.4735824,0,0,0,0,0,0,0,0,0,12.33682701,61.03310185,0,0,0,0,0,0,-4.487847222,-6.128587963,0,0.75,4,0,0,0,0,0,0,0,0,0,0,0,-666,0,0,0,-666,1.62059,20.265,0,0,0,0,0,0,0,0,0,0,0,0,0,0,0,0,0,0,0,0,0,0,0,0,0,0,0,0,0,0,0,0,0,0,0,0,-666,0,0,0,0,0,0,0,0,0,0,0,0,0,0,0,0,0,-666,0,0,0,0,0,0,0,0,0,0,0,0,0,0,0,0,0,0,0,0,0,0,0,0,0,0,0,0,-666,0,0,70,6,12.011,1.262119,11.3,4,2.55,2.2,232.1,13.2,-0.422256621,-0.308740243,C,6,6,1,2.55,2.55,2.1,13,7.2,0.996,38.731
436,butyl,2.848 ,2.255 ,2.360 ,2.865 ,2.963 ,2.907 ,2.430 ,2.337 ,0.877,0.757,0.594,0.624,0.64,0.623,0.498,0.619,0.48,0.648,0.668,0.593,0.653,0.592,0.653,0.574,0.644,0.594,0.654,0.596,0.655,0.578,0.645,0.551,0.632,2.18,2.5,2.47,2.54,1.02,1.03,0.98,1,2.36,-0.387,-0.565,6.979166667,-3.22337963,6.979166667,1.380902778,0.42871387,57.116,48.044,57.07042529,25,0,0,0,0,0,-666,-666,-666,-0.1410953,-0.247597242,-0.856455453,-2.531945584,-0.808565879,-2.389745946,-0.426010827,-1.107168962,5.039847129,176.5439481,11.07735027,11,2,5.443375673,5.25,0.75,0.25,0.25,0.0625,0.0625,0,0,0,260.6586159,0.25,3,2,40.47881187,0,0,0,0,0,38.8104094,0,0,0,0,0,0,0,0,12.33682701,0,0,0,0,19.59774192,0,6.875840478,0,0,0,0,0,0,0,0,6.875840478,31.93456893,0,0,0,0,0,26.4735824,0,0,0,0,0,0,0,0,0,12.33682701,61.31053241,0,0,0,0,0,0,-6.322337963,-4.571527778,0,0.75,4,0,0,0,0,0,0,0,0,0,0,0,-666,0,0,0,-666,1.62059,20.265,0,0,0,0,0,0,0,0,0,0,0,0,0,0,0,0,0,0,0,0,0,0,0,0,0,0,0,0,0,0,0,0,0,0,0,0,-666,0,0,0,0,0,0,0,0,0,0,0,0,0,0,0,0,0,-666,0,0,0,0,0,0,0,0,0,0,0,0,0,0,0,0,0,0,0,0,0,0,0,0,0,0,0,0,-666,0,0,70,6,12.011,1.262119,11.3,4,2.55,2.2,231.5,13.2,-0.426060414,-0.322010309,C,6,1,1,2.55,2.1,2.1,8,6.75,1.037,23.659
437,carboxylato,3.740 ,2.640 ,2.798 ,3.268 ,3.873 ,3.203 ,2.919 ,2.745 ,0.632,0.863,0.398,0.437,0.479,0.443,0.481,0.446,0.486,0.439,0.505,0.473,0.453,0.422,0.416,0.461,0.444,0.473,0.454,0.422,0.416,0.464,0.445,0.43,0.416,0.41,0.82,0.78,0.87,0.64,0.62,0.67,0.66,0.38,-0.196,-0.071,8.125,0.25,8.125,0.25,0.36032548,44.009,44.009,43.98982924,16,0,0,0,0,0,-666,-666,-666,16.34596656,11.66497654,1.390843343,-1.156500591,1.029290787,-1.425447966,5.330091435,0.364351052,2.187496097,10.26466251,2.707106781,1.316496581,1.316496581,1.414213562,0.40824829,0.40824829,0.083333333,0.083333333,0,0,0,0,-0.08,2.754887502,2.92,1.92,1.92,17.69500688,0,0,0,0,0,16.37328544,0,0,0,0,0,0,0,0,9.901064579,6.472220865,0,0,0,0,0,0,0,0,0,0,0,0,6.472220865,9.901064579,0,0,0,0,0,0,-666,0,0,0,6.472220865,0,0,0,0,0,0,9.901064579,0,0,8.125,8.125,0,0,0,0,0.25,0,0,3,0,2,0,0,0,0,0,0,1,0,2,0,0,0,0,-666,-0.5159,6.38,0,0,0,0,0,0,0,0,0,0,0,1,0,0,0,0,0,0,0,0,0,0,0,0,0,0,0,0,0,0,0,0,0,0,0,0,-666,0,0,0,0,0,0,0,0,0,0,0,0,0,0,0,0,0,0,0,0,0,0,0,0,0,0,0,0,0,0,0,0,0,0,0,0,0,0,0,0,0,0,0,0,0,0,0,0,-1,70,6,12.011,1.262119,11.3,4,2.55,2.2,154.7,11.2,-0.521738756,-0.345398047,C,8,8,0,3.44,3.44,0,16,6.88,0.733,23.984
438,carboxylatooxidanyl,7.260 ,2.589 ,2.602 ,3.980 ,7.773 ,3.620 ,3.257 ,2.624 ,0.338,0.299,0.337,0.336,0.321,0.334,0.289,0.334,0.284,0.335,0.276,0.29,0.333,0.312,0.334,0.293,0.334,0.291,0.334,0.312,0.334,0.292,0.333,0.298,0.334,3.06,4.14,4.05,4.26,0.01,0.05,0.01,0.02,2.59,-0.289,-0.326,8.333333333,-2.333333333,8.333333333,2.333333333,0.386832587,60.008,60.008,59.98474386,22,0,0,0,0,0,-666,-666,-666,16.55152844,11.46040325,1.827577164,-1.431166777,1.478627164,-1.737475924,5.518574705,0.082721336,2.803039488,26.26466251,3.577350269,1.724744871,1.724744871,1.732050808,0.612372436,0.612372436,0.25,0.25,0,0,0,0,-0.12,3.245112498,3.88,1.227222222,101.1022222,22.48924063,0,0,0,0,0,21.1629576,0,0,0,0,0,0,0,0,15.00759197,6.15536563,0,0,0,0,0,0,0,0,0,4.794537184,0,0,6.15536563,10.21305479,0,0,0,0,0,0,-666,6.15536563,0,0,0,0,0,0,0,0,0,15.00759197,0,0,8.333333333,16.66666667,0,0,0,-2.333333333,0,0,0,4,0,3,0,0,0,0,0,0,1,0,3,-666,0,0,0,-666,-0.0326,6.769,0,0,0,0,0,0,0,0,0,0,1,1,0,0,0,0,0,0,0,0,0,0,0,0,0,0,0,0,0,0,0,0,0,0,0,0,-666,0,0,0,0,0,0,0,0,0,0,0,0,0,0,0,0,0,-666,0,0,0,0,0,0,0,0,0,0,0,0,0,0,0,0,0,0,0,0,0,0,0,0,0,0,0,0,-666,0,-1,60,8,15.999,1.4611135,5.3,6,3.44,0.001308,172.2,11.9,-0.551181355,-0.537846787,O,6,0,0,2.55,0,0,6,2.55,0.392,26.62
439,chloranyl,7.194 ,6.398 ,6.509 ,7.213 ,7.329 ,7.263 ,6.638 ,6.499 ,1,1,1,1,1,1,1,1,1,1,1,1,1,1,1,1,1,1,1,1,1,1,1,1,1,6.95,7.69,7.63,7.77,3.6,3.62,3.57,3.62,6.51,-1,-1,0,0,0,0,0.370100263,35.453,35.453,34.96885268,7,0,0,0,0,0,-666,-666,-666,35.453,35.453,0,0,0.6895,0.6895,5.853,5.853,0,0,0,0.377964473,1.133893419,0,0,0,0,0,0,0,0,0,0.29,0,1.29,1.738275862,10.08310345,13.52157101,0,0,0,0,0,0,0,0,0,0,0,0,12.40703316,0,0,12.40703316,0,0,0,0,0,0,0,0,0,0,0,12.40703316,0,0,0,0,0,0,0,0,0,0,0,0,12.40703316,0,0,0,0,0,0,0,0,0,0,0,0,0,0,0,0,0,0,1,0,0,0,0,0,0,0,0,0,0,1,0,0,0,0,-666,0.6895,5.853,0,0,0,0,0,0,0,0,0,0,0,0,0,0,0,0,0,0,0,0,0,0,0,0,0,0,0,0,0,0,0,0,0,0,0,0,0,0,0,0,0,0,0,0,1,0,0,0,0,0,0,0,0,0,0,0,0,0,0,0,0,0,0,0,0,0,0,0,0,0,0,0,0,0,0,0,0,0,0,0,0,0,0,0,0,0,100,17,35.45,3.612725,14.6,7,3.16,0.002898,124.7,10.8,-0.465752036,-0.465752036,Cl,0,0,0,0,0,0,0,0,1,0
440,chloromethyl,3.615 ,2.970 ,3.092 ,3.630 ,3.727 ,3.672 ,3.187 ,3.087 ,0.807,0.667,0.393,0.462,0.485,0.461,0.383,0.46,0.371,0.473,0.5,0.42,0.483,0.419,0.483,0.402,0.468,0.421,0.484,0.422,0.485,0.406,0.471,0.37,0.428,3.02,3.43,3.39,3.47,1.44,1.48,1.41,1.45,3.09,-0.289,-0.392,5.932098765,-0.611111111,5.932098765,0.611111111,0.383927583,49.48,47.464,48.98450274,13,0,0,0,0,0,-666,-666,-666,1.97E-15,-0.162659737,-0.084139926,-1.735182337,-5.55E-17,-1.601441177,3.25E-16,-0.548059635,2.323790008,10.7548875,3.577350269,2.877964473,1.633893419,1.732050808,1.188982237,0.56694671,0,0,0,0,0,0,0.29,3.245112498,0.352065206,1.29,1.738275862,21.85245826,0,0,0,0,0,20.6774793,0,0,0,0,0,0,0,0,2.741517112,11.60093989,0,0,0,0,0,6.3350223,0,0,0,0,0,11.60093989,0,0,6.3350223,2.741517112,0,0,0,0,0,6.3350223,0,0,0,0,0,0,0,0,11.60093989,2.741517112,11.86419753,4.524691358,0,0,0,0,0,-0.611111111,0,0,0,2,0,0,0,0,0,0,0,0,0,0,1,0,0,0,0,-666,1.01679,11.21,0,0,0,0,0,0,0,0,0,0,0,0,0,0,0,0,0,0,0,0,0,0,0,0,0,0,0,0,0,0,0,0,0,0,0,0,-666,0,0,0,0,0,0,0,1,0,0,0,0,0,0,0,0,0,-666,0,0,0,0,0,0,0,0,0,0,0,0,0,0,0,0,0,0,0,0,0,0,0,0,0,0,0,0,-666,0,0,70,6,12.011,1.262119,11.3,4,2.55,2.2,165,12.6,-0.428758948,-0.36342351,C,17,1,1,3.16,2.1,2.1,19,7.36,0.966,19.262
441,cyano,8.751 ,7.703 ,8.035 ,8.778 ,8.944 ,8.850 ,7.972 ,7.779 ,0.763,0.821,0.52,0.545,0.53,0.545,0.562,0.552,0.567,0.522,0.53,0.559,0.528,0.559,0.528,0.558,0.526,0.559,0.528,0.56,0.528,0.558,0.526,0.543,0.508,7.58,8.34,8.28,8.42,4.04,4.09,3.94,4.08,8.03,-0.558,-0.544,6.25,4.75,6.25,4.75,0.368133552,26.018,26.018,26.003074,9,0,0,0,0,0,-666,-666,-666,14.16196892,11.85603108,0.60494805,-0.60494805,0.626483603,-0.530113603,3.437632179,1.530367821,3,6.754887502,2,0.947213595,0.947213595,1,0.223606798,0.223606798,0,0,0,0,0,0,-0.04,2,1.96,0.96,-27.04,13.13183071,0,0,0,0,0,11.83402844,0,0,0,0,0,0,0,0,0,0,5.261891555,0,0,0,0,6.57213689,0,0,0,0,0,0,0,0,11.83402844,0,0,0,0,0,-666,0,0,0,0,0,0,0,0,0,0,11.83402844,0,0,0,6.25,0,0,0,0,4.75,0,0,2,0,1,0,0,0,0,0,0,1,0,1,0,0,0,0,-666,0.09637,4.968,0,0,0,0,0,0,0,0,0,0,0,0,0,0,0,1,0,0,0,0,0,0,0,0,0,0,0,0,0,0,0,0,0,0,0,0,-666,0,0,0,0,0,0,0,0,0,0,0,0,0,0,0,0,0,0,0,0,0,0,0,0,0,0,0,0,0,0,0,0,0,0,0,0,0,0,0,0,0,0,0,0,0,0,0,0,0,70,6,12.011,1.262119,11.3,4,2.55,2.2,137.6,11.5,-0.530186158,-0.435614809,C,7,0,0,3.04,0,0,7,3.04,1.054,13.947
442,cyano_methyl_aminyl,6.399 ,5.063 ,5.196 ,6.426 ,6.596 ,6.500 ,5.639 ,5.460 ,-0.053,0.216,0.376,0.356,0.355,0.349,0.241,0.348,0.237,0.228,0.201,0.265,0.374,0.265,0.374,0.264,0.374,0.265,0.374,0.265,0.378,0.264,0.374,0.265,0.378,4.99,5.63,5.58,5.7,2.39,2.53,2.36,2.4,5.19,-0.227,-0.351,7.625208333,-2.435763889,7.625208333,1.170138889,0.35037828,55.06,52.036,55.0296231,21,0,0,0,0,0,-666,-666,-666,11.29715205,-0.243200512,0,-2.096306253,0,-2.274172262,1.306695325,-0.904562511,3.403810438,88.08847962,5.914213562,4.894427191,1.894427191,3.060660172,2.170820393,0.670820393,0.211803399,0.211803399,0.05,0.05,0,0,-0.08,18.14170945,0.953692476,2.92,1.92,29.26154651,0,0,0,0,0,27.85993882,0,0,0,0,0,0,0,0,4.112275669,0,5.261891555,5.316788604,0,0,6.9758269,0,0,6.193156096,5.316788604,0,0,0,6.9758269,0,11.45504765,4.112275669,0,0,0,0,-666,6.9758269,0,0,0,0,0,6.193156096,0,0,5.316788604,9.374167223,18.82791667,0,0,10.18770833,0,0,0,1.170138889,-2.435763889,0,0.5,4,0,2,0,0,0,0,0,0,1,0,2,-666,0,0,0,-666,-0.29832,13.671,0,0,0,0,0,0,0,0,0,0,0,0,0,0,0,2,0,0,0,0,0,0,0,0,0,0,0,0,0,0,0,0,0,0,0,0,-666,0,0,0,0,0,0,0,0,0,0,0,0,0,0,0,0,0,-666,0,0,1,0,0,0,0,0,0,0,0,0,0,0,0,0,0,0,0,0,0,0,0,0,0,0,0,0,-666,0,0,65,7,14.007,-1.4,7.4,5,3.04,0.001145,197.5,13.1,-0.416902784,-0.409330772,N,6,6,0,2.55,2.55,0,12,5.1,-0.224,33.527
443,cyanodifluoromethyl,4.015 ,3.307 ,3.443 ,4.030 ,4.121 ,4.069 ,3.603 ,3.505 ,0.46,0.43,0.386,0.382,0.416,0.386,0.305,0.38,0.281,0.414,0.336,0.311,0.415,0.31,0.415,0.301,0.41,0.311,0.415,0.312,0.416,0.303,0.411,0.281,0.4,3.34,3.72,3.69,3.76,1.72,1.79,1.67,1.69,3.44,-0.239,-0.357,10.31944444,-2.189814815,10.31944444,0.611111111,0.420831936,76.025,76.025,75.99988044,27,0,0,0,0,0,-666,-666,-666,19.27960061,10.8339393,1.952550644,-1.625093283,1.952186089,-1.61140687,4.889583324,0.340228748,2.939447246,53.1585155,4.28445705,2.203142542,2.203142542,2.27005561,0.851571271,0.851571271,0.372214207,0.372214207,0.084515425,0.084515425,0,0,-0.18,9.651484454,4.82,2.081780105,3.82,27.82784363,0,0,0,0,0,26.53738771,0,0,0,0,0,0,0,0,8.780830095,0,5.261891555,0,0,0,0,6.425444745,0,6.069221313,0,8.780830095,0,0,0,0,17.75655761,0,0,0,0,0,-666,6.425444745,8.780830095,0,0,6.069221313,0,0,0,0,0,5.261891555,20.63888889,0,0,7.106481481,0,0,0.611111111,-2.189814815,0,0,0,5,0,1,0,0,0,0,0,0,1,0,3,0,0,0,0,-666,0.93847,11.072,0,0,0,0,0,0,0,0,0,0,0,0,0,0,0,1,0,0,0,0,0,0,0,0,0,0,0,0,0,0,0,0,0,0,0,0,-666,0,0,0,0,0,0,0,2,0,0,0,0,0,0,0,0,0,-666,0,0,1,0,0,0,0,0,0,0,0,0,0,0,0,0,0,0,0,0,0,0,0,0,0,0,0,0,-666,0,0,70,6,12.011,1.262119,11.3,4,2.55,2.2,195.8,12.8,-0.478266183,-0.406411599,C,6,9,9,2.55,3.98,3.98,24,10.51,0.776,37.86
444,cyanomethyl,5.172 ,4.345 ,4.529 ,5.193 ,5.323 ,5.249 ,4.593 ,4.457 ,0.773,0.657,0.516,0.559,0.592,0.565,0.47,0.557,0.444,0.594,0.543,0.541,0.603,0.54,0.603,0.523,0.589,0.542,0.604,0.543,0.605,0.526,0.592,0.489,0.564,4.31,4.82,4.78,4.88,2.18,2.22,2.13,2.17,4.53,-0.36,-0.493,7.481481481,-0.689814815,7.481481481,0.689814815,0.382064408,40.045,38.029,40.01872406,15,0,0,0,0,0,-666,-666,-666,11.03490304,-0.163371679,0,-1.734690693,1.08E-19,-1.725820532,1.558135121,-0.558219832,2.939447246,53.1585155,4.28445705,3.447213595,1.447213595,2.27005561,1.473606798,0.473606798,0.111803399,0.111803399,0,0,0,0,-0.04,9.651484454,0.725126008,1.96,1.96,22.30671382,0,0,0,0,0,20.94847046,0,0,0,0,0,0,0,0,2.741517112,0,5.261891555,0,0,0,0,6.875840478,0,6.069221313,0,0,0,0,0,0,18.20695335,2.741517112,0,0,0,0,-666,6.875840478,0,0,0,0,0,6.069221313,0,0,0,8.003408667,12.09722222,0,0,7.481481481,0,0,1.277777778,0,-0.689814815,0,0,3,0,1,0,0,0,0,0,0,1,0,1,0,0,0,0,-666,0.34407,10.97,0,0,0,0,0,0,0,0,0,0,0,0,0,0,0,1,0,0,0,0,0,0,0,0,0,0,0,0,0,0,0,0,0,0,0,0,-666,0,0,0,0,0,0,0,0,0,0,0,0,0,0,0,0,0,-666,0,0,1,0,0,0,0,0,0,0,0,0,0,0,0,0,0,0,0,0,0,0,0,0,0,0,0,0,-666,0,0,70,6,12.011,1.262119,11.3,4,2.55,2.2,172.7,12.4,-0.44033754,-0.393337883,C,6,1,1,2.55,2.1,2.1,8,6.75,0.974,20.174
445,cyclobutyl,1.917 ,1.487 ,1.556 ,1.928 ,1.993 ,1.956 ,1.642 ,1.580 ,0.75,0.724,0.57,0.588,0.573,0.582,0.437,0.58,0.42,0.618,0.68,0.548,0.617,0.547,0.616,0.533,0.608,0.549,0.617,0.55,0.618,0.536,0.61,0.514,0.599,1.48,1.69,1.67,1.71,0.7,0.71,0.67,0.67,1.55,-0.35,-0.54,6.979166667,-2.572337963,6.979166667,0.810185185,0.392272364,55.1,48.044,55.05477522,23,0,0,0,0,0,-666,-666,-666,-0.079810481,-0.187589545,-0.615377525,-2.703490957,-0.584407181,-2.560491691,-0.252362053,-1.080926832,2.983252174,164.8795951,9.077350269,9,2,4.654700538,4.5,1,0.5,0.5,0.25,0.25,0.0625,0.0625,0,154.9009157,0.297520661,0.75,0.125,36.66303972,0,0,0,0,0,35.11095786,0,0,0,0,0,0,0,0,9.595309893,0,0,0,0,19.1187747,0,6.396873262,0,0,0,0,0,0,0,0,6.396873262,28.7140846,0,0,0,0,0,25.51564797,0,0,0,0,0,0,0,0,0,9.595309893,48.69502315,0,0,0,0,0,0,-8.278356481,0,0,0.75,4,0,0,0,0,0,0,0,0,0,0,0,-666,0,0,0,-666,1.37459,18.151,0,0,0,0,0,0,0,0,0,0,0,0,0,0,0,0,0,0,0,0,0,0,0,0,0,0,0,0,0,0,0,0,0,0,0,0,-666,0,0,0,0,0,0,0,0,0,0,0,0,0,0,0,0,0,-666,0,0,0,0,0,0,0,0,0,0,0,0,0,0,0,0,0,0,0,0,0,0,0,0,0,0,0,0,-666,0,0,70,6,12.011,1.262119,11.3,4,2.55,2.2,211.5,13.3,-0.418327823,-0.292617178,C,6,6,1,2.55,2.55,2.1,13,7.2,1.047,35.963
446,"cyclohepta-2,4,6-trien-1-yl",3.342 ,2.221 ,2.256 ,3.372 ,3.558 ,3.451 ,2.626 ,2.478 ,0.322,0.25,0.232,0.233,0.226,0.232,0.176,0.233,0.167,0.247,0.305,0.205,0.25,0.205,0.25,0.195,0.247,0.206,0.25,0.207,0.251,0.197,0.247,0.183,0.243,2.11,2.58,2.54,2.64,0.76,0.83,0.75,0.75,2.25,-0.116,-0.22,7.257407407,-0.590740741,7.257407407,0.590740741,0.426647477,91.133,84.077,91.05477522,35,0,0,0,0,0,-666,-666,-666,-0.066156832,-0.095308289,-0.459753716,-2.14683504,-0.427409093,-2.004302314,-0.180151703,-0.448703122,3.462815242,328.2346001,11.04145188,10.5,3.5,6.374785218,5.25,1.75,0.875,0.875,0.4375,0.4375,0.21875,0.21875,0,1070.431671,1.285714286,3.06122449,1.959183673,53.68905697,0,0,0,0,0,52.30461363,0,0,0,0,0,0,0,0,9.595309893,0,0,0,0,0,0,42.70930374,0,0,0,0,0,0,0,0,6.396873262,9.595309893,36.31243048,0,0,0,0,42.70930374,0,0,0,0,0,0,0,0,0,9.595309893,50.80185185,0,0,0,0,0,-3.544444444,-0.590740741,0,0,0,7,0,0,0,0,0,0,0,0,0,0,0,-666,0,0,0,-666,1.87289,31.72,0,0,0,0,0,0,0,0,0,0,0,0,0,0,0,0,0,0,0,0,0,0,0,0,0,0,6,0,0,0,0,0,0,0,0,0,-666,0,0,0,0,0,0,0,0,0,0,0,0,0,0,0,0,0,-666,0,0,0,0,0,0,0,0,0,0,0,0,0,0,0,0,0,0,0,0,0,0,0,0,0,0,0,0,-666,0,0,70,6,12.011,1.262119,11.3,4,2.55,2.2,255.9,16.3,-0.419101991,-0.288323848,C,6,6,1,2.55,2.55,2.1,13,7.2,0.499,43.27
447,"cyclohexa-2,4-dien-1-yl",3.528 ,2.441 ,2.535 ,3.556 ,3.727 ,3.629 ,2.846 ,2.702 ,0.375,0.304,0.287,0.286,0.275,0.288,0.211,0.285,0.198,0.305,0.4,0.271,0.307,0.271,0.307,0.26,0.304,0.272,0.308,0.273,0.308,0.262,0.304,0.244,0.299,2.36,2.84,2.8,2.9,0.91,0.97,0.88,0.89,2.53,-0.138,-0.269,7.228240741,-2.404050926,7.228240741,0.564699074,0.414325735,79.122,72.066,79.05477522,31,0,0,0,0,0,-666,-666,-666,-0.068667377,-0.167219964,-0.478064249,-2.383474008,-0.446451038,-2.227365274,-0.187877173,-0.777888305,3.303195586,272.1046281,10.38675135,10,3,5.797434948,5,1.5,0.75,0.75,0.375,0.375,0.1875,0.1875,0,565.3543511,0.887573964,2.222222222,1,48.01371788,0,0,0,0,0,46.57339504,0,0,0,0,0,0,0,0,9.595309893,0,0,0,0,6.372924901,0,30.60516025,0,0,0,0,0,0,0,0,6.396873262,15.96823479,24.20828698,0,0,0,0,36.97808515,0,0,0,0,0,0,0,0,0,9.595309893,50.23819444,0,0,0,0,0,-2.686111111,-2.96875,0,0,0.166666667,6,0,0,0,0,0,0,0,0,0,0,0,-666,0,0,0,-666,1.70679,27.197,0,0,0,0,0,0,0,0,0,0,0,0,0,0,0,0,0,0,0,0,0,0,0,0,0,0,4,0,0,0,0,0,0,0,0,0,-666,0,0,0,0,0,0,0,0,0,0,0,0,0,0,0,0,0,-666,0,0,0,0,0,0,0,0,0,0,0,0,0,0,0,0,0,0,0,0,0,0,0,0,0,0,0,0,-666,0,0,70,6,12.011,1.262119,11.3,4,2.55,2.2,240.7,15.5,-0.40097054,-0.302133877,C,6,6,1,2.55,2.55,2.1,13,7.2,0.639,41.813
448,"cyclohexa-2,5-dien-1-yl",3.528 ,2.441 ,2.535 ,3.555 ,3.726 ,3.628 ,2.846 ,2.701 ,0.375,0.304,0.287,0.285,0.275,0.288,0.211,0.285,0.197,0.305,0.4,0.271,0.307,0.271,0.307,0.26,0.303,0.272,0.307,0.273,0.308,0.262,0.304,0.244,0.299,2.36,2.84,2.8,2.89,0.91,0.97,0.88,0.89,2.53,-0.138,-0.269,7.228240741,-2.404050926,7.228240741,0.564699074,0.414325735,79.122,72.066,79.05477522,31,0,0,0,0,0,-666,-666,-666,-0.068667377,-0.167219964,-0.478064249,-2.383474008,-0.446451038,-2.227365274,-0.187877173,-0.777888305,3.303195586,272.1046281,10.38675135,10,3,5.797434948,5,1.5,0.75,0.75,0.375,0.375,0.1875,0.1875,0,565.3543511,0.887573964,2.222222222,1,48.01371788,0,0,0,0,0,46.57339504,0,0,0,0,0,0,0,0,9.595309893,0,0,0,0,6.372924901,0,30.60516025,0,0,0,0,0,0,0,0,6.396873262,15.96823479,24.20828698,0,0,0,0,36.97808515,0,0,0,0,0,0,0,0,0,9.595309893,50.23819444,0,0,0,0,0,-2.686111111,-2.96875,0,0,0.166666667,6,0,0,0,0,0,0,0,0,0,0,0,-666,0,0,0,-666,1.70679,27.197,0,0,0,0,0,0,0,0,0,0,0,0,0,0,0,0,0,0,0,0,0,0,0,0,0,0,4,0,0,0,0,0,0,0,0,0,-666,0,0,0,0,0,0,0,0,0,0,0,0,0,0,0,0,0,-666,0,0,0,0,0,0,0,0,0,0,0,0,0,0,0,0,0,0,0,0,0,0,0,0,0,0,0,0,-666,0,0,70,6,12.011,1.262119,11.3,4,2.55,2.2,240.9,15.5,-0.400962602,-0.302119593,C,6,6,1,2.55,2.55,2.1,13,7.2,0.638,41.825
449,"cyclohexa-3,5-dien-2-id-1-yl",3.365 ,2.532 ,2.629 ,3.385 ,3.504 ,3.436 ,2.860 ,2.747 ,0.279,0.159,0.271,0.261,0.273,0.267,0.153,0.26,0.144,0.287,0.183,0.146,0.287,0.146,0.287,0.143,0.284,0.146,0.287,0.146,0.288,0.143,0.285,0.141,0.281,0.05,0,0,0,1.68,1.72,1.69,1.75,0.02,-0.058,-0.068,7.124074074,-0.457407407,7.124074074,0.457407407,0.442628372,78.114,72.066,78.04695019,30,0,0,0,0,0,-666,-666,-666,1.763378641,-1.801947157,-0.486592059,-2.198943894,-0.356196032,-2.09600916,1.398024462,-1.839653639,3.428388404,222.0969243,9.464101615,9,3,5.464101615,4.5,1.5,0.75,0.75,0.375,0.375,0.1875,0.1875,0,416.3143648,1.041666667,2.222222222,1,45.91914435,0,0,0,0,0,44.53698181,0,0,0,0,0,0,0,0,8.224551337,0,0,0,0,0,0,36.31243048,0,0,0,0,0,0,0,0,0,8.224551337,36.31243048,0,0,0,0,36.31243048,0,0,0,0,0,0,0,0,0,8.224551337,42.74444444,0,0,0,0,0,-2.744444444,0,0,0,0,6,0,0,0,0,0,0,0,0,0,0,0,-666,0,0,0,-666,1.6686,27.42,0,0,0,0,0,0,0,0,0,0,0,0,0,0,0,0,0,0,0,0,0,0,0,0,0,0,6,0,0,0,0,0,0,0,0,0,-666,0,0,0,0,0,0,0,0,0,0,0,0,0,0,0,0,0,-666,0,0,0,0,0,0,0,0,0,0,0,0,0,0,0,0,0,0,0,0,0,0,0,0,0,0,0,0,-666,0,-1,70,6,12.011,1.262119,11.3,4,2.55,2.2,235.4,15.6,-0.398721216,-0.22699441,C,6,9,9,2.55,3.98,3.98,24,10.51,0.629,46.461
450,"cyclohexa-3,5-dien-2-ylium-1-yl",4.537 ,3.416 ,3.492 ,4.563 ,4.725 ,4.633 ,3.857 ,3.705 ,0.314,0.169,0.196,0.199,0.189,0.191,0.117,0.188,0.109,0.225,0.14,0.123,0.215,0.123,0.215,0.117,0.211,0.124,0.215,0.124,0.216,0.118,0.212,0.126,0.214,11.95,12.63,12.57,12.71,10.98,11.18,10.87,10.91,12.25,-0.141,-0.265,7.124074074,-0.457407407,7.124074074,0.457407407,0.442628372,78.114,72.066,78.04695019,30,0,0,0,0,0,-666,-666,-666,-0.06725201,-0.09595382,-0.470745404,-2.218274947,-0.432925267,-2.037760586,-0.18650978,-0.47172925,3.428388404,222.0969243,9.464101615,9,3,5.464101615,4.5,1.5,0.75,0.75,0.375,0.375,0.1875,0.1875,0,416.3143648,1.041666667,2.222222222,1,45.91914435,0,0,0,0,0,44.53698181,0,0,0,0,0,0,0,0,8.224551337,0,0,0,0,0,0,36.31243048,0,0,0,0,0,0,0,0,0,8.224551337,36.31243048,0,0,0,0,36.31243048,0,0,0,0,0,0,0,0,0,8.224551337,42.74444444,0,0,0,0,0,-2.744444444,0,0,0,0,6,0,0,0,0,0,0,0,0,0,0,0,-666,0,0,0,-666,1.6686,27.42,0,0,0,0,0,0,0,0,0,0,0,0,0,0,0,0,0,0,0,0,0,0,0,0,0,0,6,0,0,0,0,0,0,0,0,0,-666,0,0,0,0,0,0,0,0,0,0,0,0,0,0,0,0,0,-666,0,0,0,0,0,0,0,0,0,0,0,0,0,0,0,0,0,0,0,0,0,0,0,0,0,0,0,0,-666,0,1,70,6,12.011,1.262119,11.3,4,2.55,2.2,236,15.5,-0.391728207,-0.234830968,C,6,17,17,2.55,3.16,3.16,40,8.87,0.648,60.189
451,cyclohexyl,1.930 ,1.496 ,1.569 ,1.941 ,2.009 ,1.970 ,1.646 ,1.583 ,0.734,0.613,0.568,0.581,0.573,0.58,0.426,0.576,0.402,0.612,0.694,0.537,0.615,0.536,0.614,0.516,0.606,0.538,0.615,0.54,0.616,0.52,0.608,0.491,0.594,1.5,1.72,1.7,1.75,0.73,0.73,0.69,0.68,1.57,-0.311,-0.535,7.372916667,-3.405208333,7.372916667,1.421180556,0.4206865,83.154,72.066,83.08607535,35,0,0,0,0,0,-666,-666,-666,-0.07971319,-0.191562304,-0.629644214,-2.729376497,-0.597414577,-2.581654881,-0.253084792,-1.125783716,3.562498584,298.8533574,14.07735027,14,3,7.154700538,7,1.5,0.75,0.75,0.375,0.375,0.1875,0.1875,0,2005.205729,0.519031142,2.222222222,1,55.01280595,0,0,0,0,0,53.33984189,0,0,0,0,0,0,0,0,15.07834412,0,0,0,0,31.86462451,0,6.396873262,0,0,0,0,0,0,0,0,6.396873262,46.94296862,0,0,0,0,0,38.26149777,0,0,0,0,0,0,0,0,0,15.07834412,80.85856481,0,0,0,0,0,0,-17.94189815,0,0,0.833333333,6,0,0,0,0,0,0,0,0,0,0,0,-666,0,0,0,-666,2.15479,27.385,0,0,0,0,0,0,0,0,0,0,0,0,0,0,0,0,0,0,0,0,0,0,0,0,0,0,0,0,0,0,0,0,0,0,0,0,-666,0,0,0,0,0,0,0,0,0,0,0,0,0,0,0,0,0,-666,0,0,0,0,0,0,0,0,0,0,0,0,0,0,0,0,0,0,0,0,0,0,0,0,0,0,0,0,-666,0,0,70,6,12.011,1.262119,11.3,4,2.55,2.2,256,14.7,-0.410719301,-0.288199813,C,6,6,1,2.55,2.55,2.1,13,7.2,1.024,43.367
452,cyclohexylsulfanyl,4.917 ,4.154 ,4.238 ,4.936 ,5.048 ,4.984 ,4.407 ,4.285 ,0.867,0.768,0.675,0.598,0.688,0.611,0.534,0.597,0.523,0.701,0.61,0.585,0.702,0.585,0.702,0.581,0.699,0.585,0.702,0.585,0.703,0.582,0.7,0.638,0.756,4.63,5.35,5.29,5.43,2.07,2.15,2.05,2.1,4.24,-0.512,-0.583,7.537731481,-3.475833333,7.537731481,3.195833333,0.454808064,115.221,104.133,115.0581464,41,0,0,0,0,0,-666,-666,-666,-1.72E-15,-0.191567291,-0.045609683,-2.761414522,-2.04E-16,-2.65845754,-4.06E-16,-1.139527662,3.716516377,252.6710773,15,14.40824829,4.224744871,7.5,7.204124145,2.112372436,0.954124145,1.362372436,0.477062073,0.681186218,0.238531036,0.340593109,0.35,2781.789193,0.880162077,2.606803758,1.723373014,66.16787261,0,0,0,0,0,64.79774744,0,0,0,0,0,0,0,0,15.07834412,12.62878915,0,0,0,37.09061418,0,0,0,0,0,0,0,12.62878915,5.225989669,0,0,46.94296862,0,0,0,0,0,37.09061418,0,0,0,0,0,0,0,0,12.62878915,15.07834412,82.05430556,4.437731481,0,-3.195833333,0,0,0,-17.12953704,0,0,1,7,0,0,0,0,0,0,0,0,0,0,1,-666,0,0,0,-666,2.5166,34.464,0,0,0,0,0,0,0,0,0,0,0,0,0,0,0,0,0,0,0,0,0,0,0,0,0,0,0,0,0,0,0,0,0,0,0,0,-666,0,0,0,0,0,0,0,0,0,0,0,0,0,0,0,0,0,-666,0,0,0,0,0,0,0,0,0,0,0,0,0,0,0,0,0,0,0,0,0,0,0,0,0,0,0,0,-666,0,0,100,16,32.06,2.07710403,19.4,6,2.58,2.07,284.5,16,-0.374478181,-0.374030982,S,6,0,0,2.55,0,0,6,2.55,0.961,25.67
453,"cyclopenta-2,4-dien-1-yl",6.453 ,4.756 ,4.869 ,6.497 ,6.774 ,6.615 ,5.319 ,5.073 ,0.388,0.293,0.365,0.376,0.367,0.383,0.281,0.375,0.259,0.39,0.435,0.337,0.392,0.336,0.391,0.325,0.387,0.337,0.392,0.338,0.392,0.327,0.388,0.305,0.38,4.43,5.23,5.16,5.32,1.8,1.9,1.79,1.79,4.86,-0.193,-0.353,6.990740741,-0.324074074,6.990740741,0.324074074,0.398955321,65.095,60.055,65.03912516,25,0,0,0,0,0,-666,-666,-666,-0.067773497,-0.094247834,-0.457108652,-2.044868482,-0.42605631,-1.915716186,-0.181389439,-0.433411916,3.091250819,202.1928095,7.886751346,7.5,2.5,4.553418013,3.75,1.25,0.625,0.625,0.3125,0.3125,0.15625,0.15625,0,174.1026659,0.8,1.44,0.64,38.83883477,0,0,0,0,0,37.45895303,0,0,0,0,0,0,0,0,6.853792781,0,0,0,0,0,0,30.60516025,0,0,0,0,0,0,0,0,6.396873262,6.853792781,24.20828698,0,0,0,0,0,0,0,30.60516025,0,0,0,0,0,0,6.853792781,34.9537037,0,0,0,0,0,-1.296296296,-0.324074074,0,0,0,5,0,0,0,0,0,0,0,0,0,0,0,-666,0,0,0,-666,1.31669,22.58,0,0,0,0,0,0,0,0,0,0,0,0,0,0,0,0,0,0,0,0,0,0,0,0,0,0,4,0,0,0,0,0,0,0,0,0,-666,0,0,0,0,0,0,0,0,0,0,0,0,0,0,0,0,0,-666,0,0,0,0,0,0,0,0,0,0,0,0,0,0,0,0,0,0,0,0,0,0,0,0,0,0,0,0,-666,0,0,70,6,12.011,1.262119,11.3,4,2.55,2.2,215.8,14.7,-0.372907159,-0.363374874,C,6,6,1,2.55,2.55,2.1,13,7.2,0.664,39.466
454,cyclopentyl,2.698 ,2.143 ,2.241 ,2.713 ,2.805 ,2.753 ,2.310 ,2.223 ,0.779,0.63,0.528,0.551,0.565,0.558,0.428,0.553,0.409,0.574,0.526,0.504,0.585,0.504,0.585,0.483,0.575,0.506,0.586,0.508,0.587,0.487,0.577,0.451,0.562,2.09,2.39,2.37,2.43,1,0.99,0.95,0.95,2.24,-0.313,-0.504,7.213541667,-3.041087963,7.213541667,1.180555556,0.40633055,69.127,60.055,69.07042529,29,0,0,0,0,0,-666,-666,-666,-0.079765688,-0.188618763,-0.624842091,-2.475844195,-0.593052057,-2.329977461,-0.252972123,-1.03777097,3.384670868,227.9279285,11.57735027,11.5,2.5,5.904700538,5.75,1.25,0.625,0.625,0.3125,0.3125,0.15625,0.15625,0,584.8975196,0.408163265,1.44,0.64,45.83792283,0,0,0,0,0,44.22539987,0,0,0,0,0,0,0,0,12.33682701,0,0,0,0,25.49169961,0,6.396873262,0,0,0,0,0,0,0,0,6.396873262,37.82852661,0,0,0,0,0,31.88857287,0,0,0,0,0,0,0,0,0,12.33682701,64.76273148,0,0,0,0,0,0,-13.09606481,0,0,0.8,5,0,0,0,0,0,0,0,0,0,0,0,-666,0,0,0,-666,1.76469,22.768,0,0,0,0,0,0,0,0,0,0,0,0,0,0,0,0,0,0,0,0,0,0,0,0,0,0,0,0,0,0,0,0,0,0,0,0,-666,0,0,0,0,0,0,0,0,0,0,0,0,0,0,0,0,0,-666,0,0,0,0,0,0,0,0,0,0,0,0,0,0,0,0,0,0,0,0,0,0,0,0,0,0,0,0,-666,0,0,70,6,12.011,1.262119,11.3,4,2.55,2.2,233.3,14.1,-0.420218063,-0.318647588,C,6,6,1,2.55,2.55,2.1,13,7.2,1.021,40.311
455,cyclopropyl,2.785 ,2.175 ,2.273 ,2.801 ,2.895 ,2.841 ,2.381 ,2.290 ,0.777,0.656,0.516,0.551,0.539,0.55,0.413,0.546,0.398,0.563,0.489,0.468,0.566,0.468,0.565,0.453,0.557,0.469,0.566,0.47,0.567,0.456,0.559,0.434,0.546,2.11,2.41,2.39,2.45,0.97,0.99,0.94,0.94,2.27,-0.326,-0.505,6.724537037,-1.979166667,6.724537037,0.439814815,0.378244675,41.073,36.033,41.03912516,17,0,0,0,0,0,-666,-666,-666,-0.079792508,-0.178383554,-0.596184312,-2.032130358,-0.566795151,-1.904142129,-0.249451632,-0.848735686,2.720190105,102.8421899,6.577350269,6.5,1.5,3.404700538,3.25,0.75,0.375,0.375,0.125,0.125,0,0,0,52.50022148,0.1875,0.222222222,0,27.4881566,0,0,0,0,0,25.99651585,0,0,0,0,0,0,0,0,6.853792781,0,0,0,0,12.7458498,0,6.396873262,0,0,0,0,0,0,0,0,6.396873262,19.59964258,0,0,0,0,0,19.14272306,0,0,0,0,0,0,0,0,0,6.853792781,33.56481481,0,0,0,0,0,0,-4.398148148,0,0,0.666666667,3,0,0,0,0,0,0,0,0,0,0,0,-666,0,0,0,-666,0.98449,13.534,0,0,0,0,0,0,0,0,0,0,0,0,0,0,0,0,0,0,0,0,0,0,0,0,0,0,0,0,0,0,0,0,0,0,0,0,-666,0,0,0,0,0,0,0,0,0,0,0,0,0,0,0,0,0,-666,0,0,0,0,0,0,0,0,0,0,0,0,0,0,0,0,0,0,0,0,0,0,0,0,0,0,0,0,-666,0,0,70,6,12.011,1.262119,11.3,4,2.55,2.2,184.9,12.2,-0.421487551,-0.316820657,C,6,6,1,2.55,2.55,2.1,13,7.2,0.988,28.513
456,dibutylaminyl,2.929 ,2.343 ,2.434 ,2.942 ,3.018 ,2.975 ,2.596 ,2.519 ,0.686,0.487,0.481,0.484,0.473,0.463,0.356,0.462,0.344,0.519,0.317,0.388,0.499,0.388,0.499,0.386,0.497,0.388,0.499,0.389,0.499,0.387,0.497,0.388,0.504,2.38,2.67,2.65,2.71,1.25,1.29,1.21,1.21,2.43,-0.323,-0.436,7.525836168,-4.026411919,7.525836168,2.580416667,0.486785418,128.239,110.095,128.1439246,55,0,0,0,0,0,-666,-666,-666,-1.19E-15,-2.192495385,-0.131337387,-2.62730422,-0.223606488,-2.647607329,-1.04E-16,-2.249752675,6.185482375,488.5453272,22.70710678,22.4472136,4.447213595,11.20710678,10.9472136,1.947213595,0.835410197,0.835410197,0.348606798,0.348606798,0.139754249,0.139754249,-0.04,75446.06709,0.842412435,7.96,7.96,84.13317702,0,0,0,0,0,82.17964582,0,0,0,0,0,0,0,0,24.67365401,0,0,5.316788604,0,39.19548384,12.99371937,0,0,0,5.316788604,0,0,0,12.99371937,0,0,63.86913785,0,0,0,0,-666,52.18920321,0,0,0,0,0,0,0,0,5.316788604,24.67365401,131.742632,0,0,2.580416667,0,0,0,-15.8606824,-15.46236631,0,1,9,0,1,0,0,0,0,0,0,0,0,1,-666,0,0,0,-666,2.191,41.684,0,0,0,0,0,0,0,0,0,0,0,0,0,0,0,1,0,0,0,0,0,0,0,0,0,0,0,0,0,0,0,0,0,0,0,0,-666,0,0,0,0,0,0,0,0,0,0,0,0,0,0,0,0,0,-666,0,0,0,0,0,0,0,0,0,0,0,0,0,0,0,0,0,0,0,0,0,0,0,0,0,0,0,0,-666,0,0,65,7,14.007,-1.4,7.4,5,3.04,0.001145,382.1,14.9,-0.369500974,-0.342706502,N,6,6,0,2.55,2.55,0,12,5.1,0.952,45.089
457,dichloro_cyano_methyl,5.456 ,4.368 ,4.455 ,5.480 ,5.623 ,5.542 ,4.819 ,4.669 ,0.398,0.305,0.234,0.243,0.241,0.237,0.192,0.234,0.174,0.27,0.232,0.199,0.264,0.198,0.264,0.187,0.258,0.2,0.264,0.201,0.265,0.19,0.259,0.18,0.247,4.43,5.07,5.01,5.14,2.05,2.19,2.04,2.09,4.45,-0.126,-0.209,7.592592593,-0.24537037,7.592592593,0.24537037,0.461618307,108.935,108.935,107.9407794,27,0,0,0,0,0,-666,-666,-666,35.53916607,10.91648379,1.885939807,-1.662084096,2.064895556,-1.553431288,6.541530811,1.51494954,2.939447246,53.1585155,4.28445705,2.203142542,3.715000434,2.27005561,0.851571271,1.607500217,0.372214207,1.321607251,0.084515425,0.253546276,0,0,0.54,9.651484454,5.54,2.760264317,4.54,40.10330528,0,0,0,0,0,39.36926234,0,0,0,0,0,0,0,0,0,23.20187978,5.261891555,0,0,0,0,4.83626969,0,6.069221313,0,0,0,23.20187978,0,0,16.16738256,0,0,0,0,0,-666,0,0,0,4.83626969,0,0,6.069221313,0,0,0,28.46377134,0,9.566358025,-0.24537037,7.592592593,0,0,1.475308642,0,0,0,0,5,0,1,0,0,0,0,0,0,1,0,3,0,0,0,0,-666,1.47707,20.562,0,0,0,0,0,0,0,0,0,0,0,0,0,0,0,1,0,0,0,0,0,0,0,0,0,0,0,0,0,0,0,0,0,0,0,0,-666,0,0,0,0,0,0,0,2,0,0,0,0,0,0,0,0,0,-666,0,0,1,0,0,0,0,0,0,0,0,0,0,0,0,0,0,0,0,0,0,0,0,0,0,0,0,0,-666,0,0,70,6,12.011,1.262119,11.3,4,2.55,2.2,229.1,15.9,-0.450957329,-0.379942538,C,6,17,17,2.55,3.16,3.16,40,8.87,0.708,52.463
458,dichloromethyl,2.945 ,2.365 ,2.436 ,2.957 ,3.030 ,2.989 ,2.619 ,2.541 ,0.654,0.543,0.287,0.336,0.344,0.328,0.274,0.328,0.264,0.351,0.375,0.305,0.349,0.305,0.348,0.29,0.337,0.306,0.349,0.308,0.35,0.293,0.34,0.274,0.319,2.49,2.82,2.8,2.86,1.18,1.25,1.16,1.2,2.44,-0.196,-0.277,6.030864198,-0.388888889,6.030864198,0.388888889,0.417572236,83.925,82.917,82.94553039,19,0,0,0,0,0,-666,-666,-666,35.452,-0.082069344,-0.034319382,-1.700067508,0.6885,-1.49825308,5.852,-0.30867143,2.323790008,10.7548875,3.577350269,2.255928946,2.767786838,1.732050808,0.877964473,1.133893419,0.071428571,0.642857143,0,0,0,0,0.58,3.245112498,1.859329609,2.58,2.58,30.75075398,0,0,0,0,0,29.88787524,0,0,0,0,0,0,0,0,1.370758556,23.20187978,0,0,0,0,0,5.315236906,0,0,0,0,0,23.20187978,0,0,5.315236906,1.370758556,0,0,0,0,0,0,0,0,5.315236906,0,0,0,0,0,23.20187978,1.370758556,6.030864198,9.24691358,0,-0.388888889,0,0,0,0,0,0,0,3,0,0,0,0,0,0,0,0,0,0,2,0,0,0,0,-666,1.58329,16.006,0,0,0,0,0,0,0,0,0,0,0,0,0,0,0,0,0,0,0,0,0,0,0,0,0,0,0,0,0,0,0,0,0,0,0,0,-666,0,0,0,0,0,0,0,2,0,0,0,0,0,0,0,0,0,-666,0,0,0,0,0,0,0,0,0,0,0,0,0,0,0,0,0,0,0,0,0,0,0,0,0,0,0,0,-666,0,0,70,6,12.011,1.262119,11.3,4,2.55,2.2,193.5,14.7,-0.444759686,-0.348068759,C,1,17,17,2.1,3.16,3.16,35,8.42,0.888,37.011
459,dicyano_phenyl_methyl,9.694 ,7.172 ,7.331 ,9.758 ,10.173 ,9.936 ,8.029 ,7.672 ,0.362,0.277,0.237,0.212,0.202,0.212,0.192,0.211,0.167,0.23,0.189,0.192,0.227,0.192,0.227,0.181,0.229,0.193,0.227,0.194,0.227,0.183,0.228,0.159,0.232,6.98,8.32,8.2,8.48,2.85,3.05,2.84,2.86,7.32,-0.111,-0.215,8.633904478,-0.556481481,8.633904478,0.350925926,0.59661717,141.153,136.113,141.0452732,51,0,0,0,0,0,-666,-666,-666,12.05517867,-1.462966626,0.587010317,-2.233492222,0.588204842,-2.139830604,3.679371327,-1.562380502,3.535431173,495.4881096,12.45566545,10.39442719,5.394427191,7.450794823,5.197213595,2.697213595,1.598606798,1.598606798,0.973606798,0.973606798,0.511803399,0.511803399,-0.08,3026.043362,4.239941416,4.728423353,2.455138002,72.39415956,0,0,0,0,0,71.26738782,0,0,0,0,0,0,0,0,6.853792781,0,10.52378311,0,0,0,0,41.75136931,0,12.13844263,0,0,0,0,0,0,28.58013178,6.853792781,35.83346326,0,0,0,-666,36.17826478,0,0,5.57310453,0,0,12.13844263,0,0,0,17.37757589,36.95212113,0,0,17.26780896,-0.350925926,-0.488888889,0.286551398,0,0,0,0,11,0,2,0,0,0,0,0,0,2,0,2,-666,0,0,0,-666,1.66045,40.832,0,0,0,0,0,0,0,0,0,0,0,0,0,0,0,2,0,0,0,0,0,0,0,0,0,0,6,0,0,0,0,0,0,0,0,0,-666,0,0,0,0,0,0,0,0,0,0,0,0,0,0,0,0,0,-666,0,0,2,0,0,0,0,0,0,0,0,0,0,0,0,0,0,0,0,0,0,0,0,0,0,0,0,0,-666,0,0,70,6,12.011,1.262119,11.3,4,2.55,2.2,322.1,17.7,-0.434738355,-0.383238807,C,6,6,6,2.55,2.55,2.55,18,7.65,0.557,59.266
460,dicyanomethyl,7.422 ,6.013 ,6.191 ,7.454 ,7.650 ,7.538 ,6.558 ,6.356 ,0.561,0.477,0.404,0.42,0.434,0.426,0.358,0.419,0.325,0.453,0.455,0.385,0.46,0.384,0.46,0.368,0.45,0.386,0.461,0.387,0.462,0.372,0.452,0.334,0.432,5.99,6.76,6.69,6.84,2.93,3.08,2.9,2.94,6.19,-0.264,-0.378,7.637731481,-0.546296296,7.637731481,0.546296296,0.405461789,65.055,64.047,65.01397303,23,0,0,0,0,0,-666,-666,-666,14.1604685,-0.082809021,0.535499915,-1.701994404,0.583779095,-1.757796411,4.030988426,-0.32412445,3.396589767,92.94205536,4.991563832,3.394427191,2.394427191,2.808060412,1.447213595,0.947213595,0.348606798,0.348606798,0.111803399,0.111803399,0.025,0.025,-0.08,19.80026906,3.123252033,3.92,3.92,31.65926512,0,0,0,0,0,30.42985755,0,0,0,0,0,0,0,0,1.370758556,0,10.52378311,0,0,0,0,6.396873262,0,12.13844263,0,0,0,0,0,0,29.059099,1.370758556,0,0,0,0,-666,6.396873262,0,0,0,0,0,12.13844263,0,0,0,11.89454167,6.263888889,0,0,15.27546296,0,0,2.673611111,-0.546296296,0,0,0,5,0,2,0,0,0,0,0,0,2,0,2,0,0,0,0,-666,0.23785,15.526,0,0,0,0,0,0,0,0,0,0,0,0,0,0,0,2,0,0,0,0,0,0,0,0,0,0,0,0,0,0,0,0,0,0,0,0,-666,0,0,0,0,0,0,0,0,0,0,0,0,0,0,0,0,0,-666,0,0,2,0,0,0,0,0,0,0,0,0,0,0,0,0,0,0,0,0,0,0,0,0,0,0,0,0,-666,0,0,70,6,12.011,1.262119,11.3,4,2.55,2.2,210.6,14.3,-0.457863012,-0.419172689,C,6,6,1,2.55,2.55,2.1,13,7.2,0.784,37.314
461,diethoxy_methyl_silyl,2.726 ,2.117 ,2.214 ,2.589 ,2.837 ,2.593 ,2.217 ,2.101 ,0.766,0.7,0.489,0.526,0.522,0.544,0.433,0.536,0.425,0.538,0.383,0.508,0.559,0.489,0.558,0.495,0.546,0.51,0.559,0.491,0.56,0.496,0.549,0.508,0.568,2.37,2.87,2.83,2.93,0.94,0.95,0.9,0.92,2.21,-0.351,-0.473,7.166160242,-3.908976337,7.166160242,3.206481481,0.536045707,133.243,120.139,133.0684812,49,0,0,0,0,0,-666,-666,-666,-4.27E-16,-0.249073853,-2.00E-16,-2.479407901,-3.86E-16,-2.532804807,-2.00E-16,-1.057637575,5.382970032,325.0437952,17.49156383,16.81649658,4.816496581,8.812278497,8.066496581,2.882993162,0.695705769,1.678869017,0.287457479,0.862372436,0.113531036,0.340593109,0.136883117,6735.702448,1.022093785,5.277000306,4.299832285,70.91504537,0,0,0,0,0,69.25257083,0,0,0,0,0,0,0,0,26.67187128,9.283778554,0,0,0,20.17895051,13.11797049,0,0,0,0,0,0,0,22.40174904,8.852010052,0,31.52364546,0,6.475166271,0,0,-666,42.58069955,0,0,0,0,0,0,0,0,8.852010052,17.81986123,99.86530998,0,0,0,0,0,0,0,-16.78040772,-3.908976337,1,8,0,2,0,0,0,0,0,0,2,0,3,-666,0,0,0,-666,1.1774,34.87,0,0,0,0,0,0,0,0,0,0,0,0,0,0,0,0,0,0,0,0,0,0,0,0,0,0,0,0,0,0,0,0,0,0,0,0,-666,0,0,0,0,0,0,0,0,0,0,0,0,0,0,0,0,0,-666,0,0,0,0,0,0,0,0,0,0,0,0,0,0,0,0,0,0,0,0,0,0,0,0,0,0,0,0,-666,0,0,110,14,28.085,1.3895211,37.3,4,1.9,2.3296,349.1,15.7,-0.404442855,-0.281205163,Si,6,8,8,2.55,3.44,3.44,22,9.43,0.879,50.948
462,diethoxyphosphoroso,4.836 ,3.259 ,3.394 ,4.070 ,5.027 ,3.980 ,3.598 ,3.344 ,0.62,0.664,0.318,0.349,0.379,0.375,0.365,0.374,0.367,0.348,0.347,0.415,0.384,0.372,0.365,0.399,0.371,0.416,0.385,0.373,0.367,0.402,0.374,0.382,0.358,3.52,4.09,4.04,4.15,1.53,1.61,1.47,1.52,3.39,-0.295,-0.315,11.09134259,-3.605159465,11.09134259,3.283680437,0.55300361,137.095,127.015,137.0367558,49,0,0,0,0,0,-666,-666,-666,7.53E-17,-0.249073853,-2.59E-16,-2.426515634,-6.76E-17,-2.407764177,-1.65E-18,-1.05540298,4.685875609,255.8278293,14.99156383,13.67195847,4.566385658,7.600953631,6.455970848,2.551415963,0.610305129,1.422667096,0.240358291,0.721074874,0.093169499,0.279508497,0.31,1990.232004,1.481977609,5.446798906,4.468478605,64.66480274,0,0,0,0,0,63.07263869,0,0,0,0,0,0,0,0,27.64849149,8.602392481,0,0,0,13.70378423,13.11797049,0,0,0,0,0,0,8.602392481,13.11797049,13.94090593,0,27.4113698,0,0,0,0,-666,35.4241472,4.893411603,0,0,0,0,0,0,0,9.047494323,13.70758556,75.86700751,0,11.09134259,0,0,0,0,0,-13.27911656,-3.605159465,1,8,0,3,0,0,0,0,0,0,2,0,4,-666,0,0,0,-666,1.7168,30.8585,0,0,0,0,0,0,0,0,0,0,0,0,0,0,0,0,0,0,0,0,0,0,0,0,0,0,0,0,0,0,0,0,0,0,0,0,-666,0,0,0,0,0,0,0,0,0,0,0,0,0,0,0,0,0,-666,0,0,0,0,0,0,0,0,0,0,0,0,0,0,0,0,0,0,0,0,0,0,0,0,0,0,0,0,-666,0,0,100,15,30.973762,0.746607,25,5,2.19,1.823,327.1,15.5,-0.437513434,-0.355064411,P,8,8,8,3.44,3.44,3.44,24,10.32,0.712,47.483
463,diethylaminyl,2.973 ,2.392 ,2.498 ,2.986 ,3.062 ,3.019 ,2.636 ,2.557 ,0.683,0.505,0.485,0.483,0.471,0.462,0.362,0.462,0.354,0.518,0.321,0.395,0.498,0.395,0.498,0.392,0.496,0.395,0.498,0.395,0.498,0.393,0.496,0.396,0.503,2.45,2.74,2.71,2.77,1.26,1.28,1.21,1.21,2.49,-0.34,-0.449,6.960763889,-3.23125,6.960763889,2.625,0.45401649,72.131,62.051,72.08132432,31,0,0,0,0,0,-666,-666,-666,-1.48E-15,-0.249006329,-0.120542439,-2.489375548,-0.238605997,-2.57488153,-2.80E-16,-1.064894899,4.893994099,198.5573375,12.70710678,12.4472136,2.447213595,6.207106781,5.947213595,0.947213595,0.335410197,0.335410197,0.111803399,0.111803399,0.02795085,0.02795085,-0.04,484.0282471,0.399117905,3.96,3.96,47.43364456,0,0,0,0,0,45.72187777,0,0,0,0,0,0,0,0,13.70758556,0,0,5.316788604,0,13.70378423,12.99371937,0,0,0,5.316788604,0,0,0,12.99371937,0,0,27.4113698,0,0,0,0,-666,26.6975036,0,0,0,0,0,0,0,0,5.316788604,13.70758556,68.24305556,0,0,2.625,0,0,0,0,-12.86805556,0,1,5,0,1,0,0,0,0,0,0,0,0,1,-666,0,0,0,-666,0.6306,23.216,0,0,0,0,0,0,0,0,0,0,0,0,0,0,0,1,0,0,0,0,0,0,0,0,0,0,0,0,0,0,0,0,0,0,0,0,-666,0,0,0,0,0,0,0,0,0,0,0,0,0,0,0,0,0,-666,0,0,0,0,0,0,0,0,0,0,0,0,0,0,0,0,0,0,0,0,0,0,0,0,0,0,0,0,-666,0,0,65,7,14.007,-1.4,7.4,5,3.04,0.001145,258.8,13.6,-0.369936206,-0.343637543,N,6,6,0,2.55,2.55,0,12,5.1,0.938,44.882
464,difluoro_phenyl_methyl,3.313 ,2.540 ,2.644 ,3.331 ,3.443 ,3.379 ,2.840 ,2.733 ,0.308,0.215,0.278,0.27,0.285,0.277,0.183,0.27,0.176,0.297,0.189,0.18,0.299,0.18,0.299,0.176,0.295,0.181,0.299,0.181,0.3,0.177,0.295,0.172,0.291,2.55,2.96,2.93,3.01,1.12,1.19,1.09,1.08,2.64,-0.16,-0.254,12.22918745,-2.275925926,12.22918745,0.675925926,0.543179802,127.113,122.073,127.0359316,47,0,0,0,0,0,-666,-666,-666,11.90617139,-1.045574529,0.437493145,-2.243400487,0.698153857,-2.082212097,2.453959405,-1.411757262,3.448068054,360.7666691,11.04145188,9.255928946,4.255928946,6.374785218,4.627964473,2.127964473,1.260410808,1.260410808,0.688982237,0.688982237,0.344491118,0.344491118,-0.14,971.5503878,2.849393002,3.136253269,1.918882579,59.21018677,0,0,0,0,0,57.89353088,0,0,0,0,0,0,0,0,15.63462288,0,0,0,0,0,0,42.25890801,0,0,0,8.780830095,0,0,0,0,6.425444745,6.853792781,35.83346326,0,0,0,0,42.25890801,8.780830095,0,0,0,0,0,0,0,0,6.853792781,59.91888889,0,0,0,-1.031481481,0,-3.944814815,-2.275925926,0,0,0,9,0,0,0,0,0,0,0,0,0,0,2,-666,0,0,0,-666,2.46729,31.822,0,0,0,0,0,0,0,0,0,0,0,0,0,0,0,0,0,0,0,0,0,0,0,0,0,0,6,0,0,0,0,0,0,0,0,0,-666,0,0,0,0,0,0,0,2,0,0,0,0,0,0,0,0,0,-666,0,0,0,0,0,0,0,0,0,0,0,0,0,0,0,0,0,0,0,0,0,0,0,0,0,0,0,0,-666,0,0,70,6,12.011,1.262119,11.3,4,2.55,2.2,277.3,16.2,-0.423647715,-0.340887672,C,6,9,9,2.55,3.98,3.98,24,10.51,0.696,46.323
465,difluoroaminyl,3.554 ,2.934 ,3.083 ,3.565 ,3.625 ,3.591 ,3.266 ,3.194 ,0.73,0.703,0.5,0.491,0.528,0.493,0.443,0.489,0.442,0.523,0.476,0.464,0.52,0.464,0.52,0.461,0.517,0.465,0.52,0.465,0.52,0.462,0.517,0.458,0.514,2.98,3.25,3.23,3.28,1.66,1.76,1.6,1.64,3.08,-0.424,-0.474,9.25,0.5,9.25,0.5,0.377479436,52.003,52.003,51.99988044,19,0,0,0,0,0,-666,-666,-666,19.37180045,13.63419955,1.458726754,-1.379369393,1.454655352,-1.514055352,3.125712834,0.117287166,1.632993162,2.754887502,2.707106781,1.203142542,1.203142542,1.414213562,0.338061702,0.338061702,0.063887656,0.063887656,0,0,0,0,-0.18,2.754887502,2.82,1.82,1.82,16.12579804,0,0,0,0,0,14.72358311,0,0,0,0,0,0,0,0,8.962546229,0,0,5.761036876,0,0,0,0,0,0,5.761036876,8.962546229,0,0,0,0,0,0,0,0,0,0,-666,0,8.962546229,0,0,5.761036876,0,0,0,0,0,0,18.5,0,0,0,0,0.5,0,0,0,0,0,3,0,1,0,0,0,0,0,0,0,0,3,0,0,0,0,-666,0.3598,4.35,0,0,0,0,0,0,0,0,0,0,0,0,0,0,0,1,0,0,0,0,0,0,0,0,0,0,0,0,0,0,0,0,0,0,0,0,-666,0,0,0,0,0,0,0,2,0,0,0,0,0,0,0,0,0,0,0,0,0,0,0,0,0,0,0,0,0,0,0,0,0,0,0,0,0,0,0,0,0,0,0,0,0,0,0,0,0,65,7,14.007,-1.4,7.4,5,3.04,0.001145,150.7,9.3,-0.511833038,-0.4376721,N,9,9,0,3.98,3.98,0,18,7.96,0.907,21.555
466,difluoromethyl,2.411 ,1.966 ,2.091 ,2.421 ,2.479 ,2.446 ,2.153 ,2.091 ,0.78,0.741,0.458,0.492,0.533,0.493,0.399,0.491,0.39,0.506,0.494,0.42,0.51,0.42,0.51,0.407,0.501,0.421,0.51,0.422,0.511,0.409,0.503,0.385,0.486,2.01,2.24,2.22,2.26,1.04,1.07,0.99,1.01,2.09,-0.318,-0.447,9.916666667,-2.333333333,9.916666667,2.333333333,0.385341528,51.015,50.007,51.00463147,19,0,0,0,0,0,-666,-666,-666,18.997,-0.082395326,-0.067188049,-1.666644743,0.4192,-1.563924977,1.107,-0.421897199,2.323790008,10.7548875,3.577350269,2.255928946,1.255928946,1.732050808,0.877964473,0.377964473,0.071428571,0.071428571,0,0,0,0,-0.14,3.245112498,1.20965035,1.86,1.86,18.47529233,0,0,0,0,0,17.05600061,0,0,0,0,0,0,0,0,10.15158865,0,0,0,0,0,0,6.904411961,0,0,0,8.780830095,0,0,0,0,6.904411961,1.370758556,0,0,0,0,0,6.904411961,8.780830095,0,0,0,0,0,0,0,0,1.370758556,25,0,0,0,0,0,0,0,-2.333333333,0,0,3,0,0,0,0,0,0,0,0,0,0,2,0,0,0,0,-666,1.04469,6.516,0,0,0,0,0,0,0,0,0,0,0,0,0,0,0,0,0,0,0,0,0,0,0,0,0,0,0,0,0,0,0,0,0,0,0,0,-666,0,0,0,0,0,0,0,2,0,0,0,0,0,0,0,0,0,-666,0,0,0,0,0,0,0,0,0,0,0,0,0,0,0,0,0,0,0,0,0,0,0,0,0,0,0,0,-666,0,0,70,6,12.011,1.262119,11.3,4,2.55,2.2,157.9,10.2,-0.516984781,-0.379485225,C,1,9,9,2.1,3.98,3.98,19,10.06,0.922,21.746
467,dihydroxyboranyl,2.867 ,2.272 ,2.451 ,2.776 ,3.008 ,2.788 ,2.319 ,2.204 ,0.864,0.867,0.695,0.764,0.772,0.78,0.6,0.769,0.593,0.777,0.742,0.634,0.793,0.625,0.787,0.601,0.773,0.628,0.791,0.629,0.789,0.616,0.781,0.557,0.737,2.39,2.8,2.76,2.84,1.04,1,0.97,0.98,2.45,-0.465,-0.678,5.802083333,0.583333333,5.802083333,0.583333333,0.325385109,44.826,42.81,45.0147847,17,0,0,0,0,0,-666,-666,-666,10.45723447,-0.062141482,0.151259962,-1.835598121,-0.128855028,-2.01134493,1.211908279,-0.773270164,2.190609687,15.11941548,4.121320344,3.39384685,1.39384685,2.414213562,1.287901102,0.471404521,0.096225045,0.096225045,0,0,0,0,-0.015064935,11.2451125,0.7406022,1.984935065,1.984935065,22.00315574,0,0,0,0,0,20.60015953,0,0,0,0,0,0,0,0,10.05260674,7.685153471,2.862399314,0,0,0,0,0,0,0,0,0,0,0,20.60015953,0,0,0,0,0,0,0,-666,0,0,0,0,7.685153471,0,0,0,0,10.05260674,2.862399314,11.60416667,0,0,6.8125,0,0,0,0,0,0.583333333,0,3,2,2,0,0,0,0,0,0,2,2,3,-666,0,0,0,-666,-1.4948,10.1916,0,0,0,0,0,0,0,0,0,0,0,0,0,0,0,0,0,0,0,0,0,0,0,0,0,0,0,0,0,0,0,0,0,0,0,0,-666,0,0,0,0,0,0,0,0,0,0,0,0,0,0,0,0,0,0,0,0,0,0,0,0,0,0,0,0,0,0,0,0,0,0,0,0,0,0,0,0,0,0,0,0,0,0,-666,0,0,85,5,10.81,0.279723,20.5,3,2.04,2.34,172.7,11.7,-0.449698938,-0.267990974,B,8,8,0,3.44,3.44,0,16,6.88,0.994,24.344
468,dimethoxyphosphanyl,2.906 ,1.937 ,1.985 ,2.630 ,3.063 ,2.616 ,2.172 ,2.023 ,0.832,0.781,0.68,0.715,0.748,0.723,0.612,0.719,0.606,0.746,0.676,0.663,0.761,0.637,0.749,0.645,0.747,0.665,0.763,0.639,0.751,0.648,0.749,0.628,0.736,2.01,2.43,2.39,2.48,0.75,0.8,0.73,0.75,1.98,-0.517,-0.649,6.480138889,-2.618248457,6.480138889,0.523919753,0.474922441,93.042,86.994,93.01054106,31,0,0,0,0,0,-666,-666,-666,0,-0.24552904,-3.26E-17,-2.222950935,-9.37E-17,-2.218161852,1.07E-32,-0.949188555,3.436534825,102.7311407,9.121320344,8.263710176,3.158137367,4.707106781,3.773396662,1.503693405,0.257109785,0.771329355,0.074535599,0.223606798,0.0186339,0.055901699,0.35,100.988809,0.945043058,4.35,4.35,41.84923742,0,0,0,0,0,40.38251717,0,0,0,0,0,0,0,0,17.27204566,9.034566587,0,0,0,0,14.07590492,0,0,0,0,0,0,9.034566587,14.07590492,9.047494323,0,8.224551337,0,0,0,0,-666,23.1104715,0,0,0,0,0,0,0,0,9.047494323,8.224551337,46.87152778,0,0,0,0,0,0,0,0,-5.760416667,1,5,0,2,0,0,0,0,0,0,2,0,3,-666,0,0,0,-666,1.0554,20.938,0,0,0,0,0,0,0,0,0,0,0,0,0,0,0,0,0,0,0,0,0,0,0,0,0,0,0,0,0,0,0,0,0,0,0,0,-666,0,0,0,0,0,0,0,0,0,0,0,0,0,0,0,0,0,-666,0,0,0,0,0,0,0,0,0,0,0,0,0,0,0,0,0,0,0,0,0,0,0,0,0,0,0,0,-666,0,0,100,15,30.973762,0.746607,25,5,2.19,1.823,250.2,14.5,-0.431806696,-0.303198852,P,8,8,0,3.44,3.44,0,16,6.88,0.895,36.17
469,dimethylaminyl,2.937 ,2.378 ,2.487 ,2.950 ,3.023 ,2.981 ,2.607 ,2.528 ,0.685,0.541,0.506,0.51,0.484,0.484,0.374,0.483,0.367,0.538,0.343,0.408,0.513,0.408,0.513,0.404,0.512,0.408,0.513,0.409,0.513,0.405,0.512,0.409,0.521,2.43,2.72,2.7,2.75,1.22,1.24,1.18,1.18,2.49,-0.348,-0.487,6.394097222,-2.703125,6.394097222,2.541666667,0.358839816,44.077,38.029,44.05002419,19,0,0,0,0,0,-666,-666,-666,-1.95E-15,-0.244322203,-0.148735881,-2.286985861,-0.287629262,-2.444786734,-1.24E-16,-0.969149994,3.746417931,76.21143267,7.707106781,7.447213595,1.447213595,3.707106781,3.447213595,0.447213595,0.111803399,0.111803399,0,0,0,0,-0.04,27.43574108,0.179464155,1.96,1.96,29.08387833,0,0,0,0,0,27.49299374,0,0,0,0,0,0,0,0,8.224551337,0,0,5.316788604,0,0,13.9516538,0,0,0,5.316788604,0,0,0,13.9516538,0,0,8.224551337,0,0,0,0,-666,13.9516538,0,0,0,0,0,0,0,0,5.316788604,8.224551337,38.36458333,0,0,2.541666667,0,0,0,0,-5.40625,0,1,3,0,1,0,0,0,0,0,0,0,0,1,-666,0,0,0,-666,-0.1496,13.982,0,0,0,0,0,0,0,0,0,0,0,0,0,0,0,1,0,0,0,0,0,0,0,0,0,0,0,0,0,0,0,0,0,0,0,0,-666,0,0,0,0,0,0,0,0,0,0,0,0,0,0,0,0,0,-666,0,0,0,0,0,0,0,0,0,0,0,0,0,0,0,0,0,0,0,0,0,0,0,0,0,0,0,0,-666,0,0,65,7,14.007,-1.4,7.4,5,3.04,0.001145,191.2,12,-0.374916868,-0.351367183,N,6,6,0,2.55,2.55,0,12,5.1,0.936,32.955
470,dimethylazaniumyl,6.377 ,5.962 ,6.166 ,6.373 ,6.358 ,6.367 ,6.482 ,6.516 ,0.597,0.467,0.251,0.277,0.253,0.255,0.203,0.259,0.201,0.293,0.19,0.24,0.277,0.24,0.277,0.234,0.272,0.24,0.277,0.241,0.278,0.235,0.273,0.234,0.274,6.49,6.36,6.37,6.35,8.28,8.51,8.13,8.25,6.17,-0.355,-0.543,6.583333333,-2.869791667,6.583333333,0.375,0.39867094,45.085,38.029,45.05784922,20,0,0,0,0,0,-666,-666,-666,-0.06929035,-0.244322203,-0.824171732,-2.42844282,-0.943923817,-2.6335466,-0.344683785,-1.032469892,4.231132186,95.75496435,8.577350269,8.447213595,1.447213595,4.154700538,3.894427191,0.447213595,0.111803399,0.111803399,0,0,0,0,-0.04,63.57980789,0.141640625,1.96,1.96,30.54690546,0,0,0,0,0,28.89786057,0,0,0,0,0,0,0,0,9.636393415,0,0,5.309813353,0,0,13.9516538,0,0,0,5.309813353,0,0,0,13.9516538,0,0,8.224551337,0,1.411842078,0,0,-666,13.9516538,0,0,5.309813353,0,0,0,0,0,0,9.636393415,45.61458333,0,0,-0.375,0,0,0,0,-5.739583333,0,1,3,1,1,0,0,0,0,0,0,1,1,1,-666,0,0,0,-666,-0.1644,14.9837,0,0,0,0,0,0,0,0,0,0,0,0,0,0,0,0,1,0,0,0,-666,0,0,0,0,0,0,0,0,0,0,0,0,0,0,0,-666,0,0,0,0,0,0,0,0,0,0,0,0,0,0,0,0,0,-666,0,0,0,0,0,0,0,0,0,0,0,0,0,0,0,0,0,0,0,0,0,0,0,0,0,0,0,0,-666,0,1,65,7,14.007,-1.4,7.4,5,3.04,0.001145,198.1,12.2,-0.319519415,0.014417831,N,6,6,1,2.55,2.55,2.1,13,7.2,0.875,33.684
471,dimethylboranyl,2.198 ,1.654 ,1.769 ,2.217 ,2.337 ,2.268 ,1.740 ,1.647 ,0.849,0.986,0.655,0.733,0.722,0.741,0.576,0.73,0.551,0.748,0.541,0.537,0.76,0.537,0.759,0.508,0.741,0.539,0.761,0.542,0.763,0.514,0.745,0.451,0.703,1.72,2.09,2.06,2.14,0.68,0.65,0.63,0.63,1.77,-0.408,-0.636,6.505208333,-2.453125,6.505208333,0.375,0.350720071,40.882,34.834,41.05625559,17,0,0,0,0,0,-666,-666,-666,0,-0.244322203,-3.84E-17,-2.261274594,-0.225495212,-2.219592089,0,-0.904794842,3.746417931,76.21143267,7.707106781,7.577350269,1.577350269,3.707106781,3.577350269,0.577350269,0.144337567,0.144337567,0,0,0,0,0.064935065,27.43574108,0.200924236,2.064935065,2.064935065,30.52130776,0,0,0,0,0,29.00655253,0,0,0,0,0,0,0,0,8.224551337,7.279513422,0,0,0,13.50248777,0,0,0,0,0,0,0,0,7.279513422,0,0,8.224551337,0,13.50248777,0,0,0,13.50248777,0,0,0,7.279513422,0,0,0,0,0,8.224551337,39.03125,0,0,0,0,0,0,0,-4.90625,0.375,1,3,0,0,0,0,0,0,0,0,0,0,1,-666,0,0,0,-666,0.7868,17.482,0,0,0,0,0,0,0,0,0,0,0,0,0,0,0,0,0,0,0,0,0,0,0,0,0,0,0,0,0,0,0,0,0,0,0,0,-666,0,0,0,0,0,0,0,0,0,0,0,0,0,0,0,0,0,-666,0,0,0,0,0,0,0,0,0,0,0,0,0,0,0,0,0,0,0,0,0,0,0,0,0,0,0,0,-666,0,0,85,5,10.81,0.279723,20.5,3,2.04,2.34,204.6,12.8,-0.405505227,-0.256560824,B,6,6,0,2.55,2.55,0,12,5.1,0.999,34.573
472,dimethyloxidaniumyl,10.162 ,9.062 ,9.294 ,9.801 ,10.221 ,9.765 ,9.737 ,9.685 ,0.496,0.404,0.169,0.169,0.157,0.143,0.148,0.151,0.155,0.179,0.145,0.164,0.158,0.21,0.192,0.162,0.156,0.159,0.154,0.211,0.193,0.168,0.161,0.195,0.182,9.56,9.61,9.61,9.62,10.57,10.88,10.43,10.59,9.29,-0.365,-0.471,6.338541667,-2.828125,6.338541667,2.828125,0.38003981,46.069,40.021,46.04186481,20,0,0,0,0,0,-666,-666,-666,-7.53E-16,-0.244322203,-0.230961029,-2.305098952,-0.041116841,-2.351423759,-3.49E-17,-1.043736823,3.746417931,76.21143267,7.707106781,7.40824829,1.40824829,3.707106781,3.40824829,0.40824829,0.102062073,0.102062073,0,0,0,0,-0.04,27.43574108,0.179464155,1.96,1.96,28.64756137,0,0,0,0,0,27.03731921,0,0,0,0,0,0,0,0,12.96141429,0,0,0,0,0,14.07590492,0,0,0,0,0,0,0,14.07590492,4.736862954,0,8.224551337,0,0,0,0,-666,14.07590492,0,0,0,0,0,0,0,0,4.736862954,8.224551337,41.65625,0,0,0,0,0,0,0,0,-5.65625,1,3,0,1,0,0,0,0,0,0,1,0,1,-666,0,0,0,-666,0.2626,12.933,0,0,0,0,0,0,0,0,0,0,0,0,0,0,0,0,0,0,0,0,0,0,0,0,0,0,0,0,0,0,0,0,0,0,0,0,-666,0,0,0,0,1,0,0,0,0,0,0,0,0,0,0,0,0,-666,1,0,0,0,0,0,0,0,0,0,0,0,0,0,0,0,0,0,0,0,0,0,0,0,0,0,0,0,-666,0,1,60,8,15.999,1.4611135,5.3,6,3.44,0.001308,191.7,11.7,-0.38317874,0.019355985,O,6,6,0,2.55,2.55,0,12,5.1,0.701,33.256
473,dimethylphosphanyl,3.651 ,2.809 ,2.875 ,3.675 ,3.822 ,3.738 ,3.043 ,2.910 ,0.882,0.736,0.764,0.817,0.809,0.811,0.628,0.806,0.614,0.831,0.672,0.643,0.83,0.642,0.83,0.626,0.818,0.644,0.831,0.646,0.832,0.629,0.821,0.616,0.817,2.74,3.25,3.2,3.3,1.13,1.16,1.11,1.14,2.87,-0.528,-0.751,6.54841821,-2.355902778,6.54841821,0.467592593,0.368920868,61.044,54.996,61.02071182,19,0,0,0,0,0,-666,-666,-666,0,-0.244322203,-0.052778014,-2.272345968,-1.82E-16,-2.209148484,-2.99E-16,-0.882775377,3.746417931,76.21143267,7.707106781,7.447213595,2.341640786,3.707106781,3.447213595,1.341640786,0.111803399,0.335410197,0,0,0,0,0.43,27.43574108,0.285004369,2.43,2.43,31.44880644,0,0,0,0,0,29.99120937,0,0,0,0,0,0,0,0,8.224551337,8.580696994,0,0,0,0,13.18596104,0,0,0,0,0,0,8.580696994,13.18596104,0,0,8.224551337,0,0,0,0,0,21.76665804,0,0,0,0,0,0,0,0,0,8.224551337,39.29050926,0,0,0,0,0,0,0,-4.711805556,-0.467592593,1,3,0,0,0,0,0,0,0,0,0,0,1,-666,0,0,0,-666,1.1922,18.768,0,0,0,0,0,0,0,0,0,0,0,0,0,0,0,0,0,0,0,0,0,0,0,0,0,0,0,0,0,0,0,0,0,0,0,0,-666,0,0,0,0,0,0,0,0,0,0,0,0,0,0,0,0,0,-666,0,0,0,0,0,0,0,0,0,0,0,0,0,0,0,0,0,0,0,0,0,0,0,0,0,0,0,0,-666,0,0,100,15,30.973762,0.746607,25,5,2.19,1.823,209.3,14.3,-0.397454435,-0.315273938,P,6,6,0,2.55,2.55,0,12,5.1,1.002,33.053
474,dimethylphosphoroso,4.313 ,2.936 ,3.046 ,3.734 ,4.491 ,3.686 ,3.254 ,3.044 ,0.567,0.423,0.367,0.429,0.45,0.438,0.355,0.44,0.344,0.416,0.372,0.372,0.437,0.34,0.409,0.354,0.427,0.375,0.441,0.343,0.411,0.357,0.426,0.331,0.403,3.15,3.65,3.61,3.71,1.38,1.44,1.34,1.37,3.04,-0.254,-0.377,10.50925926,-3.112654321,10.50925926,2.860532407,0.385295436,77.043,70.995,77.01562644,25,0,0,0,0,0,-666,-666,-666,0,-0.244322203,-1.72E-16,-2.334875416,-3.42E-16,-2.270820025,-3.65E-17,-0.887630041,4.231132186,99.8966738,8.577350269,7.855461886,2.749889077,4.154700538,3.629787781,1.889363344,0.294377585,0.883132754,0,0,0,0,0.39,63.57980789,0.572180077,1.684985251,30.35975674,35.91460553,0,0,0,0,0,34.45244687,0,0,0,0,0,0,0,0,13.11796294,8.148522889,0,0,0,0,13.18596104,0,0,0,0,0,0,8.148522889,13.18596104,4.893411603,0,8.224551337,0,0,0,0,-666,21.33448393,4.893411603,0,0,0,0,0,0,0,0,8.224551337,38.89853395,0,10.50925926,0,0,0,0,0,-5.721064815,-3.112654321,1,4,0,1,0,0,0,0,0,0,0,0,2,-666,0,0,0,-666,1.0734,19.4545,0,0,0,0,0,0,0,0,0,0,0,0,0,0,0,0,0,0,0,0,0,0,0,0,0,0,0,0,0,0,0,0,0,0,0,0,-666,0,0,0,0,0,0,0,0,0,0,0,0,0,0,0,0,0,-666,0,0,0,0,0,0,0,0,0,0,0,0,0,0,0,0,0,0,0,0,0,0,0,0,0,0,0,0,-666,0,0,100,15,30.973762,0.746607,25,5,2.19,1.823,226.3,14.8,-0.412932266,-0.343492171,P,8,6,6,3.44,2.55,2.55,20,8.54,0.665,44.136
475,diphenoxyphosphoroso,6.414 ,4.562 ,4.796 ,5.579 ,6.676 ,5.500 ,4.898 ,4.593 ,0.59,0.549,0.166,0.154,0.238,0.176,0.196,0.167,0.186,0.204,0.231,0.277,0.232,0.25,0.222,0.257,0.214,0.275,0.23,0.252,0.225,0.263,0.22,0.252,0.212,4.88,5.75,5.67,5.84,2.05,2.19,2,2.08,4.79,-0.139,-0.126,12.03752646,-3.252546401,12.03752646,0.672116239,0.753012972,233.183,223.103,233.0367558,81,0,0,0,0,0,-666,-666,-666,11.20954437,-0.094149332,0.542592924,-2.271838822,0.622874649,-2.08826543,2.81414978,-0.447160099,2.322836058,785.4622552,19.91976706,17.67195847,8.566385658,11.98384612,8.955970848,5.051415963,2.314429274,3.126791241,1.28576953,1.949060298,0.736054264,1.254038646,0.31,345568.413,5.125791566,6.903789782,4.289689196,109.4350592,0,0,0,0,0,108.2899312,0,0,0,0,0,0,0,0,27.64849149,8.602392481,0,0,0,0,0,72.0390472,0,0,0,0,0,8.602392481,0,13.94090593,0,13.70758556,72.0390472,0,0,0,-666,80.64143969,4.893411603,0,0,0,0,0,0,0,0,22.75507989,85.02792242,0,12.03752646,0,0,-1.491707609,-7.247120789,0,0,-3.252546401,0,16,0,3,0,0,0,0,0,0,2,0,4,-666,0,0,0,-666,3.6968,62.5025,0,0,0,0,0,0,0,0,0,0,0,0,0,0,0,0,0,0,0,0,0,0,0,0,0,0,10,0,0,0,0,0,0,0,0,0,-666,0,0,0,0,0,0,0,0,0,0,0,0,0,0,0,0,0,-666,0,0,0,0,0,0,0,0,0,0,0,0,0,0,0,0,0,0,0,0,0,0,0,0,0,0,0,0,-666,0,0,100,15,30.973762,0.746607,25,5,2.19,1.823,431.8,19.1,-0.412672752,-0.363859657,P,8,8,8,3.44,3.44,3.44,24,10.32,0.669,51.077
476,diphenylaminyl,7.092 ,5.119 ,5.234 ,7.142 ,7.457 ,7.277 ,5.820 ,5.547 ,0.327,0.193,0.193,0.184,0.191,0.178,0.12,0.178,0.11,0.214,0.107,0.141,0.211,0.141,0.211,0.138,0.207,0.142,0.211,0.142,0.211,0.139,0.208,0.13,0.209,4.95,5.97,5.88,6.09,1.88,2.04,1.87,1.88,5.22,-0.086,-0.165,7.755730348,-0.613780759,7.755730348,0.47728647,0.65312853,168.219,158.139,168.0813243,63,0,0,0,0,0,-666,-666,-666,10.97328614,-0.094148367,0.466355285,-2.285445038,0.499034638,-2.11694543,2.285675628,-0.446282976,2.607266645,715.6394955,17.63531001,16.4472136,6.447213595,10.58999927,8.447213595,3.447213595,2.059016994,2.059016994,1.197213595,1.197213595,0.710410197,0.710410197,-0.04,89046.33324,3.229191,4.994598612,2.97802804,92.20390097,0,0,0,0,0,90.93917025,0,0,0,0,0,0,0,0,13.70758556,0,0,5.316788604,0,0,0,71.91479609,0,0,5.316788604,0,0,0,0,0,0,13.70758556,71.91479609,0,0,0,-666,71.91479609,0,0,0,0,0,0,0,0,5.316788604,13.70758556,76.2700042,0,0,3.768148148,-0.95457294,0,-6.083579407,0,0,0,0,13,0,1,0,0,0,0,0,0,0,0,1,-666,0,0,0,-666,2.6106,54.86,0,0,0,0,0,0,0,0,0,0,0,0,0,0,0,1,0,0,0,0,0,0,0,0,0,0,10,0,0,0,0,0,0,0,0,0,-666,0,0,0,0,0,0,0,0,0,0,0,0,0,0,0,0,0,-666,0,0,0,0,0,0,0,0,0,0,0,0,0,0,0,0,0,0,0,0,0,0,0,0,0,0,0,0,-666,0,0,65,7,14.007,-1.4,7.4,5,3.04,0.001145,367.9,18.2,-0.363561022,-0.343942053,N,6,6,0,2.55,2.55,0,12,5.1,0.572,54.318
477,diphenylboranyl,3.622 ,2.629 ,2.731 ,3.655 ,3.864 ,3.743 ,2.837 ,2.679 ,0.39,0.299,0.36,0.377,0.395,0.399,0.275,0.383,0.233,0.415,0.313,0.181,0.434,0.181,0.433,0.167,0.418,0.182,0.435,0.183,0.436,0.17,0.421,0.118,0.393,2.61,3.23,3.17,3.3,0.93,0.94,0.91,0.82,2.72,-0.19,-0.325,7.818230348,-0.557211934,7.818230348,0.22728647,0.588749762,165.024,154.944,165.0875557,61,0,0,0,0,0,-666,-666,-666,10.6402385,-0.094148367,0.481811709,-2.288688868,0.469479595,-2.411896764,2.715890062,-0.444741517,2.607266645,715.6394955,17.63531001,16.57735027,6.577350269,10.58999927,8.577350269,3.577350269,2.221687836,2.221687836,1.327350269,1.327350269,0.808012702,0.808012702,0.064935065,89046.33324,3.283884281,5.072399463,3.035787905,93.64133041,0,0,0,0,0,92.45272904,0,0,0,0,0,0,0,0,13.70758556,7.279513422,0,0,0,0,0,71.46563006,0,0,0,0,0,0,7.279513422,0,0,13.70758556,71.46563006,0,0,0,0,60.52071746,0,0,10.9449126,0,7.279513422,0,0,0,0,13.70758556,76.73555975,0,0,0,-0.45457294,0,-5.309134963,0,0,1.028148148,0,13,0,0,0,0,0,0,0,0,0,0,1,-666,0,0,0,-666,2.7104,58.48,0,0,0,0,0,0,0,0,0,0,0,0,0,0,0,0,0,0,0,0,0,0,0,0,0,0,12,0,0,0,0,0,0,0,0,0,-666,0,0,0,0,0,0,0,0,0,0,0,0,0,0,0,0,0,-666,0,0,0,0,0,0,0,0,0,0,0,0,0,0,0,0,0,0,0,0,0,0,0,0,0,0,0,0,-666,0,0,85,5,10.81,0.279723,20.5,3,2.04,2.34,386,18.2,-0.394812508,-0.2924907,B,6,6,0,2.55,2.55,0,12,5.1,0.455,54.64
478,diphenylmethyl,5.220 ,3.761 ,3.877 ,5.259 ,5.506 ,5.365 ,4.240 ,4.033 ,0.384,0.261,0.263,0.27,0.267,0.276,0.186,0.27,0.176,0.298,0.352,0.195,0.304,0.195,0.304,0.183,0.295,0.196,0.304,0.197,0.305,0.185,0.297,0.173,0.286,3.67,4.45,4.38,4.54,1.4,1.49,1.38,1.35,3.87,-0.131,-0.239,8.125925926,-0.718518519,8.125925926,0.514323507,0.643484755,167.231,156.143,167.0860754,63,0,0,0,0,0,-666,-666,-666,10.4090992,-2.00005867,-0.015012154,-2.326866388,0.121614813,-2.220546566,1.825797536,-2.027465863,2.728054561,739.8364609,18.5055535,17.5,6.5,11.01751963,9,3.5,2.125,2.125,1.25,1.25,0.75,0.75,0,132395.3558,2.9952,5.024221453,3,94.4239514,0,0,0,0,0,93.1421439,0,0,0,0,0,0,0,0,15.07834412,0,0,0,0,0,0,78.06379978,0,0,0,0,0,0,0,0,6.396873262,15.07834412,71.66692652,0,0,0,0,78.06379978,0,0,0,0,0,0,0,0,0,15.07834412,85.01667087,0,0,0,-1.028647014,0,-6.602838666,-0.718518519,0,0,0,13,0,0,0,0,0,0,0,0,0,0,0,-666,0,0,0,-666,3.29549,57.026,0,0,0,0,0,0,0,0,0,0,0,0,0,0,0,0,0,0,0,0,0,0,0,0,0,0,12,0,0,0,0,0,0,0,0,0,-666,0,0,0,0,0,0,0,0,0,0,0,0,0,0,0,0,0,-666,0,0,0,0,0,0,0,0,0,0,0,0,0,0,0,0,0,0,0,0,0,0,0,0,0,0,0,0,-666,0,0,70,6,12.011,1.262119,11.3,4,2.55,2.2,372.3,18.3,-0.396702492,-0.320680987,C,6,6,1,2.55,2.55,2.1,13,7.2,0.65,53.572
479,diphenylphosphanyl,5.575 ,4.243 ,4.330 ,5.615 ,5.871 ,5.725 ,4.556 ,4.339 ,0.679,0.542,0.485,0.515,0.547,0.52,0.38,0.511,0.372,0.565,0.445,0.374,0.575,0.374,0.575,0.359,0.557,0.375,0.576,0.376,0.578,0.362,0.56,0.35,0.551,4.14,5.04,4.96,5.15,1.58,1.65,1.57,1.55,4.32,-0.31,-0.444,7.842535903,-0.541656379,7.842535903,0.037407407,0.63065251,185.186,175.106,185.052012,63,0,0,0,0,0,-666,-666,-666,11.14638269,-0.094148367,0.475507234,-2.285305326,0.542065094,-2.252067592,2.769693108,-0.44458228,2.607266645,715.6394955,17.63531001,16.4472136,7.341640786,10.58999927,8.447213595,4.341640786,2.059016994,3.177050983,1.197213595,2.091640786,0.710410197,1.38123059,0.43,89046.33324,3.47673297,5.34525976,3.239686694,94.56882909,0,0,0,0,0,93.43738589,0,0,0,0,0,0,0,0,13.70758556,8.580696994,0,0,0,0,0,71.14910333,0,0,0,0,0,8.580696994,0,0,0,13.70758556,71.14910333,0,0,0,0,60.52071746,0,0,19.20908286,0,0,0,0,0,0,13.70758556,76.91660914,0,0,-0.260128496,0,0,-5.007962123,0,0,-0.037407407,0,13,0,0,0,0,0,0,0,0,0,0,1,-666,0,0,0,-666,3.9524,59.646,0,0,0,0,0,0,0,0,0,0,0,0,0,0,0,0,0,0,0,0,0,0,0,0,0,0,12,0,0,0,0,0,0,0,0,0,-666,0,0,0,0,0,0,0,0,0,0,0,0,0,0,0,0,0,-666,0,0,0,0,0,0,0,0,0,0,0,0,0,0,0,0,0,0,0,0,0,0,0,0,0,0,0,0,-666,0,0,100,15,30.973762,0.746607,25,5,2.19,1.823,381.7,19,-0.388931726,-0.324227488,P,6,6,0,2.55,2.55,0,12,5.1,0.841,45.731
480,diphenylphosphoroso,5.515 ,3.820 ,3.925 ,4.866 ,5.767 ,4.837 ,4.173 ,3.920 ,0.484,0.289,0.321,0.329,0.392,0.348,0.258,0.341,0.243,0.359,0.336,0.289,0.38,0.269,0.359,0.274,0.369,0.291,0.383,0.271,0.361,0.277,0.369,0.262,0.353,4,4.73,4.67,4.81,1.67,1.75,1.64,1.64,3.92,-0.187,-0.292,12.7734845,-2.99037037,12.7734845,0.588397581,0.665002093,201.185,191.105,201.0469266,69,0,0,0,0,0,-666,-666,-666,11.17992939,-0.094148367,0.504094494,-2.312014689,0.552865056,-2.293600696,2.784598073,-0.444691934,2.728054561,749.7570941,18.5055535,16.85546189,7.749889077,11.01751963,8.629787781,4.889363344,2.24159118,3.724773541,1.379787781,2.639363344,0.80169729,1.655091869,0.39,132395.3558,4.002179344,5.467232859,2.70206103,99.03462818,0,0,0,0,0,97.89862338,0,0,0,0,0,0,0,0,18.60099716,8.148522889,0,0,0,0,0,71.14910333,0,0,0,0,0,8.148522889,0,4.893411603,0,13.70758556,71.14910333,0,0,0,-666,79.29762622,4.893411603,0,0,0,0,0,0,0,0,13.70758556,76.54277484,0,12.7734845,-1.176795163,0,0,-7.075019736,0,0,-2.99037037,0,14,0,1,0,0,0,0,0,0,0,0,2,-666,0,0,0,-666,3.8336,60.3325,0,0,0,0,0,0,0,0,0,0,0,0,0,0,0,0,0,0,0,0,0,0,0,0,0,0,12,0,0,0,0,0,0,0,0,0,-666,0,0,0,0,0,0,0,0,0,0,0,0,0,0,0,0,0,-666,0,0,0,0,0,0,0,0,0,0,0,0,0,0,0,0,0,0,0,0,0,0,0,0,0,0,0,0,-666,0,0,100,15,30.973762,0.746607,25,5,2.19,1.823,392.5,19.2,-0.404775224,-0.33857696,P,8,6,6,3.44,2.55,2.55,20,8.54,0.629,56.897
481,diphenylsulfanyliumyl,14.569 ,12.116 ,12.228 ,14.620 ,14.978 ,14.776 ,13.159 ,12.862 ,0.41,0.289,0.22,0.197,0.212,0.195,0.158,0.198,0.161,0.219,0.171,0.166,0.22,0.166,0.22,0.168,0.22,0.166,0.22,0.165,0.22,0.168,0.22,0.194,0.252,12.11,13.39,13.27,13.54,9.58,10.1,9.58,9.76,12.21,-0.277,-0.355,7.828647014,-0.550545267,7.828647014,0.185619803,0.686360414,186.279,176.199,186.0503213,64,0,0,0,0,0,-666,-666,-666,11.14813006,-0.094148367,0.472620992,-2.284741606,0.538420013,-2.071812994,2.475052451,-0.451261838,2.607266645,715.6394955,17.63531001,16.40824829,7.224744871,10.58999927,8.40824829,4.224744871,2.010310363,3.030931089,1.15824829,1.974744871,0.681186218,1.293558654,0.35,89046.33324,3.434134098,5.285179264,3.194617233,96.77714881,0,0,0,0,0,95.800461,0,0,0,0,0,0,0,0,13.70758556,11.76188495,0,0,0,0,0,70.33099049,0,0,0,0,0,11.76188495,0,0,0,13.70758556,70.33099049,0,0,0,0,60.52071746,0,0,9.810273028,11.76188495,0,0,0,0,0,13.70758556,76.81315235,0.571481481,-0.371239607,0,0,0,-5.180060889,0,0,0,0,13,0,0,0,0,0,0,0,0,1,0,1,-666,0,0,0,-666,3.7394,60.317,0,0,0,0,0,0,0,0,0,0,0,0,0,0,0,0,0,0,0,0,0,0,0,0,0,0,10,0,0,0,0,0,0,0,0,0,-666,0,0,0,0,0,0,0,0,0,0,0,0,0,0,0,0,0,-666,0,0,0,0,0,0,0,0,0,0,0,0,0,0,0,0,0,0,0,0,1,0,0,0,0,0,0,0,-666,0,1,100,16,32.06,2.07710403,19.4,6,2.58,2.07,378.9,18.9,-0.358531135,-0.246692467,S,6,6,0,2.55,2.55,0,12,5.1,0.494,47.708
482,dodecanoyloxidanyl,7.970 ,5.177 ,5.367 ,6.045 ,8.227 ,5.834 ,5.636 ,5.239 ,0.409,0.319,0.165,0.077,0.176,0.092,0.077,0.078,0.065,0.159,0.127,0.135,0.156,0.231,0.252,0.13,0.15,0.127,0.148,0.237,0.259,0.137,0.158,0.173,0.197,5.73,6.48,6.42,6.56,2.6,2.95,2.58,2.74,5.36,-0.103,-0.122,11.04821567,-4.820943759,11.04821567,2.923608921,0.492026609,199.314,176.13,199.169805,83,0,0,0,0,0,-666,-666,-666,-5.97E-17,-2.388895873,-0.055870179,-2.72035713,-1.99E-16,-2.602189649,-2.36E-16,-2.418753836,7.249582804,878.6477247,31.07735027,29.81649658,6.816496581,15.44337567,14.65824829,3.15824829,1.537457479,1.537457479,0.664562073,0.664562073,0.301031036,0.301031036,-0.08,5323136.861,1.800908329,10.99739938,11.92,120.0236916,0,0,0,0,0,117.9789578,0,0,0,0,0,0,0,0,41.42851137,5.969305288,0,0,0,70.58114113,0,0,0,0,0,0,0,0,5.969305288,9.901064579,0,102.1085879,0,0,0,0,-666,76.55044642,9.901064579,0,0,0,0,0,0,0,0,31.52744679,175.5354766,0,11.04821567,11.04821567,0,-2.923608921,0,-46.29586668,-3.995765644,0,0.916666667,14,0,2,0,0,0,0,0,0,1,0,2,-666,0,0,0,-666,3.8644,57.5375,0,0,0,0,0,0,0,0,0,0,1,1,0,0,0,0,0,0,0,0,0,0,0,0,0,0,0,0,0,0,0,0,0,0,0,0,-666,0,0,0,0,0,0,0,0,0,0,0,0,0,0,0,0,0,-666,0,0,0,0,0,0,0,0,0,0,0,0,0,0,0,0,0,0,0,0,0,0,0,0,0,0,0,0,-666,0,0,60,8,15.999,1.4611135,5.3,6,3.44,0.001308,499.3,15.9,-0.430155431,-0.427665677,O,6,0,0,2.55,0,0,6,2.55,0.499,32.987
483,eosin_y,3.707 ,2.119 ,2.156 ,3.357 ,4.046 ,3.387 ,2.358 ,2.093 ,0.251,0.059,0.187,0.188,0.172,0.191,0.086,0.188,0.072,0.216,0.103,0.067,0.221,0.091,0.227,0.052,0.212,0.065,0.22,0.095,0.229,0.061,0.215,0.043,0.208,2.41,3.48,3.39,3.61,0.01,0.02,0.01,0.01,2.14,-0.013,-0.095,12.75219327,-1.425951384,12.75219327,0.011317069,0.399670335,647.895,639.831,643.7105218,146,0,0,0,0,0,-666,-666,-666,16.12090328,-1.732722208,1.261349679,-2.414543264,1.438818301,-2.327765358,4.839019391,-1.774531196,2.253072119,1466.165755,27.66832573,21.55309934,19.8970855,17.30874329,11.2971704,10.6526669,5.586945078,8.758938156,3.965478151,6.522695254,2.738864653,5.01880358,1.72,101498800.7,15.58942949,9.529260218,4.318446231,210.0413542,0,0,0,0,0,211.1773712,0,0,0,0,0,0,0,0,32.76810504,75.47232583,2.862399314,0,0,0,0,100.074541,0,0,0,0,0,63.71977559,21.97016662,14.32593732,11.22404733,8.224551337,88.85049366,0,2.862399314,0,-666,59.55599129,9.589074368,0,52.27109994,0,0,0,0,0,73.93739197,15.82381361,70.76972876,12.60934784,25.28150694,8.692140629,-1.839127273,-2.739271043,-3.548906365,-0.392086168,0,0,0,29,2,5,0,0,0,0,0,0,5,2,9,-666,0,0,0,-666,5.85178,121.1006,1,1,1,0,0,0,0,0,1,1,2,1,0,0,0,0,0,0,0,0,0,0,0,0,0,0,12,0,0,0,0,0,0,0,0,0,-666,0,0,0,0,1,0,0,4,0,0,0,0,0,0,1,1,0,-666,0,0,0,0,0,0,0,0,0,0,0,0,0,0,0,0,0,0,0,0,0,0,0,0,0,0,0,0,-666,0,-1,60,6,15.999,1.4611135,11.3,6,2.55,2.2,623,23.2,-0.389567157,-0.354905908,C,6,6,6,2.55,2.55,2.55,18,7.65,0.52,79.182
484,eosin_y_anion,4.080 ,2.316 ,2.337 ,3.688 ,4.463 ,3.716 ,2.580 ,2.294 ,0.243,0.064,0.195,0.192,0.18,0.194,0.1,0.192,0.084,0.221,0.104,0.075,0.225,0.098,0.229,0.059,0.218,0.069,0.225,0.102,0.231,0.067,0.22,0.049,0.213,4.44,4.93,4.89,4.98,2.3,2.44,2.35,2.37,4.09,-0.008,-0.081,12.75219327,-1.425951384,12.75219327,0.011317069,0.399670335,647.895,639.831,643.7105218,146,0,0,0,0,0,-666,-666,-666,16.12090328,-1.732722208,1.261349679,-2.414543264,1.438818301,-2.327765358,4.839019391,-1.774531196,2.253072119,1466.165755,27.66832573,21.55309934,19.8970855,17.30874329,11.2971704,10.6526669,5.586945078,8.758938156,3.965478151,6.522695254,2.738864653,5.01880358,1.72,101498800.7,15.58942949,9.529260218,4.318446231,210.0413542,0,0,0,0,0,211.1773712,0,0,0,0,0,0,0,0,32.76810504,75.47232583,2.862399314,0,0,0,0,100.074541,0,0,0,0,0,63.71977559,21.97016662,14.32593732,11.22404733,8.224551337,88.85049366,0,2.862399314,0,-666,59.55599129,9.589074368,0,52.27109994,0,0,0,0,0,73.93739197,15.82381361,70.76972876,12.60934784,25.28150694,8.692140629,-1.839127273,-2.739271043,-3.548906365,-0.392086168,0,0,0,29,2,5,0,0,0,0,0,0,5,2,9,-666,0,0,0,-666,5.85178,121.1006,1,1,1,0,0,0,0,0,1,1,2,1,0,0,0,0,0,0,0,0,0,0,0,0,0,0,12,0,0,0,0,0,0,0,0,0,-666,0,0,0,0,1,0,0,4,0,0,0,0,0,0,1,1,0,-666,0,0,0,0,0,0,0,0,0,0,0,0,0,0,0,0,0,0,0,0,0,0,0,0,0,0,0,0,-666,0,0,70,6,12.011,1.262119,11.3,4,2.55,2.2,619.4,23.2,-0.396484479,-0.357578225,C,6,6,6,2.55,2.55,2.55,18,7.65,0.49,78.321
485,ethenyl,3.160 ,2.545 ,2.687 ,3.177 ,3.280 ,3.221 ,2.717 ,2.616 ,0.758,0.693,0.525,0.55,0.549,0.55,0.458,0.548,0.448,0.559,0.477,0.506,0.564,0.506,0.564,0.495,0.557,0.507,0.564,0.508,0.565,0.496,0.558,0.484,0.551,2.5,2.85,2.82,2.89,1.16,1.15,1.11,1.13,2.69,-0.393,-0.515,6.111111111,-0.578703704,6.111111111,0.578703704,0.364169097,27.046,24.022,27.0234751,11,0,0,0,0,0,-666,-666,-666,0.9253753,-0.092165868,0.030244041,-1.714276099,0.061116554,-1.566955012,0.796034724,-0.374402689,3.143197306,42.85475297,4.28445705,4,1,2.27005561,1.75,0.25,0,0,0,0,0,0,0,9.651484454,0.125,0,0,18.62950161,0,0,0,0,0,17.19830195,0,0,0,0,0,0,0,0,4.112275669,0,0,0,0,0,0,13.08602628,0,0,0,0,0,0,0,0,6.554987323,4.112275669,6.531038962,0,0,0,0,6.531038962,0,0,0,0,0,6.554987323,0,0,0,4.112275669,18.21759259,0,0,0,0,0,0,0,0.949074074,0,0,2,0,0,0,0,0,0,0,0,0,0,0,0,0,0,0,-666,0.60539,9.927,0,0,0,0,0,0,0,0,0,0,0,0,0,0,0,0,0,0,0,0,0,0,0,0,0,0,0,0,0,0,0,0,0,0,0,0,-666,0,0,0,0,0,0,0,0,0,0,0,0,0,0,0,0,0,-666,0,0,0,0,0,0,0,0,0,0,0,0,0,0,0,0,0,0,0,0,0,0,0,0,0,0,0,0,-666,0,0,70,6,12.011,1.262119,11.3,4,2.55,2.2,157.6,11.5,-0.412323974,-0.320206697,C,6,1,0,2.55,2.1,0,7,4.65,1.068,18.391
486,ethoxydimethylsilyl,2.640 ,2.070 ,2.173 ,2.577 ,2.753 ,2.600 ,2.178 ,2.076 ,0.786,0.605,0.538,0.579,0.572,0.599,0.421,0.59,0.406,0.584,0.382,0.483,0.606,0.474,0.606,0.467,0.594,0.484,0.606,0.477,0.608,0.47,0.597,0.485,0.615,2.3,2.81,2.76,2.87,0.9,0.9,0.86,0.87,2.17,-0.318,-0.529,7.075462963,-3.650090021,7.075462963,3.047106481,0.478224472,103.217,92.129,103.0579165,37,0,0,0,0,0,-666,-666,-666,-3.86E-16,-0.248462549,-1.78E-16,-2.48030535,-2.29E-16,-2.506717842,-2.69E-16,-1.053937223,5.173602081,246.1156711,14.28445705,13.90824829,3.90824829,7.08915195,6.65824829,2.566496581,0.53324829,1.395620726,0.153093109,0.459279327,0.051031036,0.153093109,0.176883117,1189.409193,0.632581385,3.370049541,4.176883117,56.5032885,0,0,0,0,0,54.90581665,0,0,0,0,0,0,0,0,19.50434914,9.040257602,0,0,0,19.80222466,6.558985243,0,0,0,0,0,0,0,15.59924285,4.426005026,0,21.93023624,0,12.95033254,0,0,-666,35.40146751,0,0,0,0,0,0,0,0,4.426005026,15.07834412,80.72229938,0,0,0,0,0,0,0,-12.64628344,-3.650090021,1,6,0,1,0,0,0,0,0,0,1,0,2,-666,0,0,0,-666,1.274,29.108,0,0,0,0,0,0,0,0,0,0,0,0,0,0,0,0,0,0,0,0,0,0,0,0,0,0,0,0,0,0,0,0,0,0,0,0,-666,0,0,0,0,0,0,0,0,0,0,0,0,0,0,0,0,0,-666,0,0,0,0,0,0,0,0,0,0,0,0,0,0,0,0,0,0,0,0,0,0,0,0,0,0,0,0,-666,0,0,110,14,28.085,1.3895211,37.3,4,1.9,2.3296,301.5,15.6,-0.389256852,-0.275453747,Si,8,6,6,3.44,2.55,2.55,20,8.54,0.874,49.702
487,ethoxysulfonyl,6.751 ,4.654 ,4.816 ,5.646 ,6.960 ,5.495 ,5.173 ,4.837 ,0.38,0.359,0.223,0.185,0.24,0.211,0.225,0.21,0.223,0.209,0.29,0.242,0.237,0.201,0.218,0.241,0.236,0.246,0.239,0.2,0.218,0.237,0.234,0.254,0.249,5.18,5.89,5.83,5.97,2.4,2.57,2.35,2.43,4.81,-0.211,-0.203,9.749375,-3.166489198,9.749375,3.104097222,0.501936826,109.126,104.086,108.99594,37,0,0,0,0,0,-666,-666,-666,11.12107846,-0.247417839,-2.50E-17,-2.359323292,-8.01E-18,-2.391555356,0.415616871,-1.051949899,4.340652399,163.6006903,9.28445705,7.632993162,3.449489743,4.666502219,3.454124145,1.954124145,0.389519551,0.964434508,0.109708048,0.329124145,0.034020691,0.102062073,0.23,99.86017018,1.628321499,3.421204589,4.23,45.82908658,0,0,0,0,0,44.57072043,0,0,0,0,0,0,0,0,19.79852658,11.36131649,0,0,0,6.851892117,6.558985243,0,0,0,0,0,0,0,10.76788374,20.09715179,0,13.7056849,0,0,0,0,-666,24.77219385,8.761648366,0,0,0,0,0,0,0,4.183085433,6.853792781,55.64597222,-3.166489198,0,0,0,0,0,0,-6.257260802,0,1,6,0,3,0,0,0,0,0,0,2,0,4,-666,0,0,0,-666,0.0321,20.4549,0,0,0,0,0,0,0,0,0,0,0,0,0,0,0,0,0,0,0,0,0,0,0,0,0,0,0,0,0,0,0,0,0,0,0,0,-666,0,0,0,0,0,0,0,0,0,0,0,0,0,0,0,0,0,-666,0,0,0,0,0,0,0,0,0,0,0,0,0,0,0,0,0,0,0,0,0,0,0,0,0,0,0,0,-666,0,0,100,16,32.06,2.07710403,19.4,6,2.58,2.07,253.6,15,-0.457994685,-0.396939949,S,8,8,8,3.44,3.44,3.44,24,10.32,0.429,40.937
488,ethyl,2.794 ,2.231 ,2.342 ,2.809 ,2.904 ,2.850 ,2.389 ,2.297 ,0.881,0.753,0.613,0.639,0.647,0.637,0.489,0.633,0.471,0.659,0.641,0.567,0.662,0.566,0.661,0.549,0.653,0.568,0.662,0.569,0.663,0.552,0.655,0.526,0.644,2.16,2.47,2.45,2.51,0.99,0.99,0.96,0.97,2.34,-0.382,-0.591,6.30787037,-2.5,6.30787037,1.006944444,0.369410418,29.062,24.022,29.03912516,13,0,0,0,0,0,-666,-666,-666,-0.159350048,-0.247333677,-1.145718832,-2.213885393,-1.089441294,-2.097691953,-0.48992587,-0.985773256,3.541196965,51.590719,6.077350269,6,1,2.943375673,2.75,0.25,0,0,0,0,0,0,0,17.08616633,0.055555556,0,0,22.12904564,0,0,0,0,0,20.58152538,0,0,0,0,0,0,0,0,6.853792781,0,0,0,0,6.851892117,0,6.875840478,0,0,0,0,0,0,0,0,6.875840478,13.7056849,0,0,0,0,0,13.7277326,0,0,0,0,0,0,0,0,0,6.853792781,31.42361111,0,0,0,0,0,0,0,-3.506944444,0,0.5,2,0,0,0,0,0,0,0,0,0,0,0,-666,0,0,0,-666,0.84039,11.031,0,0,0,0,0,0,0,0,0,0,0,0,0,0,0,0,0,0,0,0,0,0,0,0,0,0,0,0,0,0,0,0,0,0,0,0,-666,0,0,0,0,0,0,0,0,0,0,0,0,0,0,0,0,0,-666,0,0,0,0,0,0,0,0,0,0,0,0,0,0,0,0,0,0,0,0,0,0,0,0,0,0,0,0,-666,0,0,70,6,12.011,1.262119,11.3,4,2.55,2.2,168.8,11.3,-0.434978257,-0.324301324,C,6,1,1,2.55,2.1,2.1,8,6.75,1.041,18.368
489,ethyloxidanyl,5.289 ,3.477 ,3.636 ,4.003 ,5.467 ,3.872 ,3.722 ,3.471 ,0.74,0.613,0.416,0.344,0.356,0.336,0.305,0.338,0.305,0.373,0.299,0.329,0.356,0.399,0.419,0.334,0.361,0.322,0.349,0.399,0.419,0.34,0.367,0.389,0.417,3.85,4.28,4.24,4.32,2,2.03,1.93,1.96,3.63,-0.349,-0.381,9.895833333,-3.3125,9.895833333,3.034722222,0.376304177,45.061,40.021,45.03403978,19,0,0,0,0,0,-666,-666,-666,-1.70E-15,-0.2474176,-0.157473567,-2.304323952,-0.079970604,-2.338546152,-2.32E-17,-1.059493892,4.020391543,65.40990953,7,6.40824829,1.40824829,3.25,2.954124145,0.454124145,0.102062073,0.102062073,0,0,0,0,-0.04,21.30605883,0.234739067,1.96,1.96,26.9232794,0,0,0,0,0,25.37119754,0,0,0,0,0,0,0,0,11.96032018,0,0,0,0,6.851892117,6.558985243,0,0,0,0,0,0,0,6.558985243,5.106527395,0,13.7056849,0,0,0,0,-666,13.41087736,5.106527395,0,0,0,0,0,0,0,0,6.853792781,30.95138889,0,0,9.895833333,0,0,0,0,-6.347222222,0,1,3,0,1,0,0,0,0,0,0,0,0,1,-666,0,0,0,-666,0.4368,11.2275,0,0,0,0,0,0,0,0,0,0,0,0,0,0,0,0,0,0,0,0,0,0,0,0,0,0,0,0,0,0,0,0,0,0,0,0,-666,0,0,0,0,0,0,0,0,0,0,0,0,0,0,0,0,0,-666,0,0,0,0,0,0,0,0,0,0,0,0,0,0,0,0,0,0,0,0,0,0,0,0,0,0,0,0,-666,0,0,60,8,15.999,1.4611135,5.3,6,3.44,0.001308,186.6,11.7,-0.411257922,-0.400077479,O,6,0,0,2.55,0,0,6,2.55,0.879,24.342
490,ethylperoxy,4.263 ,2.590 ,2.689 ,3.042 ,4.412 ,2.916 ,2.850 ,2.631 ,0.606,0.577,0.413,0.365,0.388,0.37,0.356,0.371,0.355,0.4,0.385,0.388,0.404,0.441,0.457,0.386,0.401,0.383,0.398,0.442,0.458,0.392,0.408,0.418,0.435,2.94,3.28,3.25,3.31,1.47,1.54,1.42,1.45,2.69,-0.37,-0.386,9.363263889,-3.076388889,9.363263889,2.822916667,0.317824187,61.06,56.02,61.0289544,25,0,0,0,0,0,-666,-666,-666,6.46E-17,-0.247417664,-1.39E-17,-2.338511972,-6.94E-18,-2.374719798,-1.11E-17,-1.065866579,4.144726367,95.62134221,7.707106781,6.816496581,1.816496581,3.810660172,3.120790812,0.620790812,0.185395406,0.185395406,0.041666667,0.041666667,0,0,-0.08,49.09358393,0.532845628,2.92,1.92,31.96611994,0,0,0,0,0,30.40947649,0,0,0,0,0,0,0,0,16.99859913,0,0,0,0,6.851892117,6.558985243,0,0,0,0,0,0,0,6.558985243,10.14480635,0,13.7056849,0,0,0,0,-666,13.41087736,5.257235394,0,0,0,0,0,0,0,4.887570953,6.853792781,31.89541667,0,2.822916667,9.363263889,0,0,0,0,-6.081597222,0,1,4,0,2,0,0,0,0,0,0,1,0,2,-666,0,0,0,-666,0.3684,12.3125,0,0,0,0,0,0,0,0,0,0,0,0,0,0,0,0,0,0,0,0,0,0,0,0,0,0,0,0,0,0,0,0,0,0,0,0,-666,0,0,0,0,0,0,0,0,0,0,0,0,0,0,0,0,0,-666,0,0,0,0,0,0,0,0,0,0,0,0,0,0,0,0,0,0,0,0,0,0,0,0,0,0,0,0,-666,0,0,60,8,15.999,1.4611135,5.3,6,3.44,0.001308,206.4,12.1,-0.436077799,-0.398456912,O,8,0,0,3.44,0,0,8,3.44,0.676,22.065
491,ethylsulfanyl,4.836 ,4.087 ,4.173 ,4.854 ,4.963 ,4.901 ,4.339 ,4.219 ,0.873,0.771,0.748,0.696,0.73,0.696,0.615,0.693,0.611,0.745,0.66,0.642,0.741,0.642,0.741,0.643,0.743,0.642,0.741,0.642,0.741,0.643,0.742,0.693,0.793,4.57,5.26,5.2,5.34,2.06,2.11,2.03,2.07,4.17,-0.62,-0.715,6.502314815,-2.664351852,6.502314815,2.479166667,0.394585887,61.129,56.089,61.01119616,19,0,0,0,0,0,-666,-666,-666,-1.05E-17,-0.24737559,-0.063581986,-2.324592999,-1.12E-16,-2.294579036,-2.63E-17,-1.019780799,4.020391543,65.40990953,7,6.40824829,2.224744871,3.25,2.954124145,0.862372436,0.102062073,0.306186218,0,0,0,0,0.35,21.30605883,0.342456847,2.35,2.35,33.28411231,0,0,0,0,0,32.03943093,0,0,0,0,0,0,0,0,6.853792781,12.62878915,0,0,0,6.851892117,5.704956885,0,0,0,0,0,0,12.62878915,5.704956885,0,0,13.7056849,0,0,0,0,0,12.556849,0,0,0,0,0,0,0,0,12.62878915,6.853792781,32.31712963,3.993055556,0,0,-2.479166667,0,0,0,-2.664351852,0,1,3,0,0,0,0,0,0,0,0,0,0,1,-666,0,0,0,-666,1.2038,18.132,0,0,0,0,0,0,0,0,0,0,0,0,0,0,0,0,0,0,0,0,0,0,0,0,0,0,0,0,0,0,0,0,0,0,0,0,-666,0,0,0,0,0,0,0,0,0,0,0,0,0,0,0,0,0,-666,0,0,0,0,0,0,0,0,0,0,0,0,0,0,0,0,0,0,0,0,0,0,0,0,0,0,0,0,-666,0,0,100,16,32.06,2.07710403,19.4,6,2.58,2.07,204.5,13.9,-0.379325418,-0.378804302,S,6,0,0,2.55,0,0,6,2.55,0.971,21.51
492,ethynyl,6.963 ,6.170 ,6.034 ,6.987 ,7.131 ,7.049 ,6.297 ,6.134 ,0.778,0.58,0.59,1.22,0.643,0.641,0.596,1.204,0.995,0.637,0.382,0.815,0.645,0.814,0.644,0.805,0.635,0.815,0.645,0.816,0.646,0.807,0.637,0.796,0.625,5.76,6.2,6.17,6.25,3.27,3.19,3.16,3.24,6.03,-0.561,-0.592,5.625,1.25,5.625,1.25,0.331495819,25.03,24.022,25.00782503,9,0,0,0,0,0,-666,-666,-666,11.47549573,-0.081874416,-0.014914846,-1.210370078,0.060296723,-1.143437794,2.975696371,-0.246505563,2.475534206,24.26466251,2.707106781,2,1,1.414213562,0.75,0.25,0,0,0,0,0,0,0,2.754887502,0.5,0,0,15.50838903,0,0,0,0,0,14.19350999,0,0,0,0,0,0,0,0,1.370758556,0,0,0,0,0,0,6.423349896,0,6.399401535,0,0,0,0,0,0,12.82275143,1.370758556,0,0,0,0,0,0,0,0,0,0,0,6.399401535,0,0,0,7.794108452,5.625,0,0,0,0,0,0,6.875,0,0,0,2,0,0,0,0,0,0,0,0,0,0,0,0,0,0,0,-666,0.20599,8.188,0,0,0,0,0,0,0,0,0,0,0,0,0,0,0,0,0,0,0,0,0,0,0,0,0,0,0,0,0,0,0,0,0,0,0,0,-666,0,0,0,0,0,0,0,0,0,0,0,0,0,0,0,0,0,0,0,0,0,0,0,0,0,0,0,0,0,0,0,0,0,0,0,0,0,0,0,0,0,1,0,0,0,0,0,0,0,70,6,12.011,1.262119,11.3,4,2.55,2.2,147.8,12,-0.439299877,-0.399948543,C,6,0,0,2.55,0,0,6,2.55,0.984,18.401
493,fluoranyl,6.898 ,6.282 ,6.537 ,6.912 ,6.999 ,6.950 ,6.473 ,6.364 ,1,1,1,1,1,1,1,1,1,1,1,1,1,1,1,1,1,1,1,1,1,1,1,1,1,6.31,6.71,6.68,6.75,3.98,3.88,3.85,3.9,6.54,-1,-1,0,0,0,0,0.356650048,18.998,18.998,18.99840322,7,0,0,0,0,0,-666,-666,-666,18.998,18.998,0,0,0.4202,0.4202,1.108,1.108,0,0,0,0.377964473,0.377964473,0,0,0,0,0,0,0,0,0,-0.07,0,0.93,-16.35571429,-61.21285714,6.097140724,0,0,0,0,0,0,0,0,0,0,0,0,4.704396382,0,4.704396382,0,0,0,0,0,0,0,0,0,0,4.704396382,0,0,0,0,0,0,0,0,0,0,0,0,0,0,4.704396382,0,0,0,0,0,0,0,0,0,0,0,0,0,0,0,0,0,0,1,0,0,0,0,0,0,0,0,0,0,1,0,0,0,0,-666,0.4202,1.108,0,0,0,0,0,0,0,0,0,0,0,0,0,0,0,0,0,0,0,0,0,0,0,0,0,0,0,0,0,0,0,0,0,0,0,0,0,0,0,0,0,0,0,0,1,0,0,0,0,0,0,0,0,0,0,0,0,0,0,0,0,0,0,0,0,0,0,0,0,0,0,0,0,0,0,0,0,0,0,0,0,0,0,0,0,0,50,9,18.99840316,3.4011897,3.74,7,3.98,0.001553,103.5,6.2,-0.578676277,-0.578676277,F,0,0,0,0,0,0,0,0,1,0
494,fluoromethyl,2.273 ,1.832 ,1.941 ,2.284 ,2.349 ,2.312 ,1.985 ,1.918 ,0.874,0.762,0.63,0.654,0.689,0.66,0.525,0.657,0.506,0.672,0.709,0.58,0.679,0.58,0.679,0.565,0.671,0.581,0.68,0.583,0.68,0.568,0.673,0.54,0.658,1.85,2.09,2.07,2.12,0.91,0.91,0.86,0.88,1.94,-0.422,-0.614,10.25,-1.583333333,10.25,1.583333333,0.369859015,33.025,31.009,33.01405328,13,0,0,0,0,0,-666,-666,-666,1.29E-19,-0.162975076,-0.16484528,-1.720738115,-2.17E-19,-1.630383955,1.76E-19,-0.608989251,2.323790008,10.7548875,3.577350269,2.877964473,0.877964473,1.732050808,1.188982237,0.188982237,0,0,0,0,0,0,-0.07,3.245112498,0.194441053,0.93,-16.35571429,15.71472743,0,0,0,0,0,14.26154199,0,0,0,0,0,0,0,0,7.13193216,0,0,0,0,0,0,7.129609827,0,0,0,4.390415048,0,0,0,0,7.129609827,2.741517112,0,0,0,0,0,7.129609827,4.390415048,0,0,0,0,0,0,0,0,2.741517112,21.25,0,0,0,0,0,0,0,0,-1.583333333,0,2,0,0,0,0,0,0,0,0,0,0,1,0,0,0,0,-666,0.74749,6.465,0,0,0,0,0,0,0,0,0,0,0,0,0,0,0,0,0,0,0,0,0,0,0,0,0,0,0,0,0,0,0,0,0,0,0,0,-666,0,0,0,0,0,0,0,1,0,0,0,0,0,0,0,0,0,-666,0,0,0,0,0,0,0,0,0,0,0,0,0,0,0,0,0,0,0,0,0,0,0,0,0,0,0,0,-666,0,0,70,6,12.011,1.262119,11.3,4,2.55,2.2,145.6,9.9,-0.472509909,-0.346396334,C,9,1,1,3.98,2.1,2.1,11,8.18,1.025,11.88
495,formyl,2.790 ,2.057 ,2.180 ,2.505 ,2.893 ,2.479 ,2.215 ,2.093 ,0.588,0.587,0.431,0.48,0.532,0.478,0.472,0.481,0.469,0.484,0.533,0.482,0.493,0.436,0.453,0.47,0.485,0.483,0.497,0.436,0.453,0.471,0.483,0.438,0.452,2.17,2.45,2.43,2.48,1.06,1.05,1.01,1.03,2.18,-0.41,-0.429,8.347222222,0.75,8.347222222,0.75,0.334315713,29.018,28.01,29.00273965,11,0,0,0,0,0,-666,-666,-666,11.97040429,-0.081899093,-0.192281746,-1.200785146,-0.080223367,-1.389856033,0.603642832,-0.213061604,2.187496097,12.26466251,2.707106781,1.90824829,0.90824829,1.414213562,0.704124145,0.204124145,0,0,0,0,0,0,-0.04,2.754887502,0.470204082,0.96,-27.04,14.30574363,0,0,0,0,0,12.93042348,0,0,0,0,0,0,0,0,6.16529574,6.765127739,0,0,0,0,0,0,0,0,0,0,0,0,6.765127739,4.794537184,0,1.370758556,0,0,0,0,-666,0,0,0,0,0,6.765127739,0,0,0,0,6.16529574,5.402777778,0,8.347222222,0,0,0,0,0,0.75,0,0,2,0,1,0,0,0,0,0,0,1,0,1,0,0,0,0,-666,-0.2741,6.7505,0,0,0,0,0,0,0,0,0,0,0,1,0,0,0,0,0,0,0,0,0,0,0,0,0,0,0,0,0,0,0,0,0,0,0,0,-666,0,0,0,0,0,0,0,0,0,0,0,0,0,0,0,0,0,0,0,0,0,0,0,0,0,0,0,0,0,0,0,0,0,0,0,0,0,0,0,0,0,0,0,0,0,0,0,0,0,70,6,12.011,1.262119,11.3,4,2.55,2.2,141,10.3,-0.518224032,-0.336230172,C,8,1,0,3.44,2.1,0,9,5.54,0.596,13.124
496,formyloxidanyl,8.193 ,5.313 ,5.424 ,6.286 ,8.437 ,6.078 ,5.908 ,5.526 ,0.44,0.359,0.435,0.431,0.414,0.432,0.374,0.431,0.372,0.432,0.367,0.381,0.43,0.413,0.45,0.38,0.43,0.379,0.429,0.414,0.451,0.382,0.431,0.395,0.44,5.78,6.37,6.32,6.43,3.06,3.3,3.02,3.1,5.42,-0.376,-0.434,8.555555556,-1.833333333,8.555555556,1.833333333,0.340436993,45.017,44.009,44.99765427,17,0,0,0,0,0,-666,-666,-666,15.9980569,-0.082315455,-0.098203403,-1.508825286,-0.051657434,-1.762550749,0.54694987,-0.340573588,2.803039488,29.01955001,3.577350269,2.316496581,1.316496581,1.732050808,0.90824829,0.40824829,0.083333333,0.083333333,0,0,0,0,-0.08,3.245112498,1.262465753,1.92,1.92,19.09997738,0,0,0,0,0,17.72009564,0,0,0,0,0,0,0,0,11.27182314,6.448272504,0,0,0,0,0,0,0,0,0,0,0,0,6.448272504,9.901064579,0,1.370758556,0,0,0,0,-666,6.448272504,0,0,0,0,0,0,0,0,0,11.27182314,5.388888889,0,8.555555556,8.555555556,0,0,0,-1.833333333,0,0,0,3,0,2,0,0,0,0,0,0,1,0,2,-666,0,0,0,-666,-0.4267,6.7505,0,0,0,0,0,0,0,0,0,0,1,1,0,0,0,0,0,0,0,0,0,0,0,0,0,0,0,0,0,0,0,0,0,0,0,0,-666,0,0,0,0,0,0,0,0,0,0,0,0,0,0,0,0,0,-666,0,0,0,0,0,0,0,0,0,0,0,0,0,0,0,0,0,0,0,0,0,0,0,0,0,0,0,0,-666,0,0,60,8,15.999,1.4611135,5.3,6,3.44,0.001308,158.5,11.3,-0.491841768,-0.48830502,O,6,0,0,2.55,0,0,6,2.55,0.553,22.79
497,furan-2-yl,4.620 ,3.808 ,3.993 ,4.501 ,4.760 ,4.504 ,3.992 ,3.828 ,0.691,0.582,0.424,0.46,0.477,0.466,0.381,0.461,0.379,0.471,0.29,0.382,0.479,0.379,0.483,0.369,0.466,0.38,0.476,0.381,0.485,0.375,0.471,0.36,0.46,3.8,4.25,4.22,4.3,1.9,1.9,1.84,1.88,3.99,-0.328,-0.413,6.824074074,-0.296296296,6.824074074,0.157407407,0.44219749,67.067,64.043,67.01838972,25,0,0,0,0,0,-666,-666,-666,11.34105672,-0.091867701,0.407940991,-1.914934549,0.458765339,-1.760206794,2.339657755,-0.420959897,2.883624838,164.6124613,6.14626437,5.40824829,2.40824829,3.715214055,2.65824829,1.15824829,0.556186218,0.556186218,0.266624145,0.266624145,0.127577591,0.127577591,-0.04,75.4050522,1.227569001,1.410312175,0.618363684,34.77749688,0,0,0,0,0,33.45349465,0,0,0,0,0,0,0,0,8.849138622,0,0,0,0,0,0,24.60435603,0,0,0,0,0,0,0,4.736862954,6.262080448,4.112275669,18.34227558,0,0,0,-666,0,0,0,18.34227558,0,0,0,0,0,10.9989434,4.112275669,24.60416667,0,0,0,0,0,-0.361111111,1.756944444,0,0,0,5,0,1,0,0,0,0,0,0,1,0,1,-666,0,0,0,-666,0.84719,18.038,0,0,0,0,0,0,0,0,0,0,0,0,0,0,0,0,0,0,0,0,0,0,0,0,0,0,2,0,0,0,0,0,0,0,0,0,-666,0,0,0,0,1,0,0,0,0,0,0,0,0,0,0,0,0,-666,0,0,0,0,0,0,0,0,0,0,0,0,0,0,0,0,0,0,0,0,0,0,0,0,0,0,0,0,-666,0,0,70,6,12.011,1.262119,11.3,4,2.55,2.2,202.3,14.2,-0.398926207,-0.368944082,C,6,8,0,2.55,3.44,0,14,5.99,1.003,37.167
498,furan-3-yl,4.412 ,3.632 ,3.800 ,4.362 ,4.551 ,4.397 ,3.830 ,3.692 ,0.759,0.544,0.516,0.554,0.571,0.569,0.445,0.564,0.439,0.568,0.309,0.433,0.588,0.423,0.579,0.419,0.577,0.438,0.59,0.426,0.581,0.419,0.577,0.391,0.555,3.57,4.01,3.98,4.06,1.77,1.77,1.71,1.74,3.8,-0.356,-0.502,6.783564815,-0.296296296,6.783564815,0.157407407,0.44219749,67.067,64.043,67.01838972,25,0,0,0,0,0,-666,-666,-666,11.37072922,-0.088164837,0.009072414,-1.958638343,0.059313511,-1.719376355,2.182017562,-0.436650773,2.792345253,170.1222363,6.14626437,5.40824829,2.40824829,3.698377303,2.65824829,1.15824829,0.556186218,0.556186218,0.266624145,0.266624145,0.127577591,0.127577591,-0.04,66.63043175,1.227569001,1.410312175,0.618363684,34.77749688,0,0,0,0,0,33.45349465,0,0,0,0,0,0,0,0,8.849138622,0,0,0,0,0,0,24.60435603,0,0,0,0,0,0,0,4.736862954,6.076020107,4.112275669,18.52833592,0,0,0,-666,0,0,0,18.52833592,0,0,0,0,0,10.81288306,4.112275669,24.51736111,0,0,0,0,0,-0.157407407,1.640046296,0,0,0,5,0,1,0,0,0,0,0,0,1,0,1,-666,0,0,0,-666,0.84719,18.038,0,0,0,0,0,0,0,0,0,0,0,0,0,0,0,0,0,0,0,0,0,0,0,0,0,0,2,0,0,0,0,0,0,0,0,0,-666,0,0,0,0,1,0,0,0,0,0,0,0,0,0,0,0,0,-666,0,0,0,0,0,0,0,0,0,0,0,0,0,0,0,0,0,0,0,0,0,0,0,0,0,0,0,0,-666,0,0,70,6,12.011,1.262119,11.3,4,2.55,2.2,202.6,14.1,-0.400279472,-0.358151666,C,6,6,0,2.55,2.55,0,12,5.1,1.025,38.689
499,guanosine_radical,9.919 ,6.943 ,7.067 ,9.199 ,10.396 ,9.207 ,7.753 ,7.311 ,0.036,0.057,0.138,0.099,0.096,0.098,0.072,0.099,0.071,0.101,0.071,0.068,0.096,0.094,0.11,0.074,0.101,0.066,0.092,0.093,0.109,0.075,0.102,0.09,0.117,7.08,8.38,8.27,8.53,2.99,3.22,2.96,3.01,7.05,-0.06,-0.064,12.18177663,-3.759801942,12.18177663,0.123590325,0.455777726,282.236,270.14,282.0838435,107,0,0,0,0,0,-666,-666,-666,12.72744124,-0.166429837,0.423911799,-2.527887625,0.394849738,-2.720758512,1.597442635,-1.031394171,2.287272379,947.5409862,24.49119935,21.27730943,9.27730943,14.60331992,10.57998491,4.960812849,3.544835698,3.544835698,2.396658702,2.396658702,1.558752146,1.558752146,-0.4,6238045.087,6.00625,5.421295495,2.233351139,129.6504037,0,0,0,0,0,128.1939694,0,0,0,0,0,0,0,0,37.27681876,18.1813213,4.293598972,10.21669833,15.70452644,24.44400689,6.558985243,11.51801341,0,0,11.03650558,0,0,0,73.70424671,9.531400138,0,9.595309893,21.50282287,2.823684157,0,0,-666,60.70232684,4.794537184,0,10.61962671,0,0,0,0,0,30.62802264,21.44945598,97.56312708,0,19.38832125,15.17215954,-0.959182377,-2.965629435,0,-15.92597931,-3.689483418,0,0.5,20,5,10,0,0,0,0,0,0,-666,4,10,-666,0,0,0,-666,-3.6023,63.8808,0,3,0,0,0,0,0,0,0,0,1,1,0,0,2,4,0,1,0,0,-666,0,0,0,0,0,0,1,1,0,0,0,0,0,0,0,-666,0,0,0,0,1,0,1,0,0,0,0,0,0,0,0,0,0,-666,0,0,0,0,0,0,0,0,0,0,0,0,0,0,0,0,0,0,0,0,0,0,0,0,0,0,0,0,-666,0,0,60,8,15.999,1.4611135,5.3,6,3.44,0.001308,444.2,18.3,-0.395395507,-0.39523403,O,6,6,0,2.55,2.55,0,6,2.55,0.002,31.553
500,hex-5-en-1-yl,2.311 ,1.832 ,1.909 ,2.324 ,2.403 ,2.358 ,1.978 ,1.904 ,0.861,0.761,0.597,0.636,0.672,0.645,0.51,0.632,0.477,0.69,0.824,0.637,0.697,0.636,0.696,0.612,0.685,0.638,0.697,0.641,0.698,0.617,0.687,0.575,0.667,1.79,2.04,2.02,2.06,0.88,0.88,0.84,0.84,1.91,-0.308,-0.491,7.320833333,-3.413425926,7.320833333,1.285938681,0.362126976,83.154,72.066,83.08607535,35,0,0,0,0,0,-666,-666,-666,-0.080133463,-0.18901711,-0.692756247,-2.555667622,-0.636884867,-2.410477217,-0.243757164,-1.034147123,5.696800702,309.9233455,14.23205081,14,3,7.297434948,6.75,1.25,0.5,0.5,0.1875,0.1875,0.0625,0.0625,0,1851.160634,0.5859375,5,4,55.32903407,0,0,0,0,0,53.65607001,0,0,0,0,0,0,0,0,15.07834412,0,0,0,0,19.1187747,0,19.45895119,0,0,0,0,0,0,0,0,6.875840478,34.19711882,12.58311071,0,0,0,0,38.57772589,0,0,0,0,0,0,0,0,0,15.07834412,77.82037273,0,0,0,0,0,-1.340162037,-9.968055556,-2.76215514,0,0.5,6,0,0,0,0,0,0,0,0,0,0,0,-666,0,0,0,-666,2.17679,29.405,0,0,0,0,0,0,0,0,0,0,0,0,0,0,0,0,0,0,0,0,0,0,0,0,0,0,1,0,0,0,0,0,0,0,0,0,-666,0,0,0,0,0,0,0,0,0,0,0,0,0,0,0,0,0,-666,0,0,0,0,0,0,0,0,0,0,0,0,0,0,0,0,0,0,0,0,0,0,0,0,0,0,0,0,-666,0,0,70,6,12.011,1.262119,11.3,4,2.55,2.2,282,14.7,-0.396323377,-0.305759366,C,6,1,1,2.55,2.1,2.1,8,6.75,1.077,27.067
501,hexan-2-yl,1.829 ,1.406 ,1.470 ,1.840 ,1.903 ,1.867 ,1.561 ,1.502 ,0.745,0.635,0.579,0.594,0.576,0.589,0.417,0.585,0.394,0.622,0.658,0.535,0.62,0.534,0.62,0.514,0.613,0.536,0.621,0.538,0.622,0.518,0.615,0.48,0.603,1.4,1.6,1.58,1.62,0.67,0.69,0.64,0.64,1.47,-0.295,-0.548,7.363541667,-3.725462963,7.363541667,1.682291667,0.461490379,85.17,72.066,85.10172542,37,0,0,0,0,0,-666,-666,-666,-0.080124406,-0.248577972,-0.677881156,-2.617042272,-0.642067275,-2.471695479,-0.258624151,-1.129259827,5.780145156,319.0055933,16.07735027,16,3,7.904700538,7.75,1.25,0.5,0.5,0.1875,0.1875,0.0625,0.0625,0,3074.6745,0.462962963,5,4,58.8285781,0,0,0,0,0,57.03929343,0,0,0,0,0,0,0,0,17.81986123,0,0,0,0,32.82255894,0,6.396873262,0,0,0,0,0,0,0,0,6.396873262,50.64242017,0,0,0,0,0,39.2194322,0,0,0,0,0,0,0,0,0,17.81986123,92.39610497,0,0,0,0,0,0,-12.6744213,-6.805017007,0,0.833333333,6,0,0,0,0,0,0,0,0,0,0,0,-666,0,0,0,-666,2.40079,29.499,0,0,0,0,0,0,0,0,0,0,0,0,0,0,0,0,0,0,0,0,0,0,0,0,0,0,0,0,0,0,0,0,0,0,0,0,-666,0,0,0,0,0,0,0,0,0,0,0,0,0,0,0,0,0,-666,0,0,0,0,0,0,0,0,0,0,0,0,0,0,0,0,0,0,0,0,0,0,0,0,0,0,0,0,-666,0,0,70,6,12.011,1.262119,11.3,4,2.55,2.2,294.6,14.2,-0.418152565,-0.286908022,C,6,6,1,2.55,2.55,2.1,13,7.2,1.016,39.364
502,hexan-2-yloxidanyl,5.407 ,3.512 ,3.672 ,4.075 ,5.603 ,3.949 ,3.779 ,3.533 ,0.732,0.576,0.304,0.255,0.297,0.255,0.23,0.251,0.224,0.304,0.228,0.265,0.292,0.332,0.351,0.266,0.292,0.259,0.286,0.333,0.352,0.272,0.299,0.309,0.335,3.88,4.33,4.29,4.38,2,2.07,1.94,1.98,3.67,-0.226,-0.249,11.70515731,-4.289583333,11.70515731,3.658064059,0.517825829,101.169,88.065,101.09664,43,0,0,0,0,0,-666,-666,-666,-5.63E-16,-0.248581391,-0.115128418,-2.637117676,-0.060070546,-2.570295316,-1.62E-16,-1.142529007,6.082753304,324.0381207,17,16.40824829,3.40824829,8.25,7.954124145,1.454124145,0.704124145,0.704124145,0.238531036,0.238531036,0.088015518,0.088015518,-0.04,4286.179841,0.687741281,4.127785235,5.96,63.62281185,0,0,0,0,0,61.82896559,0,0,0,0,0,0,0,0,22.92638863,0,0,0,0,38.90257697,0,0,0,0,0,0,0,0,6.080018027,5.106527395,0,50.64242017,0,0,0,0,-666,38.90257697,5.106527395,0,0,0,0,0,0,0,0,17.81986123,91.61110969,0,0,11.70515731,0,0,0,-16.33347222,-7.482794785,0,1,7,0,1,0,0,0,0,0,0,0,0,1,-666,0,0,0,-666,1.9956,29.6735,0,0,0,0,0,0,0,0,0,0,0,0,0,0,0,0,0,0,0,0,0,0,0,0,0,0,0,0,0,0,0,0,0,0,0,0,-666,0,0,0,0,0,0,0,0,0,0,0,0,0,0,0,0,0,-666,0,0,0,0,0,0,0,0,0,0,0,0,0,0,0,0,0,0,0,0,0,0,0,0,0,0,0,0,-666,0,0,60,8,15.999,1.4611135,5.3,6,3.44,0.001308,305.3,14.4,-0.400097338,-0.391327165,O,6,0,0,2.55,0,0,6,2.55,0.874,34.508
503,hexylsulfanyl,4.824 ,4.068 ,4.146 ,4.842 ,4.951 ,4.889 ,4.326 ,4.207 ,0.874,0.767,0.731,0.673,0.732,0.687,0.605,0.67,0.589,0.747,0.667,0.636,0.743,0.636,0.743,0.636,0.744,0.636,0.743,0.636,0.743,0.636,0.744,0.686,0.794,4.54,5.23,5.18,5.31,2.04,2.12,2.02,2.08,4.14,-0.506,-0.575,7.442916667,-3.860208333,7.442916667,3.26917517,0.496596708,117.237,104.133,117.0737964,43,0,0,0,0,0,-666,-666,-666,-1.41E-16,-0.2476432,-0.063374002,-2.65298817,-1.51E-16,-2.528231531,-5.73E-16,-1.144407151,6.082753304,324.0381207,17,16.40824829,4.224744871,8.25,7.954124145,1.862372436,0.602062073,0.806186218,0.238531036,0.340593109,0.088015518,0.139046554,0.35,4286.179841,0.791539972,6.35,6.35,69.98364477,0,0,0,0,0,68.49719899,0,0,0,0,0,0,0,0,17.81986123,12.62878915,0,0,0,32.34359172,5.704956885,0,0,0,0,0,0,12.62878915,5.704956885,0,0,50.16345295,0,0,0,0,0,38.04854861,0,0,0,0,0,0,0,0,12.62878915,17.81986123,93.95265353,4.14288407,0,0,-3.26917517,0,0,-15.08439815,-3.575297619,0,1,7,0,0,0,0,0,0,0,0,0,0,1,-666,0,0,0,-666,2.7642,36.6,0,0,0,0,0,0,0,0,0,0,0,0,0,0,0,0,0,0,0,0,0,0,0,0,0,0,0,0,0,0,0,0,0,0,0,0,-666,0,0,0,0,0,0,0,0,0,0,0,0,0,0,0,0,0,-666,0,0,0,0,0,0,0,0,0,0,0,0,0,0,0,0,0,0,0,0,0,0,0,0,0,0,0,0,-666,0,0,100,16,32.06,2.07710403,19.4,6,2.58,2.07,327.8,15.4,-0.377932615,-0.377477357,S,6,0,0,2.55,0,0,6,2.55,0.971,21.494
504,hydrazinyl,1.599 ,1.214 ,1.275 ,1.607 ,1.655 ,1.628 ,1.386 ,1.337 ,0.627,0.616,0.47,0.478,0.459,0.471,0.431,0.474,0.428,0.481,0.461,0.449,0.482,0.449,0.482,0.444,0.479,0.45,0.482,0.45,0.482,0.445,0.48,0.448,0.485,1.26,1.45,1.43,1.47,0.57,0.59,0.54,0.55,1.28,-0.404,-0.465,5.972222222,-0.083333333,5.972222222,0.083333333,0.273657773,31.038,28.014,31.0296231,13,0,0,0,0,0,-666,-666,-666,-0.069405929,-0.141025858,-0.833072805,-2.00606688,-0.994265785,-2.463293524,-0.353154352,-0.804875157,2.539538861,18.85475297,4.28445705,3.894427191,0.894427191,2.27005561,1.541640786,0.2,0,0,0,0,0,0,-0.08,9.651484454,0.105755935,0.92,-14.58,17.41330772,0,0,0,0,0,15.89994102,0,0,0,0,0,0,0,0,4.235526235,0,0,5.83569502,5.828719769,0,0,0,0,0,11.66441479,0,0,0,0,0,0,0,0,4.235526235,0,0,-666,0,0,0,5.828719769,0,0,0,0,0,5.83569502,4.235526235,17.77777778,0,0,0,0,2.222222222,0,0,0,0,0,2,3,2,0,0,0,0,0,0,1,1,2,-666,0,0,0,-666,-0.857,7.2841,0,0,0,0,0,0,0,0,0,0,0,0,0,0,0,0,1,1,0,0,-666,0,0,0,0,0,0,0,0,0,0,0,0,0,0,0,-666,0,0,0,0,0,0,0,0,0,0,0,0,0,0,0,0,0,0,0,0,0,0,0,0,0,0,0,0,0,0,0,0,0,0,0,0,0,0,0,0,0,0,0,0,0,0,-666,0,0,65,7,14.007,-1.4,7.4,5,3.04,0.001145,149.2,10.6,-0.383754383,-0.30864379,N,7,1,0,3.04,2.1,0,8,5.14,0.744,13.933
505,hydrogen,4.570 ,3.764 ,4.160 ,4.599 ,4.780 ,4.677 ,3.829 ,3.668 ,1,1,1,1,1,1,1,1,1,1,1,1,1,1,1,1,1,1,1,1,1,1,1,1,1,3.78,4.32,4.28,4.38,1.79,1.69,1.69,1.76,4.16,-1,-1,0,0,0,0,0.342642558,1.008,0,1.007825032,1,0,0,0,0,0,-666,-666,-666,1.008,1.008,0,0,0.1125,0.1125,1.112,1.112,0,0,0,1,0,0,0,0,0,0,0,0,0,0,0,0,0,0,0,2.853276129,0,0,0,0,0,0,0,0,0,0,0,0,1.426638065,0,1.426638065,0,0,0,0,0,0,0,0,0,0,0,0,0,0,0,0,1.426638065,0,0,0,0,0,0,0,0,1.426638065,0,0,0,0,0,0,0,0,0,0,0,0,0,0,0,0,0,0,0,0,0,0,0,0,0,0,0,0,0,0,0,0,0,0,-666,0.1125,1.112,0,0,0,0,0,0,0,0,0,0,0,0,0,0,0,0,0,0,0,0,0,0,0,0,0,0,0,0,0,0,0,0,0,0,0,0,0,0,0,0,0,0,0,0,0,0,0,0,0,0,0,0,0,0,0,0,0,0,0,0,0,0,0,0,0,0,0,0,0,0,0,0,0,0,0,0,0,0,0,0,0,0,0,0,0,0,25,1,1.008,0.754195,4.50711,1,2.2,8.20E-05,78.5,6.1,-0.393482764,-0.393482764,H,0,0,0,0,0,0,0,0,1,0
506,hydroperoxyl,4.258 ,2.680 ,2.786 ,3.115 ,4.391 ,3.010 ,2.943 ,2.753 ,0.679,0.662,0.516,0.515,0.506,0.508,0.495,0.514,0.499,0.517,0.495,0.501,0.515,0.514,0.527,0.5,0.515,0.5,0.515,0.514,0.527,0.501,0.515,0.507,0.522,3.03,3.34,3.31,3.37,1.61,1.67,1.55,1.58,2.79,-0.498,-0.514,8.097222222,2.25,8.097222222,2.25,0.293922525,33.006,31.998,32.99765427,13,0,0,0,0,0,-666,-666,-666,15.03164577,-0.061499175,-0.020310671,-1.536414933,-0.060310695,-1.593613322,0.369298742,-0.905729999,1.632993162,2.754887502,2.707106781,1.816496581,0.816496581,1.414213562,0.574914957,0.166666667,0,0,0,0,0,0,-0.08,2.754887502,0.440833333,0.92,-14.58,13.38371249,0,0,0,0,0,11.94795124,0,0,0,0,0,0,0,0,10.51675158,0,1.431199657,0,0,0,0,0,0,0,0,0,0,0,5.259516191,5.257235394,0,0,0,0,1.431199657,0,-666,0,0,0,0,0,0,0,0,0,5.259516191,6.688435052,5.152777778,0,0,10.34722222,0,0,0,0,0,0,0,2,1,2,0,0,0,0,0,0,1,1,2,0,0,0,0,-666,-0.1101,3.3153,0,0,0,0,0,0,0,0,0,0,0,0,0,0,0,0,0,0,0,0,0,0,0,0,0,0,0,0,0,0,0,0,0,0,0,0,-666,0,0,0,0,0,0,0,0,0,0,0,0,0,0,0,0,0,0,0,0,0,0,0,0,0,0,0,0,0,0,0,0,0,0,0,0,0,0,0,0,0,0,0,0,0,0,0,0,0,60,8,15.999,1.4611135,5.3,6,3.44,0.001308,136.3,8.9,-0.466561537,-0.434677647,O,8,0,0,3.44,0,0,8,3.44,0.729,13.11
507,hydroxyaminyl,2.510 ,1.876 ,1.966 ,2.341 ,2.586 ,2.331 ,2.100 ,2.014 ,0.743,0.711,0.534,0.559,0.56,0.556,0.508,0.558,0.504,0.566,0.553,0.531,0.571,0.489,0.531,0.526,0.569,0.536,0.576,0.489,0.531,0.522,0.564,0.507,0.55,1.97,2.21,2.19,2.24,0.96,1.01,0.92,0.95,1.97,-0.463,-0.53,5.666666667,2.152777778,5.666666667,2.152777778,0.364576088,32.022,30.006,32.01363868,13,0,0,0,0,0,-666,-666,-666,-0.059054279,-0.072814718,-0.677901272,-1.774850025,-0.736742423,-1.911595153,-0.331412345,-0.867356615,1.974744871,8,3.414213562,2.855461886,0.855461886,1.914213562,1.038036072,0.182574186,0,0,0,0,0,0,-0.08,6.854752972,0.190594858,0.92,-14.58,15.41713975,0,0,0,0,0,13.94257578,0,0,0,0,0,0,0,0,8.052575557,0,0,5.890000221,0,0,0,0,0,0,5.890000221,0,0,0,5.209533821,0,0,0,0,2.843041736,0,0,-666,0,0,0,0,0,0,0,0,0,11.09953404,2.843041736,11.26388889,0,0,3.083333333,0,2.152777778,0,0,0,0,0,2,2,2,0,0,0,0,0,0,1,1,2,-666,0,0,0,-666,-0.3415,4.8832,0,0,0,0,0,0,0,0,0,0,0,0,0,0,0,0,1,0,0,0,0,0,0,0,0,0,0,0,0,0,0,0,0,0,0,0,-666,0,0,0,0,0,0,0,0,0,0,0,0,0,0,0,0,0,0,0,0,0,0,0,0,0,0,0,0,0,0,0,0,0,0,0,0,0,0,0,0,0,0,0,0,0,0,-666,0,0,65,7,14.007,-1.4,7.4,5,3.04,0.001145,142.9,9.8,-0.414909053,-0.364278273,N,8,1,0,3.44,2.1,0,9,5.54,0.885,13.125
508,hydroxyl,5.682 ,3.930 ,4.096 ,4.312 ,5.830 ,4.178 ,4.111 ,3.870 ,0.947,0.865,0.902,0.909,0.888,0.906,0.848,0.905,0.845,0.907,0.835,0.848,0.904,0.877,0.924,0.844,0.903,0.845,0.904,0.878,0.925,0.847,0.904,0.857,0.913,4.38,4.74,4.71,4.78,2.52,2.48,2.43,2.47,4.1,-0.836,-0.904,7.5,4.5,7.5,4.5,0.376429063,17.007,15.999,17.00273965,7,0,0,0,0,0,-666,-666,-666,-0.061265471,-0.061265471,-1.134909362,-1.134909362,-1.154629353,-1.154629353,-0.668918621,-0.668918621,1,2,2,1.40824829,0.40824829,1,0.40824829,0,0,0,0,0,0,0,-0.04,2,0.001666667,-27.04,-104.04,8.340871947,0,0,0,0,0,6.909672289,0,0,0,0,0,0,0,0,6.909672289,0,0,0,0,0,0,0,0,0,0,0,0,0,5.478472632,0,0,1.431199657,0,0,0,0,-666,0,0,0,0,0,0,0,0,0,1.431199657,5.478472632,4.5,0,0,0,7.5,0,0,0,0,0,0,1,1,1,0,0,0,0,0,0,0,1,1,0,0,0,0,-666,-0.1768,1.9358,0,0,0,0,0,0,0,0,0,0,0,0,0,0,0,0,0,0,0,0,0,0,0,0,0,0,0,0,0,0,0,0,0,0,0,0,-666,0,0,0,0,0,0,0,0,0,0,0,0,0,0,0,0,0,0,0,0,0,0,0,0,0,0,0,0,0,0,0,0,0,0,0,0,0,0,0,0,0,0,0,0,0,0,0,0,0,60,8,15.999,1.4611135,5.3,6,3.44,0.001308,112.5,7.5,-0.4986172,-0.4986172,O,1,0,0,2.1,0,0,1,2.1,1.023,0
509,hydroxymethyl,1.740 ,1.237 ,1.310 ,1.617 ,1.818 ,1.611 ,1.376 ,1.299 ,0.814,0.745,0.555,0.595,0.618,0.596,0.495,0.596,0.479,0.604,0.697,0.554,0.613,0.538,0.599,0.533,0.603,0.552,0.613,0.54,0.6,0.54,0.605,0.508,0.584,1.28,1.49,1.47,1.51,0.55,0.56,0.52,0.53,1.31,-0.386,-0.549,6,-0.828703704,6,0.828703704,0.402177649,31.034,28.01,31.01838972,13,0,0,0,0,0,-666,-666,-666,-0.060875762,-0.163785792,-0.855082129,-1.936983153,-0.828479746,-1.896325683,-0.430681487,-0.870892073,2.539538861,20.85475297,4.28445705,3.90824829,0.90824829,2.27005561,1.612372436,0.204124145,0,0,0,0,0,0,-0.04,9.651484454,0.115188246,0.96,-27.04,17.83506654,0,0,0,0,0,16.34342578,0,0,0,0,0,0,0,0,9.281524961,0,0,0,0,0,0,7.06190082,0,0,0,0,0,0,5.108808191,0,7.06190082,4.17271677,0,0,0,0,-666,7.06190082,0,0,0,0,0,0,0,0,5.108808191,4.17271677,17.74537037,0,0,3.25,0,0,0,0,0,-0.828703704,0,2,1,1,0,0,0,0,0,0,1,1,1,-666,0,0,0,-666,0.15049,7.2928,0,1,1,0,0,0,0,0,0,0,0,0,0,0,0,0,0,0,0,0,0,0,0,0,0,0,0,0,0,0,0,0,0,0,0,0,-666,0,0,0,0,0,0,0,0,0,0,0,0,0,0,0,0,0,-666,0,0,0,0,0,0,0,0,0,0,0,0,0,0,0,0,0,0,0,0,0,0,0,0,0,0,0,0,-666,0,0,70,6,12.011,1.262119,11.3,4,2.55,2.2,152.1,10.6,-0.454813335,-0.291948257,C,8,1,1,3.44,2.1,2.1,10,7.64,0.97,13.156
510,imidazolidin-2-yl,1.071 ,0.715 ,0.757 ,1.079 ,1.133 ,1.102 ,0.854 ,0.809 ,0.653,0.696,0.341,0.373,0.39,0.372,0.343,0.374,0.337,0.389,0.495,0.394,0.397,0.393,0.397,0.375,0.387,0.395,0.398,0.397,0.399,0.378,0.389,0.353,0.373,0.72,0.88,0.87,0.9,0.26,0.28,0.24,0.25,0.76,-0.254,-0.328,7.083333333,-2.66087963,7.083333333,0.041666667,0.394315534,71.103,64.047,71.06092322,29,0,0,0,0,0,-666,-666,-666,-0.064074988,-0.180212665,-0.496618089,-2.408372004,-0.536237143,-2.619027377,-0.21915914,-0.918405016,3.055391739,173.0905098,9.732050808,9.394427191,2.394427191,5.226067743,4.538854382,1.144427191,0.547213595,0.547213595,0.261803399,0.261803399,0.125,0.125,-0.08,316.2757615,0.532089546,1.380770705,0.596977989,41.51393524,0,0,0,0,0,39.93556584,0,0,0,0,0,0,0,0,9.677476938,0,0,10.61962671,0,0,12.99371937,6.644742828,0,0,10.61962671,0,0,0,12.99371937,0,6.644742828,6.853792781,0,2.823684157,0,0,-666,19.6384622,0,0,10.61962671,0,0,0,0,0,0,9.677476938,49.21990741,0,0,0.083333333,0,0,0,0,-6.136574074,0,0.666666667,5,2,2,0,0,0,0,0,0,2,2,2,-666,0,0,0,-666,-0.70151,20.3054,0,0,0,0,0,0,0,0,0,0,0,0,0,0,0,0,2,0,0,0,-666,0,0,0,0,0,0,0,0,0,0,0,0,0,0,0,-666,0,0,0,0,0,0,0,0,0,0,0,0,0,0,0,0,0,-666,0,0,0,0,0,0,0,0,0,0,0,0,0,0,0,0,0,0,0,0,0,0,0,0,0,0,0,0,-666,0,0,70,6,12.011,1.262119,11.3,4,2.55,2.2,220.5,13.9,-0.365512028,-0.242432064,C,7,7,1,3.04,2.1,2.1,15,7.24,0.826,34.973
511,iodanyl,8.829 ,7.854 ,8.013 ,8.882 ,9.220 ,9.027 ,7.435 ,7.130 ,1,1,1,1,1,1,1,1,1,1,1,1,1,1,1,1,1,1,1,1,1,1,1,1,1,7.21,8.26,8.17,8.38,3.3,3.14,3.27,3.27,8.01,-1,-1,0,0,0,0,0.423471811,126.904,126.904,126.904473,7,0,0,0,0,0,-666,-666,-666,126.904,126.904,0,0,0.8857,0.8857,14.02,14.02,0,0,0,0.377964473,2.535462764,0,0,0,0,0,0,0,0,0,0.73,0,1.73,0.099863014,2.209452055,24.51227018,0,0,0,0,0,0,0,0,0,0,0,0,23.97664013,0,0,23.97664013,0,0,0,0,0,0,0,0,0,0,0,23.97664013,0,0,0,0,0,0,0,0,0,0,0,0,23.97664013,0,0,0,0,0,0,0,0,0,0,0,0,0,0,0,0,0,0,1,0,0,0,0,0,0,0,0,0,0,1,0,0,0,0,-666,0.8857,14.02,0,0,0,0,0,0,0,0,0,0,0,0,0,0,0,0,0,0,0,0,0,0,0,0,0,0,0,0,0,0,0,0,0,0,0,0,0,0,0,0,0,0,0,0,1,0,0,0,0,0,0,0,0,0,0,0,0,0,0,0,0,0,0,0,0,0,0,0,0,0,0,0,0,0,0,0,0,0,0,0,0,0,0,0,0,0,140,53,126.90447,3.0590368,32.9,7,2.66,4.933,143.6,16.2,-0.447612607,-0.447612607,I,0,0,0,0,0,0,0,0,1,0
512,iodomethyl,3.383 ,2.609 ,2.683 ,3.403 ,3.523 ,3.454 ,2.875 ,2.762 ,0.795,0.652,0.384,0.394,0.391,0.383,0.321,0.387,0.311,0.423,0.465,0.393,0.424,0.393,0.424,0.381,0.417,0.394,0.425,0.395,0.425,0.383,0.418,0.377,0.423,2.58,2.97,2.93,3.01,1.16,1.22,1.15,1.17,2.68,-0.256,-0.366,6.153333333,-0.113333333,6.153333333,0.113333333,0.444468719,140.931,138.915,140.9201231,13,0,0,0,0,0,-666,-666,-666,-7.04E-15,-0.162396396,-0.057660779,-1.74130109,5.55E-17,-1.58381164,0,-0.536843063,2.323790008,10.7548875,3.577350269,2.877964473,3.035462764,1.732050808,1.188982237,1.267731382,0,0,0,0,0,0,0.73,3.245112498,0.587269153,1.73,0.099863014,30.81103015,0,0,0,0,0,30.214959,0,0,0,0,0,0,0,0,2.741517112,22.59087063,0,0,0,0,0,4.882571257,0,0,0,0,0,22.59087063,0,0,4.882571257,2.741517112,0,0,0,0,0,0,0,0,4.882571257,0,0,0,22.59087063,0,0,2.741517112,12.30666667,1.593333333,-0.113333333,0,0,0,0,0,0,0,0,2,0,0,0,0,0,0,0,0,0,0,1,0,0,0,0,-666,1.21299,19.377,0,0,0,0,0,0,0,0,0,0,0,0,0,0,0,0,0,0,0,0,0,0,0,0,0,0,0,0,0,0,0,0,0,0,0,0,-666,0,0,0,0,0,0,0,1,0,0,0,0,0,0,0,0,0,-666,0,0,0,0,0,0,0,0,0,0,0,0,0,0,0,0,0,0,0,0,0,0,0,0,0,0,0,0,-666,0,0,70,6,12.011,1.262119,11.3,4,2.55,2.2,182,16.6,-0.416748488,-0.34338016,C,53,1,1,2.66,2.1,2.1,55,6.86,1.035,24.045
513,isocyanato,8.362 ,6.570 ,6.741 ,7.829 ,8.587 ,7.813 ,7.092 ,6.821 ,0.627,0.441,0.594,0.6,0.596,0.604,0.439,0.598,0.438,0.619,0.49,0.459,0.622,0.433,0.587,0.459,0.623,0.464,0.629,0.433,0.586,0.453,0.616,0.444,0.603,6.62,7.33,7.28,7.41,3.44,3.57,3.39,3.43,6.74,-0.351,-0.309,8.236111111,0.5,8.236111111,0.5,0.34881813,42.017,42.017,41.99798862,15,0,0,0,0,0,-666,-666,-666,16.24398626,11.64078792,1.263031501,-1.104662987,1.115573155,-1.198390673,4.294955382,0.380026931,2.475534206,26.26466251,2.707106781,1.355461886,1.355461886,1.414213562,0.427730943,0.427730943,0.091287093,0.091287093,0,0,0,0,-0.08,2.754887502,2.92,1.92,1.92,17.92606446,0,0,0,0,0,16.6237006,0,0,0,0,0,0,0,0,5.106527395,0,5.261891555,0,0,0,0,0,0,6.255281654,0,0,0,0,0,5.106527395,11.51717321,0,0,0,0,0,-666,0,0,0,0,6.255281654,0,0,0,0,0,10.36841895,0,0,0,15,0,0,0,0.5,0,0,0,3,0,2,0,0,0,0,0,0,1,0,2,0,0,0,0,-666,-0.10202,6.2995,0,0,0,0,0,0,0,0,0,0,0,0,0,0,0,1,0,0,0,0,0,0,0,0,0,0,0,0,0,0,0,0,0,0,0,0,-666,0,0,0,0,0,0,0,0,0,0,0,0,0,0,0,0,0,0,0,0,1,0,0,0,0,0,0,0,0,0,0,0,0,0,0,0,0,0,0,0,0,0,0,0,0,0,0,0,0,65,7,14.007,-1.4,7.4,5,3.04,0.001145,154.7,11.7,-0.487604906,-0.487604906,N,6,0,0,2.55,0,0,6,2.55,0.735,21.114
514,methanesulfinyl,3.980 ,2.815 ,2.878 ,3.399 ,4.107 ,3.334 ,3.089 ,2.908 ,0.351,0.344,0.546,0.543,0.573,0.547,0.453,0.543,0.446,0.554,0.486,0.459,0.557,0.423,0.523,0.462,0.56,0.465,0.562,0.421,0.522,0.456,0.554,0.479,0.574,3.16,3.61,3.57,3.66,1.45,1.52,1.42,1.45,2.88,-0.295,-0.275,9.305555556,-2.347222222,9.305555556,0.368055556,0.381212153,63.101,60.077,62.99046072,19,0,0,0,0,0,-666,-666,-666,0,-0.242435507,-3.47E-18,-2.010588797,-2.17E-19,-2.139741132,1.34E-16,-0.857807054,3.445991214,56.30376252,5.207106781,4.316496581,2.132993162,2.560660172,1.870790812,1.112372436,0.083333333,0.25,0,0,0,0,0.31,12.16479704,0.6264161,2.31,2.31,27.36037337,0,0,0,0,0,26.1715715,0,0,0,0,0,0,0,0,8.321174161,11.66647324,0,0,0,0,6.183924101,0,0,0,0,0,0,0,10.39282259,11.66647324,0,4.112275669,0,0,0,0,-666,6.183924101,4.208898492,0,11.66647324,0,0,0,0,0,0,4.112275669,27.79861111,-0.368055556,0,0,0,0,0,-2.347222222,0,0,1,3,0,1,0,0,0,0,0,0,1,0,2,-666,0,0,0,-666,-0.1708,14.0664,0,0,0,0,0,0,0,0,0,0,0,0,0,0,0,0,0,0,0,0,0,0,0,0,0,0,0,0,0,0,0,0,0,0,0,0,-666,0,0,0,0,0,0,0,0,0,0,0,0,0,0,0,0,0,-666,0,0,0,0,0,0,0,0,0,0,0,0,0,0,0,0,0,0,0,0,0,0,0,0,0,0,0,0,-666,0,0,100,16,32.06,2.07710403,19.4,6,2.58,2.07,189.1,13.8,-0.419277248,-0.354368735,S,16,0,0,2.58,0,0,14,5.99,0.388,29.107
515,methanesulfinylmethyl,3.964 ,3.005 ,3.147 ,3.823 ,4.102 ,3.837 ,3.325 ,3.173 ,0.754,0.63,0.337,0.41,0.418,0.407,0.339,0.41,0.329,0.433,0.553,0.421,0.449,0.423,0.452,0.397,0.428,0.422,0.45,0.428,0.456,0.403,0.432,0.363,0.391,3.17,3.65,3.61,3.71,1.44,1.51,1.4,1.43,3.14,-0.231,-0.333,10.30092593,-2.709490741,10.30092593,1.060185185,0.402172458,77.128,72.088,77.00611078,25,0,0,0,0,0,-666,-666,-666,2.47E-32,-0.242468171,-5.01E-17,-2.191626137,-5.86E-31,-2.271165476,0,-0.859601327,4.055701378,116.6166274,7.654700538,6.816496581,2.632993162,3.854059275,3.074914957,1.724744871,0.268728739,0.806186218,0,0,0,0,0.31,50.07031062,0.683803328,1.612114804,41.25068678,35.50329985,0,0,0,0,0,34.25405688,0,0,0,0,0,0,0,0,11.06269127,10.79956904,0,0,0,0,6.183924101,6.207872462,0,0,0,0,0,0,10.39282259,10.79956904,6.207872462,6.853792781,0,0,0,0,-666,23.19136561,4.208898492,0,0,0,0,0,0,0,0,6.853792781,42.34760802,0,0,0,0,0,0,-3.769675926,0,-2.43904321,0.5,4,0,1,0,0,0,0,0,0,1,0,2,-666,0,0,0,-666,0.15649,19.4234,0,0,0,0,0,0,0,0,0,0,0,0,0,0,0,0,0,0,0,0,0,0,0,0,0,0,0,0,0,0,0,0,0,0,0,0,-666,0,0,0,0,0,0,0,0,0,0,0,0,0,0,0,0,0,-666,0,0,0,0,0,0,0,0,0,0,0,0,0,0,0,0,0,0,0,0,0,0,0,0,0,0,0,0,-666,0,0,70,6,12.011,1.262119,11.3,4,2.55,2.2,219.2,14.8,-0.396054523,-0.346175236,C,16,1,1,2.58,2.1,2.1,18,6.78,0.967,28.709
516,methanesulfonyl,5.922 ,4.060 ,4.188 ,4.945 ,6.112 ,4.820 ,4.508 ,4.217 ,0.327,0.259,0.221,0.218,0.253,0.225,0.221,0.226,0.217,0.232,0.274,0.228,0.242,0.191,0.224,0.226,0.24,0.232,0.244,0.191,0.224,0.222,0.238,0.237,0.25,4.55,5.19,5.14,5.26,2.11,2.24,2.06,2.12,4.19,-0.196,-0.21,9.458333333,-2.93287037,9.458333333,2.833333333,0.407128589,79.1,76.076,78.98537534,25,0,0,0,0,0,-666,-666,-666,12.20517914,-0.242438449,-2.78E-17,-2.148042019,3.85E-34,-2.148594356,0.405574988,-0.860566707,3.541196965,58.44547197,6.077350269,4.724744871,2.541241452,2.943375673,2.037457479,1.612372436,0.234708048,0.704124145,0,0,0,0,0.27,17.08616633,1.161417321,1.575810398,50.22336077,32.05179117,0,0,0,0,0,30.85842771,0,0,0,0,0,0,0,0,13.21777542,11.4567282,0,0,0,0,6.183924101,0,0,0,0,0,0,11.4567282,6.183924101,9.105499747,0,4.112275669,0,0,0,0,-666,17.6406523,9.105499747,0,0,0,0,0,0,0,0,4.112275669,37.23842593,-2.93287037,0,0,0,0,0,-2.833333333,0,0,1,4,0,2,0,0,0,0,0,0,0,0,3,-666,0,0,0,-666,0.5761,14.888,0,0,0,0,0,0,0,0,0,0,0,0,0,0,0,0,0,0,0,0,0,0,0,0,0,0,0,0,0,0,0,0,0,0,0,0,-666,0,0,0,0,0,0,0,0,0,0,0,0,0,0,0,0,0,-666,0,0,0,0,0,0,0,0,0,0,0,0,0,0,0,0,0,0,0,0,0,0,0,0,0,0,0,0,-666,0,0,100,16,32.06,2.07710403,19.4,6,2.58,2.07,204.8,14.6,-0.452058426,-0.384849858,S,8,8,6,3.44,3.44,2.55,22,9.43,0.384,39.359
517,methanesulfonyloxidanyl,11.694 ,7.675 ,7.739 ,9.412 ,12.058 ,9.080 ,8.715 ,8.094 ,0.313,0.283,0.316,0.316,0.309,0.314,0.269,0.312,0.267,0.322,0.258,0.278,0.318,0.301,0.328,0.276,0.317,0.276,0.317,0.302,0.329,0.279,0.319,0.283,0.321,8.34,9.41,9.32,9.53,4,4.48,4,4.14,7.74,-0.267,-0.31,9.534722222,-5.090277778,9.534722222,3.395833333,0.419290309,95.099,92.075,94.98028996,31,0,0,0,0,0,-666,-666,-666,15.81932949,-0.242440586,-9.77E-18,-2.253087713,0,-2.230596287,0.6855,-0.863391681,4.020391543,69.509775,7,5.132993162,2.949489743,3.25,2.204124145,2.112372436,0.454124145,1.362372436,0,0,0,0,0.23,21.30605883,1.790217627,1.13702318,397.6439887,36.02307216,0,0,0,0,0,34.82514711,0,0,0,0,0,0,0,0,17.77052529,10.87069772,0,0,0,0,6.183924101,0,0,0,0,0,0,10.87069772,6.183924101,13.65824962,0,4.112275669,0,0,0,0,-666,17.05462182,13.65824962,0,0,0,0,0,0,0,0,4.112275669,46.65277778,0,0,0,0,0,0,-3.395833333,0,-5.090277778,1,5,0,3,0,0,0,0,0,0,0,0,4,-666,0,0,0,-666,0.4573,15.5745,0,0,0,0,0,0,0,0,0,0,0,0,0,0,0,0,0,0,0,0,0,0,0,0,0,0,0,0,0,0,0,0,0,0,0,0,-666,0,0,0,0,0,0,0,0,0,0,0,0,0,0,0,0,0,-666,0,0,0,0,0,0,0,0,0,0,0,0,0,0,0,0,0,0,0,0,0,0,0,0,0,0,0,0,-666,0,0,60,8,15.999,1.4611135,5.3,6,3.44,0.001308,218.8,15.3,-0.474390525,-0.473163781,O,16,0,0,2.58,0,0,16,2.58,0.394,33.676
518,methoxy_methyl_aminyl,2.442 ,1.797 ,1.887 ,2.270 ,2.524 ,2.256 ,2.015 ,1.915 ,0.621,0.534,0.427,0.433,0.433,0.428,0.349,0.428,0.345,0.458,0.365,0.387,0.459,0.369,0.444,0.379,0.453,0.388,0.46,0.37,0.444,0.38,0.454,0.372,0.449,1.9,2.15,2.13,2.18,0.89,0.93,0.85,0.86,1.89,-0.307,-0.404,6.403472222,-2.769444444,6.403472222,2.465277778,0.383655797,60.076,54.028,60.04493881,25,0,0,0,0,0,-666,-666,-666,-1.92E-18,-0.24570626,-1.07E-16,-2.243541362,-9.32E-18,-2.38114861,-2.34E-17,-0.981254961,3.56300175,89.29589375,8.414213562,7.855461886,1.855461886,4.207106781,3.610305129,0.610305129,0.182574186,0.182574186,0.045643546,0.045643546,0,0,-0.08,64.49348655,0.420070381,2.92,1.92,34.15146206,0,0,0,0,0,32.55601588,0,0,0,0,0,0,0,0,13.06213992,0,0,5.480096598,0,0,14.01377936,0,0,0,5.480096598,0,0,0,14.01377936,4.837588584,0,8.224551337,0,0,0,0,-666,14.01377936,0,0,0,0,0,0,0,0,10.31768518,8.224551337,38.34791667,0,3.65625,0,2.465277778,0,0,0,-2.7,-2.769444444,1,4,0,2,0,0,0,0,0,0,1,0,2,-666,0,0,0,-666,-0.218,15.067,0,0,0,0,0,0,0,0,0,0,0,0,0,0,0,1,0,0,1,0,0,0,0,0,0,0,0,0,0,0,0,0,0,0,0,0,-666,0,0,0,0,0,0,0,0,0,0,0,0,0,0,0,0,0,-666,0,0,0,0,0,0,0,0,0,0,0,0,0,0,0,0,0,0,0,0,0,0,0,0,0,0,0,0,-666,0,0,65,7,14.007,-1.4,7.4,5,3.04,0.001145,214.1,12.4,-0.393901619,-0.329854774,N,8,6,0,3.44,2.55,0,14,5.99,0.848,36.441
519,methoxy_phenyl_aminyl,4.551 ,3.284 ,3.385 ,4.321 ,4.750 ,4.334 ,3.670 ,3.480 ,0.356,0.246,0.256,0.239,0.254,0.238,0.166,0.235,0.154,0.271,0.194,0.19,0.269,0.188,0.269,0.186,0.266,0.189,0.268,0.189,0.269,0.189,0.267,0.183,0.27,3.3,3.89,3.84,3.96,1.34,1.43,1.31,1.32,3.38,-0.135,-0.225,7.413240741,-2.830459302,7.413240741,0.535069444,0.480481315,122.147,114.083,122.0605889,47,0,0,0,0,0,-666,-666,-666,10.24626139,-0.243093944,-1.24E-16,-2.268855301,-2.05E-16,-2.23247348,0.440259948,-0.954268309,3.14548472,392.0798564,13.37831518,12.35546189,4.355461886,7.648553027,6.110305129,2.110305129,1.156180984,1.156180984,0.623734038,0.623734038,0.334688792,0.334688792,-0.08,3373.442212,1.954404708,3.854020552,2.327680232,65.74653671,0,0,0,0,0,64.31416747,0,0,0,0,0,0,0,0,15.80365703,5.711685003,0,0,5.155712727,0,7.037952459,30.60516025,0,0,0,0,0,0,12.74963746,4.837588584,6.396873262,10.96606845,29.36399971,0,0,0,-666,43.35479771,0,0,0,0,0,0,0,0,9.99330131,10.96606845,56.94732863,0,4.084017385,3.078518519,-0.535069444,0,-2.418255858,-0.576079932,0,-2.830459302,0.142857143,9,0,2,0,0,0,0,0,0,2,0,2,-666,0,0,0,-666,1.31909,37.024,0,0,0,0,0,0,0,0,0,0,0,0,0,0,0,1,0,0,0,0,0,0,0,0,0,0,4,0,0,0,0,0,0,0,0,0,-666,0,0,0,0,0,0,0,0,0,0,0,0,0,0,0,0,0,-666,0,0,0,0,0,0,0,0,1,0,0,0,0,0,0,0,0,0,0,0,0,0,0,0,0,0,0,0,-666,0,0,65,7,14.007,-1.4,7.4,5,3.04,0.001145,303.5,16.1,-0.388670188,-0.334644079,N,6,8,0,2.55,3.44,0,14,5.99,0.667,47.298
520,methoxyaminyl,2.600 ,1.912 ,2.002 ,2.409 ,2.685 ,2.390 ,2.140 ,2.034 ,0.706,0.66,0.478,0.491,0.499,0.494,0.443,0.496,0.438,0.507,0.5,0.478,0.52,0.451,0.497,0.469,0.513,0.481,0.522,0.452,0.498,0.469,0.512,0.459,0.506,2.01,2.27,2.25,2.3,0.95,0.98,0.91,0.92,2,-0.394,-0.465,6.229166667,-2.553819444,6.229166667,2.194444444,0.348513725,46.049,42.017,46.02928875,19,0,0,0,0,0,-666,-666,-666,-6.55E-16,-0.243035276,-0.123526981,-2.149324125,-0.029535393,-2.243335277,-6.75E-17,-0.968254423,3.154490065,50.14170945,5.914213562,5.355461886,1.355461886,3.060660172,2.333911927,0.386698331,0.091287093,0.091287093,0,0,0,0,-0.08,18.14170945,0.307143901,1.92,1.92,24.82466409,0,0,0,0,0,23.28965901,0,0,0,0,0,0,0,0,10.36170633,0,0,5.890000221,0,0,7.037952459,0,0,0,5.890000221,0,0,0,7.037952459,4.837588584,0,4.112275669,0,1.411842078,0,0,-666,7.037952459,0,0,0,0,0,0,0,0,10.7275888,5.524117747,24.58854167,0,3.520833333,0,0,2.194444444,0,0,0,-2.553819444,1,3,1,2,0,0,0,0,0,0,1,0,2,-666,0,0,0,-666,-0.1693,10.1057,0,0,0,0,0,0,0,0,0,0,0,0,0,0,0,0,1,0,0,0,0,0,0,0,0,0,0,0,0,0,0,0,0,0,0,0,-666,0,0,0,0,0,0,0,0,0,0,0,0,0,0,0,0,0,-666,0,0,0,0,0,0,0,0,0,0,0,0,0,0,0,0,0,0,0,0,0,0,0,0,0,0,0,0,-666,0,0,65,7,14.007,-1.4,7.4,5,3.04,0.001145,178.9,11.4,-0.404137116,-0.346722328,N,8,1,0,3.44,2.1,0,9,5.54,0.857,21.326
521,methoxycarbonyl,3.702 ,2.538 ,2.675 ,3.180 ,3.843 ,3.104 ,2.823 ,2.625 ,0.609,0.859,0.383,0.414,0.458,0.422,0.47,0.424,0.476,0.423,0.472,0.464,0.438,0.414,0.405,0.452,0.428,0.464,0.439,0.414,0.406,0.454,0.43,0.421,0.401,2.69,3.07,3.04,3.11,1.25,1.28,1.19,1.22,2.67,-0.42,-0.376,9.113263889,-2.623263889,9.113263889,0.795138889,0.414226437,59.044,56.02,59.01330434,23,0,0,0,0,0,-666,-666,-666,11.56701701,-0.24303217,0,-2.132084743,-1.39E-17,-2.206450934,0.483163882,-0.945657247,3.336809769,65.82538385,5.914213562,4.816496581,1.816496581,3.060660172,2.112372436,0.612372436,0.185395406,0.185395406,0.041666667,0.041666667,0,0,-0.08,18.14170945,0.953692476,2.92,1.92,28.59417197,0,0,0,0,0,27.15384913,0,0,0,0,0,0,0,0,13.64367581,6.472220865,0,0,0,0,7.037952459,0,0,0,0,0,0,0,13.51017332,9.531400138,0,4.112275669,0,0,0,0,-666,7.037952459,0,0,0,0,6.472220865,0,0,0,4.736862954,8.906812853,21.96486111,0,9.113263889,0,0,0,0,0,0.795138889,-2.623263889,0.5,4,0,2,0,0,0,0,0,0,2,0,2,-666,0,0,0,-666,-0.3,12.7025,0,0,0,0,0,0,0,0,0,0,0,1,0,0,0,0,0,0,0,0,0,0,0,0,0,0,0,0,0,0,0,0,0,0,0,0,-666,0,0,0,0,1,0,0,0,0,0,0,0,0,0,0,0,0,-666,1,0,0,0,0,0,0,0,0,0,0,0,0,0,0,0,0,0,0,0,0,0,0,0,0,0,0,0,-666,0,0,70,6,12.011,1.262119,11.3,4,2.55,2.2,195.8,12.3,-0.470493619,-0.32018657,C,8,8,0,3.44,3.44,0,16,6.88,0.722,31.851
522,methoxymethyl,1.909 ,1.333 ,1.410 ,1.766 ,2.000 ,1.755 ,1.488 ,1.393 ,0.794,0.716,0.523,0.565,0.586,0.568,0.473,0.569,0.457,0.574,0.711,0.548,0.587,0.537,0.582,0.524,0.575,0.546,0.586,0.54,0.584,0.532,0.579,0.498,0.56,1.39,1.62,1.6,1.65,0.59,0.59,0.55,0.56,1.41,-0.356,-0.517,6.3125,-2.640046296,6.3125,1.037037037,0.38337465,45.061,40.021,45.03403978,19,0,0,0,0,0,-666,-666,-666,-2.21E-15,-0.243046071,-0.20637946,-2.2149887,-0.037336141,-2.230776878,-1.11E-16,-0.966454664,3.388924101,65.31914642,6.78445705,6.40824829,1.40824829,3.416502219,2.90824829,0.40824829,0.102062073,0.102062073,0,0,0,0,-0.04,23.0053905,0.234739067,1.96,1.96,27.24259087,0,0,0,0,0,25.69050901,0,0,0,0,0,0,0,0,11.59065573,0,0,0,0,0,7.037952459,7.06190082,0,0,0,0,0,0,7.037952459,4.736862954,7.06190082,6.853792781,0,0,0,0,-666,14.09985328,0,0,0,0,0,0,0,0,4.736862954,6.853792781,35.09375,0,0,0,0,0,0,0,0,-3.677083333,0.5,3,0,1,0,0,0,0,0,0,1,0,1,-666,0,0,0,-666,0.42439,12.366,0,0,0,0,0,0,0,0,0,0,0,0,0,0,0,0,0,0,0,0,0,0,0,0,0,0,0,0,0,0,0,0,0,0,0,0,-666,0,0,0,0,1,0,0,0,0,0,0,0,0,0,0,0,0,-666,1,0,0,0,0,0,0,0,0,0,0,0,0,0,0,0,0,0,0,0,0,0,0,0,0,0,0,0,-666,0,0,70,6,12.011,1.262119,11.3,4,2.55,2.2,186.4,11.9,-0.447894689,-0.284167252,C,8,1,1,3.44,2.1,2.1,10,7.64,0.951,20.999
523,methoxysulfonyl,6.831 ,4.723 ,4.886 ,5.720 ,7.040 ,5.569 ,5.244 ,4.908 ,0.378,0.352,0.227,0.191,0.242,0.217,0.229,0.217,0.229,0.211,0.297,0.241,0.239,0.199,0.218,0.241,0.239,0.246,0.241,0.198,0.218,0.236,0.236,0.253,0.25,5.25,5.97,5.91,6.04,2.46,2.63,2.4,2.49,4.88,-0.216,-0.21,9.432708333,-2.947530864,9.432708333,2.84066358,0.446222119,95.099,92.075,94.98028996,31,0,0,0,0,0,-666,-666,-666,15.89005791,-0.24302709,-2.78E-17,-2.130550256,0,-2.223797063,0.747126385,-0.943022863,3.551252924,97.19188266,6.78445705,5.132993162,2.949489743,3.416502219,2.204124145,1.704124145,0.287457479,0.862372436,0.068041382,0.204124145,0,0,0.23,23.0053905,1.790217627,2.466406619,4.23,36.65420347,0,0,0,0,0,35.45627841,0,0,0,0,0,0,0,0,17.05700947,11.36131649,0,0,0,0,7.037952459,0,0,0,0,0,0,0,11.24685095,20.09715179,0,4.112275669,0,0,0,0,-666,18.39926895,8.761648366,0,0,0,0,0,0,0,4.183085433,4.112275669,40.76041667,-2.947530864,0,0,0,0,0,0,0,-2.84066358,1,5,0,3,0,0,0,0,0,0,2,0,4,-666,0,0,0,-666,-0.358,15.8379,0,0,0,0,0,0,0,0,0,0,0,0,0,0,0,0,0,0,0,0,0,0,0,0,0,0,0,0,0,0,0,0,0,0,0,0,-666,0,0,0,0,0,0,0,0,0,0,0,0,0,0,0,0,0,-666,0,0,0,0,0,0,0,0,0,0,0,0,0,0,0,0,0,0,0,0,0,0,0,0,0,0,0,0,-666,0,0,100,16,32.06,2.07710403,19.4,6,2.58,2.07,220.1,14.7,-0.467527885,-0.400369348,S,8,8,8,3.44,3.44,3.44,24,10.32,0.424,40.808
524,methoxytrimethylsilanidyl,1.572 ,0.897 ,0.597 ,1.749 ,7.173 ,2.362 ,0.851 ,0.851 ,0.071,0.139,0.035,0.133,0.135,0.058,0.362,0.058,0.27,0.182,0.057,0.159,0.067,0.159,0.073,0.145,0.062,0.161,0.066,0.163,0.074,0.146,0.065,0.165,0.054,0.35,0.37,0.3,1.18,1.93,2.11,2.12,2.69,0.6,0.11,0.056,7.128395062,-5.598186728,7.128395062,3.413271605,0.457653012,104.225,92.129,104.0657415,38,0,0,0,0,0,-666,-666,-666,-4.89E-16,-0.245834761,-1.45E-16,-2.605118516,-4.19E-16,-2.65195799,-3.67E-16,-0.976902735,6.097880983,255.1210712,15.20710678,14.90824829,3.90824829,7.457106781,7.15824829,3.066496581,0.78324829,2.349744871,0.153093109,0.459279327,0,0,0.176883117,1549.63878,0.561070431,1.753481781,4.176883117,57.31158438,0,0,0,0,0,55.65595223,0,0,0,0,0,0,0,0,20.8751077,8.317393253,0,0,0,19.42549881,7.037952459,0,0,0,0,0,0,0,15.35534571,4.426005026,0,16.44910267,0,19.42549881,0,0,-666,34.78084453,0,0,0,0,0,0,0,0,4.426005026,16.44910267,88.79548611,0,0,0,0,0,0,0,-10.58958333,-9.011458333,1,6,0,1,0,0,0,0,0,0,1,0,2,-666,0,0,0,-666,1.4677,30.355,0,0,0,0,0,0,0,0,0,0,0,0,0,0,0,0,0,0,0,0,0,0,0,0,0,0,0,0,0,0,0,0,0,0,0,0,-666,0,0,0,0,0,0,0,0,0,0,0,0,0,0,0,0,0,-666,0,0,0,0,0,0,0,0,0,0,0,0,0,0,0,0,0,0,0,0,0,0,0,0,0,0,0,0,-666,0,-1,110,14,28.085,1.3895211,37.3,4,1.9,2.3296,293.6,15.7,-0.38782372,-0.123687833,Si,6,6,8,2.55,2.55,3.44,20,8.54,0.208,63.825
525,methyl,3.443 ,2.817 ,2.964 ,3.461 ,3.571 ,3.508 ,2.965 ,2.856 ,0.995,0.803,0.781,0.802,0.806,0.81,0.629,0.805,0.609,0.806,0.873,0.686,0.814,0.685,0.814,0.671,0.808,0.687,0.814,0.688,0.815,0.674,0.809,0.654,0.803,2.73,3.1,3.07,3.14,1.29,1.26,1.24,1.26,2.96,-0.535,-0.776,5.833333333,-0.833333333,5.833333333,0.833333333,0.355632744,15.035,12.011,15.0234751,7,0,0,0,0,0,-666,-666,-666,-0.241841173,-0.241841173,-1.765048457,-1.765048457,-1.690348097,-1.690348097,-0.748581751,-0.748581751,2.323790008,8,3.577350269,3.5,0.5,1.732050808,1.5,0,0,0,0,0,0,0,0,3.245112498,0,0,0,12.95416253,0,0,0,0,0,11.46708336,0,0,0,0,0,0,0,0,4.112275669,0,0,0,0,0,0,7.354807694,0,0,0,0,0,0,0,0,7.354807694,4.112275669,0,0,0,0,0,7.354807694,0,0,0,0,0,0,0,0,0,4.112275669,17.5,0,0,0,0,0,0,0,0,-0.833333333,0,1,0,0,0,0,0,0,0,0,0,0,0,0,0,0,0,-666,0.45029,6.414,0,0,0,0,0,0,0,0,0,0,0,0,0,0,0,0,0,0,0,0,0,0,0,0,0,0,0,0,0,0,0,0,0,0,0,0,-666,0,0,0,0,0,0,0,0,0,0,0,0,0,0,0,0,0,-666,0,0,0,0,0,0,0,0,0,0,0,0,0,0,0,0,0,0,0,0,0,0,0,0,0,0,0,0,-666,0,0,70,6,12.011,1.262119,11.3,4,2.55,2.2,132.4,9.7,-0.471799424,-0.351008032,C,1,1,1,2.1,2.1,2.1,3,6.3,1.075,0
526,methyl_methylimino_sulfanyl,2.860 ,2.212 ,2.273 ,2.874 ,2.958 ,2.910 ,2.491 ,2.405 ,0.497,0.428,0.441,0.428,0.433,0.442,0.364,0.434,0.355,0.432,0.381,0.36,0.438,0.36,0.438,0.361,0.439,0.36,0.438,0.36,0.438,0.361,0.439,0.403,0.479,2.34,2.71,2.68,2.76,1.01,1.07,0.99,1,2.27,-0.235,-0.265,6.564351852,-2.514814815,6.564351852,0.103009259,0.414675606,76.144,70.096,76.02209519,25,0,0,0,0,0,-666,-666,-666,-4.70E-18,-0.245385996,-6.64E-20,-2.234071084,-6.52E-17,-2.306287009,-1.05E-17,-0.904093301,3.56300175,89.29589375,8.414213562,7.855461886,2.671958467,4.207106781,3.610305129,1.383701791,0.182574186,0.547722558,0.045643546,0.136930639,0,0,0.31,64.49348655,0.544795982,3.31,2.31,39.34236586,0,0,0,0,0,38.05432017,0,0,0,0,0,0,0,0,8.224551337,11.94792297,0,4.722094864,0,0,13.159751,0,0,0,4.722094864,0,0,11.94792297,13.159751,0,0,8.224551337,0,0,0,0,-666,13.159751,0,0,11.94792297,0,0,0,0,0,4.722094864,8.224551337,42.09791667,0.103009259,0,0,0,0,0,-2.352777778,-2.514814815,0,1,4,0,1,0,0,0,0,0,0,1,0,2,-666,0,0,0,-666,0.4986,21.573,0,0,0,0,0,0,0,0,0,0,0,0,0,0,0,1,0,0,0,0,0,0,0,0,0,0,0,0,0,0,0,0,0,0,0,0,-666,0,0,0,0,0,0,0,0,0,0,0,0,0,0,0,0,0,-666,0,0,0,0,0,0,0,0,0,0,0,0,0,0,0,0,0,0,0,0,0,0,0,0,0,0,0,0,-666,0,0,100,16,32.06,2.07710403,19.4,6,2.58,2.07,229.6,14.4,-0.384409809,-0.32263243,S,6,16,0,2.55,2.58,0,13,5.59,0.687,35.82
527,methyl_nitro_aminyl,4.752 ,3.650 ,3.793 ,4.407 ,4.864 ,4.364 ,4.055 ,3.886 ,0.679,0.576,0.369,0.353,0.37,0.348,0.294,0.343,0.289,0.414,0.283,0.352,0.407,0.343,0.398,0.347,0.403,0.353,0.408,0.344,0.398,0.347,0.403,0.343,0.399,3.87,4.26,4.23,4.31,2.08,2.25,2.03,2.09,3.79,-0.255,-0.314,9.293819444,-2.802083333,9.293819444,1.229166667,0.308766064,75.047,72.023,75.01945234,29,0,0,0,0,0,-666,-666,-666,13.14679271,-0.24319908,-2.43E-17,-2.04518431,-1.73E-18,-2.323122834,2.058176402,-0.935195866,3.728130477,126.7090741,6.78445705,5.210923772,2.210923772,3.416502219,2.288755169,0.788755169,0.337834915,0.337834915,0.081649658,0.081649658,0,0,-0.16,23.0053905,1.525441674,2.100416667,3.84,32.523734,0,0,0,0,0,31.05712363,0,0,0,0,0,0,0,0,4.112275669,0,0,5.425791397,4.729099172,0,6.9758269,9.814130488,0,0,5.425791397,0,0,0,6.9758269,0,9.814130488,4.112275669,4.729099172,0,0,0,-666,11.70492607,9.814130488,0,0,0,0,0,0,0,5.425791397,4.112275669,17.3325,0,18.58763889,0,2.131944444,0,0,0,-2.802083333,0,1,5,0,4,0,0,0,0,0,0,-666,0,4,-666,0,0,0,-666,-0.0645,17.22,0,0,0,0,0,0,0,0,0,0,0,0,0,0,0,2,0,0,0,0,-666,0,0,0,0,0,0,0,0,0,0,0,0,0,0,0,-666,0,0,0,0,0,0,0,0,0,0,0,0,0,0,0,0,0,-666,0,0,0,1,0,0,2,0,0,0,0,0,0,0,0,0,0,0,0,0,0,0,0,0,0,0,0,0,-666,0,0,65,7,14.007,-1.4,7.4,5,3.04,0.001145,209.1,12.8,-0.453214122,-0.43084662,N,6,7,0,2.55,3.04,0,13,5.59,0.954,39.136
528,methyl_phenyl_aminyl,5.459 ,3.998 ,4.123 ,5.494 ,5.711 ,5.587 ,4.558 ,4.360 ,0.386,0.251,0.251,0.247,0.234,0.235,0.164,0.236,0.154,0.26,0.128,0.181,0.249,0.181,0.249,0.18,0.249,0.181,0.249,0.181,0.249,0.18,0.249,0.177,0.255,3.93,4.63,4.57,4.71,1.6,1.71,1.58,1.58,4.12,-0.14,-0.238,7.399074074,-2.728150983,7.399074074,0.536111111,0.515419413,106.148,98.084,106.0656743,41,0,0,0,0,0,-666,-666,-666,1.07E-15,-0.243265028,-2.05E-16,-2.288959268,-1.08E-16,-2.30107496,-2.81E-16,-0.904860794,3.288806511,407.0832131,12.6712084,11.9472136,3.947213595,7.148553027,5.947213595,1.947213595,1.085410197,1.085410197,0.598606798,0.598606798,0.299303399,0.299303399,-0.04,2020.170249,1.513790491,3.079539222,1.47805616,60.64388965,0,0,0,0,0,59.216082,0,0,0,0,0,0,0,0,10.96606845,0,0,5.316788604,0,0,6.9758269,35.95739804,0,0,5.316788604,0,0,0,6.9758269,0,0,10.96606845,35.95739804,0,0,0,-666,42.93322494,0,0,0,0,0,0,0,0,5.316788604,10.96606845,57.33459373,0,0,3.154907407,-0.536111111,0,-2.97523904,0,-2.728150983,0,0.142857143,8,0,1,0,0,0,0,0,0,0,0,1,-666,0,0,0,-666,1.2305,34.421,0,0,0,0,0,0,0,0,0,0,0,0,0,0,0,1,0,0,0,1,0,0,0,0,0,0,5,0,0,0,0,0,0,0,0,0,-666,0,0,0,0,0,0,0,0,0,0,0,0,0,0,0,0,0,-666,0,0,0,0,0,0,0,0,0,0,0,0,0,0,0,0,0,0,0,0,0,0,0,0,0,0,0,0,-666,0,0,65,7,14.007,-1.4,7.4,5,3.04,0.001145,280.1,16.3,-0.364230217,-0.346018874,N,6,6,0,2.55,2.55,0,12,5.1,0.663,43.856
529,methylaminyl,3.143 ,2.555 ,2.665 ,3.156 ,3.233 ,3.189 ,2.796 ,2.713 ,0.819,0.713,0.603,0.591,0.582,0.581,0.482,0.581,0.475,0.615,0.533,0.523,0.608,0.523,0.608,0.519,0.607,0.523,0.608,0.523,0.608,0.519,0.607,0.529,0.62,2.58,2.89,2.86,2.92,1.3,1.32,1.25,1.27,2.66,-0.456,-0.579,6.159722222,-2.416666667,6.159722222,2.270833333,0.354855043,30.05,26.018,30.03437413,13,0,0,0,0,0,-666,-666,-666,-0.069673724,-0.243925857,-0.919607708,-2.125953909,-1.008805191,-2.266804074,-0.36823284,-0.936882191,3.168489873,37.30296891,5.207106781,4.947213595,0.947213595,2.560660172,2.170820393,0.223606798,0,0,0,0,0,0,-0.04,12.16479704,0.073423517,0.96,-27.04,19.75708036,0,0,0,0,0,18.22663687,0,0,0,0,0,0,0,0,5.524117747,0,0,5.726692226,0,0,6.9758269,0,0,0,5.726692226,0,0,0,6.9758269,0,0,4.112275669,0,1.411842078,0,0,-666,6.9758269,0,0,0,0,0,0,0,0,5.726692226,5.524117747,24.39583333,0,0,0,2.270833333,0,0,0,-2.416666667,0,1,2,1,1,0,0,0,0,0,0,0,0,1,-666,0,0,0,-666,-0.1009,9.0207,0,0,0,0,0,0,0,0,0,0,0,0,0,0,0,0,1,0,0,0,0,0,0,0,0,0,0,0,0,0,0,0,0,0,0,0,-666,0,0,0,0,0,0,0,0,0,0,0,0,0,0,0,0,0,-666,0,0,0,0,0,0,0,0,0,0,0,0,0,0,0,0,0,0,0,0,0,0,0,0,0,0,0,0,-666,0,0,65,7,14.007,-1.4,7.4,5,3.04,0.001145,159.1,10.9,-0.38976526,-0.373679422,N,6,1,0,2.55,2.1,0,7,4.65,0.999,18.372
530,methyloxidanyl,5.248 ,3.507 ,3.656 ,3.995 ,5.409 ,3.869 ,3.738 ,3.494 ,0.767,0.662,0.518,0.455,0.446,0.446,0.402,0.449,0.403,0.469,0.385,0.411,0.45,0.48,0.512,0.415,0.454,0.402,0.441,0.483,0.514,0.42,0.46,0.471,0.511,3.88,4.27,4.24,4.32,2.06,2.08,1.99,2.03,3.66,-0.449,-0.497,9.104166667,-3,9.104166667,3,0.358756608,31.034,28.01,31.01838972,13,0,0,0,0,0,-666,-666,-666,0,-0.243023696,-0.180340015,-1.996679743,-0.089926268,-2.117328596,0,-0.961270748,3.023715784,22.36452798,4.5,3.90824829,0.90824829,2,1.704124145,0.204124145,0,0,0,0,0,0,-0.04,3.609640474,0.115188246,0.96,-27.04,17.74839628,0,0,0,0,0,16.25675552,0,0,0,0,0,0,0,0,9.218803063,0,0,0,0,0,7.037952459,0,0,0,0,0,0,0,7.037952459,5.106527395,0,4.112275669,0,0,0,0,-666,7.037952459,0,0,0,0,0,0,0,0,0,9.218803063,17.14583333,0,0,9.104166667,0,0,0,0,0,-3,1,2,0,1,0,0,0,0,0,0,0,0,1,0,0,0,0,-666,0.0467,6.6105,0,0,0,0,0,0,0,0,0,0,0,0,0,0,0,0,0,0,0,0,0,0,0,0,0,0,0,0,0,0,0,0,0,0,0,0,-666,0,0,0,0,0,0,0,0,0,0,0,0,0,0,0,0,0,-666,0,0,0,0,0,0,0,0,0,0,0,0,0,0,0,0,0,0,0,0,0,0,0,0,0,0,0,0,-666,0,0,60,8,15.999,1.4611135,5.3,6,3.44,0.001308,152.1,10.3,-0.418107221,-0.418107219,O,6,0,0,2.55,0,0,6,2.55,0.905,18.377
531,morpholin-3-yl,1.505 ,1.045 ,1.107 ,1.452 ,1.584 ,1.462 ,1.191 ,1.123 ,0.604,0.569,0.407,0.438,0.444,0.436,0.382,0.438,0.369,0.447,0.539,0.444,0.454,0.444,0.455,0.421,0.444,0.445,0.454,0.448,0.457,0.426,0.447,0.399,0.433,1.11,1.31,1.29,1.34,0.47,0.47,0.44,0.43,1.11,-0.278,-0.398,7.139583333,-2.983333333,7.139583333,0.15625,0.4393323,86.114,78.05,86.06058888,35,0,0,0,0,0,-666,-666,-666,-5.36E-18,-0.179855922,-0.185563445,-2.606121739,-0.034248742,-2.762114947,-1.37E-16,-0.995119784,3.08714557,241.4957784,11.36180732,10.85546189,2.855461886,6.022490922,5.302675481,1.355461886,0.641596414,0.641596414,0.305152564,0.305152564,0.144753461,0.144753461,-0.08,604.7088716,0.739560048,2.157216947,0.953692476,48.78947426,0,0,0,0,0,47.18946649,0,0,0,0,0,0,0,0,15.74401493,0,0,5.309813353,0,0,19.61483017,6.520808045,0,0,5.309813353,0,0,0,19.61483017,4.736862954,6.520808045,9.595309893,0,1.411842078,0,0,-666,26.13563822,0,0,5.309813353,0,0,0,0,0,4.736862954,11.00715197,60.81585648,0,0,-0.15625,0,0,0,0,-9.742939815,0,0.75,6,1,2,0,0,0,0,0,0,2,1,2,-666,0,0,0,-666,-0.23201,23.1217,0,0,0,0,0,0,0,0,0,0,0,0,0,0,0,0,1,0,0,0,-666,0,0,0,0,0,0,0,0,0,0,0,0,0,0,0,-666,0,0,0,0,1,0,0,0,0,0,0,0,0,0,0,0,0,-666,0,1,0,0,0,0,0,0,0,0,0,0,0,0,0,0,0,0,0,0,0,0,0,0,0,0,0,0,-666,0,0,70,6,12.011,1.262119,11.3,4,2.55,2.2,238.8,14.3,-0.394483926,-0.265183285,C,6,7,1,2.55,3.04,2.1,14,7.69,0.855,39.958
532,"N,N-dimethylcarbamoyl",3.155 ,2.160 ,2.254 ,2.757 ,3.292 ,2.716 ,2.386 ,2.222 ,0.572,0.804,0.351,0.4,0.44,0.402,0.425,0.404,0.433,0.406,0.397,0.426,0.419,0.383,0.391,0.411,0.406,0.427,0.42,0.385,0.392,0.414,0.408,0.386,0.382,2.24,2.59,2.56,2.63,0.99,1.01,0.95,0.97,2.25,-0.372,-0.346,9.879305556,-2.951388889,9.879305556,0.305555556,0.386376126,72.087,66.039,72.04493881,29,0,0,0,0,0,-666,-666,-666,-2.47E-32,-0.244322203,-4.87E-17,-2.418611134,-7.89E-17,-2.53709959,1.73E-17,-0.995469237,4.557805702,132.8868353,9.28445705,8.355461886,2.355461886,4.692705341,3.874944538,0.874944538,0.42669729,0.42669729,0.091287093,0.091287093,0,0,-0.08,99.86017018,0.768270031,2.175102041,3.92,39.82031403,0,0,0,0,0,38.28074736,0,0,0,0,0,0,0,0,13.01908852,6.410095306,0,4.899909731,0,0,13.9516538,0,0,0,0,0,0,0,25.26165884,4.794537184,0,8.224551337,0,0,0,0,-666,13.9516538,4.794537184,0,4.899909731,0,6.410095306,0,0,0,0,8.224551337,39.48875,0,9.57375,0,0,0,0,0.840277778,-5.902777778,0,0.666666667,5,0,2,0,0,0,0,0,0,-666,0,2,-666,0,0,0,-666,-0.3848,19.3805,0,0,0,0,0,0,0,0,0,0,0,1,0,0,0,1,0,0,0,0,-666,0,0,0,0,0,0,1,0,0,0,0,0,0,0,0,-666,0,0,0,0,0,0,0,0,0,0,0,0,0,0,0,0,0,-666,0,0,0,0,0,0,0,0,0,0,0,0,0,0,0,0,0,0,0,0,0,0,0,0,0,0,0,0,-666,0,0,70,6,12.011,1.262119,11.3,4,2.55,2.2,226.6,13.6,-0.399510697,-0.30011786,C,8,7,0,3.44,3.04,0,15,6.48,0.681,38.018
533,"N,N-dimethylsulfamoyl",6.329 ,4.278 ,4.419 ,5.428 ,6.551 ,5.324 ,4.856 ,4.548 ,0.33,0.268,0.186,0.156,0.18,0.175,0.168,0.177,0.168,0.167,0.226,0.17,0.188,0.148,0.183,0.171,0.189,0.172,0.188,0.147,0.183,0.169,0.188,0.195,0.209,4.74,5.49,5.42,5.57,2.08,2.25,2.03,2.12,4.41,-0.162,-0.172,10.19875,-3.283950617,10.19875,0.541666667,0.479767795,108.142,102.094,108.0119244,37,0,0,0,0,0,-666,-666,-666,1.693458383,-1.762182318,-0.000207661,-2.434865657,-0.115760773,-2.487423168,0.373776898,-1.886996018,4.696501308,138.607525,10.15470054,8.671958467,3.488455048,5.065384141,3.963121115,1.994936153,0.511490165,1.310863697,0.149071198,0.447213595,0,0,0.23,131.4957736,1.351238192,2.41105063,2.466406619,48.52685597,0,0,0,0,0,47.22968709,0,0,0,0,0,0,0,0,17.33005108,11.64276621,0,4.305215991,0,0,13.9516538,0,0,0,0,0,0,11.64276621,18.25686979,9.105499747,0,8.224551337,0,0,0,0,-666,29.899636,9.105499747,0,0,0,0,0,0,0,0,8.224551337,59.34375,-3.283950617,0,0,0,0,0,0,-6.33757716,0,1,6,0,3,0,0,0,0,0,0,1,0,4,-666,0,0,0,-666,0.4229,22.651,0,0,0,0,0,0,0,0,0,0,0,0,0,0,0,1,0,0,0,0,-666,0,0,0,0,0,0,0,0,0,0,0,0,0,0,0,-666,0,0,0,0,0,0,0,0,0,0,0,0,0,0,0,0,0,-666,0,0,0,0,0,0,0,0,0,0,0,0,0,0,0,0,0,0,0,0,0,0,0,0,0,0,0,0,-666,0,0,100,16,32.06,2.07710403,19.4,6,2.58,2.07,249.4,15.4,-0.423569815,-0.372888828,S,8,8,7,3.44,3.44,3.04,23,9.92,0.34,46.081
534,N-_benzenesulfonyl_benzenesulfonamido,11.280 ,8.542 ,8.946 ,10.300 ,11.712 ,10.227 ,9.006 ,8.509 ,0.547,0.419,0.065,0.046,0.055,0.022,0.039,0.034,0.047,0.048,0.046,0.065,0.031,0.058,0.023,0.07,0.036,0.066,0.031,0.057,0.022,0.068,0.034,0.082,0.052,8.93,10.5,10.36,10.68,3.81,4.07,3.75,3.84,8.93,-0.052,-0.044,12.47096167,-5.455844317,12.47096167,0.923679185,0.852816398,296.349,286.269,296.0051248,99,0,0,0,0,0,-666,-666,-666,12.97639594,-0.09414885,0.521013073,-2.256283026,0.567961976,-2.292439288,2.51906189,-0.450566072,2.686725037,1128.006159,22.63531001,18.89670334,10.5296965,13.05795974,9.440063329,7.320189986,2.932916569,6.245963304,1.666283388,4.676360501,0.938733793,3.288509141,0.5,860586.6954,7.174281107,6.510341856,4.231568998,125.7254528,0,0,0,0,0,125.0481535,0,0,0,0,0,0,0,0,30.54317953,20.04658231,0,4.127401125,0,0,0,70.33099049,0,0,4.127401125,0,0,0,16.83559397,20.04658231,0,13.70758556,70.33099049,0,0,0,-666,90.37757279,16.83559397,0,0,0,0,0,0,0,4.127401125,13.70758556,127.6360322,0,-2.862144852,0,0,0,-11.02886535,0,0,-10.91168863,0,19,0,5,0,0,0,0,0,0,-666,0,7,-666,0,0,0,-666,1.2702,72.6996,0,0,0,0,0,0,0,0,0,0,0,0,0,0,0,1,0,0,0,0,0,0,0,0,0,0,10,0,0,0,0,0,0,0,0,0,-666,0,0,0,0,0,0,0,0,0,0,0,0,0,0,0,0,0,-666,0,0,0,0,0,0,0,0,0,0,0,0,0,0,0,0,0,0,0,0,0,2,0,0,0,0,0,0,-666,0,0,65,7,14.007,-1.4,7.4,5,3.04,0.001145,460.9,20.5,-0.412910348,-0.409407696,N,16,16,0,2.58,2.58,0,32,5.16,0.831,66.776
535,N-butyl-4-methylbenzenesulfonamido,5.320 ,4.087 ,4.228 ,4.979 ,5.467 ,4.940 ,4.505 ,4.301 ,0.623,0.444,0.285,0.216,0.311,0.222,0.182,0.205,0.165,0.345,0.214,0.282,0.336,0.28,0.332,0.274,0.326,0.282,0.336,0.281,0.333,0.277,0.329,0.273,0.324,4.34,4.88,4.84,4.94,2.19,2.37,2.14,2.21,4.22,-0.152,-0.192,12.59449783,-5.614490741,12.59449783,1.112476489,0.721695668,226.321,210.193,226.0901748,83,0,0,0,0,0,-666,-666,-666,1.638297557,-2.225324756,-0.041518932,-2.585911866,-3.08E-33,-2.545056909,0.745590843,-2.261066723,3.668179045,964.504146,25.1712084,23.17195847,7.988455048,13.34385813,11.44363846,4.883701791,2.132280977,3.673236133,1.144240224,2.195917273,0.586513658,1.203639276,0.23,761786.7442,3.162028173,6.08601226,4.307039838,114.104198,0,0,0,0,0,112.7283417,0,0,0,0,0,0,0,0,30.34993388,10.02329115,0,4.722094864,0,26.44963404,6.496859684,34.68652803,0,0,4.722094864,0,0,0,14.91465667,10.02329115,0,48.38177094,34.68652803,0,0,0,-666,77.6563129,8.417796984,0,0,0,0,0,0,0,4.722094864,21.9321369,146.8967002,0,-1.57905565,0,-1.112476489,0,-5.412526612,-8.016554023,-10.99493003,-5.614490741,0.454545455,15,0,3,0,0,0,0,0,0,-666,0,4,-666,0,0,0,-666,2.1207,61.8088,0,0,0,0,0,0,0,0,0,0,0,0,0,0,0,1,0,0,0,0,0,0,0,0,0,0,5,0,0,0,0,0,0,0,0,0,-666,0,0,0,0,0,0,0,0,0,0,0,0,0,0,0,0,0,-666,0,0,0,0,0,0,0,0,0,0,0,0,0,0,0,0,0,0,0,0,0,1,0,0,0,0,0,0,-666,0,0,65,7,14.007,-1.4,7.4,5,3.04,0.001145,449.5,18.1,-0.400045745,-0.392144542,N,6,16,0,2.55,2.58,0,22,5.13,0.911,58.165
536,N-butyltrifluoromethanesulfonamido,6.286 ,4.896 ,5.062 ,5.943 ,6.441 ,5.909 ,5.426 ,5.212 ,0.616,0.448,0.281,0.254,0.296,0.247,0.202,0.24,0.193,0.328,0.212,0.269,0.317,0.268,0.314,0.262,0.31,0.268,0.316,0.268,0.314,0.265,0.312,0.268,0.317,5.16,5.72,5.67,5.78,2.76,2.99,2.7,2.78,5.06,-0.161,-0.209,12.10673765,-6.484675926,12.10673765,1.679097222,0.646657708,204.193,195.121,204.0306092,73,0,0,0,0,0,-666,-666,-666,11.68950918,-2.083546016,2.50E-17,-2.585481669,2.81E-17,-2.582923707,0.86377361,-2.121896726,5.832416794,496.4929628,17.70710678,14.30585189,6.122348467,8.707106781,6.760585172,3.7006485,1.373897571,2.969514486,0.576716462,1.493345987,0.162617113,0.431949639,0.02,6262.429976,3.641996385,4.311138885,3.613607104,81.65099827,0,0,0,0,0,80.27418726,0,0,0,0,0,0,0,0,33.92586913,10.02329115,0,4.722094864,0,25.10607242,6.496859684,0,0,0,4.722094864,13.17124514,0,0,20.42298717,10.02329115,0,31.93456893,0,0,0,0,-666,41.62622326,21.58904213,0,0,0,0,0,4.722094864,0,0,12.33682701,121.9693653,0,0,0,-6.038564697,0,0,-8.196737528,-8.082720498,-6.484675926,1,12,0,3,0,0,0,0,0,0,-666,0,7,-666,0,0,0,-666,1.2405,36.8838,0,0,0,0,0,0,0,0,0,0,0,0,0,0,0,1,0,0,0,0,0,0,0,0,0,3,0,0,0,0,0,0,0,0,0,0,-666,0,0,0,0,0,0,0,3,0,0,0,0,0,0,0,0,0,-666,0,0,0,0,0,0,0,0,0,0,0,0,0,0,0,0,0,0,0,0,0,1,0,0,0,0,0,0,-666,0,0,65,7,14.007,-1.4,7.4,5,3.04,0.001145,363.9,16.4,-0.443006143,-0.429576709,N,6,16,0,2.55,2.58,0,22,5.13,0.888,58.901
537,N-methyl-4-methylbenzenesulfonamido,5.444 ,4.216 ,4.378 ,5.129 ,5.592 ,5.105 ,4.632 ,4.433 ,0.651,0.523,0.304,0.237,0.366,0.249,0.214,0.224,0.192,0.408,0.279,0.345,0.403,0.339,0.397,0.331,0.387,0.347,0.404,0.341,0.399,0.333,0.39,0.324,0.381,4.44,5,4.95,5.06,2.18,2.37,2.14,2.22,4.37,-0.166,-0.2,11.8809349,-5.02275463,11.8809349,0.948765117,0.685769632,184.24,174.16,184.0432246,65,0,0,0,0,0,-666,-666,-666,10.90344103,-0.245827692,-5.45E-17,-2.335838037,0,-2.373504891,0.7764,-0.946601492,3.663205166,693.4186198,17.6712084,15.67195847,6.488455048,9.593858127,7.693638462,4.133701791,1.770477578,3.311432734,0.980194978,1.940584934,0.475651463,0.926954388,0.23,18393.69876,3.121095404,3.958771808,2.356787724,86.57954866,0,0,0,0,0,85.38501561,0,0,0,0,0,0,0,0,22.12538255,10.02329115,0,4.722094864,0,6.851892117,6.9758269,34.68652803,0,0,4.722094864,0,0,0,15.39362388,10.02329115,0,20.55947768,34.68652803,0,0,0,-666,58.5375382,8.417796984,0,0,0,0,0,0,0,4.722094864,13.70758556,98.4566095,0,-1.271643519,0,-0.948765117,0,-4.526959562,0,-6.269820011,-5.02275463,0.25,12,0,3,0,0,0,0,0,0,-666,0,4,-666,0,0,0,-666,0.9504,47.9578,0,0,0,0,0,0,0,0,0,0,0,0,0,0,0,1,0,0,0,0,0,0,0,0,0,0,5,0,0,0,0,0,0,0,0,0,-666,0,0,0,0,0,0,0,0,0,0,0,0,0,0,0,0,0,-666,0,0,0,0,0,0,0,0,0,0,0,0,0,0,0,0,0,0,0,0,0,1,0,0,0,0,0,0,-666,0,0,65,7,14.007,-1.4,7.4,5,3.04,0.001145,366.1,17.9,-0.404073873,-0.39852452,N,6,16,0,2.55,2.58,0,22,5.13,0.901,49.574
538,N-methyl-4-nitrobenzenesulfonamido,5.703 ,4.490 ,4.655 ,5.389 ,5.839 ,5.365 ,4.934 ,4.749 ,0.647,0.518,0.326,0.278,0.375,0.289,0.245,0.263,0.222,0.417,0.289,0.348,0.407,0.342,0.402,0.339,0.399,0.349,0.409,0.343,0.403,0.34,0.4,0.335,0.397,4.74,5.23,5.19,5.29,2.62,2.81,2.56,2.63,4.65,-0.173,-0.212,11.77187878,-5.041887283,11.77187878,1.196382157,0.542347269,215.21,208.154,215.0126527,75,0,0,0,0,0,-666,-666,-666,13.54399732,-0.243246297,0.005481428,-2.238333066,0.140664572,-2.370605836,2.83958812,-0.902512896,3.66806348,748.3337377,16.74855867,13.43566864,7.252165224,9.293216864,6.532393632,4.47245696,2.001194161,3.542149317,1.149572563,2.109962518,0.560340255,1.01164318,0.11,14437.22538,5.441967334,4.754083844,2.798803253,90.04926831,0,0,0,0,0,88.97900947,0,0,0,0,0,0,0,0,18.01310688,10.02329115,0,4.722094864,4.620096379,0,6.9758269,44.6245933,0,0,4.722094864,0,0,0,15.39362388,10.02329115,9.814130488,9.595309893,39.43055919,0,0,0,-666,56.42967724,18.23192747,0,0,0,0,0,0,0,4.722094864,9.595309893,74.6052812,0,20.02548296,0,-1.210339191,0,-4.924042895,0,-3.287828129,-5.041887283,0.142857143,14,0,6,0,0,0,0,0,0,-666,0,7,-666,0,0,0,-666,0.6879,51.4458,0,0,0,0,0,0,0,0,0,0,0,0,0,0,0,2,0,0,0,0,-666,0,0,0,0,0,4,0,0,0,0,0,0,0,0,0,-666,0,0,0,0,0,0,0,0,0,0,0,0,0,0,0,0,0,-666,0,0,0,1,0,0,2,0,0,0,0,0,0,0,0,0,0,0,0,0,0,1,0,0,0,0,0,0,-666,0,0,65,7,14.007,-1.4,7.4,5,3.04,0.001145,377.6,18.3,-0.427317496,-0.420791273,N,6,16,0,2.55,2.58,0,22,5.13,0.897,49.764
539,N-methylacetamidyl,5.049 ,3.812 ,3.939 ,4.633 ,5.197 ,4.612 ,4.174 ,3.990 ,0.593,0.455,0.43,0.412,0.421,0.404,0.312,0.399,0.304,0.459,0.304,0.353,0.449,0.345,0.44,0.349,0.447,0.355,0.45,0.346,0.441,0.348,0.446,0.346,0.448,3.95,4.42,4.38,4.47,1.99,2.09,1.94,1.98,3.94,-0.269,-0.368,10.39104167,-2.95,10.39104167,1.585648148,0.38850634,72.087,66.039,72.04493881,29,0,0,0,0,0,-666,-666,-666,8.73E-18,-0.245938474,-1.91E-17,-2.232864036,-1.87E-16,-2.404377201,-7.71E-33,-0.933229518,4.107833962,156.1907808,9.28445705,8.355461886,2.355461886,4.627827085,3.901337741,0.901337741,0.416955963,0.416955963,0.101545246,0.101545246,0,0,-0.08,95.43558191,0.768270031,2.175102041,3.92,39.61034254,0,0,0,0,0,38.07077587,0,0,0,0,0,0,0,0,13.01908852,5.907179729,0,5.316788604,0,6.851892117,6.9758269,0,0,0,5.316788604,0,0,0,12.88300663,4.794537184,0,15.07644345,0,0,0,0,-666,19.73489875,4.794537184,0,0,0,0,0,0,0,5.316788604,8.224551337,38.68777778,0,10.39104167,2.479166667,0,-1.585648148,0,0,-5.805671296,0,0.666666667,5,0,2,0,0,0,0,0,0,-666,0,2,-666,0,0,0,-666,-0.2329,18.739,0,0,0,0,0,0,0,0,0,0,1,1,0,0,0,1,0,0,0,0,0,0,0,0,0,0,0,1,0,0,0,0,0,0,0,0,-666,0,0,0,0,0,0,0,0,0,0,0,0,0,0,0,0,0,-666,0,0,0,0,0,0,0,0,0,0,0,0,0,0,0,0,0,0,0,0,0,0,0,0,0,0,0,0,-666,0,0,65,7,14.007,-1.4,7.4,5,3.04,0.001145,230.5,13.5,-0.399520326,-0.394751143,N,6,6,0,2.55,2.55,0,12,5.1,0.864,42.505
540,N-methylformamidyl,6.622 ,4.890 ,5.055 ,5.900 ,6.842 ,5.838 ,5.278 ,5.001 ,0.505,0.347,0.41,0.402,0.399,0.391,0.282,0.388,0.276,0.433,0.268,0.314,0.421,0.312,0.415,0.309,0.419,0.314,0.421,0.312,0.415,0.31,0.419,0.312,0.425,5.11,5.76,5.71,5.83,2.47,2.55,2.42,2.45,5.05,-0.252,-0.377,9.599375,-2.640046296,9.599375,1.412037037,0.369435738,58.06,54.028,58.02928875,23,0,0,0,0,0,-666,-666,-666,-4.79E-19,-0.243203155,-0.094331717,-2.145264415,-0.092604912,-2.344255924,4.27E-20,-0.904957538,3.551252924,96.70165767,6.78445705,5.855461886,1.855461886,3.416502219,2.651337741,0.651337741,0.203090492,0.203090492,0.045643546,0.045643546,0,0,-0.08,23.0053905,0.69797454,2.92,1.92,30.43545943,0,0,0,0,0,28.95633386,0,0,0,0,0,0,0,0,10.27757141,6.386146945,0,5.316788604,0,0,6.9758269,0,0,0,5.316788604,0,0,0,13.36197385,4.794537184,0,5.483034225,0,0,0,0,-666,13.36197385,4.794537184,0,0,0,0,0,0,0,5.316788604,5.483034225,24.931875,0,9.599375,2.4375,0,0,0,-1.412037037,-2.640046296,0,0.5,4,0,2,0,0,0,0,0,0,-666,0,2,-666,0,0,0,-666,-0.623,14.122,0,0,0,0,0,0,0,0,0,0,1,1,0,0,0,1,0,0,0,0,0,0,0,0,0,0,0,1,0,0,0,0,0,0,0,0,-666,0,0,0,0,0,0,0,0,0,0,0,0,0,0,0,0,0,-666,0,0,0,0,0,0,0,0,0,0,0,0,0,0,0,0,0,0,0,0,0,0,0,0,0,0,0,0,-666,0,0,65,7,14.007,-1.4,7.4,5,3.04,0.001145,199.9,12.8,-0.412996105,-0.412650431,N,6,6,0,2.55,2.55,0,12,5.1,0.752,36.445
541,N-methylmethanesulfonamido,5.276 ,4.076 ,4.213 ,4.931 ,5.406 ,4.882 ,4.502 ,4.303 ,0.644,0.494,0.342,0.351,0.361,0.337,0.277,0.334,0.27,0.407,0.277,0.335,0.395,0.333,0.393,0.326,0.387,0.335,0.395,0.335,0.394,0.329,0.389,0.326,0.385,4.36,4.85,4.81,4.91,2.26,2.43,2.22,2.27,4.21,-0.229,-0.293,10.57854167,-4.892939815,10.57854167,2.222222222,0.440349836,108.142,102.094,108.0119244,37,0,0,0,0,0,-666,-666,-666,2.45E-15,-0.245386489,-1.39E-17,-2.247053236,-3.36E-17,-2.450841777,2.79E-16,-0.904861898,4.704156263,247.7021006,10.20710678,8.671958467,3.488455048,4.957106781,3.943638462,2.383701791,0.566353433,1.699060298,0.120179146,0.360537437,0,0,0.23,122.8917964,1.351238192,1.790217627,4.23,45.84465422,0,0,0,0,0,44.54748534,0,0,0,0,0,0,0,0,16.64234832,10.02329115,0,4.722094864,0,0,13.159751,0,0,0,4.722094864,0,0,0,21.57754799,10.02329115,0,8.224551337,0,0,0,0,-666,23.18304215,8.417796984,0,0,0,0,0,0,0,4.722094864,8.224551337,61.84270833,0,0,0,0,0,0,-3.401388889,-3.131712963,-4.892939815,1,6,0,3,0,0,0,0,0,0,-666,0,4,-666,0,0,0,-666,-0.8198,22.9018,0,0,0,0,0,0,0,0,0,0,0,0,0,0,0,1,0,0,0,0,0,0,0,0,0,0,0,0,0,0,0,0,0,0,0,0,-666,0,0,0,0,0,0,0,0,0,0,0,0,0,0,0,0,0,-666,0,0,0,0,0,0,0,0,0,0,0,0,0,0,0,0,0,0,0,0,0,1,0,0,0,0,0,0,-666,0,0,65,7,14.007,-1.4,7.4,5,3.04,0.001145,249.8,15.7,-0.416891682,-0.40990388,N,6,16,0,2.55,2.58,0,22,5.13,0.903,46.258
542,N-methyltrifluoromethanesulfonamido,6.235 ,4.889 ,5.052 ,5.931 ,6.385 ,5.909 ,5.417 ,5.216 ,0.642,0.5,0.361,0.358,0.368,0.345,0.285,0.341,0.279,0.41,0.285,0.333,0.396,0.328,0.39,0.329,0.393,0.335,0.398,0.328,0.39,0.328,0.392,0.325,0.39,5.1,5.64,5.6,5.7,2.77,2.98,2.72,2.78,5.05,-0.243,-0.308,11.43203704,-5.892939815,11.43203704,1.659722222,0.547367457,162.112,159.088,161.983659,55,0,0,0,0,0,-666,-666,-666,18.997,-0.243194573,1.30E-17,-2.178779146,0.4192,-2.42157833,1.643853362,-0.902601542,4.704156263,253.7021006,10.20710678,6.805851886,4.622348467,4.957106781,3.010585172,2.9506485,1.012094172,2.607711087,0.412671216,1.238013648,0.051754917,0.155264751,0.02,122.8917964,4.777405279,2.331452781,2.011677764,54.12634893,0,0,0,0,0,52.93086122,0,0,0,0,0,0,0,0,25.7013178,10.02329115,0,4.722094864,0,5.508330501,6.9758269,0,0,0,4.722094864,13.17124514,0,0,20.90195439,10.02329115,0,4.112275669,0,0,0,0,-666,22.50744855,21.58904213,0,0,0,0,0,4.722094864,0,0,4.112275669,74.45270833,0,0,0,-5.651388889,0,0,0,-3.491712963,-5.892939815,1,9,0,3,0,0,0,0,0,0,-666,0,7,-666,0,0,0,-666,0.0702,23.0328,0,0,0,0,0,0,0,0,0,0,0,0,0,0,0,1,0,0,0,0,0,0,0,0,0,3,0,0,0,0,0,0,0,0,0,0,-666,0,0,0,0,0,0,0,3,0,0,0,0,0,0,0,0,0,-666,0,0,0,0,0,0,0,0,0,0,0,0,0,0,0,0,0,0,0,0,0,1,0,0,0,0,0,0,-666,0,0,65,7,14.007,-1.4,7.4,5,3.04,0.001145,279.8,15.6,-0.454732759,-0.446495547,N,6,16,0,2.55,2.58,0,22,5.13,0.885,51.167
543,nonafluorobutyl,4.393 ,3.652 ,3.847 ,4.407 ,4.491 ,4.443 ,4.008 ,3.915 ,0.681,0.652,0.365,0.393,0.444,0.398,0.307,0.393,0.302,0.424,0.332,0.331,0.431,0.331,0.431,0.319,0.42,0.332,0.432,0.333,0.433,0.321,0.422,0.302,0.403,3.71,4.06,4.03,4.1,2.1,2.21,2.02,2.07,3.84,-0.237,-0.33,11.58333333,-6.765046296,11.58333333,4.282569444,0.625005403,219.026,219.026,218.985629,79,0,0,0,0,0,-666,-666,-666,19.43270078,10.15129594,2.770631278,-2.257431711,2.506395484,-2.529347307,4.995505634,-0.359718542,5.039847129,176.5439481,11.07735027,5.401680257,5.401680257,5.443375673,2.450840129,2.450840129,1.906955966,1.906955966,0.987710032,0.987710032,0.296685326,0.296685326,-0.63,260.6586159,12.37,2.946699975,1.827772849,65.323896,0,0,0,0,0,63.96053703,0,0,0,0,0,0,0,0,39.51373543,0,0,0,0,18.02135685,0,6.425444745,0,0,0,39.51373543,0,0,18.02135685,0,6.425444745,0,0,0,0,0,0,24.4468016,39.51373543,0,0,0,0,0,0,0,0,0,101.6813657,0,0,0,0,-13.25983796,0,-11.00486111,0,0,0.75,13,0,0,0,0,0,0,0,0,0,0,9,-666,0,0,0,-666,3.24779,21.408,0,0,0,0,0,0,0,0,0,0,0,0,0,0,0,0,0,0,0,0,0,0,0,0,0,7,0,0,0,0,0,0,0,0,0,0,-666,0,0,0,0,0,0,0,9,0,0,0,0,0,0,0,0,0,-666,0,0,0,0,0,0,0,0,0,0,0,0,0,0,0,0,0,0,0,0,0,0,0,0,0,0,0,0,-666,0,0,70,6,12.011,1.262119,11.3,4,2.55,2.2,289.3,14.1,-0.53786648,-0.460481055,C,6,9,9,2.55,3.98,3.98,24,10.51,0.872,53.437
544,nonyl,2.333 ,1.792 ,1.870 ,2.347 ,2.433 ,2.384 ,1.972 ,1.893 ,0.882,0.796,0.649,0.676,0.689,0.677,0.545,0.672,0.52,0.706,0.861,0.677,0.711,0.677,0.711,0.657,0.702,0.679,0.712,0.68,0.712,0.661,0.704,0.629,0.69,1.74,2.01,1.99,2.04,0.8,0.82,0.77,0.78,1.87,-0.385,-0.575,7.736342593,-4.366666667,7.736342593,1.806881653,0.478380304,127.251,108.099,127.1486756,55,0,0,0,0,0,-666,-666,-666,-0.128531341,-0.247712434,-0.762770289,-2.703556772,-0.719654783,-2.551352085,-0.403348629,-1.160576485,6.722418464,564.4435999,23.57735027,23.5,4.5,11.69337567,11.5,2,0.875,0.875,0.375,0.375,0.15625,0.15625,0,136068.7665,0.790123457,8,8,86.35322745,0,0,0,0,0,84.38261947,0,0,0,0,0,0,0,0,26.04441257,0,0,0,0,51.46236643,0,6.875840478,0,0,0,0,0,0,0,0,6.875840478,77.50677899,0,0,0,0,0,58.3382069,0,0,0,0,0,0,0,0,0,26.04441257,141.5014744,0,0,0,0,0,0,-29.21202405,-5.62278367,0,0.888888889,9,0,0,0,0,0,0,0,0,0,0,0,-666,0,0,0,-666,3.57109,43.35,0,0,0,0,0,0,0,0,0,0,0,0,0,0,0,0,0,0,0,0,0,0,0,0,0,0,0,0,0,0,0,0,0,0,0,0,-666,0,0,0,0,0,0,0,0,0,0,0,0,0,0,0,0,0,-666,0,0,0,0,0,0,0,0,0,0,0,0,0,0,0,0,0,0,0,0,0,0,0,0,0,0,0,0,-666,0,0,70,6,12.011,1.262119,11.3,4,2.55,2.2,385.5,15.1,-0.416215181,-0.302863592,C,6,1,1,2.55,2.1,2.1,8,6.75,1.066,23.951
545,N-pentyl-4-methylbenzenesulfonamido,5.514 ,4.234 ,4.382 ,5.191 ,5.669 ,5.167 ,4.678 ,4.475 ,0.65,0.499,0.317,0.24,0.357,0.252,0.212,0.227,0.189,0.397,0.269,0.334,0.391,0.327,0.385,0.325,0.38,0.336,0.392,0.328,0.387,0.325,0.382,0.318,0.376,4.44,5.01,4.96,5.07,2.22,2.42,2.18,2.25,4.37,-0.167,-0.204,12.72716565,-5.729366378,12.72716565,1.150929198,0.717133269,240.348,222.204,240.1058248,89,0,0,0,0,0,-666,-666,-666,4.93E-16,-0.248439393,-1.08E-16,-2.623395998,-1.42E-16,-2.573047256,2.17E-17,-1.13547647,3.706075146,1057.472446,27.6712084,25.67195847,8.488455048,14.59385813,12.69363846,5.133701791,2.257280977,3.798236133,1.206740224,2.258417273,0.617763658,1.234889276,0.23,2588956.74,3.212954151,6.842419791,4.615578789,123.2790811,0,0,0,0,0,121.8427837,0,0,0,0,0,0,0,0,33.091451,10.02329115,0,4.722094864,0,32.82255894,6.496859684,34.68652803,0,0,4.722094864,0,0,0,14.91465667,10.02329115,0,57.49621295,34.68652803,0,0,0,-666,84.0292378,8.417796984,0,0,0,0,0,0,0,4.722094864,24.67365401,163.4067374,0,-1.64391869,0,-1.150929198,0,-5.610223276,-12.57285187,-11.28278132,-5.729366378,0.5,16,0,3,0,0,0,0,0,0,-666,0,4,-666,0,0,0,-666,2.5108,66.4258,0,0,0,0,0,0,0,0,0,0,0,0,0,0,0,1,0,0,0,0,0,0,0,0,0,0,5,0,0,0,0,0,0,0,0,0,-666,0,0,0,0,0,0,0,0,0,0,0,0,0,0,0,0,0,-666,0,0,0,0,0,0,0,0,0,0,0,0,0,0,0,0,0,0,0,0,0,1,0,0,0,0,0,0,-666,0,0,65,7,14.007,-1.4,7.4,5,3.04,0.001145,492.2,17.8,-0.399590958,-0.391722868,N,6,16,0,2.55,2.58,0,22,5.13,0.911,55.85
546,N-phenyl-4-methylbenzenesulfonamido,8.641 ,6.025 ,6.142 ,8.268 ,9.067 ,8.309 ,6.878 ,6.493 ,0.312,0.237,0.215,0.184,0.183,0.177,0.145,0.178,0.139,0.2,0.126,0.156,0.194,0.156,0.194,0.157,0.198,0.156,0.194,0.155,0.193,0.157,0.197,0.159,0.209,6.01,7.16,7.06,7.29,2.46,2.69,2.44,2.48,6.13,-0.116,-0.165,12.6706935,-5.114861111,12.6706935,0.789233261,0.835427349,246.311,234.215,246.0588746,87,0,0,0,0,0,-666,-666,-666,11.2062904,-0.243527388,-1.06E-22,-2.333280316,0.048862494,-2.245400942,2.145888177,-0.946558009,2.70426794,1095.596597,22.63531001,20.17195847,8.988455048,13.03530437,10.19363846,5.633701791,2.744084376,4.285039532,1.55828547,2.701249611,0.884875854,1.667824164,0.23,834163.4539,4.966449488,5.914034116,3.846543864,118.13956,0,0,0,0,0,117.1081039,0,0,0,0,0,0,0,0,24.86689966,10.02329115,0,4.722094864,0,6.851892117,0,70.64392607,0,0,4.722094864,0,0,0,8.417796984,10.02329115,0,23.30099479,70.64392607,0,0,0,-666,87.51910934,8.417796984,0,0,0,0,0,0,0,4.722094864,16.44910267,119.597234,0,-1.271008125,0,-1.956464642,0,-9.038724772,0,-3.049508643,-5.114861111,0.076923077,17,0,3,0,0,0,0,0,0,-666,0,4,-666,0,0,0,-666,2.3305,68.3968,0,0,0,0,0,0,0,0,0,0,0,0,0,0,0,1,0,0,0,0,0,0,0,0,0,0,10,0,0,0,0,0,0,0,0,0,-666,0,0,0,0,0,0,0,0,0,0,0,0,0,0,0,0,0,-666,0,0,0,0,0,0,0,0,0,0,0,0,0,0,0,0,0,0,0,0,0,1,0,0,0,0,0,0,-666,0,0,65,7,14.007,-1.4,7.4,5,3.04,0.001145,453.2,19.2,-0.391068714,-0.378017928,N,6,16,0,2.55,2.58,0,22,5.13,0.502,60.727
547,N-phenylbenzamidyl,8.053 ,5.635 ,5.756 ,7.632 ,8.454 ,7.688 ,6.363 ,6.019 ,0.302,0.192,0.22,0.188,0.188,0.181,0.133,0.182,0.124,0.204,0.109,0.139,0.197,0.138,0.196,0.141,0.201,0.139,0.197,0.138,0.195,0.14,0.2,0.137,0.209,5.57,6.61,6.52,6.73,2.32,2.5,2.31,2.31,5.74,-0.104,-0.176,12.31291289,-1.295804989,12.31291289,0.662770348,0.726143306,196.229,186.149,196.0762389,73,0,0,0,0,0,-666,-666,-666,11.20954437,-0.094149662,0.509959763,-2.261923349,0.557474405,-2.217158603,2.659903108,-0.446465898,2.52188026,875.466243,19.21266028,17.35546189,7.355461886,11.50068288,8.901337741,3.901337741,2.390562761,2.390562761,1.414017515,1.414017515,0.81368308,0.81368308,-0.08,214085.0526,4.303058985,5.855791358,3.456761334,102.7303652,0,0,0,0,0,101.5169524,0,0,0,0,0,0,0,0,18.50212275,5.907179729,0,5.316788604,0,0,0,71.7908613,0,0,5.316788604,0,0,0,5.907179729,4.794537184,0,13.70758556,71.7908613,0,0,0,-666,77.69804103,4.794537184,0,0,0,0,0,0,0,5.316788604,13.70758556,75.88250372,0,12.31291289,3.419554044,-1.402201436,-1.295804989,-7.250297561,0,0,0,0,15,0,2,0,0,0,0,0,0,-666,0,2,-666,0,0,0,-666,2.1797,59.867,0,0,0,0,0,0,0,0,0,0,1,1,0,0,0,1,0,0,0,0,0,0,0,0,0,0,9,1,0,0,0,0,0,0,0,0,-666,0,0,0,0,0,0,0,0,0,0,0,0,0,0,0,0,0,-666,0,0,0,0,0,0,0,0,0,0,0,0,0,0,0,0,0,0,0,0,0,0,0,0,0,0,0,0,-666,0,0,65,7,14.007,-1.4,7.4,5,3.04,0.001145,403.6,18.5,-0.379581356,-0.372264919,N,6,6,0,2.55,2.55,0,12,5.1,0.526,57.602
548,N-tert-butylphenylamidyl,5.149 ,3.951 ,4.080 ,4.755 ,5.298 ,4.744 ,4.292 ,4.124 ,0.563,0.332,0.303,0.245,0.326,0.253,0.18,0.238,0.162,0.349,0.185,0.251,0.349,0.245,0.342,0.245,0.339,0.252,0.35,0.246,0.343,0.245,0.341,0.236,0.332,4.09,4.57,4.53,4.62,2.08,2.22,2.05,2.09,4.07,-0.139,-0.213,12.47315429,-3.854186154,12.47315429,0.851594978,0.645162965,176.239,162.127,176.1075391,69,0,0,0,0,0,-666,-666,-666,2.86E-16,-0.244322203,-1.18E-16,-2.600524397,-5.86E-17,-2.645528287,1.47E-16,-1.090275681,3.695316208,704.9470458,21.74855867,20.35546189,6.355461886,11.80923663,10.15133774,3.151337741,2.12736616,2.12736616,0.983115816,0.983115816,0.565152304,0.565152304,-0.08,177621.2856,2.533173367,4.426347656,4.097310553,98.69500321,0,0,0,0,0,97.13719017,0,0,0,0,0,0,0,0,23.98515697,5.907179729,0,5.316788604,0,26.0946016,0,35.83346326,0,0,5.316788604,0,0,0,11.44610498,4.794537184,0,39.74629614,35.83346326,0,0,0,-666,67.83524459,4.794537184,0,0,0,0,0,0,0,5.316788604,19.19061979,104.3628632,0,12.47315429,2.931313303,-4.976292635,-1.85150463,-4.875527329,0,-11.3973395,0,0.363636364,13,0,2,0,0,0,0,0,0,-666,0,2,-666,0,0,0,-666,1.9683,53.257,0,0,0,0,0,0,0,0,0,0,1,1,0,0,0,1,0,0,0,0,0,0,0,0,0,0,4,1,0,0,0,0,0,0,0,0,-666,0,0,0,0,0,0,0,0,0,0,0,0,0,0,0,0,0,-666,0,0,0,0,0,0,0,0,0,0,0,0,0,0,0,0,0,0,0,0,0,0,0,0,0,0,0,0,-666,0,0,65,7,14.007,-1.4,7.4,5,3.04,0.001145,384.5,17.3,-0.382268485,-0.377957444,N,6,6,0,2.55,2.55,0,12,5.1,0.911,64.414
549,N-trifluoromethanesulfonyltrifluoromethanesulfonamido,10.552 ,8.154 ,8.413 ,9.698 ,10.794 ,9.576 ,8.975 ,8.586 ,0.573,0.43,0.193,0.193,0.209,0.181,0.179,0.183,0.178,0.239,0.196,0.24,0.233,0.229,0.219,0.23,0.225,0.241,0.235,0.231,0.221,0.231,0.226,0.223,0.219,8.62,9.59,9.51,9.7,4.51,4.97,4.46,4.59,8.4,-0.141,-0.157,11.43842593,-6.721527778,11.43842593,0.777777778,0.680589382,280.147,280.147,279.9172938,91,0,0,0,0,0,-666,-666,-666,32.28904246,11.55699902,2.566049528,-2.086772538,2.281782383,-2.402948953,8.048273782,-0.047770739,5.284512596,384.7328028,12.70710678,6.164490176,7.797483338,6.207106781,2.573956748,5.454083405,1.916149757,5.33852001,0.781235864,3.521217931,0.213697787,1.923280081,0.08,484.0282471,15.08,3.829685218,3.543427556,79.16881953,0,0,0,0,0,78.36872869,0,0,0,0,0,0,0,0,43.17808425,20.04658231,0,4.127401125,0,11.016661,0,0,0,0,4.127401125,26.34249029,0,0,27.85225497,20.04658231,0,0,0,0,0,0,-666,31.06324331,43.17808425,0,0,0,4.127401125,0,0,0,0,0,109.1825,0,0,0,-12.40611111,0,0,0,0,-13.44305556,1,15,0,5,0,0,0,0,0,0,-666,0,13,-666,0,0,0,-666,0.29,32.0836,0,0,0,0,0,0,0,0,0,0,0,0,0,0,0,1,0,0,0,0,0,0,0,0,0,6,0,0,0,0,0,0,0,0,0,0,-666,0,0,0,0,0,0,0,6,0,0,0,0,0,0,0,0,0,-666,0,0,0,0,0,0,0,0,0,0,0,0,0,0,0,0,0,0,0,0,0,2,0,0,0,0,0,0,-666,0,0,65,7,14.007,-1.4,7.4,5,3.04,0.001145,355,17.9,-0.502112371,-0.500195781,N,16,16,0,2.58,2.58,0,32,5.16,0.859,67.723
550,octadecafluorooctyl,3.436 ,2.847 ,3.004 ,3.447 ,3.515 ,3.476 ,3.131 ,3.058 ,0.649,0.625,0.422,0.439,0.477,0.443,0.339,0.438,0.33,0.466,0.355,0.355,0.47,0.355,0.47,0.343,0.462,0.356,0.471,0.357,0.472,0.345,0.464,0.329,0.449,2.91,3.19,3.16,3.22,1.71,1.78,1.63,1.65,3,-0.267,-0.385,12.74717593,-8.554166667,12.74717593,5.028821373,0.478711104,419.054,419.054,418.9728547,151,0,0,0,0,0,-666,-666,-666,19.4347023,9.90972382,2.937789235,-2.405627139,2.628865328,-2.724223783,5.146637247,-0.452835612,6.499481183,481.3665401,21.07735027,10.42539604,10.42539604,10.44337567,4.962698021,4.962698021,4.204528144,4.204528144,2.56506755,2.56506755,1.085364085,1.085364085,-1.19,39741.89734,23.81,5.653144806,2.856058422,124.1079477,0,0,0,0,0,122.7739741,0,0,0,0,0,0,0,0,74.63705581,0,0,0,0,41.71147353,0,6.425444745,0,0,0,74.63705581,0,0,41.71147353,0,6.425444745,0,0,0,0,0,0,48.13691827,74.63705581,0,0,0,0,0,0,0,0,0,208.5436263,0,0,0,0,-49.36726344,0,-12.75969616,0,0,0.875,25,0,0,0,0,0,0,0,0,0,0,17,-666,0,0,0,-666,5.78899,41.196,0,0,0,0,0,0,0,0,0,0,0,0,0,0,0,0,0,0,0,0,0,0,0,0,0,15,0,0,0,0,0,0,0,0,0,0,-666,0,0,0,0,0,0,0,17,0,0,0,0,0,0,0,0,0,-666,0,0,0,0,0,0,0,0,0,0,0,0,0,0,0,0,0,0,0,0,0,0,0,0,0,0,0,0,-666,0,0,70,6,12.011,1.262119,11.3,4,2.55,2.2,422.2,15.9,-0.540956876,-0.442190283,C,6,9,9,2.55,3.98,3.98,24,10.51,0.884,56.58
551,oxan-3-yl,2.181 ,1.657 ,1.738 ,2.116 ,2.266 ,2.124 ,1.824 ,1.743 ,0.741,0.602,0.569,0.579,0.574,0.577,0.421,0.573,0.398,0.614,0.642,0.532,0.616,0.534,0.617,0.512,0.607,0.532,0.616,0.537,0.618,0.516,0.609,0.49,0.597,1.71,1.94,1.92,1.97,0.84,0.85,0.8,0.79,1.74,-0.31,-0.529,7.253287037,-3.134375,7.253287037,1.254513889,0.426122727,85.126,76.054,85.06533991,35,0,0,0,0,0,-666,-666,-666,-1.37E-15,-0.185993067,-0.187013999,-2.643884617,-0.034248012,-2.619633585,-3.73E-16,-1.062265473,3.268346664,271.6762691,12.28445705,11.90824829,2.90824829,6.36180732,5.90824829,1.40824829,0.681186218,0.681186218,0.329124145,0.329124145,0.158827591,0.158827591,-0.04,827.7796898,0.655158569,2.189674339,0.976756002,50.95146806,0,0,0,0,0,49.33438351,0,0,0,0,0,0,0,0,17.07368996,0,0,0,0,12.7458498,13.11797049,6.396873262,0,0,0,0,0,0,13.11797049,4.736862954,6.396873262,25.08267681,0,0,0,0,-666,32.26069355,0,0,0,0,0,0,0,0,4.736862954,12.33682701,68.68101852,0,0,0,0,0,0,-7.434143519,-6.080208333,0,0.8,6,0,1,0,0,0,0,0,0,1,0,1,-666,0,0,0,-666,1.00109,24.353,0,0,0,0,0,0,0,0,0,0,0,0,0,0,0,0,0,0,0,0,0,0,0,0,0,0,0,0,0,0,0,0,0,0,0,0,-666,0,0,0,0,1,0,0,0,0,0,0,0,0,0,0,0,0,-666,0,0,0,0,0,0,0,0,0,0,0,0,0,0,0,0,0,0,0,0,0,0,0,0,0,0,0,0,-666,0,0,70,6,12.011,1.262119,11.3,4,2.55,2.2,244.6,14.3,-0.393042014,-0.305790462,C,6,6,1,2.55,2.55,2.1,13,7.2,1.019,42.544
552,oxan-4-yl,2.070 ,1.598 ,1.677 ,2.050 ,2.149 ,2.072 ,1.758 ,1.689 ,0.734,0.616,0.54,0.552,0.559,0.553,0.414,0.546,0.39,0.598,0.646,0.527,0.601,0.524,0.603,0.507,0.591,0.531,0.602,0.527,0.605,0.509,0.593,0.473,0.577,1.64,1.87,1.85,1.89,0.8,0.81,0.76,0.75,1.67,-0.293,-0.488,7.202662037,-3.07025463,7.202662037,1.295138889,0.426122727,85.126,76.054,85.06533991,35,0,0,0,0,0,-666,-666,-666,-1.82E-15,-0.18181105,-0.1876161,-2.638223197,-0.034250836,-2.621296112,-2.31E-16,-1.046884075,3.241395168,245.6762691,12.28445705,11.90824829,2.90824829,6.36180732,5.90824829,1.40824829,0.681186218,0.681186218,0.329124145,0.329124145,0.158827591,0.158827591,-0.04,831.134482,0.655158569,2.189674339,0.976756002,50.95146806,0,0,0,0,0,49.33438351,0,0,0,0,0,0,0,0,17.07368996,0,0,0,0,12.7458498,13.11797049,6.396873262,0,0,0,0,0,0,13.11797049,4.736862954,6.396873262,25.08267681,0,0,0,0,-666,32.26069355,0,0,0,0,0,0,0,0,4.736862954,12.33682701,68.59814815,0,0,0,0,0,0,-7.290972222,-6.140509259,0,0.8,6,0,1,0,0,0,0,0,0,1,0,1,-666,0,0,0,-666,1.00109,24.353,0,0,0,0,0,0,0,0,0,0,0,0,0,0,0,0,0,0,0,0,0,0,0,0,0,0,0,0,0,0,0,0,0,0,0,0,-666,0,0,0,0,1,0,0,0,0,0,0,0,0,0,0,0,0,-666,0,0,0,0,0,0,0,0,0,0,0,0,0,0,0,0,0,0,0,0,0,0,0,0,0,0,0,0,-666,0,0,70,6,12.011,1.262119,11.3,4,2.55,2.2,244.8,14.3,-0.397352036,-0.29876222,C,6,6,1,2.55,2.55,2.1,13,7.2,1.025,42.781
553,oxidanidyloxidanyl,2.021 ,0.311 ,0.333 ,0.583 ,2.233 ,0.464 ,0.395 ,0.222 ,0.5,0.5,0.5,0.5,0.5,0.5,0.5,0.5,0.5,0.5,0.5,0.5,0.5,0.5,0.5,0.5,0.5,0.5,0.5,0.5,0.5,0.5,0.5,0.5,0.5,0.51,0.88,0.85,0.92,0.47,0.43,0.48,0.47,0.33,-0.5,-0.5,7,7,7,7,0.261058606,31.998,31.998,31.98982924,12,0,0,0,0,0,-666,-666,-666,16.999,14.999,1,-1,0.8812,-1.1188,1.6865,-0.3135,1,0,2,0.816496581,0.816496581,1,0.166666667,0.166666667,0,0,0,0,0,0,-0.08,2,1.92,0.92,-14.58,11.89207173,0,0,0,0,0,10.51447079,0,0,0,0,0,0,0,0,10.51447079,0,0,0,0,0,0,0,0,0,0,0,0,0,0,10.51447079,0,0,0,0,0,0,-666,0,0,0,0,0,0,0,0,0,0,10.51447079,0,0,0,14,0,0,0,0,0,0,0,2,0,2,0,0,0,0,0,0,0,0,2,0,0,0,0,-666,-0.2376,1.373,0,0,0,0,0,0,0,0,0,0,0,0,0,0,0,0,0,0,0,0,0,0,0,0,0,0,0,0,0,0,0,0,0,0,0,0,-666,0,0,0,0,0,0,0,0,0,0,0,0,0,0,0,0,0,0,0,0,0,0,0,0,0,0,0,0,0,0,0,0,0,0,0,0,0,0,0,0,0,0,0,0,0,0,0,0,-1,60,8,15.999,1.4611135,5.3,6,3.44,0.001308,132,8.6,-0.481389113,-0.481389113,O,8,0,0,3.44,0,0,8,3.44,0.5,13.138
554,oxidodiphenylmethyl,3.935 ,2.847 ,2.934 ,3.782 ,4.140 ,3.822 ,3.123 ,2.967 ,0.278,0.147,0.271,0.256,0.254,0.262,0.142,0.254,0.13,0.294,0.205,0.149,0.293,0.152,0.297,0.137,0.287,0.145,0.292,0.154,0.298,0.144,0.29,0.139,0.285,0.82,1.49,1.42,1.57,0.24,0.25,0.25,0.3,0.88,-0.068,0.009,12.62533636,-1.218518519,12.62533636,0.692026749,0.652473287,182.222,172.142,182.0731649,68,0,0,0,0,0,-666,-666,-666,11.01672042,-2.000055949,0.483038333,-2.276691018,0.526027871,-2.237463349,1.955010023,-2.026857269,2.755716773,784.1637529,18.5055535,16.90824829,6.90824829,11.01751963,8.704124145,3.704124145,2.329124145,2.329124145,1.454124145,1.454124145,0.852062073,0.852062073,-0.04,132395.3558,3.76362426,5.15692357,2.502526359,97.180503,0,0,0,0,0,95.95229421,0,0,0,0,0,0,0,0,18.50212275,5.783244946,0,0,0,0,0,71.66692652,0,0,0,0,0,0,5.783244946,4.794537184,0,13.70758556,71.66692652,0,0,0,-666,77.45017147,4.794537184,0,0,0,0,0,0,0,0,13.70758556,76.26689006,0,12.62533636,0,-1.473091459,-1.218518519,-7.533949777,0,0,0,0,14,0,1,0,0,0,0,0,0,1,0,1,-666,0,0,0,-666,2.6603,57.733,0,0,0,0,0,0,0,0,0,0,1,1,0,0,0,0,0,0,0,0,0,0,0,0,0,0,12,0,0,0,0,0,0,0,0,0,-666,0,0,0,0,0,0,0,0,0,0,0,0,0,0,1,1,0,-666,0,0,0,0,0,0,0,0,0,0,0,0,0,0,0,0,0,0,0,0,0,0,0,0,0,0,0,0,-666,0,-1,70,6,12.011,1.262119,11.3,4,2.55,2.2,378,18.5,-0.388853027,-0.298975593,C,6,6,8,2.55,2.55,3.44,20,8.54,0.56,61.422
555,oxolan-2-yl,1.380 ,0.940 ,0.990 ,1.254 ,1.445 ,1.241 ,1.064 ,0.992 ,0.699,0.663,0.459,0.493,0.503,0.492,0.399,0.492,0.385,0.507,0.567,0.461,0.512,0.451,0.509,0.438,0.501,0.459,0.511,0.454,0.51,0.446,0.505,0.417,0.489,0.99,1.16,1.14,1.18,0.43,0.44,0.41,0.4,0.99,-0.299,-0.448,7.072916667,-2.822337963,7.072916667,1.002314815,0.412995339,71.099,64.043,71.04968984,29,0,0,0,0,0,-666,-666,-666,4.92E-18,-0.185834048,-0.146763762,-2.41743179,-0.027335409,-2.387642499,-1.99E-17,-0.997019519,3.099777273,199.5830568,9.78445705,9.40824829,2.40824829,5.127827085,4.65824829,1.15824829,0.556186218,0.556186218,0.266624145,0.266624145,0.127577591,0.127577591,-0.04,257.2080642,0.543763045,1.410312175,0.618363684,41.77658495,0,0,0,0,0,40.2199415,0,0,0,0,0,0,0,0,14.33217285,0,0,0,0,12.7458498,6.558985243,6.582933604,0,0,0,0,0,0,6.558985243,4.736862954,6.582933604,22.3411597,0,0,0,0,-666,25.88776865,0,0,0,0,0,0,0,0,4.736862954,9.595309893,53.20949074,0,0,0,0,0,0,-5.52025463,-3.772569444,0,0.75,5,0,1,0,0,0,0,0,0,1,0,1,-666,0,0,0,-666,0.95859,19.486,0,0,0,0,0,0,0,0,0,0,0,0,0,0,0,0,0,0,0,0,0,0,0,0,0,0,0,0,0,0,0,0,0,0,0,0,-666,0,0,0,0,1,0,0,0,0,0,0,0,0,0,0,0,0,-666,0,0,0,0,0,0,0,0,0,0,0,0,0,0,0,0,0,0,0,0,0,0,0,0,0,0,0,0,-666,0,0,70,6,12.011,1.262119,11.3,4,2.55,2.2,221.7,13.8,-0.429842704,-0.275073329,C,6,8,1,2.55,3.44,2.1,15,8.09,0.918,37.524
556,pentafluorophenyl,5.295 ,5.086 ,5.303 ,5.308 ,5.388 ,5.343 ,4.927 ,4.837 ,0.685,0.568,0.499,0.535,-0.537,0.547,0.412,0.538,0.409,0.562,0.247,-0.34,-0.591,-0.34,-0.591,-0.316,-0.57,-0.342,-0.593,-0.344,-0.595,-0.321,-0.574,-0.279,-0.548,5.1,5.6,5.56,5.66,2.88,2.92,2.8,2.82,5.3,-0.329,-0.469,12.00240741,-2.167824074,12.00240741,1.024212963,0.315319964,167.056,167.056,166.9920161,59,0,0,0,0,0,-666,-666,-666,19.1803026,10.20905656,2.24617816,-2.011719722,2.212577853,-2.048407634,5.177710396,0.349730151,3.281646062,277.8379931,8.593858127,4.889822365,4.889822365,5.03658126,2.444911183,2.444911183,1.694911183,1.694911183,0.990312734,0.990312734,0.495156367,0.495156367,-0.35,256.3467848,8.743896714,2.948022844,1.462598333,58.31699836,0,0,0,0,0,57.16246474,0,0,0,0,0,0,0,0,21.95207524,0,0,0,0,0,0,35.2103895,0,0,0,21.95207524,0,0,0,0,6.076020107,0,29.1343694,0,0,0,0,29.1343694,21.95207524,0,0,0,6.076020107,0,0,0,0,0,59.85601852,0,0,0,0,-10.04689815,0,1.024212963,0,0,0,11,0,0,0,0,0,0,0,0,0,0,5,-666,0,0,0,-666,2.95779,26.348,0,0,0,0,0,0,0,0,0,0,0,0,0,0,0,0,0,0,0,0,0,0,0,0,0,0,6,0,0,0,0,0,0,0,0,0,-666,0,0,0,0,0,0,0,5,0,0,0,0,0,0,0,0,0,-666,0,0,0,0,0,0,0,0,0,0,0,0,0,0,0,0,0,0,0,0,0,0,0,0,0,0,0,0,-666,0,0,70,6,12.011,1.262119,11.3,4,2.55,2.2,280.3,15.7,-0.469098967,-0.434112706,C,6,6,0,2.55,2.55,0,12,5.1,1.054,49.418
557,pentyl,2.340 ,1.800 ,1.880 ,2.355 ,2.441 ,2.391 ,1.979 ,1.900 ,0.882,0.792,0.651,0.676,0.689,0.677,0.543,0.672,0.518,0.705,0.848,0.673,0.711,0.673,0.711,0.653,0.701,0.675,0.711,0.676,0.712,0.656,0.703,0.624,0.69,1.75,2.02,2,2.05,0.81,0.82,0.78,0.78,1.88,-0.408,-0.612,7.213541667,-3.509837963,7.213541667,1.508680556,0.466840108,71.143,60.055,71.08607535,31,0,0,0,0,0,-666,-666,-666,-0.137574177,-0.247616174,-0.816057198,-2.597729888,-0.770071946,-2.451235511,-0.417493002,-1.128346857,5.529367319,247.5907618,13.57735027,13.5,2.5,6.693375673,6.5,1,0.375,0.375,0.125,0.125,0.03125,0.03125,0,939.7268305,0.355555556,4,4,49.65369499,0,0,0,0,0,47.92485142,0,0,0,0,0,0,0,0,15.07834412,0,0,0,0,25.97066682,0,6.875840478,0,0,0,0,0,0,0,0,6.875840478,41.04901094,0,0,0,0,0,32.8465073,0,0,0,0,0,0,0,0,0,15.07834412,76.89247685,0,0,0,0,0,0,-10.3275463,-4.898263889,0,0.8,5,0,0,0,0,0,0,0,0,0,0,0,-666,0,0,0,-666,2.01069,24.882,0,0,0,0,0,0,0,0,0,0,0,0,0,0,0,0,0,0,0,0,0,0,0,0,0,0,0,0,0,0,0,0,0,0,0,0,-666,0,0,0,0,0,0,0,0,0,0,0,0,0,0,0,0,0,-666,0,0,0,0,0,0,0,0,0,0,0,0,0,0,0,0,0,0,0,0,0,0,0,0,0,0,0,0,-666,0,0,70,6,12.011,1.262119,11.3,4,2.55,2.2,262.3,13.9,-0.420545582,-0.30322901,C,6,1,1,2.55,2.1,2.1,8,6.75,1.066,23.951
558,pentylaminyl,3.170 ,2.557 ,2.660 ,3.183 ,3.262 ,3.217 ,2.814 ,2.730 ,0.815,0.677,0.557,0.549,0.559,0.544,0.448,0.542,0.436,0.586,0.498,0.501,0.583,0.501,0.583,0.496,0.58,0.501,0.583,0.501,0.583,0.497,0.581,0.505,0.592,2.58,2.89,2.87,2.92,1.31,1.36,1.27,1.29,2.66,-0.361,-0.463,7.319583333,-3.722916667,7.319583333,2.27192602,0.464213707,86.158,74.062,86.09697438,37,0,0,0,0,0,-666,-666,-666,-0.069356699,-0.247623081,-0.740253883,-2.625646088,-0.746874079,-2.553237685,-0.341406701,-1.137048962,5.798310276,302.0798558,15.20710678,14.9472136,2.947213595,7.560660172,7.170820393,1.223606798,0.486803399,0.486803399,0.180901699,0.180901699,0.05920085,0.05920085,-0.04,2317.071969,0.509750801,4.96,3.96,56.45661282,0,0,0,0,0,54.68440493,0,0,0,0,0,0,0,0,16.4901862,0,0,5.726692226,0,25.97066682,6.496859684,0,0,0,5.726692226,0,0,0,6.496859684,0,0,41.04901094,0,1.411842078,0,0,-666,32.46752651,0,0,0,0,0,0,0,0,5.726692226,16.4901862,84.88328515,0,0,0,2.27192602,0,0,-11.01340278,-6.89180839,0,1,6,1,1,0,0,0,0,0,0,0,0,1,-666,0,0,0,-666,1.4595,27.4887,0,0,0,0,0,0,0,0,0,0,0,0,0,0,0,0,1,0,0,0,0,0,0,0,0,0,0,0,0,0,0,0,0,0,0,0,-666,0,0,0,0,0,0,0,0,0,0,0,0,0,0,0,0,0,-666,0,0,0,0,0,0,0,0,0,0,0,0,0,0,0,0,0,0,0,0,0,0,0,0,0,0,0,0,-666,0,0,65,7,14.007,-1.4,7.4,5,3.04,0.001145,285.1,14.1,-0.384819524,-0.365350996,N,6,1,0,2.55,2.1,0,7,4.65,1.008,24.399
559,pentylazaniumyl,7.929 ,7.336 ,7.637 ,7.928 ,7.928 ,7.928 ,7.969 ,7.988 ,0.597,0.491,0.097,0.141,0.136,0.13,0.122,0.14,0.125,0.145,0.102,0.165,0.157,0.165,0.157,0.149,0.141,0.166,0.158,0.168,0.16,0.152,0.144,0.141,0.134,8,7.94,7.95,7.94,9.25,9.55,9.1,9.23,7.64,-0.332,-0.472,7.359583333,-3.810416667,7.359583333,0.763465136,0.513017738,87.166,74.062,87.10479942,38,0,0,0,0,0,-666,-666,-666,-0.129710148,-0.247638134,-0.793888662,-2.643264767,-0.76817817,-2.702472562,-0.416590702,-1.140811328,5.918513172,326.4155028,16.07735027,15.9472136,2.947213595,7.943375673,7.618033989,1.223606798,0.486803399,0.486803399,0.180901699,0.180901699,0.05920085,0.05920085,-0.04,3314.446802,0.454565999,4.96,3.96,57.91963995,0,0,0,0,0,56.08927176,0,0,0,0,0,0,0,0,17.90202827,0,0,0,5.719716976,25.97066682,6.496859684,0,0,0,5.719716976,0,0,0,6.496859684,0,0,41.04901094,0,2.823684157,0,0,-666,38.18724348,0,0,0,0,0,0,0,0,0,17.90202827,92.40902636,0,0,0,-0.763465136,0,0,-11.28833333,-7.107227891,0,1,6,2,1,0,0,0,0,0,0,1,1,1,-666,0,0,0,-666,1.1353,28.5794,0,0,0,0,0,0,0,0,0,0,0,0,0,0,0,0,0,1,0,0,-666,0,0,0,0,0,0,0,0,0,0,0,0,0,0,0,-666,0,0,0,0,0,0,0,0,0,0,0,0,0,0,0,0,0,-666,0,0,0,0,0,0,0,0,0,0,0,0,0,0,0,0,0,0,0,0,0,0,0,0,0,0,0,0,-666,0,1,65,7,14.007,-1.4,7.4,5,3.04,0.001145,288.5,14.1,-0.334021753,0.018172803,N,6,1,1,2.55,2.1,2.1,8,6.75,0.842,25.161
560,phenyl,4.393 ,3.652 ,3.847 ,4.407 ,4.491 ,4.443 ,4.008 ,3.915 ,0.681,0.652,0.365,0.393,0.444,0.398,0.307,0.393,0.302,0.424,0.332,0.331,0.431,0.331,0.431,0.319,0.42,0.332,0.432,0.333,0.433,0.321,0.422,0.302,0.403,3.71,4.06,4.03,4.1,2.1,2.21,2.02,2.07,3.84,-0.237,-0.33,11.58333333,-6.765046296,11.58333333,4.282569444,0.625005403,219.026,219.026,218.985629,79,0,0,0,0,0,-666,-666,-666,19.43270078,10.15129594,2.770631278,-2.257431711,2.506395484,-2.529347307,4.995505634,-0.359718542,5.039847129,176.5439481,11.07735027,5.401680257,5.401680257,5.443375673,2.450840129,2.450840129,1.906955966,1.906955966,0.987710032,0.987710032,0.296685326,0.296685326,-0.63,260.6586159,12.37,2.946699975,1.827772849,65.323896,0,0,0,0,0,63.96053703,0,0,0,0,0,0,0,0,39.51373543,0,0,0,0,18.02135685,0,6.425444745,0,0,0,39.51373543,0,0,18.02135685,0,6.425444745,0,0,0,0,0,0,24.4468016,39.51373543,0,0,0,0,0,0,0,0,0,101.6813657,0,0,0,0,-13.25983796,0,-11.00486111,0,0,0.75,13,0,0,0,0,0,0,0,0,0,0,9,-666,0,0,0,-666,3.24779,21.408,0,0,0,0,0,0,0,0,0,0,0,0,0,0,0,0,0,0,0,0,0,0,0,0,0,7,0,0,0,0,0,0,0,0,0,0,-666,0,0,0,0,0,0,0,9,0,0,0,0,0,0,0,0,0,-666,0,0,0,0,0,0,0,0,0,0,0,0,0,0,0,0,0,0,0,0,0,0,0,0,0,0,0,0,-666,0,0,70,6,12.011,1.262119,11.3,4,2.55,2.2,289.3,14.1,-0.53786648,-0.460481055,C,6,9,9,2.55,3.98,3.98,24,10.51,0.872,53.437
561,phenyl_methylimino_sulfanyl,3.472 ,2.756 ,2.825 ,3.489 ,3.593 ,3.534 ,3.018 ,2.913 ,0.465,0.379,0.407,0.379,0.41,0.396,0.293,0.383,0.282,0.41,0.327,0.297,0.414,0.297,0.414,0.297,0.414,0.297,0.414,0.297,0.414,0.298,0.413,0.33,0.446,2.86,3.33,3.29,3.39,1.24,1.3,1.22,1.22,2.82,-0.146,-0.165,7.506157407,-2.575829672,7.506157407,0.187847222,0.569419793,138.215,130.151,138.0377453,47,0,0,0,0,0,-666,-666,-666,10.37515203,-0.243256929,-9.71E-17,-2.256938898,6.16E-33,-2.269502081,1.542015361,-0.902215371,3.0741177,426.1350982,13.37831518,12.35546189,5.171958467,7.648553027,6.110305129,2.883701791,1.136698331,1.910094993,0.613992712,1.091978136,0.329818129,0.614454388,0.31,3373.442212,2.145643636,4.177519128,2.586631323,70.90237719,0,0,0,0,0,69.77740842,0,0,0,0,0,0,0,0,10.96606845,11.94792297,0,4.722094864,0,0,6.9758269,35.16549524,0,0,4.722094864,0,0,11.94792297,6.9758269,0,0,10.96606845,35.16549524,0,0,0,-666,37.23618563,0,0,4.905136514,11.94792297,0,0,0,0,4.722094864,10.96606845,60.89139231,0.381805556,-0.187847222,0,0,0,-2.426187642,0,-2.575829672,0,0.142857143,9,0,1,0,0,0,0,0,0,1,0,2,-666,0,0,0,-666,1.8787,42.012,0,0,0,0,0,0,0,0,0,0,0,0,0,0,0,1,0,0,0,0,0,0,0,0,0,0,5,0,0,0,0,0,0,0,0,0,-666,0,0,0,0,0,0,0,0,0,0,0,0,0,0,0,0,0,-666,0,0,0,0,0,0,0,0,0,0,0,0,0,0,0,0,0,0,0,0,0,0,0,0,0,0,0,0,-666,0,0,100,16,32.06,2.07710403,19.4,6,2.58,2.07,316.7,17.3,-0.385721142,-0.326052654,S,6,16,0,2.55,2.58,0,13,5.59,0.68,42.706
562,phenylaminyl,5.813 ,4.213 ,4.343 ,5.851 ,6.090 ,5.954 ,4.826 ,4.610 ,0.404,0.318,0.261,0.251,0.236,0.243,0.197,0.247,0.19,0.259,0.181,0.213,0.256,0.213,0.256,0.214,0.257,0.213,0.256,0.213,0.255,0.214,0.256,0.218,0.266,4.11,4.87,4.8,4.95,1.66,1.77,1.64,1.65,4.34,-0.186,-0.254,7.249074074,-0.47,7.249074074,0.327777778,0.463861905,92.121,86.073,92.05002419,35,0,0,0,0,0,-666,-666,-666,10.3266008,-0.094127704,0.015950054,-2.227151332,0.12921065,-2.056208896,1.855300896,-0.459636552,3.404845045,333.5238645,10.1712084,9.447213595,3.447213595,6.002106418,4.670820393,1.723606798,0.973606798,0.973606798,0.486803399,0.486803399,0.243401699,0.243401699,-0.04,701.8677369,1.471945588,2.31410722,1.475062751,51.31709168,0,0,0,0,0,49.94972513,0,0,0,0,0,0,0,0,8.265634859,0,0,5.726692226,0,0,0,35.95739804,0,0,5.726692226,0,0,0,0,0,0,6.853792781,35.95739804,1.411842078,0,0,-666,30.26035873,0,0,5.697039313,0,0,0,0,0,5.726692226,8.265634859,42.73222222,0,0,0,2.556296296,0,-2.288518519,0,0,0,0,7,1,1,0,0,0,0,0,0,0,0,1,-666,0,0,0,-666,1.2792,29.4597,0,0,0,0,0,0,0,0,0,0,0,0,0,0,0,0,1,0,0,0,0,0,0,0,0,0,5,0,0,0,0,0,0,0,0,0,-666,0,0,0,0,0,0,0,0,0,0,0,0,0,0,0,0,0,-666,0,0,0,0,0,0,0,0,0,0,0,0,0,0,0,0,0,0,0,0,0,0,0,0,0,0,0,0,-666,0,0,65,7,14.007,-1.4,7.4,5,3.04,0.001145,251.1,16,-0.377488896,-0.357318037,N,6,1,0,2.55,2.1,0,7,4.65,0.637,29.702
563,phenylethanyliumyl,2.480 ,1.944 ,2.031 ,2.494 ,2.581 ,2.531 ,2.116 ,2.036 ,0.851,0.768,0.598,0.637,0.677,0.647,0.516,0.632,0.484,0.694,0.822,0.654,0.701,0.653,0.701,0.631,0.689,0.655,0.702,0.658,0.703,0.635,0.691,0.598,0.672,11.66,12.59,12.51,12.7,10.04,10.43,9.97,10.05,12,-0.13,-0.25,7.465740741,-0.890249433,7.465740741,0.411111111,0.512605938,104.152,96.088,104.0626003,40,0,0,0,0,0,-666,-666,-666,1.586011293,-1.6438139,-0.024885879,-2.246985348,8.33E-17,-2.107421821,1.404671181,-1.698039654,3.58674707,454.9202074,12.61880215,12,4,7.28546882,6,2,1.125,1.125,0.625,0.625,0.3125,0.3125,0,2500.65541,1.53125,3.111111111,1.5,60.76936655,0,0,0,0,0,59.38264242,0,0,0,0,0,0,0,0,10.96606845,0,0,0,0,0,0,48.41657397,0,0,0,0,0,0,0,0,0,10.96606845,48.41657397,0,0,0,0,48.41657397,0,0,0,0,0,0,0,0,0,10.96606845,58.13000756,0,0,0,-0.411111111,0,-3.495313681,0,-0.890249433,0,0,8,0,0,0,0,0,0,0,0,0,0,0,-666,0,0,0,-666,2.2248,36.56,0,0,0,0,0,0,0,0,0,0,0,0,0,0,0,0,0,0,0,0,0,0,0,0,0,0,7,0,0,0,0,0,0,0,0,0,-666,0,0,0,0,0,0,0,0,0,0,0,0,0,0,0,0,0,-666,0,0,0,0,0,0,0,0,0,0,0,0,0,0,0,0,0,0,0,0,0,0,0,0,0,0,0,0,-666,0,1,70,6,12.011,1.262119,11.3,4,2.55,2.2,281.6,16.7,-0.373944255,-0.261389914,C,6,1,1,2.55,2.1,2.1,8,6.75,1.062,27.43
564,phenylmethanesulfonyl,7.276 ,4.950 ,5.133 ,6.073 ,7.565 ,5.937 ,5.405 ,5.035 ,0.267,0.224,0.137,0.121,0.164,0.123,0.122,0.121,0.119,0.151,0.174,0.14,0.153,0.116,0.144,0.139,0.15,0.142,0.154,0.115,0.144,0.137,0.15,0.156,0.167,5.49,6.46,6.37,6.57,2.27,2.43,2.23,2.29,5.13,-0.116,-0.115,10.72246693,-3.255153061,10.72246693,0.697933988,0.627456354,155.198,148.142,155.0166755,53,0,0,0,0,0,-666,-666,-666,11.43997788,-1.464209148,0,-2.338374221,0.072112282,-2.255295281,1.583462241,-1.570887806,3.545057631,445.6287879,13.54145188,11.72474487,5.541241452,7.618802154,5.787457479,3.362372436,1.336770121,2.010310363,0.685395406,1.056186218,0.38436437,0.653093109,0.27,3368.479354,2.95900185,4.211158888,2.903255155,72.78668561,0,0,0,0,0,71.69595798,0,0,0,0,0,0,0,0,18.70080964,11.4567282,0,0,0,0,5.704956885,35.83346326,0,0,0,0,0,11.4567282,5.704956885,9.105499747,0,9.595309893,35.83346326,0,0,0,-666,52.99514834,9.105499747,0,0,0,0,0,0,0,0,9.595309893,72.58652841,-3.255153061,0,0,-3.912191358,0,-3.946961766,0,0,0,0.142857143,10,0,2,0,0,0,0,0,0,0,0,3,-666,0,0,0,-666,1.9987,40.194,0,0,0,0,0,0,0,0,0,0,0,0,0,0,0,0,0,0,0,0,0,0,0,0,0,0,5,0,0,0,0,0,0,0,0,0,-666,0,0,0,0,0,0,0,0,0,0,0,0,0,0,0,0,0,-666,0,0,0,0,0,0,0,0,0,0,0,0,0,0,0,0,0,0,0,0,0,0,0,0,0,0,0,0,-666,0,0,100,16,32.06,2.07710403,19.4,6,2.58,2.07,319.8,17.7,-0.422169031,-0.37311484,S,8,8,6,3.44,3.44,2.55,22,9.43,0.338,45.166
565,phenyloxidanyl,8.114 ,5.262 ,5.395 ,6.940 ,8.549 ,6.870 ,5.861 ,5.450 ,0.271,0.204,0.22,0.182,0.17,0.175,0.151,0.178,0.15,0.189,0.14,0.151,0.18,0.202,0.218,0.156,0.183,0.147,0.175,0.202,0.218,0.16,0.188,0.187,0.214,5.34,6.33,6.25,6.45,2.15,2.27,2.13,2.13,5.39,-0.185,-0.211,10.86407407,-0.957407407,10.86407407,0.537407407,0.434280775,93.105,88.065,93.03403978,35,0,0,0,0,0,-666,-666,-666,10.94012735,-0.09497059,0.300838547,-2.23180256,0.276729646,-2.174169352,2.193330052,-0.449824566,3.218282043,275.0603058,9.464101615,8.40824829,3.40824829,5.464101615,4.204124145,1.704124145,0.954124145,0.954124145,0.477062073,0.477062073,0.238531036,0.238531036,-0.04,416.3143648,1.728380667,2.31410722,1.475062751,49.36529898,0,0,0,0,0,48.03673516,0,0,0,0,0,0,0,0,11.64832996,5.783244946,0,0,0,0,0,30.60516025,0,0,0,0,0,0,5.783244946,4.794537184,6.396873262,6.853792781,24.20828698,0,0,0,-666,36.38840519,4.794537184,0,0,0,0,0,0,0,0,6.853792781,35.15481481,0,10.86407407,0,0,-0.957407407,-2.524074074,-0.537407407,0,0,0,7,0,1,0,0,0,0,0,0,1,0,1,-666,0,0,0,-666,0.88579,27.587,0,0,0,0,0,0,0,0,0,0,1,1,0,0,0,0,0,0,0,0,0,0,0,0,0,0,4,0,0,0,0,0,0,0,0,0,-666,0,0,0,0,0,0,0,0,0,0,0,0,0,0,1,0,0,-666,0,0,0,0,0,0,0,0,0,0,0,0,0,0,0,0,0,0,0,0,0,0,0,0,0,0,0,0,-666,0,0,60,8,15.999,1.4611135,5.3,6,3.44,0.001308,246.7,15.9,-0.395541256,-0.38035759,O,6,0,0,2.55,0,0,6,2.55,0.359,30.672
566,piperidin-1-ium-1-yl,7.266 ,6.612 ,6.842 ,7.266 ,7.275 ,7.270 ,7.257 ,7.262 ,0.55,0.41,0.157,0.173,0.164,0.163,0.135,0.17,0.136,0.182,0.114,0.164,0.183,0.164,0.182,0.159,0.177,0.164,0.183,0.165,0.184,0.16,0.178,0.159,0.176,7.13,7.11,7.11,7.11,8.32,8.59,8.17,8.3,6.84,-0.304,-0.487,7.359583333,-3.426041667,7.359583333,0.484791667,0.457636228,85.15,74.062,85.08914935,36,0,0,0,0,0,-666,-666,-666,-0.068756584,-0.191327317,-0.659682626,-2.743378555,-0.695755089,-2.805534891,-0.311663089,-1.126229824,3.562498584,302.7534919,14.07735027,13.9472136,2.947213595,7.154700538,6.894427191,1.447213595,0.710410197,0.710410197,0.348606798,0.348606798,0.171004249,0.171004249,-0.04,2005.205729,0.509750801,2.189674339,0.976756002,54.25578265,0,0,0,0,0,52.54173507,0,0,0,0,0,0,0,0,15.11942764,0,0,5.309813353,0,19.1187747,12.99371937,0,0,0,5.309813353,0,0,0,12.99371937,0,0,32.82636027,0,1.411842078,0,0,-666,37.42230743,0,0,0,0,0,0,0,0,0,15.11942764,80.51708333,0,0,-0.484791667,0,0,0,-10.18229167,-6.6,0,1,6,1,1,0,0,0,0,0,0,1,1,1,-666,0,0,0,-666,0.7599,26.7207,0,0,0,0,0,0,0,0,0,0,0,0,0,0,0,0,1,0,0,0,-666,0,0,0,0,0,0,0,0,0,0,0,0,0,0,0,-666,0,0,0,0,0,0,0,0,0,0,0,0,0,0,0,0,0,-666,0,0,0,0,0,0,0,0,0,0,0,0,0,0,1,0,0,0,0,0,0,0,0,0,0,0,0,0,-666,0,1,65,7,14.007,-1.4,7.4,5,3.04,0.001145,252.6,14.5,-0.323023513,0.025108738,N,6,6,1,2.55,2.55,2.1,13,7.2,0.817,44.64
567,piperidin-1-yl,2.998 ,2.406 ,2.506 ,3.011 ,3.090 ,3.045 ,2.647 ,2.565 ,0.686,0.51,0.44,0.439,0.437,0.428,0.325,0.426,0.316,0.47,0.275,0.36,0.461,0.36,0.461,0.355,0.457,0.36,0.461,0.361,0.462,0.356,0.458,0.357,0.461,2.45,2.76,2.73,2.79,1.22,1.24,1.17,1.18,2.5,-0.289,-0.41,7.319583333,-3.338541667,7.319583333,2.824375,0.411454601,84.142,74.062,84.08132432,35,0,0,0,0,0,-666,-666,-666,-1.19E-15,-0.191032058,-0.12016475,-2.695108343,-0.237899557,-2.702395247,-3.54E-16,-1.105590194,3.429287089,278.3312498,13.20710678,12.9472136,2.947213595,6.707106781,6.447213595,1.447213595,0.710410197,0.710410197,0.348606798,0.348606798,0.171004249,0.171004249,-0.04,1151.2442,0.575630555,2.189674339,0.976756002,52.79275552,0,0,0,0,0,51.13686824,0,0,0,0,0,0,0,0,13.70758556,0,0,5.316788604,0,19.1187747,12.99371937,0,0,0,5.316788604,0,0,0,12.99371937,0,0,32.82636027,0,0,0,0,-666,32.11249407,0,0,0,0,0,0,0,0,5.316788604,13.70758556,72.54055556,0,0,2.824375,0,0,0,-9.848263889,-6.266666667,0,1,6,0,1,0,0,0,0,0,0,0,0,1,-666,0,0,0,-666,0.7747,25.719,0,0,0,0,0,0,0,0,0,0,0,0,0,0,0,1,0,0,0,0,0,0,0,0,0,0,0,0,0,0,0,0,0,0,0,0,-666,0,0,0,0,0,0,0,0,0,0,0,0,0,0,0,0,0,-666,0,0,0,0,0,0,0,0,0,0,0,0,0,0,1,0,0,0,0,0,0,0,0,0,0,0,0,0,-666,0,0,65,7,14.007,-1.4,7.4,5,3.04,0.001145,248,14.5,-0.36437168,-0.345979084,N,6,6,0,2.55,2.55,0,12,5.1,0.943,43.185
568,piperidin-2-yl,1.288 ,0.919 ,0.974 ,1.298 ,1.360 ,1.324 ,1.042 ,0.991 ,0.601,0.596,0.413,0.445,0.45,0.443,0.393,0.445,0.379,0.454,0.561,0.462,0.461,0.461,0.461,0.439,0.452,0.463,0.462,0.465,0.463,0.444,0.454,0.415,0.439,0.95,1.14,1.13,1.16,0.4,0.39,0.36,0.35,0.97,-0.284,-0.405,7.333541667,-3.254166667,7.333541667,0.255625,0.459948038,84.142,74.062,84.08132432,35,0,0,0,0,0,-666,-666,-666,-0.06653088,-0.189366116,-0.551546063,-2.700023888,-0.567423273,-2.722885609,-0.232218274,-1.087213605,3.41792234,267.5845143,13.15470054,12.9472136,2.947213595,6.815384141,6.394427191,1.447213595,0.710410197,0.710410197,0.348606798,0.348606798,0.171004249,0.171004249,-0.04,1463.586914,0.575630555,2.189674339,0.976756002,52.85081215,0,0,0,0,0,51.19492487,0,0,0,0,0,0,0,0,13.74866908,0,0,5.309813353,0,19.1187747,6.496859684,6.520808045,0,0,5.309813353,0,0,0,6.496859684,0,6.520808045,31.45560171,0,1.411842078,0,0,-666,32.13644243,0,0,5.309813353,0,0,0,0,0,0,13.74866908,72.83027778,0,0,-0.255625,0,0,0,-9.55775463,-4.350231481,0,0.8,6,1,1,0,0,0,0,0,0,1,1,1,-666,0,0,0,-666,0.92169,26.1537,0,0,0,0,0,0,0,0,0,0,0,0,0,0,0,0,1,0,0,0,-666,0,0,0,0,0,0,0,0,0,0,0,0,0,0,0,-666,0,0,0,0,0,0,0,0,0,0,0,0,0,0,0,0,0,-666,0,0,0,0,0,0,0,0,0,0,0,0,0,0,1,0,0,0,0,0,0,0,0,0,0,0,0,0,-666,0,0,70,6,12.011,1.262119,11.3,4,2.55,2.2,250.1,14.6,-0.397476312,-0.247783322,C,6,7,1,2.55,3.04,2.1,14,7.69,0.868,40.77
569,piperidin-3-yl,1.785 ,1.370 ,1.436 ,1.796 ,1.858 ,1.822 ,1.524 ,1.466 ,0.739,0.668,0.517,0.523,0.53,0.521,0.383,0.514,0.359,0.576,0.625,0.488,0.578,0.488,0.577,0.469,0.567,0.49,0.578,0.491,0.579,0.473,0.569,0.444,0.553,1.38,1.59,1.57,1.61,0.65,0.66,0.62,0.61,1.43,-0.273,-0.456,7.316666667,-3.190046296,7.316666667,0.343587963,0.452288463,84.142,74.062,84.08132432,35,0,0,0,0,0,-666,-666,-666,-0.068543373,-0.186302679,-0.596159471,-2.697298253,-0.599092467,-2.781491727,-0.250452156,-1.055790344,3.404303831,271.5845143,13.15470054,12.9472136,2.947213595,6.809401077,6.394427191,1.447213595,0.710410197,0.710410197,0.348606798,0.348606798,0.171004249,0.171004249,-0.04,1443.471575,0.575630555,2.189674339,0.976756002,52.85081215,0,0,0,0,0,51.19492487,0,0,0,0,0,0,0,0,13.74866908,0,0,5.309813353,0,12.7458498,12.99371937,6.396873262,0,0,5.309813353,0,0,0,12.99371937,0,6.396873262,25.08267681,0,1.411842078,0,0,-666,32.13644243,0,0,5.309813353,0,0,0,0,0,0,13.74866908,72.77356481,0,0,-0.343587963,0,0,0,-7.599768519,-6.163541667,0,0.8,6,1,1,0,0,0,0,0,0,1,1,1,-666,0,0,0,-666,0.57409,26.4037,0,0,0,0,0,0,0,0,0,0,0,0,0,0,0,0,1,0,0,0,-666,0,0,0,0,0,0,0,0,0,0,0,0,0,0,0,-666,0,0,0,0,0,0,0,0,0,0,0,0,0,0,0,0,0,-666,0,0,0,0,0,0,0,0,0,0,0,0,0,0,1,0,0,0,0,0,0,0,0,0,0,0,0,0,-666,0,0,70,6,12.011,1.262119,11.3,4,2.55,2.2,250.4,14.6,-0.352669982,-0.286141084,C,6,6,1,2.55,2.55,2.1,13,7.2,1.033,43.229
570,piperidin-4-yl,1.980 ,1.528 ,1.601 ,1.991 ,2.062 ,2.021 ,1.684 ,1.618 ,0.738,0.614,0.547,0.554,0.561,0.554,0.41,0.547,0.385,0.603,0.644,0.53,0.607,0.53,0.606,0.51,0.596,0.531,0.607,0.533,0.608,0.514,0.598,0.483,0.583,1.54,1.77,1.75,1.8,0.71,0.73,0.68,0.67,1.6,-0.286,-0.481,7.296412037,-3.111921296,7.296412037,0.390833333,0.452288463,84.142,74.062,84.08132432,35,0,0,0,0,0,-666,-666,-666,-0.068601,-0.182611725,-0.606309906,-2.69568341,-0.597663758,-2.786594821,-0.252495729,-1.038491159,3.392059792,239.5845143,13.15470054,12.9472136,2.947213595,6.809401077,6.394427191,1.447213595,0.710410197,0.710410197,0.348606798,0.348606798,0.171004249,0.171004249,-0.04,1445.018819,0.575630555,2.189674339,0.976756002,52.85081215,0,0,0,0,0,51.19492487,0,0,0,0,0,0,0,0,13.74866908,0,0,5.309813353,0,12.7458498,12.99371937,6.396873262,0,0,5.309813353,0,0,0,12.99371937,0,6.396873262,25.08267681,0,1.411842078,0,0,-666,37.44625579,0,0,0,0,0,0,0,0,0,13.74866908,72.74731481,0,0,-0.390833333,0,0,0,-7.465972222,-6.223842593,0,0.8,6,1,1,0,0,0,0,0,0,1,1,1,-666,0,0,0,-666,0.57409,26.4037,0,0,0,0,0,0,0,0,0,0,0,0,0,0,0,0,1,0,0,0,-666,0,0,0,0,0,0,0,0,0,0,0,0,0,0,0,-666,0,0,0,0,0,0,0,0,0,0,0,0,0,0,0,0,0,-666,0,0,0,0,0,0,0,0,0,0,0,0,0,0,1,0,0,0,0,0,0,0,0,0,0,0,0,0,-666,0,0,70,6,12.011,1.262119,11.3,4,2.55,2.2,250.2,14.6,-0.353634437,-0.288649196,C,6,6,1,2.55,2.55,2.1,13,7.2,1.025,43.041
571,prop-1-en-1-yl,3.185 ,2.534 ,2.670 ,3.203 ,3.313 ,3.250 ,2.719 ,2.615 ,0.76,0.693,0.505,0.552,0.554,0.551,0.466,0.549,0.455,0.562,0.507,0.528,0.57,0.527,0.57,0.51,0.558,0.529,0.571,0.531,0.572,0.514,0.561,0.494,0.548,2.48,2.84,2.81,2.88,1.15,1.14,1.1,1.11,2.67,-0.374,-0.495,6.527777778,-2.456597222,6.527777778,0.752314815,0.37840905,41.073,36.033,41.03912516,17,0,0,0,0,0,-666,-666,-666,2.08E-17,-0.24445041,0,-2.17532275,0,-2.037878528,0,-0.949943203,4.028893685,98.73163484,6.78445705,6.5,1.5,3.481380475,3,0.5,0.125,0.125,0,0,0,0,0,35.64737585,0.244897959,2,0,27.80438473,0,0,0,0,0,26.31274397,0,0,0,0,0,0,0,0,6.853792781,0,0,0,0,6.851892117,0,12.60705907,0,0,0,0,0,0,0,0,6.554987323,13.7056849,6.052071746,0,0,0,0,12.90396386,0,0,0,0,0,6.554987323,0,0,0,6.853792781,32.14988426,0,0,0,0,0,-0.752314815,0,-0.980902778,0,0.333333333,3,0,0,0,0,0,0,0,0,0,0,0,-666,0,0,0,-666,0.99549,14.544,0,0,0,0,0,0,0,0,0,0,0,0,0,0,0,0,0,0,0,0,0,0,0,0,0,0,1,0,0,0,0,0,0,0,0,0,-666,0,0,0,0,0,0,0,0,0,0,0,0,0,0,0,0,0,-666,0,0,0,0,0,0,0,0,0,0,0,0,0,0,0,0,0,0,0,0,0,0,0,0,0,0,0,0,-666,0,0,70,6,12.011,1.262119,11.3,4,2.55,2.2,192.2,12.6,-0.395215627,-0.316300876,C,6,1,0,2.55,2.1,0,7,4.65,1.073,23.824
572,prop-2-en-1-ly,3.798 ,2.952 ,3.094 ,3.820 ,3.960 ,3.880 ,3.208 ,3.076 ,0.693,0.575,0.425,0.447,0.45,0.448,0.353,0.445,0.339,0.464,0.522,0.426,0.47,0.425,0.469,0.41,0.461,0.427,0.47,0.428,0.471,0.413,0.463,0.391,0.45,2.85,3.31,3.27,3.36,1.24,1.26,1.2,1.21,3.09,-0.268,-0.413,6.574074074,-0.787037037,6.574074074,0.648148148,0.378571923,41.073,36.033,41.03912516,17,0,0,0,0,0,-666,-666,-666,-0.080305595,-0.164782357,-0.729987885,-2.049493725,-0.666370645,-1.91084259,-0.242785493,-0.602794607,3.997949792,100.2414098,6.732050808,6.5,1.5,3.553418013,3,0.5,0.125,0.125,0,0,0,0,0,39.36806555,0.244897959,2,0,27.80438473,0,0,0,0,0,26.31274397,0,0,0,0,0,0,0,0,6.853792781,0,0,0,0,0,0,19.45895119,0,0,0,0,0,0,0,0,6.875840478,6.853792781,12.58311071,0,0,0,0,19.45895119,0,0,0,0,0,0,0,0,0,6.853792781,32.22222222,0,0,0,0,0,-0.648148148,0,-1.574074074,0,0,3,0,0,0,0,0,0,0,0,0,0,0,-666,0,0,0,-666,1.00649,15.554,0,0,0,0,0,0,0,0,0,0,0,0,0,0,0,0,0,0,0,0,0,0,0,0,0,0,1,0,0,0,0,0,0,0,0,0,-666,0,0,0,0,0,0,0,0,0,0,0,0,0,0,0,0,0,-666,0,0,0,0,0,0,0,0,0,0,0,0,0,0,0,0,0,0,0,0,0,0,0,0,0,0,0,0,-666,0,0,70,6,12.011,1.262119,11.3,4,2.55,2.2,190.5,12.9,-0.424777022,-0.334140837,C,6,1,1,2.55,2.1,2.1,8,6.75,0.935,23.024
573,propan-2-yl,2.423 ,1.916 ,2.015 ,2.437 ,2.519 ,2.472 ,2.073 ,1.995 ,0.77,0.646,0.537,0.564,0.551,0.555,0.391,0.552,0.376,0.587,0.482,0.475,0.584,0.474,0.583,0.453,0.575,0.476,0.584,0.478,0.585,0.457,0.577,0.423,0.565,1.88,2.16,2.13,2.19,0.88,0.89,0.84,0.85,2.01,-0.274,-0.52,6.666666667,-2.786458333,6.666666667,1.180555556,0.382784146,43.089,36.033,43.05477522,19,0,0,0,0,0,-666,-666,-666,-0.08062829,-0.244605207,-0.754614187,-2.372294283,-0.713963114,-2.247657514,-0.26489183,-1.023245094,4.231132186,93.00007685,8.577350269,8.5,1.5,4.154700538,4,0.5,0.125,0.125,0,0,0,0,0,63.57980789,0.148148148,2,0,31.30392876,0,0,0,0,0,29.69596739,0,0,0,0,0,0,0,0,9.595309893,0,0,0,0,13.70378423,0,6.396873262,0,0,0,0,0,0,0,0,6.396873262,23.29909413,0,0,0,0,0,20.1006575,0,0,0,0,0,0,0,0,0,9.595309893,45.92013889,0,0,0,0,0,0,-1.180555556,-5.572916667,0,0.666666667,3,0,0,0,0,0,0,0,0,0,0,0,-666,0,0,0,-666,1.23049,15.648,0,0,0,0,0,0,0,0,0,0,0,0,0,0,0,0,0,0,0,0,0,0,0,0,0,0,0,0,0,0,0,0,0,0,0,0,-666,0,0,0,0,0,0,0,0,0,0,0,0,0,0,0,0,0,-666,0,0,0,0,0,0,0,0,0,0,0,0,0,0,0,0,0,0,0,0,0,0,0,0,0,0,0,0,-666,0,0,70,6,12.011,1.262119,11.3,4,2.55,2.2,200.2,12.4,-0.427669714,-0.310378891,C,6,6,1,2.55,2.55,2.1,13,7.2,1.003,33.614
574,propan-2-ylperoxy,4.188 ,2.531 ,2.625 ,2.980 ,4.337 ,2.857 ,2.793 ,2.579 ,0.6,0.565,0.386,0.346,0.373,0.35,0.337,0.349,0.334,0.384,0.364,0.37,0.386,0.428,0.444,0.365,0.381,0.363,0.38,0.43,0.445,0.373,0.389,0.397,0.414,2.86,3.19,3.17,3.23,1.44,1.51,1.39,1.42,2.62,-0.34,-0.356,9.837638889,-3.388888889,9.837638889,2.958333333,0.333852185,75.087,68.031,75.04460446,31,0,0,0,0,0,-666,-666,-666,-9.78E-17,-0.244651899,-7.29E-17,-2.474516989,-3.82E-17,-2.493733603,-1.79E-16,-1.095176787,4.951010561,143.0148736,10.20710678,9.316496581,2.316496581,5.060660172,4.370790812,0.870790812,0.412457479,0.412457479,0.083333333,0.083333333,0,0,-0.08,173.3253407,0.634003945,2.175102041,3.92,41.14100306,0,0,0,0,0,39.5239185,0,0,0,0,0,0,0,0,19.74011624,0,0,0,0,19.78380226,0,0,0,0,0,0,0,0,6.080018027,10.14480635,0,23.29909413,0,0,0,0,-666,19.78380226,5.257235394,0,0,0,0,0,0,0,4.887570953,9.595309893,46.42625,0,2.958333333,9.837638889,0,0,0,-3.388888889,-6.583333333,0,1,5,0,2,0,0,0,0,0,0,1,0,2,-666,0,0,0,-666,0.7569,16.9075,0,0,0,0,0,0,0,0,0,0,0,0,0,0,0,0,0,0,0,0,0,0,0,0,0,0,0,0,0,0,0,0,0,0,0,0,-666,0,0,0,0,0,0,0,0,0,0,0,0,0,0,0,0,0,-666,0,0,0,0,0,0,0,0,0,0,0,0,0,0,0,0,0,0,0,0,0,0,0,0,0,0,0,0,-666,0,0,60,8,15.999,1.4611135,5.3,6,3.44,0.001308,231.2,13,-0.429447344,-0.393584506,O,8,0,0,3.44,0,0,8,3.44,0.677,26.098
575,propanyliumyl,1.815 ,1.448 ,1.557 ,1.825 ,1.887 ,1.852 ,1.552 ,1.492 ,0.742,0.615,0.581,0.597,0.574,0.59,0.405,0.586,0.383,0.624,0.602,0.506,0.62,0.506,0.62,0.485,0.613,0.508,0.621,0.51,0.621,0.489,0.614,0.454,0.604,10.29,10.54,10.51,10.57,10.73,10.73,10.55,10.62,10.35,-0.028,-0.137,6.62037037,-2.59837963,6.62037037,0.914351852,0.357068817,42.081,36.033,42.04695019,18,0,0,0,0,0,-666,-666,-666,-0.080647105,-0.244453327,-0.781620587,-2.207110432,-0.70639813,-2.060162494,-0.248644001,-0.951421198,4.39951587,125.7286241,7.654700538,7.5,1.5,3.854059275,3.5,0.5,0.125,0.125,0,0,0,0,0,50.07031062,0.1875,2,0,29.20935523,0,0,0,0,0,27.65955416,0,0,0,0,0,0,0,0,8.224551337,0,0,0,0,6.851892117,0,12.58311071,0,0,0,0,0,0,0,0,0,15.07644345,12.58311071,0,0,0,0,19.43500283,0,0,0,0,0,0,0,0,0,8.224551337,39.04513889,0,0,0,0,0,-0.914351852,0,-3.547453704,0,0.333333333,3,0,0,0,0,0,0,0,0,0,0,0,-666,0,0,0,-666,1.1923,15.871,0,0,0,0,0,0,0,0,0,0,0,0,0,0,0,0,0,0,0,0,0,0,0,0,0,0,1,0,0,0,0,0,0,0,0,0,-666,0,0,0,0,0,0,0,0,0,0,0,0,0,0,0,0,0,-666,0,0,0,0,0,0,0,0,0,0,0,0,0,0,0,0,0,0,0,0,0,0,0,0,0,0,0,0,-666,0,1,70,6,12.011,1.262119,11.3,4,2.55,2.2,195.8,12.6,-0.378704757,-0.216948912,C,6,6,1,2.55,2.55,2.1,13,7.2,1.015,33.804
576,propyl,2.856 ,2.263 ,2.373 ,2.872 ,2.971 ,2.915 ,2.436 ,2.341 ,0.874,0.756,0.594,0.621,0.638,0.621,0.489,0.617,0.471,0.646,0.663,0.575,0.651,0.575,0.651,0.556,0.641,0.576,0.652,0.578,0.653,0.56,0.643,0.532,0.63,2.19,2.51,2.49,2.55,1.02,1.02,0.98,0.99,2.37,-0.378,-0.565,6.724537037,-2.91087963,6.724537037,1.215277778,0.382784146,43.089,36.033,43.05477522,19,0,0,0,0,0,-666,-666,-666,-0.146769905,-0.247521711,-0.939003807,-2.421158398,-0.887966539,-2.287196198,-0.442856843,-1.068668763,4.403817967,110.5098519,8.577350269,8.5,1.5,4.193375673,4,0.5,0.125,0.125,0,0,0,0,0,69.54184355,0.148148148,2,0,31.30392876,0,0,0,0,0,29.69596739,0,0,0,0,0,0,0,0,9.595309893,0,0,0,0,13.22481702,0,6.875840478,0,0,0,0,0,0,0,0,6.875840478,22.82012691,0,0,0,0,0,20.1006575,0,0,0,0,0,0,0,0,0,9.595309893,46.10532407,0,0,0,0,0,0,-2.8125,-4.126157407,0,0.666666667,3,0,0,0,0,0,0,0,0,0,0,0,-666,0,0,0,-666,1.23049,15.648,0,0,0,0,0,0,0,0,0,0,0,0,0,0,0,0,0,0,0,0,0,0,0,0,0,0,0,0,0,0,0,0,0,0,0,0,-666,0,0,0,0,0,0,0,0,0,0,0,0,0,0,0,0,0,-666,0,0,0,0,0,0,0,0,0,0,0,0,0,0,0,0,0,0,0,0,0,0,0,0,0,0,0,0,-666,0,0,70,6,12.011,1.262119,11.3,4,2.55,2.2,201,12.5,-0.431437211,-0.3221308,C,6,1,1,2.55,2.1,2.1,8,6.75,1.034,23.603
577,propyloxidanyl,5.295 ,3.478 ,3.631 ,4.013 ,5.474 ,3.884 ,3.731 ,3.481 ,0.741,0.6,0.401,0.316,0.348,0.312,0.28,0.311,0.276,0.364,0.287,0.32,0.349,0.392,0.414,0.324,0.352,0.314,0.342,0.393,0.414,0.33,0.359,0.376,0.407,3.85,4.28,4.24,4.33,2,2.05,1.93,1.97,3.63,-0.304,-0.346,10.37020833,-3.598958333,10.37020833,3.223958333,0.426026827,59.088,52.032,59.04968984,25,0,0,0,0,0,-666,-666,-666,-1.28E-15,-0.247523475,-0.157157081,-2.462201348,-0.079956212,-2.434991687,-5.35E-17,-1.102050371,4.748408578,124.7451259,9.5,8.90824829,1.90824829,4.5,4.204124145,0.704124145,0.227062073,0.227062073,0.051031036,0.051031036,0,0,-0.04,88.5519821,0.349751778,2.96,1.96,36.09816251,0,0,0,0,0,34.48563955,0,0,0,0,0,0,0,0,14.70183729,0,0,0,0,13.22481702,6.558985243,0,0,0,0,0,0,0,6.558985243,5.106527395,0,22.82012691,0,0,0,0,-666,19.78380226,5.106527395,0,0,0,0,0,0,0,0,9.595309893,45.54993056,0,0,10.37020833,0,0,0,-3.347222222,-6.822916667,0,1,4,0,1,0,0,0,0,0,0,0,0,1,-666,0,0,0,-666,0.8269,15.8445,0,0,0,0,0,0,0,0,0,0,0,0,0,0,0,0,0,0,0,0,0,0,0,0,0,0,0,0,0,0,0,0,0,0,0,0,-666,0,0,0,0,0,0,0,0,0,0,0,0,0,0,0,0,0,-666,0,0,0,0,0,0,0,0,0,0,0,0,0,0,0,0,0,0,0,0,0,0,0,0,0,0,0,0,-666,0,0,60,8,15.999,1.4611135,5.3,6,3.44,0.001308,217.5,12.7,-0.407246625,-0.398297775,O,6,0,0,2.55,0,0,6,2.55,0.88,24.584
578,pyranose,1.944 ,1.351 ,1.442 ,1.710 ,2.016 ,1.683 ,1.519 ,1.438 ,0.552,0.791,0.365,0.382,0.402,0.386,0.404,0.384,0.401,0.401,0.405,0.451,0.407,0.426,0.404,0.435,0.395,0.448,0.404,0.427,0.406,0.442,0.401,0.416,0.386,1.54,1.75,1.73,1.78,0.78,0.8,0.72,0.72,1.44,-0.336,-0.346,7.88875,-3.738958333,7.88875,1.55037037,0.29988572,179.148,168.06,179.0555631,71,0,0,0,0,0,-666,-666,-666,9.995637094,-1.045094445,2.78E-17,-2.688938555,4.16E-17,-2.875911852,0.62260971,-1.271151144,3.733934411,437.2300002,18.31999096,16.44948974,5.449489743,10.40847257,7.720110469,2.678869017,1.808078205,1.808078205,1.091539102,1.091539102,0.551504033,0.551504033,-0.24,55741.95272,2.628375129,3.648916103,1.581758759,84.53087123,0,0,0,0,0,82.83053761,0,0,0,0,0,0,0,0,39.9366549,0,5.724798629,0,0,24.32007211,6.558985243,6.290026729,0,0,0,0,0,0,62.14789694,4.736862954,6.290026729,9.655750994,0,0,0,0,-666,37.16908408,0,0,0,0,0,0,0,0,30.28090391,15.38054962,84.67366402,0,0,18.91402683,0,0,0,-16.06761858,-3.603405612,0,0.833333333,12,5,6,0,0,0,0,0,0,6,5,6,-666,0,0,0,-666,-2.67781,35.158,0,5,1,0,0,0,0,0,0,0,0,0,0,0,0,0,0,0,0,0,0,0,0,0,0,0,0,0,0,0,0,0,0,0,0,0,-666,0,0,0,0,1,0,0,0,0,0,0,0,0,0,0,0,0,-666,0,0,0,0,0,0,0,0,0,0,0,0,0,0,0,0,0,0,0,0,0,0,0,0,0,0,0,0,-666,0,0,70,6,12.011,1.262119,11.3,4,2.55,2.2,332.6,15.6,-0.417053408,-0.299636284,C,6,8,8,2.55,3.44,3.44,22,9.43,0.856,54.169
579,pyrazin-2-yl,3.997 ,3.186 ,3.328 ,4.017 ,4.139 ,4.069 ,3.463 ,3.340 ,0.655,0.598,0.268,0.301,0.326,0.3,0.282,0.304,0.285,0.31,0.263,0.281,0.317,0.281,0.317,0.273,0.308,0.281,0.318,0.282,0.319,0.275,0.31,0.263,0.294,3.13,3.59,3.55,3.64,1.42,1.49,1.38,1.44,3.33,-0.254,-0.266,6.859259259,-0.278935185,6.859259259,0.198148148,0.445953696,79.082,76.058,79.0296231,29,0,0,0,0,0,-666,-666,-666,12.08789149,-0.088168755,0.318044782,-2.019131083,0.30430339,-1.986997931,2.629303389,-0.391232953,3.011456806,215.8526375,6.853371151,5.894427191,2.894427191,4.198377303,2.894427191,1.394427191,0.670820393,0.670820393,0.323606798,0.323606798,0.155901699,0.155901699,-0.08,104.2009193,1.801035211,2.157216947,0.953692476,40.14419966,0,0,0,0,0,38.85435099,0,0,0,0,0,0,0,0,4.112275669,12.4052528,0,0,9.984809465,0,0,12.35201306,0,0,0,0,0,0,12.4052528,0,0,4.112275669,22.33682252,0,0,0,-666,0,0,0,18.54266528,0,0,0,0,0,16.19941004,4.112275669,20.49976852,0,6.583333333,0,0,0,0,1.416898148,0,0,0,6,0,2,0,0,0,0,0,0,2,0,2,-666,0,0,0,-666,0.4898,25.067,0,0,0,0,0,0,0,0,0,0,0,0,0,0,2,2,0,0,0,0,0,0,0,0,0,0,0,0,0,0,0,0,0,0,0,0,-666,0,0,0,0,0,0,0,0,0,0,0,0,0,0,0,0,0,-666,0,0,0,0,0,0,0,0,0,0,0,0,0,0,0,0,0,0,0,0,0,0,0,0,0,0,0,0,-666,0,0,70,6,12.011,1.262119,11.3,4,2.55,2.2,216.1,15.3,-0.400540606,-0.336250645,C,6,7,0,2.55,3.04,0,13,5.59,0.874,39.617
580,pyridin-1-ium-2-yl,5.407 ,5.158 ,5.402 ,5.407 ,5.414 ,5.410 ,5.408 ,5.417 ,0.693,0.64,0.427,0.454,0.475,0.462,0.35,0.456,0.345,0.476,0.265,0.345,0.485,0.344,0.485,0.334,0.475,0.346,0.486,0.346,0.487,0.336,0.477,0.321,0.464,5.48,5.43,5.43,5.42,6.88,6.87,6.7,6.82,5.4,-0.449,-0.577,7.069907407,-0.425,7.069907407,0.332407407,0.448618095,79.102,74.062,79.04219916,30,0,0,0,0,0,-666,-666,-666,10.4862479,-0.093975531,0.02295199,-2.296141725,0.032025811,-2.354101971,1.565001062,-0.561254963,3.015904909,233.0272763,8.593858127,7.947213595,2.947213595,5.03658126,3.894427191,1.447213595,0.710410197,0.710410197,0.348606798,0.348606798,0.171004249,0.171004249,-0.04,256.3467848,1.220642549,2.189674339,0.976756002,44.44675358,0,0,0,0,0,43.08166783,0,0,0,0,0,0,0,0,6.894876303,0,0,5.309813353,0,0,0,30.87697817,0,0,5.309813353,0,0,0,0,0,12.72076293,5.483034225,18.15621524,1.411842078,0,0,-666,12.57287979,0,0,12.10414349,5.309813353,0,0,0,0,6.19995489,6.894876303,35.12231481,0,0,0.474907407,0,0,-1.108101852,2.102546296,-0.425,0,0,6,1,1,0,0,0,0,0,0,1,1,1,-666,0,0,0,-666,0.62448,24.3887,0,0,0,0,0,0,0,0,0,0,0,0,0,0,0,0,1,0,0,0,-666,0,0,0,0,0,2,0,0,0,0,0,0,0,0,0,-666,0,1,0,0,0,0,0,0,0,0,0,0,0,0,0,0,0,-666,0,0,0,0,0,0,0,0,0,0,0,0,0,0,0,0,0,0,0,0,0,0,0,0,0,0,0,0,-666,0,1,70,6,12.011,1.262119,11.3,4,2.55,2.2,228.6,15.4,-0.289642969,-0.255782044,C,6,7,0,2.55,3.04,0,13,5.59,1.032,40.436
581,pyridin-1-ium-3-yl,4.829 ,4.575 ,4.786 ,4.831 ,4.847 ,4.837 ,4.794 ,4.795 ,0.711,0.548,0.478,0.504,0.521,0.515,0.383,0.509,0.373,0.523,0.236,0.369,0.537,0.369,0.537,0.356,0.526,0.37,0.538,0.371,0.539,0.358,0.528,0.338,0.513,4.84,4.81,4.81,4.81,6.21,6.16,6.04,6.1,4.79,-0.303,-0.569,7.053703704,-0.459490741,7.053703704,0.316203704,0.448618095,79.102,74.062,79.04219916,30,0,0,0,0,0,-666,-666,-666,10.47704013,-0.093079916,-0.000790687,-2.322045471,0.032385342,-2.381765604,1.656975109,-0.586692475,3.011352281,233.0272763,8.593858127,7.947213595,2.947213595,5.03658126,3.894427191,1.447213595,0.710410197,0.710410197,0.348606798,0.348606798,0.171004249,0.171004249,-0.04,256.3467848,1.220642549,2.189674339,0.976756002,44.44675358,0,0,0,0,0,43.08166783,0,0,0,0,0,0,0,0,6.894876303,0,0,5.309813353,0,0,0,30.87697817,0,0,5.309813353,0,0,0,0,0,12.59682815,5.483034225,18.28015002,1.411842078,0,0,-666,6.520808045,0,0,18.28015002,5.309813353,0,0,0,0,6.076020107,6.894876303,35.10611111,0,0,0.444814815,0,0,-0.694907407,1.770138889,-0.459490741,0,0,6,1,1,0,0,0,0,0,0,1,1,1,-666,0,0,0,-666,0.62448,24.3887,0,0,0,0,0,0,0,0,0,0,0,0,0,0,0,0,1,0,0,0,-666,0,0,0,0,0,2,0,0,0,0,0,0,0,0,0,-666,0,1,0,0,0,0,0,0,0,0,0,0,0,0,0,0,0,-666,0,0,0,0,0,0,0,0,0,0,0,0,0,0,0,0,0,0,0,0,0,0,0,0,0,0,0,0,-666,0,1,70,6,12.011,1.262119,11.3,4,2.55,2.2,228.4,15.5,-0.268851383,-0.261211915,C,6,6,0,2.55,2.55,0,12,5.1,1.05,42.091
582,pyridin-1-ium-4-yl,4.602 ,4.333 ,4.532 ,4.605 ,4.621 ,4.612 ,4.567 ,4.568 ,0.701,0.573,0.459,0.488,0.497,0.496,0.363,0.491,0.36,0.504,0.234,0.352,0.516,0.352,0.515,0.341,0.505,0.353,0.516,0.354,0.517,0.343,0.507,0.327,0.493,4.59,4.56,4.56,4.56,5.96,5.94,5.8,5.88,4.53,-0.377,-0.568,7.034953704,-0.425,7.034953704,0.332407407,0.448618095,79.102,74.062,79.04219916,30,0,0,0,0,0,-666,-666,-666,10.47340417,-0.092321315,-0.007817076,-2.324396428,0.032385872,-2.384337512,1.66537556,-0.588399102,3.011352281,233.0272763,8.593858127,7.947213595,2.947213595,5.03658126,3.894427191,1.447213595,0.710410197,0.710410197,0.348606798,0.348606798,0.171004249,0.171004249,-0.04,256.3467848,1.220642549,2.189674339,0.976756002,44.44675358,0,0,0,0,0,43.08166783,0,0,0,0,0,0,0,0,6.894876303,0,0,5.309813353,0,0,0,30.87697817,0,0,5.309813353,0,0,0,0,0,12.59682815,5.483034225,18.28015002,1.411842078,0,0,-666,12.69681457,0,0,12.10414349,5.309813353,0,0,0,0,6.076020107,6.894876303,35.09861111,0,0,0.417824074,0,0,-0.664814815,1.740046296,-0.425,0,0,6,1,1,0,0,0,0,0,0,1,1,1,-666,0,0,0,-666,0.62448,24.3887,0,0,0,0,0,0,0,0,0,0,0,0,0,0,0,0,1,0,0,0,-666,0,0,0,0,0,2,0,0,0,0,0,0,0,0,0,-666,0,1,0,0,0,0,0,0,0,0,0,0,0,0,0,0,0,-666,0,0,0,0,0,0,0,0,0,0,0,0,0,0,0,0,0,0,0,0,0,0,0,0,0,0,0,0,-666,0,1,70,6,12.011,1.262119,11.3,4,2.55,2.2,228.3,15.4,-0.260450114,-0.244385645,C,6,6,0,2.55,2.55,0,12,5.1,1.039,42.691
583,pyridin-1-ylium-1-yl,9.182 ,8.442 ,8.711 ,9.186 ,9.221 ,9.202 ,9.058 ,9.036 ,0.543,0.33,0.225,0.224,0.223,0.22,0.184,0.227,0.183,0.233,0.153,0.214,0.237,0.214,0.237,0.211,0.234,0.215,0.237,0.215,0.237,0.212,0.235,0.216,0.242,8.84,8.91,8.9,8.92,9.66,9.9,9.5,9.62,8.71,-0.244,-0.482,7.070740741,-0.42037037,7.070740741,0.397222222,0.453147965,79.102,74.062,79.04219916,30,0,0,0,0,0,-666,-666,-666,10.53795326,-0.094100684,-0.104748805,-2.158427712,-0.126018696,-2.036656408,1.506187971,-0.453304089,3.281646062,281.7381276,8.593858127,7.947213595,2.947213595,5.03658126,3.947213595,1.447213595,0.710410197,0.710410197,0.348606798,0.348606798,0.171004249,0.171004249,-0.04,256.3467848,1.220642549,2.189674339,0.976756002,43.73415725,0,0,0,0,0,42.3690715,0,0,0,0,0,0,0,0,6.853792781,6.190652219,0,0,4.992404733,0,0,24.33222177,0,0,0,0,0,0,6.190652219,0,0,6.853792781,29.3246265,0,0,0,-666,30.52287399,0,0,0,0,0,0,0,0,4.992404733,6.853792781,35.10407407,0,3.271851852,0,0,0,-1.201851852,-0.840740741,0,0,0,6,0,1,0,0,0,0,0,0,1,0,1,-666,0,0,0,-666,1.1407,26.772,0,0,0,0,0,0,0,0,0,0,0,0,0,0,1,1,0,0,0,0,0,0,0,0,0,0,3,0,0,0,0,0,0,0,0,0,-666,0,0,0,0,0,0,0,0,0,0,0,0,0,0,0,0,0,-666,0,0,0,0,0,0,0,0,0,0,0,0,0,0,0,0,0,0,0,0,0,0,0,0,0,0,0,0,-666,0,1,65,7,14.007,-1.4,7.4,5,3.04,0.001145,227.7,15.5,-0.344317945,-0.241667988,N,6,6,0,2.55,2.55,0,12,5.1,0.836,43.812
584,pyridin-2-yl,3.201 ,2.514 ,2.617 ,3.219 ,3.328 ,3.266 ,2.733 ,2.627 ,0.656,0.633,0.32,0.376,0.385,0.37,0.335,0.373,0.341,0.374,0.334,0.332,0.378,0.332,0.377,0.323,0.366,0.333,0.378,0.333,0.379,0.325,0.369,0.314,0.352,2.45,2.83,2.8,2.87,1.09,1.11,1.05,1.08,2.61,-0.304,-0.324,7.018657407,-0.315972222,7.018657407,0.235185185,0.44859919,78.094,74.062,78.03437413,29,0,0,0,0,0,-666,-666,-666,11.1943928,-0.093473186,0.482031715,-2.107930443,0.496052699,-1.990560355,2.464989976,-0.436403201,3.156445137,224.3735656,7.723614639,6.947213595,2.947213595,4.625897658,3.447213595,1.447213595,0.710410197,0.710410197,0.348606798,0.348606798,0.171004249,0.171004249,-0.04,171.9622554,1.47805616,2.189674339,0.976756002,42.32918675,0,0,0,0,0,41.0222613,0,0,0,0,0,0,0,0,5.483034225,6.190652219,0,0,4.992404733,0,0,24.35617013,0,0,0,0,0,0,6.190652219,0,6.19995489,5.483034225,23.14861997,0,0,0,-666,0,0,0,24.34686746,0,0,0,0,0,11.19235962,5.483034225,27.89805556,0,3.285740741,0,0,0,-0.842824074,1.825694444,0,0,0,6,0,1,0,0,0,0,0,0,1,0,1,-666,0,0,0,-666,0.94389,25.445,0,0,0,0,0,0,0,0,0,0,0,0,0,0,1,1,0,0,0,0,0,0,0,0,0,0,3,0,0,0,0,0,0,0,0,0,-666,0,0,0,0,0,0,0,0,0,0,0,0,0,0,0,0,0,-666,0,0,0,0,0,0,0,0,0,0,0,0,0,0,0,0,0,0,0,0,0,0,0,0,0,0,0,0,-666,0,0,70,6,12.011,1.262119,11.3,4,2.55,2.2,223.2,15.5,-0.397742644,-0.31882938,C,6,7,0,2.55,3.04,0,13,5.59,0.852,40.724
585,pyridin-3-yl,3.935 ,3.211 ,3.368 ,3.954 ,4.066 ,4.002 ,3.440 ,3.326 ,0.713,0.552,0.376,0.387,0.429,0.403,0.319,0.398,0.31,0.427,0.223,0.334,0.449,0.334,0.449,0.319,0.435,0.335,0.45,0.336,0.451,0.322,0.438,0.298,0.417,3.16,3.59,3.56,3.64,1.49,1.54,1.45,1.5,3.37,-0.245,-0.347,6.988657407,-0.33912037,6.988657407,0.24537037,0.44859919,78.094,74.062,78.03437413,29,0,0,0,0,0,-666,-666,-666,11.51853659,-1.459555113,0.005682417,-2.111396088,0.157299341,-2.084523594,2.166980559,-1.585154238,3.134778547,247.6186781,7.723614639,6.947213595,2.947213595,4.609060905,3.447213595,1.447213595,0.710410197,0.710410197,0.348606798,0.348606798,0.171004249,0.171004249,-0.04,153.1815603,1.47805616,2.189674339,0.976756002,42.32918675,0,0,0,0,0,41.0222613,0,0,0,0,0,0,0,0,5.483034225,6.190652219,0,0,4.992404733,0,0,24.35617013,0,0,0,0,0,0,6.190652219,0,6.076020107,5.483034225,23.27255475,0,0,0,-666,0,0,0,24.47080224,0,0,0,0,0,11.06842484,5.483034225,27.79273148,0,3.304259259,0,0,0,-0.526851852,1.596527778,0,0,0,6,0,1,0,0,0,0,0,0,1,0,1,-666,0,0,0,-666,0.94389,25.445,0,0,0,0,0,0,0,0,0,0,0,0,0,0,1,1,0,0,0,0,0,0,0,0,0,0,3,0,0,0,0,0,0,0,0,0,-666,0,0,0,0,0,0,0,0,0,0,0,0,0,0,0,0,0,-666,0,0,0,0,0,0,0,0,0,0,0,0,0,0,0,0,0,0,0,0,0,0,0,0,0,0,0,0,-666,0,0,70,6,12.011,1.262119,11.3,4,2.55,2.2,223.7,15.5,-0.393453235,-0.331402256,C,6,6,0,2.55,2.55,0,12,5.1,1.022,42.048
586,pyridin-4-yl,3.898 ,3.197 ,3.358 ,3.916 ,4.027 ,3.964 ,3.410 ,3.297 ,0.71,0.563,0.362,0.382,0.414,0.384,0.295,0.379,0.289,0.421,0.246,0.313,0.429,0.313,0.428,0.3,0.416,0.314,0.43,0.315,0.431,0.302,0.418,0.285,0.402,3.16,3.59,3.55,3.64,1.5,1.54,1.46,1.51,3.36,-0.232,-0.333,6.948148148,-0.30462963,6.948148148,0.235185185,0.44859919,78.094,74.062,78.03437413,29,0,0,0,0,0,-666,-666,-666,11.20706199,-0.090300921,-0.006297245,-2.08685473,0.032389749,-1.989588776,2.248237084,-0.412484531,3.114909524,224.3735656,7.723614639,6.947213595,2.947213595,4.609060905,3.447213595,1.447213595,0.710410197,0.710410197,0.348606798,0.348606798,0.171004249,0.171004249,-0.04,156.4958014,1.47805616,2.189674339,0.976756002,42.32918675,0,0,0,0,0,41.0222613,0,0,0,0,0,0,0,0,5.483034225,6.190652219,0,0,4.992404733,0,0,24.35617013,0,0,0,0,0,0,6.190652219,0,6.076020107,5.483034225,23.27255475,0,0,0,-666,0,0,0,24.47080224,0,0,0,0,0,11.06842484,5.483034225,27.74398148,0,3.299768519,0,0,0,-0.47037037,1.593287037,0,0,0,6,0,1,0,0,0,0,0,0,1,0,1,-666,0,0,0,-666,0.94389,25.445,0,0,0,0,0,0,0,0,0,0,0,0,0,0,1,1,0,0,0,0,0,0,0,0,0,0,3,0,0,0,0,0,0,0,0,0,-666,0,0,0,0,0,0,0,0,0,0,0,0,0,0,0,0,0,-666,0,0,0,0,0,0,0,0,0,0,0,0,0,0,0,0,0,0,0,0,0,0,0,0,0,0,0,0,-666,0,0,70,6,12.011,1.262119,11.3,4,2.55,2.2,223.7,15.5,-0.401932531,-0.324163585,C,6,6,0,2.55,2.55,0,12,5.1,1.008,42.266
587,pyrimidin-2-yl,3.191 ,2.572 ,2.690 ,3.208 ,3.309 ,3.251 ,2.754 ,2.654 ,0.674,0.732,0.338,0.379,0.409,0.378,0.351,0.375,0.356,0.394,0.369,0.331,0.397,0.331,0.397,0.321,0.386,0.332,0.398,0.333,0.399,0.323,0.388,0.31,0.371,2.55,2.92,2.89,2.96,1.16,1.18,1.12,1.16,2.69,-0.32,-0.326,6.924074074,-0.255787037,6.924074074,0.25462963,0.445953696,79.082,76.058,79.0296231,29,0,0,0,0,0,-666,-666,-666,11.74196345,-0.09187877,0.540832744,-2.041780945,0.562729688,-1.987788585,2.619559251,-0.419046006,3.063785326,215.8526375,6.853371151,5.894427191,2.894427191,4.215214055,2.894427191,1.394427191,0.672213595,0.672213595,0.323606798,0.323606798,0.155901699,0.155901699,-0.08,109.7375151,1.801035211,2.157216947,0.953692476,40.14419966,0,0,0,0,0,38.85435099,0,0,0,0,0,0,0,0,4.112275669,12.52918758,0,0,9.984809465,0,0,12.22807828,0,0,0,0,0,0,12.52918758,0,0,4.112275669,22.21288774,0,0,0,-666,0,0,0,18.41873049,0,0,0,0,0,16.32334483,4.112275669,20.66509259,0,6.525185185,0,0,0,-0.255787037,1.565509259,0,0,0,6,0,2,0,0,0,0,0,0,-666,0,2,-666,0,0,0,-666,0.4898,25.067,0,0,0,0,0,0,0,0,0,0,0,0,0,0,2,2,0,0,0,0,0,0,0,0,0,0,1,0,0,0,0,0,0,0,0,0,-666,0,0,0,0,0,0,0,0,0,0,0,0,0,0,0,0,0,-666,0,0,0,0,0,0,0,0,0,0,0,0,0,0,0,0,0,0,0,0,0,0,0,0,0,0,0,0,-666,0,0,70,6,12.011,1.262119,11.3,4,2.55,2.2,215.8,15.4,-0.386058425,-0.333023226,C,7,7,0,3.04,3.04,0,14,6.08,0.878,39.036
588,pyrimidin-4-yl,3.611 ,2.870 ,2.998 ,3.629 ,3.741 ,3.677 ,3.123 ,3.011 ,0.652,0.613,0.291,0.338,0.355,0.327,0.298,0.33,0.302,0.345,0.3,0.294,0.343,0.294,0.342,0.286,0.333,0.294,0.343,0.295,0.344,0.288,0.335,0.277,0.319,2.83,3.24,3.21,3.29,1.29,1.34,1.25,1.3,3,-0.271,-0.289,6.870509259,-0.267592593,6.870509259,0.175,0.445953696,79.082,76.058,79.0296231,29,0,0,0,0,0,-666,-666,-666,11.6992379,-0.090223491,0.492666574,-2.022971099,0.499292672,-1.987022308,2.621252839,-0.400245659,2.98555984,215.8526375,6.853371151,5.894427191,2.894427191,4.198377303,2.894427191,1.394427191,0.672213595,0.672213595,0.323606798,0.323606798,0.155901699,0.155901699,-0.08,104.2009193,1.801035211,2.157216947,0.953692476,40.14419966,0,0,0,0,0,38.85435099,0,0,0,0,0,0,0,0,4.112275669,12.50523922,0,0,9.984809465,0,0,12.25202664,0,0,0,0,0,0,12.50523922,0,6.19995489,4.112275669,16.03688121,0,0,0,-666,0,0,0,18.55731097,0,0,0,0,0,16.18476436,4.112275669,20.51101852,0,6.539212963,0,0,0,-0.175,1.624768519,0,0,0,6,0,2,0,0,0,0,0,0,-666,0,2,-666,0,0,0,-666,0.41599,24.797,0,0,0,0,0,0,0,0,0,0,0,0,0,0,2,2,0,0,0,0,0,0,0,0,0,0,1,0,1,0,0,0,0,0,0,0,-666,0,0,0,0,0,0,0,0,0,0,0,0,0,0,0,0,0,-666,0,0,0,0,0,0,0,0,0,0,0,0,0,0,0,0,0,0,0,0,0,0,0,0,0,0,0,0,-666,0,0,70,6,12.011,1.262119,11.3,4,2.55,2.2,215.8,15.3,-0.415019241,-0.328498994,C,6,7,0,2.55,3.04,0,13,5.59,0.845,40.124
589,pyrrolidin-2-yl,0.881 ,0.615 ,0.646 ,0.888 ,0.928 ,0.905 ,0.719 ,0.684 ,0.656,0.654,0.429,0.465,0.464,0.46,0.383,0.462,0.372,0.473,0.57,0.443,0.477,0.443,0.477,0.423,0.468,0.445,0.478,0.447,0.479,0.427,0.47,0.401,0.456,0.63,0.75,0.74,0.76,0.25,0.26,0.24,0.23,0.65,-0.282,-0.423,7.166666667,-2.890046296,7.166666667,0.0625,0.43813781,70.115,62.051,70.06567426,29,0,0,0,0,0,-666,-666,-666,-0.066581374,-0.186007779,-0.547090297,-2.446185451,-0.563121388,-2.537815521,-0.232044506,-0.996119793,3.225624656,202.1839164,10.65470054,10.4472136,2.447213595,5.565384141,5.144427191,1.197213595,0.585410197,0.585410197,0.286106798,0.286106798,0.139754249,0.139754249,-0.04,430.0890537,0.46308642,1.410312175,0.618363684,43.67592903,0,0,0,0,0,42.08048286,0,0,0,0,0,0,0,0,11.00715197,0,0,5.309813353,0,12.7458498,6.496859684,6.520808045,0,0,5.309813353,0,0,0,6.496859684,0,6.520808045,22.3411597,0,1.411842078,0,0,-666,25.76351753,0,0,5.309813353,0,0,0,0,0,0,11.00715197,56.94444444,0,0,-0.0625,0,0,0,-5.655671296,-3.809606481,0,0.75,5,1,1,0,0,0,0,0,0,1,1,1,-666,0,0,0,-666,0.53159,21.5367,0,0,0,0,0,0,0,0,0,0,0,0,0,0,0,0,1,0,0,0,-666,0,0,0,0,0,0,0,0,0,0,0,0,0,0,0,-666,0,0,0,0,0,0,0,0,0,0,0,0,0,0,0,0,0,-666,0,0,0,0,0,0,0,0,0,0,0,0,0,0,0,0,0,0,0,0,0,0,0,0,0,0,0,0,-666,0,0,70,6,12.011,1.262119,11.3,4,2.55,2.2,227.6,14.1,-0.393997168,-0.248540696,C,6,7,1,2.55,3.04,2.1,14,7.69,0.856,37.644
590,pyrrolidin-3-yl,1.810 ,1.407 ,1.472 ,1.819 ,1.876 ,1.844 ,1.567 ,1.512 ,0.77,0.711,0.582,0.599,0.581,0.595,0.44,0.592,0.42,0.627,0.66,0.54,0.627,0.54,0.627,0.523,0.619,0.541,0.628,0.543,0.629,0.527,0.621,0.501,0.609,1.42,1.61,1.59,1.63,0.7,0.71,0.67,0.67,1.47,-0.342,-0.552,7.146412037,-2.811921296,7.146412037,0.150462963,0.428562388,70.115,62.051,70.06567426,29,0,0,0,0,0,-666,-666,-666,-0.0685866,-0.180501579,-0.586362834,-2.419086278,-0.594029574,-2.608669894,-0.24981702,-0.934378427,3.204435436,202.1839164,10.65470054,10.4472136,2.447213595,5.559401077,5.144427191,1.197213595,0.585410197,0.585410197,0.286106798,0.286106798,0.139754249,0.139754249,-0.04,424.470036,0.46308642,1.410312175,0.618363684,43.67592903,0,0,0,0,0,42.08048286,0,0,0,0,0,0,0,0,11.00715197,0,0,5.309813353,0,6.372924901,12.99371937,6.396873262,0,0,5.309813353,0,0,0,12.99371937,0,6.396873262,15.96823479,0,1.411842078,0,0,-666,25.76351753,0,0,5.309813353,0,0,0,0,0,0,11.00715197,56.88773148,0,0,-0.150462963,0,0,0,-3.821180556,-5.499421296,0,0.75,5,1,1,0,0,0,0,0,0,1,1,1,-666,0,0,0,-666,0.18399,21.7867,0,0,0,0,0,0,0,0,0,0,0,0,0,0,0,0,1,0,0,0,-666,0,0,0,0,0,0,0,0,0,0,0,0,0,0,0,-666,0,0,0,0,0,0,0,0,0,0,0,0,0,0,0,0,0,-666,0,0,0,0,0,0,0,0,0,0,0,0,0,0,0,0,0,0,0,0,0,0,0,0,0,0,0,0,-666,0,0,70,6,12.011,1.262119,11.3,4,2.55,2.2,227.4,13.9,-0.358712321,-0.295084792,C,6,6,1,2.55,2.55,2.1,13,7.2,1.04,39.533
591,sulfanyl,5.408 ,4.691 ,4.789 ,5.426 ,5.533 ,5.472 ,4.909 ,4.787 ,0.975,0.876,0.956,0.953,0.933,0.954,0.87,0.953,0.862,0.949,0.904,0.871,0.95,0.871,0.95,0.87,0.951,0.871,0.95,0.871,0.95,0.87,0.951,0.889,0.966,5.25,5.96,5.9,6.04,2.46,2.47,2.44,2.48,4.79,-0.859,-0.958,5.333333333,3.333333333,5.333333333,3.333333333,0.367117523,33.075,32.067,32.97989603,7,0,0.114681098,-0.114681098,0.114681098,0.114681098,-666,-666,-666,-0.030155409,-0.030155409,-1.058511917,-1.058511917,-0.726455165,-0.726455165,-0.128541374,-0.128541374,1,2,2,1.40824829,1.224744871,1,0.40824829,0,0,0,0,0,0,0,0.35,2,0.090740741,1.207142857,7.778571429,15.64719858,0,1.123799173,0,0,0,0,0,0,0,13.39960024,0,0,0,0,0,13.39960024,1.123799173,0,0,0,0,0,0,0,0,0,0,13.39960024,1.123799173,0,0,0,0,0,0,0,0,0,0,0,0,0,0,0,0,0,13.39960024,1.123799173,5.333333333,3.333333333,0,0,0,0,0,0,0,0,0,1,0,0,0,0,0,0,0,0,0,1,1,0,0,0,0,-666,0.3805,8.986,0,0,0,0,0,0,0,0,0,0,0,0,0,0,0,0,0,0,0,0,0,0,1,0,0,0,0,0,0,0,0,0,0,0,0,0,-666,0,0,0,0,0,0,0,0,0,0,0,0,0,0,0,0,0,0,0,0,0,0,0,0,0,0,0,0,0,0,0,0,0,0,0,0,0,0,0,0,0,0,0,0,0,0,0,0,0,100,16,32.06,2.07710403,19.4,6,2.58,2.07,134.4,12.3,-0.410300022,-0.410300021,S,1,0,0,2.1,0,0,1,2.1,1.022,0
592,sulfanylmethyl,2.267 ,1.721 ,1.779 ,2.280 ,2.359 ,2.314 ,1.927 ,1.851 ,0.742,0.638,0.407,0.474,0.463,0.466,0.382,0.47,0.371,0.476,0.551,0.433,0.481,0.432,0.481,0.414,0.468,0.434,0.482,0.436,0.483,0.418,0.471,0.381,0.429,1.77,2.08,2.05,2.11,0.74,0.77,0.72,0.74,1.78,-0.285,-0.41,6.185185185,-0.412037037,6.185185185,0.37962963,0.382099305,47.102,44.078,46.9955461,13,0,0,0,0,0,-666,-666,-666,-0.03005114,-0.16287429,-0.809437514,-1.894798036,-0.607847228,-1.681604645,-0.126934795,-0.548522913,2.539538861,20.85475297,4.28445705,3.90824829,1.724744871,2.27005561,1.612372436,0.612372436,0,0,0,0,0,0,0.35,9.651484454,0.226337693,1.35,1.207142857,23.79012506,0,0,0,0,0,22.60588479,0,0,0,0,0,0,0,0,2.741517112,12.53269604,1.123799173,0,0,0,0,6.207872462,0,0,0,0,0,12.53269604,1.123799173,0,6.207872462,2.741517112,0,0,0,0,0,6.207872462,0,0,0,12.53269604,0,0,0,0,0,3.865316285,18.53240741,0.37962963,0,0,0,0,0,-0.412037037,0,0,0,2,0,0,0,0,0,0,0,0,1,1,1,-666,0,0,0,-666,0.70779,14.343,0,0,0,0,0,0,0,0,0,0,0,0,0,0,0,0,0,0,0,0,0,0,1,0,0,0,0,0,0,0,0,0,0,0,0,0,-666,0,0,0,0,0,0,0,0,0,0,0,0,0,0,0,0,0,-666,0,0,0,0,0,0,0,0,0,0,0,0,0,0,0,0,0,0,0,0,0,0,0,0,0,0,0,0,-666,0,0,70,6,12.011,1.262119,11.3,4,2.55,2.2,171.3,13.6,-0.423625581,-0.306579151,C,16,1,1,2.58,2.1,2.1,18,6.78,0.915,20.968
593,sulfonatooxidanyl,7.567 ,3.878 ,3.949 ,5.325 ,7.960 ,4.982 ,4.519 ,3.859 ,0.533,0.409,0.224,0.238,0.212,0.234,0.208,0.235,0.207,0.21,0.18,0.193,0.207,0.19,0.191,0.198,0.212,0.195,0.209,0.189,0.189,0.195,0.209,0.19,0.204,4.53,5.8,5.7,5.94,0.22,0.35,0.22,0.26,3.95,-0.156,-0.148,8.520833333,-5.166666667,8.520833333,5.166666667,0.391270794,96.063,96.063,95.95172948,30,0,0,0,0,0,-666,-666,-666,32.25161842,15.81726477,1.934600192,-1.574080539,1.642040494,-1.832939326,7.789363614,0.291408999,4.062942299,86.81635834,4.5,2.041241452,2.857738033,2,0.666666667,2,0.40824829,1.224744871,0,0,0,0,0.19,3.609640474,5.19,1.112792247,556.6664543,29.00618255,0,0,0,0,0,27.92229731,0,0,0,0,0,0,0,0,17.52329673,10.39900058,0,0,0,0,0,0,0,0,0,0,0,0,8.417796984,19.50450033,0,0,0,0,0,0,-666,10.39900058,0,0,0,0,0,0,0,0,0,17.52329673,34.08333333,0,0,0,0,0,0,0,0,-5.166666667,0,5,0,4,0,0,0,0,0,0,2,0,5,0,0,0,0,-666,-0.9078,10.2928,0,0,0,0,0,0,0,0,0,0,0,0,0,0,0,0,0,0,0,0,0,0,0,0,0,0,0,0,0,0,0,0,0,0,0,0,-666,0,0,0,0,0,0,0,0,0,0,0,0,0,0,0,0,0,0,0,0,0,0,0,0,0,0,0,0,0,0,0,0,0,0,0,0,0,0,0,0,0,0,0,0,0,0,-666,0,-1,60,8,15.999,1.4611135,5.3,6,3.44,0.001308,200.2,15.1,-0.531688441,-0.530686898,O,16,0,0,2.58,0,0,16,2.58,0.826,31.719
594,sulfonatoperoxy,4.030 ,1.939 ,2.025 ,2.615 ,4.263 ,2.428 ,2.189 ,1.838 ,0.187,0.161,0.392,0.344,0.404,0.364,0.359,0.349,0.342,0.413,0.398,0.41,0.42,0.451,0.461,0.402,0.413,0.406,0.417,0.453,0.464,0.409,0.418,0.415,0.424,2.32,2.99,2.93,3.06,0.04,0.07,0.04,0.05,2.02,-0.23,-0.258,8.909722222,-4.967592593,8.909722222,2.104166667,0.349166981,112.062,112.062,111.9466441,36,0,0,0,0,0,-666,-666,-666,3.23E+01,14.96327928,2.20E+00,-1.968456678,2.36E+00,-1.871220057,8.14E+00,-0.228056617,3.168489873,33.69332843,5.207106781,2.449489743,3.265986324,2.560660172,0.833333333,2.166666667,0.476289672,1.428869017,0.083333333,0.25,0,0,0.15,12.16479704,6.15,1.73496748,4.15,35.48929672,0,0,0,0,0,34.40084989,0,0,0,0,0,0,0,0,23.24927845,11.15157144,0,0,0,0,0,0,0,0,0,0,0,11.15157144,0,23.24927845,0,0,0,0,0,0,-666,11.15157144,0,0,0,0,0,0,0,0,4.333793432,18.91548502,28.83333333,-4.967592593,0,8.550925926,0,0,0,0,0,0,0,6,0,5,0,0,0,0,0,0,1,0,6,-666,0,0,0,-666,0.1046,11.422,0,0,0,0,0,0,0,0,0,0,0,0,0,0,0,0,0,0,0,0,0,0,0,0,0,0,0,0,0,0,0,0,0,0,0,0,-666,0,0,0,0,0,0,0,0,0,0,0,0,0,0,0,0,0,0,0,0,0,0,0,0,0,0,0,0,0,0,0,0,0,0,0,0,0,0,0,0,0,0,0,0,0,0,-666,0,-1,60,8,15.999,1.4611135,5.3,6,3.44,0.001308,221.4,15,-0.510935859,-0.50825511,O,8,0,0,3.44,0,0,8,3.44,0.645,26.451
595,tert-butyl,1.527 ,1.204 ,1.275 ,1.535 ,1.583 ,1.555 ,1.319 ,1.272 ,0.638,0.421,0.542,0.555,0.479,0.542,0.282,0.539,0.259,0.582,0.4,0.374,0.573,0.373,0.572,0.347,0.567,0.375,0.573,0.378,0.573,0.352,0.568,0.303,0.558,1.25,1.42,1.41,1.44,0.6,0.6,0.57,0.56,1.27,-0.138,-0.514,6.77662037,-3.072916667,6.77662037,1.354166667,0.396049481,57.116,48.044,57.07042529,25,0,0,0,0,0,-666,-666,-666,-3.70E-16,-0.244322203,-0.015242235,-2.485564088,-1.25E-16,-2.355621879,-3.92E-16,-1.045863524,5.022717526,134.2401856,11.07735027,11,2,5.366025404,5.25,0.75,0.375,0.375,0,0,0,0,0,161.5068868,0.25,1.333333333,0,40.47881187,0,0,0,0,0,38.8104094,0,0,0,0,0,0,0,0,12.33682701,0,0,0,0,20.55567635,0,5.917906046,0,0,0,0,0,0,0,0,5.917906046,32.89250336,0,0,0,0,0,26.4735824,0,0,0,0,0,0,0,0,0,12.33682701,60.98958333,0,0,0,0,-1.354166667,0,0,-9.21875,0,0.75,4,0,0,0,0,0,0,0,0,0,0,0,0,0,0,0,-666,1.62059,20.265,0,0,0,0,0,0,0,0,0,0,0,0,0,0,0,0,0,0,0,0,0,0,0,0,0,0,0,0,0,0,0,0,0,0,0,0,-666,0,0,0,0,0,0,0,0,0,0,0,0,0,0,0,0,0,-666,0,0,0,0,0,0,0,0,0,0,0,0,0,0,0,0,0,0,0,0,0,0,0,0,0,0,0,0,-666,0,0,70,6,12.011,1.262119,11.3,4,2.55,2.2,228.8,13.4,-0.431357162,-0.278409659,C,6,6,6,2.55,2.55,2.55,18,7.65,0.952,46.945
596,tert-butyloxidanyl,5.395 ,3.477 ,3.629 ,4.042 ,5.591 ,3.910 ,3.754 ,3.499 ,0.742,0.583,0.328,0.29,0.307,0.285,0.255,0.287,0.255,0.305,0.234,0.264,0.296,0.327,0.348,0.266,0.297,0.259,0.29,0.328,0.349,0.271,0.303,0.308,0.336,3.84,4.28,4.25,4.33,1.97,2.02,1.91,1.94,3.63,-0.281,-0.31,11.47916667,-3.9375,11.47916667,3.607638889,0.410541714,73.115,64.043,73.06533991,31,0,0,0,0,0,-666,-666,-666,-1.70E-16,-0.244322203,-1.63E-16,-2.554663028,-2.45E-16,-2.562170148,-6.88E-17,-1.106539483,5.542725538,170.2834189,12,11.40824829,2.40824829,5.75,5.454124145,0.954124145,0.681186218,0.681186218,0,0,0,0,-0.04,312.0805106,0.46308642,0.976756002,9507.96,45.27304562,0,0,0,0,0,43.60008156,0,0,0,0,0,0,0,0,17.4433544,0,0,0,0,26.15672716,0,0,0,0,0,0,0,0,5.601050811,5.106527395,0,32.89250336,0,0,0,0,-666,26.15672716,5.106527395,0,0,0,0,0,0,0,0,12.33682701,60.28125,0,0,11.47916667,-3.9375,0,0,0,-10.82291667,0,1,5,0,1,0,0,0,0,0,0,0,0,1,0,0,0,0,-666,1.2154,20.4395,0,0,0,0,0,0,0,0,0,0,0,0,0,0,0,0,0,0,0,0,0,0,0,0,0,0,0,0,0,0,0,0,0,0,0,0,-666,0,0,0,0,0,0,0,0,0,0,0,0,0,0,0,0,0,-666,0,0,0,0,0,0,0,0,0,0,0,0,0,0,0,0,0,0,0,0,0,0,0,0,0,0,0,0,-666,0,0,60,8,15.999,1.4611135,5.3,6,3.44,0.001308,237.8,13.5,-0.399218314,-0.393272494,O,6,0,0,2.55,0,0,6,2.55,0.888,37.708
597,tert-butylsulfanyl,4.850 ,4.116 ,4.200 ,4.868 ,4.974 ,4.914 ,4.365 ,4.248 ,0.858,0.794,0.71,0.676,0.717,0.683,0.602,0.677,0.599,0.726,0.632,0.625,0.729,0.624,0.729,0.62,0.726,0.625,0.729,0.625,0.73,0.621,0.726,0.666,0.769,4.58,5.27,5.21,5.34,2.1,2.16,2.08,2.11,4.2,-0.585,-0.668,6.90625,-3.237268519,6.90625,3.104166667,0.425452847,89.183,80.111,89.04249629,31,0,0,0,0,0,-666,-666,-666,-5.35E-18,-0.244322203,-3.04E-16,-2.577342753,-1.44E-16,-2.529643794,-7.89E-17,-1.07693686,5.542725538,170.2834189,12,11.40824829,3.224744871,5.75,5.454124145,1.362372436,0.681186218,1.293558654,0,0,0,0,0.35,312.0805106,0.568028027,1.210685721,196.105102,51.63387854,0,0,0,0,0,50.26831496,0,0,0,0,0,0,0,0,12.33682701,12.62878915,0,0,0,25.30269881,0,0,0,0,0,0,0,12.62878915,4.747022453,0,0,32.89250336,0,0,0,0,0,25.30269881,0,0,0,0,0,0,0,0,12.62878915,12.33682701,59.05208333,4.326388889,0,0,0,0,0,0,-9.711805556,0,1,5,0,0,0,0,0,0,0,0,0,0,1,0,0,0,0,-666,1.9824,27.344,0,0,0,0,0,0,0,0,0,0,0,0,0,0,0,0,0,0,0,0,0,0,0,0,0,0,0,0,0,0,0,0,0,0,0,0,-666,0,0,0,0,0,0,0,0,0,0,0,0,0,0,0,0,0,-666,0,0,0,0,0,0,0,0,0,0,0,0,0,0,0,0,0,0,0,0,0,0,0,0,0,0,0,0,-666,0,0,100,16,32.06,2.07710403,19.4,6,2.58,2.07,251.5,15,-0.373987438,-0.373835297,S,6,0,0,2.55,0,0,6,2.55,0.971,30.451
598,"tetramethyl-1,3,2-dioxaborolan-2-yl",3.217 ,2.519 ,2.670 ,3.046 ,3.382 ,3.044 ,2.526 ,2.370 ,0.834,0.775,0.632,0.732,0.76,0.728,0.547,0.712,0.541,0.755,0.561,0.595,0.75,0.585,0.756,0.563,0.725,0.589,0.746,0.589,0.76,0.576,0.735,0.525,0.693,2.57,3.05,3.01,3.11,1.07,1.02,1.01,1.02,2.67,-0.421,-0.599,7.396666667,-3.603125,7.396666667,0.164166667,0.453701572,126.972,114.876,127.093035,51,0,0,0,0,0,-666,-666,-666,3.65E-16,-1.770228641,-2.21E-16,-2.671074495,-2.69E-17,-2.738309883,5.65E-17,-1.905588197,3.863789545,335.9316139,17.12132034,16.39384685,4.39384685,8.957106781,8.129652811,2.129652811,1.694299741,1.694299741,0.945569247,0.945569247,0.334357481,0.334357481,-0.015064935,12146.70706,1.300895648,1.734947767,0.991430996,73.70196472,0,0,0,0,0,72.0526425,0,0,0,0,0,0,0,0,25.75781894,7.685153471,0,0,0,38.60967009,0,0,0,0,0,0,0,0,18.88725509,9.308716268,0,43.85667114,0,0,0,0,-666,38.60967009,0,0,7.685153471,0,0,0,0,0,9.308716268,16.44910267,97.8525,0,0,0,-7.104166667,0,0,0,-14.4125,0.164166667,1,9,0,2,0,0,0,0,0,0,2,0,3,-666,0,0,0,-666,1.1246,36.082,0,0,0,0,0,0,0,0,0,0,0,0,0,0,0,0,0,0,0,0,0,0,0,0,0,0,0,0,0,0,0,0,0,0,0,0,-666,0,0,0,0,0,0,0,0,0,0,0,0,0,0,0,0,0,-666,0,0,0,0,0,0,0,0,0,0,0,0,0,0,0,0,0,0,0,0,0,0,0,0,0,0,0,0,-666,0,0,85,5,10.81,0.279723,20.5,3,2.04,2.34,298.2,15.4,-0.406059297,-0.292033239,B,8,8,0,3.44,3.44,0,16,6.88,0.957,41.868
599,thian-2-yl,2.139 ,1.604 ,1.662 ,2.152 ,2.230 ,2.185 ,1.813 ,1.741 ,0.615,0.536,0.331,0.38,0.363,0.37,0.301,0.373,0.29,0.385,0.426,0.352,0.387,0.352,0.386,0.334,0.376,0.353,0.387,0.355,0.388,0.338,0.378,0.309,0.349,1.7,2,1.98,2.04,0.72,0.75,0.7,0.69,1.66,-0.214,-0.33,7.340208333,-3.077546296,7.340208333,0.086365741,0.449826595,101.194,92.122,101.0424963,35,0,0,0,0,0,-666,-666,-666,-1.39E-17,-0.189095079,-0.062755909,-2.656424321,-1.04E-16,-2.540620117,-6.21E-16,-1.054667317,3.298061437,271.6762691,12.28445705,11.90824829,3.724744871,6.377827085,5.90824829,2.224744871,0.681186218,1.293558654,0.329124145,0.737372436,0.158827591,0.413982772,0.35,875.790898,0.771373171,2.510642321,1.210685721,55.96103286,0,0,0,0,0,54.65134879,0,0,0,0,0,0,0,0,12.33682701,11.76188495,0,0,0,19.1187747,5.704956885,5.728905246,0,0,0,0,0,11.76188495,5.704956885,0,5.728905246,31.45560171,0,0,0,0,0,30.55263684,0,0,11.76188495,0,0,0,0,0,0,12.33682701,65.7850463,0.086365741,0,0,-3.479861111,0,0,-8.891550926,0,0,0.8,6,0,0,0,0,0,0,0,0,1,0,1,-666,0,0,0,-666,2.06529,30.609,0,0,0,0,0,0,0,0,0,0,0,0,0,0,0,0,0,0,0,0,0,0,0,0,0,0,0,0,0,0,0,0,0,0,0,0,-666,0,0,0,0,0,0,0,0,0,0,0,0,0,0,0,0,0,-666,0,0,0,0,0,0,0,0,0,0,0,0,0,0,0,0,0,0,0,0,1,0,0,0,0,0,0,0,-666,0,0,70,6,12.011,1.262119,11.3,4,2.55,2.2,257.8,15.9,-0.386692107,-0.291881394,C,6,16,1,2.55,2.58,2.1,23,7.23,0.869,45.389
600,thiophen-2-yl,4.796 ,3.991 ,4.153 ,4.816 ,4.944 ,4.872 ,4.231 ,4.099 ,0.668,0.534,0.411,0.453,0.46,0.459,0.36,0.456,0.357,0.459,0.286,0.366,0.471,0.365,0.47,0.353,0.46,0.367,0.471,0.368,0.472,0.356,0.462,0.343,0.448,3.97,4.47,4.43,4.52,1.96,1.98,1.91,1.94,4.15,-0.297,-0.406,6.928240741,-0.018518519,6.928240741,0.018518519,0.446104159,83.135,80.111,82.9955461,25,0,0,0,0,0,-666,-666,-666,11.61708982,-0.091832752,0.407251601,-1.917242338,0.491836388,-1.750994424,2.724314262,-0.404019886,2.883624838,164.6124613,6.14626437,5.40824829,3.224744871,3.715214055,2.65824829,1.974744871,0.556186218,1.168558654,0.266624145,0.674872436,0.127577591,0.382732772,0.35,75.4050522,1.451975689,1.705576906,0.839300376,39.78706168,0,0,0,0,0,38.77045993,0,0,0,0,0,0,0,0,4.112275669,11.76188495,0,0,0,0,0,22.89629931,0,0,0,0,0,11.76188495,0,0,5.408052091,4.112275669,17.48824722,0,0,0,0,0,0,0,17.48824722,0,11.76188495,0,0,0,5.408052091,4.112275669,20.73611111,0.997685185,0,2.590277778,0,0,0.009259259,0,0,0,0,5,0,0,0,0,0,0,0,0,1,0,1,-666,0,0,0,-666,1.56379,24.544,0,0,0,0,0,0,0,0,0,0,0,0,0,0,0,0,0,0,0,0,0,0,0,0,0,0,2,0,0,0,0,0,0,0,0,0,-666,0,0,0,0,0,0,0,0,0,0,0,0,0,0,0,0,0,-666,0,0,0,0,0,0,0,0,0,0,0,0,0,0,0,0,0,0,0,0,1,0,0,0,0,0,0,0,-666,0,0,70,6,12.011,1.262119,11.3,4,2.55,2.2,217,16.2,-0.396240899,-0.365041972,C,6,16,0,2.55,2.58,0,22,5.13,1,42.426
601,thiophen-3-yl,4.223 ,3.494 ,3.647 ,4.243 ,4.364 ,4.295 ,3.693 ,3.570 ,0.693,0.528,0.447,0.484,0.503,0.497,0.379,0.491,0.374,0.5,0.256,0.374,0.517,0.374,0.517,0.358,0.505,0.375,0.518,0.377,0.519,0.361,0.507,0.328,0.48,3.45,3.91,3.87,3.96,1.66,1.66,1.62,1.63,3.65,-0.297,-0.432,6.920138889,0.027777778,6.920138889,0.027777778,0.446104159,83.135,80.111,82.9955461,25,0,0,0,0,0,-666,-666,-666,11.64449355,-0.088050644,-0.002922008,-1.896704609,0.214598295,-1.659369236,2.871813467,-0.358384596,2.792345253,170.1222363,6.14626437,5.40824829,3.224744871,3.698377303,2.65824829,1.974744871,0.556186218,1.168558654,0.266624145,0.674872436,0.127577591,0.382732772,0.35,66.63043175,1.451975689,1.705576906,0.839300376,39.78706168,0,0,0,0,0,38.77045993,0,0,0,0,0,0,0,0,4.112275669,11.76188495,0,0,0,0,0,22.89629931,0,0,0,0,0,11.76188495,0,0,6.076020107,4.112275669,16.82027921,0,0,0,0,0,0,0,16.82027921,0,11.76188495,0,0,0,6.076020107,4.112275669,20.6875,0.959490741,0,0.287037037,0,0,0.027777778,2.371527778,0,0,0,5,0,0,0,0,0,0,0,0,1,0,1,-666,0,0,0,-666,1.56379,24.544,0,0,0,0,0,0,0,0,0,0,0,0,0,0,0,0,0,0,0,0,0,0,0,0,0,0,2,0,0,0,0,0,0,0,0,0,-666,0,0,0,0,0,0,0,0,0,0,0,0,0,0,0,0,0,-666,0,0,0,0,0,0,0,0,0,0,0,0,0,0,0,0,0,0,0,0,1,0,0,0,0,0,0,0,-666,0,0,70,6,12.011,1.262119,11.3,4,2.55,2.2,217,16.2,-0.39762532,-0.349997391,C,6,6,0,2.55,2.55,0,12,5.1,0.992,41.275
602,tributylstannyl,3.846 ,3.456 ,3.585 ,3.881 ,4.101 ,3.974 ,3.049 ,2.893 ,0.796,0.566,0.565,0.668,0.667,0.697,0.437,0.676,0.412,0.684,0.425,0.418,0.72,0.417,0.719,0.381,0.689,0.42,0.722,0.424,0.725,0.388,0.695,0.341,0.658,3.43,4.37,4.28,4.49,1.32,1.21,1.26,1.33,3.57,-0.257,-0.539,8.363501039,-7.252575,8.363501039,4.087132634,0.530724031,290.059,262.843,291.1134706,79,0,0,0,0,0,-666,-666,-666,0.00E+00,0,0,0,0.00E+00,0,0.00E+00,0,8.210940789,792.3969022,33.57735027,33.5,9.354101966,16.6160254,16.5,7.281152949,1.5,5.781152949,0.75,3.960864712,0.375,2.515576475,0.798701299,14369868.05,1.427027096,10.87683423,9.111233008,130.1689951,0,0,0,0,0,128.72984,0,0,0,0,0,0,0,0,37.01048102,19.75959584,0,0,0,71.95976319,0,0,0,0,0,0,0,0,19.75959584,0,0,95.80370678,0,13.16653743,0,0,0,91.71935902,0,0,0,0,0,0,0,0,0,37.01048102,196.9378257,-7.252575,0,0,0,0,0,-26.87718608,-12.2613979,0,1,13,0,0,0,0,0,0,0,0,0,0,1,-666,0,0,0,-666,4.8815,64.899,0,0,0,0,0,0,0,0,0,0,0,0,0,0,0,0,0,0,0,0,0,0,0,0,0,0,0,0,0,0,0,0,0,0,0,0,-666,0,0,0,0,0,0,0,0,0,0,0,0,0,0,0,0,0,-666,0,0,0,0,0,0,0,0,0,0,0,0,0,0,0,0,0,0,0,0,0,0,0,0,0,0,0,0,-666,0,0,145,50,118.71,1.112067,53,4,1.96,7.287,500.2,17.8,-0.384243188,-0.328987197,Sn,6,6,6,2.55,2.55,2.55,18,7.65,0.821,58.781
603,trichloromethyl,3.428 ,2.754 ,2.820 ,3.441 ,3.520 ,3.475 ,3.069 ,2.983 ,0.52,0.426,0.17,0.205,0.203,0.188,0.177,0.188,0.172,0.221,0.224,0.199,0.208,0.198,0.207,0.188,0.2,0.199,0.208,0.2,0.209,0.19,0.202,0.182,0.195,2.88,3.27,3.24,3.31,1.38,1.48,1.36,1.41,2.82,-0.126,-0.156,4.722222222,-0.166666667,4.722222222,0.166666667,0.457120138,118.37,118.37,116.906558,25,0,0,0,0,0,-666,-666,-666,35.58227356,11.88372644,1.818912373,-1.659318081,2.145113016,-1.372323016,6.718247796,2.379752204,2.323790008,8,3.577350269,1.633893419,3.901680257,1.732050808,0.56694671,1.700840129,0.214285714,1.928571429,0,0,0,0,0.87,3.245112498,4.87,2.128397933,13.25948342,39.64904971,0,0,0,0,0,39.09827118,0,0,0,0,0,0,0,0,0,34.80281967,0,0,0,0,0,4.295451512,0,0,0,0,0,34.80281967,0,0,4.295451512,0,0,0,0,0,0,0,0,0,4.295451512,0,0,0,0,0,0,34.80281967,-0.166666667,14.16666667,0,0,0,0,0,0,0,0,0,4,0,0,0,0,0,0,0,0,0,0,3,0,0,0,0,-666,2.14979,20.802,0,0,0,0,0,0,0,0,0,0,0,0,0,0,0,0,0,0,0,0,0,0,0,0,0,0,0,0,0,0,0,0,0,0,0,0,-666,0,0,0,0,0,0,0,3,0,0,0,0,0,0,0,0,0,-666,0,0,0,0,0,0,0,0,0,0,0,0,0,0,0,0,0,0,0,0,0,0,0,0,0,0,0,0,-666,0,0,70,6,12.011,1.262119,11.3,4,2.55,2.2,220.4,16.1,-0.454837184,-0.363746551,C,17,17,17,3.16,3.16,3.16,51,9.48,0.791,52.486
604,tricyanomethyl,10.384 ,8.359 ,8.561 ,10.427 ,10.708 ,10.549 ,9.153 ,8.867 ,0.472,0.356,0.333,0.328,0.325,0.333,0.274,0.327,0.232,0.362,0.313,0.272,0.366,0.271,0.365,0.253,0.359,0.273,0.366,0.275,0.367,0.256,0.36,0.213,0.349,8.32,9.45,9.35,9.57,4,4.24,3.98,4.04,8.56,-0.14,-0.301,7.793981481,-0.402777778,7.793981481,0.402777778,0.424071435,90.065,90.065,90.009222,31,0,0,0,0,0,-666,-666,-666,14.3356492,10.23519856,1.998625307,-1.66690116,1.866606185,-1.787033345,5.383667211,1.36623898,3.817887676,129.5603912,5.698670613,3.341640786,3.341640786,3.346065215,1.420820393,1.420820393,0.710410197,0.710410197,0.335410197,0.335410197,0.075,0.075,-0.12,34.39946188,6.88,4.050068027,2.560272109,41.01181642,0,0,0,0,0,39.91124465,0,0,0,0,0,0,0,0,0,0,15.78567466,0,0,0,0,5.917906046,0,18.20766394,0,0,0,0,0,0,39.91124465,0,0,0,0,0,-666,5.917906046,0,0,0,0,0,18.20766394,0,0,0,15.78567466,0,0,0,23.38194444,0,-0.402777778,4.1875,0,0,0,0,7,0,3,0,0,0,0,0,0,3,0,3,0,0,0,0,-666,0.13163,20.082,0,0,0,0,0,0,0,0,0,0,0,0,0,0,0,3,0,0,0,0,0,0,0,0,0,0,0,0,0,0,0,0,0,0,0,0,-666,0,0,0,0,0,0,0,0,0,0,0,0,0,0,0,0,0,-666,0,0,3,0,0,0,0,0,0,0,0,0,0,0,0,0,0,0,0,0,0,0,0,0,0,0,0,0,-666,0,0,70,6,12.011,1.262119,11.3,4,2.55,2.2,247.2,15.5,-0.47847774,-0.444830626,C,6,6,6,2.55,2.55,2.55,18,7.65,0.654,51.636
605,triethoxysilyl,2.958 ,2.274 ,2.375 ,2.737 ,3.075 ,2.719 ,2.367 ,2.229 ,0.774,0.857,0.492,0.525,0.521,0.538,0.445,0.529,0.449,0.555,0.398,0.527,0.571,0.494,0.565,0.513,0.557,0.53,0.572,0.496,0.568,0.513,0.56,0.521,0.575,2.54,3.08,3.03,3.14,1.02,1.02,0.97,1,2.37,-0.378,-0.463,7.256857521,-4.167862654,7.256857521,3.463263653,0.548377266,163.269,148.149,163.0790459,61,0,0,0,0,0,-666,-666,-666,-1.55E-16,-0.249073853,-3.54E-16,-2.476142409,-4.39E-16,-2.55051349,-3.83E-17,-1.060648738,5.696584273,383.0852968,20.69867061,19.72474487,5.724744871,10.53540504,9.474744871,3.199489743,0.862372436,1.974744871,0.403093109,1.209279327,0.1875,0.5625,0.096883117,35717.79609,1.438966939,7.206810879,4.92796876,85.32680224,0,0,0,0,0,83.59932501,0,0,0,0,0,0,0,0,33.83939342,9.527299507,0,0,0,20.55567635,19.67695573,0,0,0,0,0,0,0,29.20425524,13.27801508,0,41.11705469,0,0,0,0,-666,49.75993159,0,0,0,0,0,0,0,0,13.27801508,20.56137834,119.1593559,0,0,0,0,0,0,0,-21.06556729,-4.167862654,1,10,0,3,0,0,0,0,0,0,3,0,4,-666,0,0,0,-666,1.0808,40.632,0,0,0,0,0,0,0,0,0,0,0,0,0,0,0,0,0,0,0,0,0,0,0,0,0,0,0,0,0,0,0,0,0,0,0,0,-666,0,0,0,0,0,0,0,0,0,0,0,0,0,0,0,0,0,-666,0,0,0,0,0,0,0,0,0,0,0,0,0,0,0,0,0,0,0,0,0,0,0,0,0,0,0,0,-666,0,0,110,14,28.085,1.3895211,37.3,4,1.9,2.3296,404.1,15.9,-0.409716738,-0.284024497,Si,8,8,8,3.44,3.44,3.44,24,10.32,0.906,51.641
606,triethylsilyl,2.761 ,2.192 ,2.277 ,2.779 ,2.888 ,2.825 ,2.314 ,2.218 ,0.809,0.544,0.626,0.654,0.647,0.689,0.451,0.679,0.428,0.654,0.381,0.508,0.687,0.507,0.686,0.489,0.676,0.509,0.687,0.511,0.688,0.493,0.678,0.51,0.695,2.37,2.93,2.88,3,0.95,0.95,0.91,0.92,2.27,-0.335,-0.625,7.575591564,-4.43287037,7.575591564,3.584825103,0.495806872,115.272,100.152,115.094302,43,0,0,0,0,0,-666,-666,-666,-3.52E-16,-2.189953855,-0.066942962,-2.61331812,-0.139159625,-2.645819828,-3.98E-17,-2.243927825,6.53393457,333.9128722,18.57735027,18.5,4.5,9.116025404,9,3,0.75,2.25,0.375,1.125,0.09375,0.28125,0.216883117,8826.466197,0.619629247,4.377735425,2.86029235,69.61618097,0,0,0,0,0,67.90238851,0,0,0,0,0,0,0,0,20.56137834,8.79673665,0,0,0,38.54427352,0,0,0,0,0,0,0,0,8.79673665,0,0,41.11705469,0,17.98859717,0,0,0,47.34101017,0,0,0,0,0,0,0,0,0,20.56137834,109.507716,0,0,0,0,-10.89444444,0,0,-10.75447531,-4.43287037,1,7,0,0,0,0,0,0,0,0,0,0,1,-666,0,0,0,-666,2.5409,37.197,0,0,0,0,0,0,0,0,0,0,0,0,0,0,0,0,0,0,0,0,0,0,0,0,0,0,0,0,0,0,0,0,0,0,0,0,-666,0,0,0,0,0,0,0,0,0,0,0,0,0,0,0,0,0,-666,0,0,0,0,0,0,0,0,0,0,0,0,0,0,0,0,0,0,0,0,0,0,0,0,0,0,0,0,-666,0,0,110,14,28.085,1.3895211,37.3,4,1.9,2.3296,323.1,16,-0.379604968,-0.277474681,Si,6,6,6,2.55,2.55,2.55,18,7.65,0.909,58.989
607,trifluoroboranuidyl,1.085 ,0.503 ,0.562 ,1.110 ,1.263 ,1.174 ,0.540 ,0.441 ,0.874,0.86,0.718,0.775,0.786,0.782,0.616,0.779,0.605,0.78,0.731,0.659,0.795,0.659,0.795,0.636,0.781,0.661,0.796,0.663,0.797,0.641,0.784,0.595,0.754,0.5,1.03,0.97,1.09,0.53,0.53,0.56,0.59,0.56,-0.035,-0.066,9.666666667,-3.666666667,9.666666667,3.666666667,0.369329365,67.806,67.806,68.00451506,24,0,0,0,0,0,-666,-666,-666,19.35131619,10.46068381,2.059744045,-1.549725573,1.798677011,-1.757277011,6.328840348,0.535159652,2.323790008,8,3.577350269,1.711243688,1.711243688,1.732050808,0.654653671,0.654653671,0.24743583,0.24743583,0,0,0,0,-0.145064935,3.245112498,3.854935065,1.205205729,64.42732129,21.84139404,0,0,0,0,0,20.49104187,0,0,0,0,0,0,0,0,12.94697668,7.544065189,0,0,0,0,0,0,0,0,0,12.94697668,0,0,7.544065189,0,0,0,0,0,0,0,0,7.544065189,12.94697668,0,0,0,0,0,0,0,0,0,29,0,0,0,0,0,0,0,0,-3.666666667,0,4,0,0,0,0,0,0,0,0,0,0,4,0,0,0,0,-666,0.8798,9.078,0,0,0,0,0,0,0,0,0,0,0,0,0,0,0,0,0,0,0,0,0,0,0,0,0,0,0,0,0,0,0,0,0,0,0,0,-666,0,0,0,0,0,0,0,3,0,0,0,0,0,0,0,0,0,0,0,0,0,0,0,0,0,0,0,0,0,0,0,0,0,0,0,0,0,0,0,0,0,0,0,0,0,0,-666,0,-1,85,5,10.81,0.279723,20.5,3,2.04,2.34,176.2,10.3,-0.54536183,-0.359118397,B,17,17,17,3.16,3.16,3.16,51,9.48,0.97,31.039
608,trifluoromethanesulfonyl,7.769 ,5.489 ,5.663 ,6.734 ,8.004 ,6.607 ,6.148 ,5.806 ,0.288,0.249,0.183,0.183,0.231,0.193,0.21,0.192,0.206,0.192,0.261,0.212,0.203,0.178,0.185,0.211,0.201,0.216,0.205,0.178,0.185,0.208,0.199,0.22,0.211,5.93,6.72,6.66,6.81,2.85,3.07,2.78,2.87,5.66,-0.189,-0.177,10.56558642,-5.083333333,10.56558642,3.93287037,0.479628595,133.07,133.07,132.9571099,43,0,0,0,0,0,-666,-666,-666,32.24018288,11.55809066,2.395883958,-1.998784622,2.388765327,-2.034780817,8.066295742,-0.052568508,3.541196965,58.44547197,6.077350269,2.85863829,3.675134871,2.943375673,1.104404188,2.179319145,0.680448788,1.612774934,0.188982237,0.56694671,0,0,0.06,17.08616633,7.06,1.890241364,2.720066007,40.33348588,0,0,0,0,0,39.24180359,0,0,0,0,0,0,0,0,22.27674489,11.4567282,0,0,0,5.508330501,0,0,0,0,0,13.17124514,0,11.4567282,5.508330501,9.105499747,0,0,0,0,0,0,-666,16.9650587,13.17124514,0,0,0,0,0,0,0,0,9.105499747,49.48842593,-3.93287037,0,0,-5.083333333,0,0,0,0,0,1,7,0,2,0,0,0,0,0,0,0,0,6,0,0,0,0,-666,1.4661,15.019,0,0,0,0,0,0,0,0,0,0,0,0,0,0,0,0,0,0,0,0,0,0,0,0,0,3,0,0,0,0,0,0,0,0,0,0,-666,0,0,0,0,0,0,0,3,0,0,0,0,0,0,0,0,0,-666,0,0,0,0,0,0,0,0,0,0,0,0,0,0,0,0,0,0,0,0,0,0,0,0,0,0,0,0,-666,0,0,100,16,32.06,2.07710403,19.4,6,2.58,2.07,233.9,14.7,-0.495051987,-0.437823384,S,8,8,6,3.44,3.44,2.55,22,9.43,0.308,45.823
609,trifluoromethanesulfonyloxidanyl,20.865 ,9.056 ,9.150 ,17.593 ,21.629 ,17.123 ,15.831 ,14.734 ,0.232,0.195,0.229,0.309,0.222,0.308,0.266,0.306,0.264,0.226,0.18,0.189,0.222,0.209,0.234,0.189,0.222,0.187,0.221,0.209,0.234,0.191,0.224,0.196,0.229,9.62,10.76,10.67,10.89,4.87,7.23,4.87,6.76,9.14,-0.261,-0.301,10.66203704,-6.090277778,10.66203704,5.645833333,0.498666445,149.069,149.069,148.9520245,49,0,0,0,0,0,-666,-666,-666,32.30093466,11.55756914,2.529138811,-2.118920419,2.538469258,-2.140247709,8.189922,-0.073646686,4.020391543,69.509775,7,3.266886581,4.083383162,3.25,1.271070855,2.679319145,0.899864884,2.271023225,0.283473355,0.850420064,0,0,0.02,21.30605883,8.02,1.760845125,1.864622199,44.30476687,0,0,0,0,0,43.20852299,0,0,0,0,0,0,0,0,26.82949476,10.87069772,0,0,0,5.508330501,0,0,0,0,0,13.17124514,0,10.87069772,5.508330501,13.65824962,0,0,0,0,0,0,-666,16.37902822,13.17124514,0,0,0,0,0,0,0,0,13.65824962,58.90277778,0,0,0,-5.645833333,0,0,0,0,-6.090277778,1,8,0,3,0,0,0,0,0,0,0,0,7,0,0,0,0,-666,1.3473,15.7055,0,0,0,0,0,0,0,0,0,0,0,0,0,0,0,0,0,0,0,0,0,0,0,0,0,3,0,0,0,0,0,0,0,0,0,0,-666,0,0,0,0,0,0,0,3,0,0,0,0,0,0,0,0,0,-666,0,0,0,0,0,0,0,0,0,0,0,0,0,0,0,0,0,0,0,0,0,0,0,0,0,0,0,0,-666,0,0,60,8,15.999,1.4611135,5.3,6,3.44,0.001308,245.4,15.4,-0.51477297,-0.514603337,O,16,0,0,2.58,0,0,16,2.58,0.213,37.464
610,trifluoromethyl,3.137 ,2.596 ,2.767 ,3.148 ,3.212 ,3.176 ,2.840 ,2.768 ,0.756,0.836,0.412,0.441,0.477,0.448,0.369,0.446,0.368,0.45,0.431,0.372,0.46,0.372,0.459,0.362,0.452,0.373,0.46,0.374,0.461,0.364,0.453,0.342,0.436,2.64,2.91,2.89,2.94,1.43,1.47,1.35,1.38,2.77,-0.314,-0.407,9.583333333,-3.083333333,9.583333333,3.083333333,0.402312484,69.005,69.005,68.99520966,25,0,0,0,0,0,-666,-666,-666,19.40569618,11.60530382,1.925556248,-1.598611758,1.992163027,-1.488673027,4.210565449,0.142434551,2.323790008,8,3.577350269,1.633893419,1.633893419,1.732050808,0.56694671,0.56694671,0.214285714,0.214285714,0,0,0,0,-0.21,3.245112498,3.79,1.148422939,25.33195011,21.23585724,0,0,0,0,0,19.85045924,0,0,0,0,0,0,0,0,13.17124514,0,0,0,0,0,0,6.679214094,0,0,0,13.17124514,0,0,0,0,6.679214094,0,0,0,0,0,0,6.679214094,13.17124514,0,0,0,0,0,0,0,0,0,28.75,0,0,0,0,0,0,0,-3.083333333,0,0,4,0,0,0,0,0,0,0,0,0,0,3,0,0,0,0,-666,1.34189,6.567,0,0,0,0,0,0,0,0,0,0,0,0,0,0,0,0,0,0,0,0,0,0,0,0,0,0,0,0,0,0,0,0,0,0,0,0,-666,0,0,0,0,0,0,0,3,0,0,0,0,0,0,0,0,0,-666,0,0,0,0,0,0,0,0,0,0,0,0,0,0,0,0,0,0,0,0,0,0,0,0,0,0,0,0,-666,0,0,70,6,12.011,1.262119,11.3,4,2.55,2.2,169.2,10.5,-0.567308975,-0.412065859,C,9,9,9,3.98,3.98,3.98,27,11.94,0.899,30.097
611,trimethoxyboranuidyl,0.104 ,0.343 ,0.288 ,0.066 ,0.061 ,0.063 ,0.261 ,0.327 ,0.578,0.819,0.359,0.269,0.561,0.596,1.109,0.507,0.971,0.378,1.226,1.281,0.608,1.172,0.609,1.2,0.551,1.291,0.597,1.182,0.62,1.209,0.575,1.182,0.552,0.16,0,0,0.01,1.93,2.04,2.07,2.53,0.29,0.023,0.021,6.661666667,-3.040509259,6.661666667,2.326388889,0.467987581,103.914,94.842,104.0644745,42,0,0,0,0,0,-666,-666,-666,1.75E-16,-1.758489212,-9.19E-17,-2.332735421,-0.046275837,-2.451180254,1.84E-17,-1.913559342,4.525741017,179.470675,13.19867061,12.30209514,3.302095141,6.785405043,5.819479217,1.319479217,0.642228525,0.642228525,0.288675135,0.288675135,0.072168784,0.072168784,-0.055064935,721.8747789,1.098940946,4.113145481,2.617776729,56.38201256,0,0,0,0,0,54.73497114,0,0,0,0,0,0,0,0,26.29990141,7.321212359,0,0,0,0,21.11385738,0,0,0,0,0,0,0,28.43506974,13.9630744,0,12.33682701,0,0,0,0,-666,28.43506974,0,0,0,0,0,0,0,0,13.9630744,12.33682701,72.03125,0,0,0,0,0,0,0,0,-11.44791667,1,7,0,3,0,0,0,0,0,0,3,0,4,-666,0,0,0,-666,-0.0895,26.781,0,0,0,0,0,0,0,0,0,0,0,0,0,0,0,0,0,0,0,0,0,0,0,0,0,0,0,0,0,0,0,0,0,0,0,0,-666,0,0,0,0,0,0,0,0,0,0,0,0,0,0,0,0,0,-666,0,0,0,0,0,0,0,0,0,0,0,0,0,0,0,0,0,0,0,0,0,0,0,0,0,0,0,0,-666,0,-1,85,5,10.81,0.279723,20.5,3,2.04,2.34,277.1,14,-0.411050905,-0.124096216,B,8,8,8,3.44,3.44,3.44,24,10.32,1.127,53.652
612,trimethoxymethyl,1.943 ,1.239 ,1.325 ,1.633 ,2.039 ,1.580 ,1.401 ,1.278 ,0.595,0.805,0.331,0.337,0.376,0.352,0.401,0.35,0.401,0.356,0.456,0.46,0.372,0.437,0.37,0.434,0.361,0.455,0.369,0.44,0.372,0.446,0.366,0.418,0.352,1.36,1.61,1.59,1.64,0.57,0.59,0.53,0.53,1.32,-0.32,-0.314,6.640833333,-3.077546296,6.640833333,1.444444444,0.518711709,105.113,96.041,105.0551691,43,0,0,0,0,0,-666,-666,-666,0,-0.24552904,-4.02E-16,-2.338082928,-1.90E-16,-2.377510845,-6.16E-18,-0.988426615,4.525741017,176.2255625,13.19867061,12.22474487,3.224744871,6.785405043,5.724744871,1.224744871,0.556186218,0.556186218,0.25,0.25,0.0625,0.0625,-0.12,721.8747789,1.074328824,4.050068027,2.560272109,55.81944756,0,0,0,0,0,54.13736031,0,0,0,0,0,0,0,0,26.54741587,0,0,0,0,0,21.11385738,6.476087071,0,0,0,0,0,0,21.11385738,14.21058886,6.476087071,12.33682701,0,0,0,0,-666,27.58994445,0,0,0,0,0,0,0,0,14.21058886,12.33682701,71.59375,0,0,0,0,0,0,0,-1.444444444,-9.232638889,0.75,7,0,3,0,0,0,0,0,0,3,0,3,-666,0,0,0,-666,0.37259,24.27,0,0,0,0,0,0,0,0,0,0,0,0,0,0,0,0,0,0,0,0,0,0,0,0,0,0,0,0,0,0,0,0,0,0,0,0,-666,0,0,0,0,3,0,0,0,0,0,0,0,0,0,0,0,0,-666,3,0,0,0,0,0,0,0,0,0,0,0,0,0,0,0,0,0,0,0,0,0,0,0,0,0,0,0,-666,0,0,70,6,12.011,1.262119,11.3,4,2.55,2.2,282.8,14,-0.42322276,-0.275589582,C,8,8,8,3.44,3.44,3.44,24,10.32,0.893,55.62
613,trimethoxyphosphaniumyl,7.166 ,6.286 ,6.552 ,6.807 ,7.224 ,6.772 ,6.728 ,6.670 ,0.643,0.608,0.274,0.307,0.325,0.334,0.303,0.333,0.305,0.308,0.27,0.358,0.347,0.336,0.341,0.341,0.331,0.356,0.345,0.338,0.343,0.346,0.336,0.333,0.327,6.75,6.86,6.85,6.88,7.43,7.58,7.25,7.38,6.55,-0.463,-0.526,6.67787037,-3.012345679,6.67787037,3.011702675,0.527988265,124.076,115.004,124.0289308,44,0,0,0,0,0,-666,-666,-666,3.62E-20,-0.24552904,-3.26E-16,-2.339785167,-4.82E-16,-2.292324192,1.59E-16,-0.956886021,4.525741017,179.470675,13.19867061,12.17195847,4.066385658,6.785405043,5.660094993,2.255540108,0.497468077,1.49240423,0.223606798,0.670820393,0.055901699,0.167705098,0.31,721.8747789,1.241725826,4.468478605,2.943914422,57.2142016,0,0,0,0,0,55.62431835,0,0,0,0,0,0,0,0,25.90806849,8.602392481,0,0,0,0,21.11385738,0,0,0,0,0,0,8.602392481,21.11385738,13.57124149,0,12.33682701,0,0,0,0,-666,29.71624986,0,0,0,0,0,0,0,0,13.57124149,12.33682701,72.37152778,0,0,0,0,0,0,0,0,-12.0474537,1,7,0,3,0,0,0,0,0,0,3,0,4,-666,0,0,0,-666,1.1525,27.947,0,0,0,0,0,0,0,0,0,0,0,0,0,0,0,0,0,0,0,0,0,0,0,0,0,0,0,0,0,0,0,0,0,0,0,0,-666,0,0,0,0,0,0,0,0,0,0,0,0,0,0,0,0,0,-666,0,0,0,0,0,0,0,0,0,0,0,0,0,0,0,0,0,0,0,0,0,0,0,0,0,0,0,0,-666,0,1,100,15,30.973762,0.746607,25,5,2.19,1.823,301.5,15.2,-0.327849399,-0.107345473,P,8,8,8,3.44,3.44,3.44,24,10.32,0.709,51.66
614,trimethylazaniumyl,5.895 ,5.498 ,5.678 ,5.892 ,5.878 ,5.886 ,5.990 ,6.021 ,0.538,0.36,0.233,0.26,0.221,0.221,0.148,0.224,0.148,0.285,0.151,0.187,0.249,0.187,0.249,0.182,0.246,0.187,0.249,0.188,0.25,0.183,0.247,0.175,0.246,6.02,5.9,5.91,5.89,7.67,7.89,7.53,7.63,5.68,-0.27,-0.494,6.739583333,-3.15625,6.739583333,0.4375,0.384462781,59.112,50.04,59.07349929,26,0,0,0,0,0,-666,-666,-666,-2.60E-15,-0.244322203,-0.154425146,-2.538660954,-0.158369941,-2.633951334,-7.29E-16,-1.06797731,5.022717526,137.485298,11.07735027,10.9472136,1.947213595,5.366025404,5.170820393,0.670820393,0.335410197,0.335410197,0,0,0,0,-0.04,161.5068868,0.242558361,1.297837838,1128.96,39.87370343,0,0,0,0,0,38.16421744,0,0,0,0,0,0,0,0,12.33682701,0,0,4.899909731,0,0,20.9274807,0,0,0,0,0,0,0,25.82739043,0,0,12.33682701,0,0,0,0,-666,25.82739043,0,0,0,0,0,0,0,0,0,12.33682701,60.65625,0,-0.4375,0,0,0,0,0,-9.46875,0,1,4,0,1,0,0,0,0,0,0,1,0,1,-666,0,0,0,-666,0.1778,19.611,0,0,0,0,0,0,0,0,0,0,0,0,0,0,0,1,0,0,0,0,-666,0,0,0,0,0,0,0,0,0,0,0,0,0,0,0,-666,0,0,0,0,0,0,0,0,0,0,0,0,0,0,0,0,0,-666,0,0,0,0,0,0,0,0,0,0,0,0,0,0,0,0,0,0,0,0,0,0,0,0,0,0,0,0,-666,0,1,65,7,14.007,-1.4,7.4,5,3.04,0.001145,225.9,13.1,-0.310319355,0.004455458,N,6,6,6,2.55,2.55,2.55,18,7.65,0.831,46.323
615,trimethylboranuidyl,0.135 ,0.005 ,0.007 ,0.145 ,0.216 ,0.173 ,0.003 ,0.000 ,0.612,1.207,0.646,0.716,0.665,0.727,0.722,0.713,0.67,0.742,0.782,0.786,0.745,0.783,0.745,0.706,0.727,0.791,0.747,0.799,0.748,0.721,0.73,0.764,0.702,0.01,0.24,0.21,0.29,1.31,1.38,1.33,1.48,0.01,0,-0.088,6.813657407,-2.989583333,6.813657407,2.270833333,0.367450159,55.917,46.845,56.07973069,24,0,0,0,0,0,-666,-666,-666,-5.92E-16,-0.244322203,-2.59E-16,-2.460029282,-0.186739145,-2.451999821,-3.56E-16,-0.936427763,5.022717526,137.485298,11.07735027,11.07735027,2.077350269,5.366025404,5.366025404,0.866025404,0.433012702,0.433012702,0,0,0,0,0.064935065,161.5068868,0.262328932,1.391206251,555.3849351,40.93666759,0,0,0,0,0,39.30331095,0,0,0,0,0,0,0,0,12.33682701,6.712752285,0,0,0,20.25373166,0,0,0,0,0,0,0,0,6.712752285,0,0,12.33682701,0,20.25373166,0,0,0,26.96648394,0,0,0,0,0,0,0,0,0,12.33682701,61.32291667,0,0,0,0,0,0,0,-11.23958333,0,1,4,0,0,0,0,0,0,0,0,0,0,1,-666,0,0,0,-666,1.3706,23.346,0,0,0,0,0,0,0,0,0,0,0,0,0,0,0,0,0,0,0,0,0,0,0,0,0,0,0,0,0,0,0,0,0,0,0,0,-666,0,0,0,0,0,0,0,0,0,0,0,0,0,0,0,0,0,-666,0,0,0,0,0,0,0,0,0,0,0,0,0,0,0,0,0,0,0,0,0,0,0,0,0,0,0,0,-666,0,-1,85,5,10.81,0.279723,20.5,3,2.04,2.34,234.3,13.3,-0.397723681,-0.220487515,B,6,6,6,2.55,2.55,2.55,18,7.65,1.042,48.19
616,trimethylhydrazin-1-yl,1.595 ,1.215 ,1.281 ,1.604 ,1.657 ,1.627 ,1.365 ,1.313 ,0.488,0.447,0.364,0.37,0.367,0.366,0.314,0.368,0.31,0.388,0.292,0.342,0.393,0.341,0.393,0.334,0.387,0.342,0.393,0.343,0.394,0.335,0.388,0.335,0.389,1.28,1.49,1.47,1.51,0.56,0.57,0.53,0.53,1.28,-0.276,-0.346,6.780208333,-3.097569444,6.780208333,0.354166667,0.389347078,73.119,64.047,73.07657329,31,0,0,0,0,0,-666,-666,-666,-1.14E-16,-0.246370318,-2.15E-16,-2.471139926,-2.13E-16,-2.621246243,-1.22E-16,-1.021596392,4.779341062,171.7044226,11.78445705,11.39442719,2.394427191,5.83915195,5.370820393,0.870820393,0.411803399,0.411803399,0.1,0.1,0,0,-0.08,322.0997612,0.452910313,2.175102041,3.92,45.39370163,0,0,0,0,0,43.69901163,0,0,0,0,0,0,0,0,12.33682701,0,0,10.43470392,0,0,20.9274807,0,0,0,5.425791397,0,0,0,25.93639322,0,0,12.33682701,0,0,0,0,-666,20.9274807,0,0,5.008912524,0,0,0,0,0,5.425791397,12.33682701,60.62291667,0,0,-0.354166667,2.659722222,0,0,0,-9.178472222,0,1,5,0,2,0,0,0,0,0,0,1,0,2,-666,0,0,0,-666,-0.3028,21.745,0,0,0,0,0,0,0,0,0,0,0,0,0,0,0,2,0,0,0,0,-666,0,0,0,0,0,0,0,0,0,0,0,0,0,0,0,-666,0,0,0,0,0,0,0,0,0,0,0,0,0,0,0,0,0,-666,0,0,0,0,0,0,0,0,0,0,0,0,0,0,0,0,0,0,0,0,0,0,0,0,0,0,0,0,-666,0,0,65,7,14.007,-1.4,7.4,5,3.04,0.001145,240,13.6,-0.361570467,-0.281607353,N,6,7,0,2.55,3.04,0,13,5.59,0.684,43.102
617,trimethylphosphaniumyl,6.271 ,5.851 ,6.087 ,6.274 ,6.299 ,6.285 ,6.205 ,6.201 ,0.76,0.501,0.506,0.553,0.531,0.556,0.368,0.552,0.352,0.566,0.319,0.406,0.575,0.406,0.574,0.388,0.563,0.408,0.576,0.409,0.577,0.392,0.565,0.372,0.557,6.27,6.29,6.29,6.3,7.46,7.53,7.29,7.44,6.09,-0.347,-0.673,6.842463992,-2.983796296,6.842463992,2.924768519,0.381975871,76.079,67.007,76.04418692,26,0,0,0,0,0,-666,-666,-666,-7.08E-16,-0.244322203,-0.056784888,-2.499495253,-1.41E-16,-2.383059614,-1.76E-16,-0.90851202,5.022717526,137.485298,11.07735027,10.9472136,2.841640786,5.366025404,5.170820393,2.01246118,0.335410197,1.00623059,0,0,0,0,0.43,161.5068868,0.337325917,1.72154519,26.87456463,41.61355514,0,0,0,0,0,40.03735666,0,0,0,0,0,0,0,0,12.33682701,7.921588092,0,0,0,0,19.77894157,0,0,0,0,0,0,7.921588092,19.77894157,0,0,12.33682701,0,0,0,0,0,27.70052966,0,0,0,0,0,0,0,0,0,12.33682701,61.58217593,0,0,0,0,0,0,0,-8.774305556,-2.983796296,1,4,0,0,0,0,0,0,0,0,0,0,1,-666,0,0,0,-666,1.3577,24.692,0,0,0,0,0,0,0,0,0,0,0,0,0,0,0,0,0,0,0,0,0,0,0,0,0,0,0,0,0,0,0,0,0,0,0,0,-666,0,0,0,0,0,0,0,0,0,0,0,0,0,0,0,0,0,-666,0,0,0,0,0,0,0,0,0,0,0,0,0,0,0,0,0,0,0,0,0,0,0,0,0,0,0,0,-666,0,1,100,15,30.973762,0.746607,25,5,2.19,1.823,245,15.1,-0.313778739,-0.109772791,P,6,6,6,2.55,2.55,2.55,18,7.65,0.858,49.071
618,trimethylsilyl,2.587 ,2.097 ,2.201 ,2.602 ,2.697 ,2.643 ,2.188 ,2.100 ,0.817,0.544,0.621,0.668,0.648,0.686,0.433,0.676,0.411,0.664,0.403,0.478,0.679,0.478,0.679,0.459,0.669,0.48,0.68,0.481,0.681,0.463,0.671,0.479,0.689,2.29,2.8,2.76,2.86,0.91,0.9,0.87,0.88,2.2,-0.303,-0.624,6.858924897,-3.391203704,6.858924897,2.887731481,0.379841376,73.191,64.119,73.04735182,25,0,0,0,0,0,-666,-666,-666,-2.49E-15,-0.244322203,-1.60E-16,-2.473969706,-0.186739145,-2.451999821,-3.20E-16,-0.936427763,5.022717526,137.485298,11.07735027,11,3,5.366025404,5.25,2.25,0.375,1.125,0,0,0,0,0.216883117,161.5068868,0.292375709,1.527743028,69.78933104,42.09153162,0,0,0,0,0,40.55906247,0,0,0,0,0,0,0,0,12.33682701,8.79673665,0,0,0,19.42549881,0,0,0,0,0,0,0,0,8.79673665,0,0,12.33682701,0,19.42549881,0,0,0,28.22223546,0,0,0,0,0,0,0,0,0,12.33682701,61.73032407,0,0,0,0,0,0,0,-8.663194444,-3.391203704,1,4,0,0,0,0,0,0,0,0,0,0,1,-666,0,0,0,-666,1.3706,23.346,0,0,0,0,0,0,0,0,0,0,0,0,0,0,0,0,0,0,0,0,0,0,0,0,0,0,0,0,0,0,0,0,0,0,0,0,-666,0,0,0,0,0,0,0,0,0,0,0,0,0,0,0,0,0,-666,0,0,0,0,0,0,0,0,0,0,0,0,0,0,0,0,0,0,0,0,0,0,0,0,0,0,0,0,-666,0,0,110,14,28.085,1.3895211,37.3,4,1.9,2.3296,252.1,15.4,-0.391199704,-0.272762663,Si,6,6,6,2.55,2.55,2.55,18,7.65,0.913,48.774
619,trimethylstannyl,3.885 ,3.491 ,3.685 ,3.918 ,4.131 ,4.008 ,3.087 ,2.928 ,0.82,0.605,0.598,0.705,0.694,0.733,0.487,0.714,0.456,0.707,0.516,0.471,0.741,0.47,0.741,0.429,0.716,0.474,0.743,0.478,0.745,0.438,0.721,0.382,0.691,3.53,4.46,4.38,4.58,1.3,1.17,1.23,1.29,3.68,-0.253,-0.591,6.901064815,-4.434166667,6.901064815,2.792916667,0.473801378,163.816,154.744,164.97262,25,0,0,0,0,0,-666,-666,-666,0.00E+00,0,0.00E+00,0,0.00E+00,0,0.00E+00,0,5.022717526,137.485298,11.07735027,11,4.854101966,5.366025404,5.25,5.031152949,0.375,2.515576475,0,0,0,0,0.798701299,161.5068868,0.422729155,2.061949162,14.19403476,47.59504702,0,0,0,0,0,46.69986192,0,0,0,0,0,0,0,0,12.33682701,19.75959584,0,0,0,14.60343907,0,0,0,0,0,0,0,0,19.75959584,0,0,12.33682701,0,14.60343907,0,0,0,34.36303491,0,0,0,0,0,0,0,0,0,12.33682701,62.10958333,-4.434166667,-8.37875,0,0,0,0,0,0,0,1,4,0,0,0,0,0,0,0,0,0,0,1,-666,0,0,0,-666,1.3706,23.346,0,0,0,0,0,0,0,0,0,0,0,0,0,0,0,0,0,0,0,0,0,0,0,0,0,0,0,0,0,0,0,0,0,0,0,0,-666,0,0,0,0,0,0,0,0,0,0,0,0,0,0,0,0,0,-666,0,0,0,0,0,0,0,0,0,0,0,0,0,0,0,0,0,0,0,0,0,0,0,0,0,0,0,0,-666,0,0,145,50,118.71,1.112067,53,4,1.96,7.287,269.6,16.6,-0.398549787,-0.324467883,Sn,6,6,6,2.55,2.55,2.55,18,7.65,0.846,47.005
620,triphenylazaniumyl,13.610 ,11.029 ,11.142 ,13.665 ,14.048 ,13.831 ,12.145 ,11.844 ,0.237,0.158,0.09,0.087,0.09,0.078,0.056,0.079,0.054,0.11,0.102,0.067,0.103,0.067,0.103,0.064,0.1,0.067,0.103,0.068,0.103,0.064,0.101,0.056,0.099,10.99,12.18,12.07,12.32,8.64,9.17,8.64,8.75,11.12,-0.096,-0.189,8.324886621,-0.870719955,8.324886621,0.542222222,0.615974434,245.325,230.205,245.1204495,92,0,0,0,0,0,-666,-666,-666,10.89855114,-0.094148367,0.475176179,-2.42905914,0.514886334,-2.255310433,2.335293392,-0.446866013,2.579268877,1150.290997,25.96965511,24.4472136,9.447213595,15.66025404,12.67082039,5.170820393,3.25623059,3.25623059,2.13123059,2.13123059,1.401025492,1.401025492,-0.04,16134637.82,4.729460815,7.107522651,3.537795623,134.5537374,0,0,0,0,0,133.3334822,0,0,0,0,0,0,0,0,20.56137834,0,0,4.899909731,0,0,0,107.8721941,0,0,0,0,0,0,4.899909731,0,0,20.56137834,107.8721941,0,0,0,-666,107.8721941,0,0,0,4.899909731,0,0,0,0,0,20.56137834,121.2505682,0,0.542222222,0,-2.241496599,0,-12.55129378,0,0,0,0,19,0,1,0,0,0,0,0,0,1,0,1,-666,0,0,0,-666,4.3181,80.928,0,0,0,0,0,0,0,0,0,0,0,0,0,0,0,1,0,0,0,0,-666,0,0,0,0,0,15,0,0,0,0,0,0,0,0,0,-666,0,0,0,0,0,0,0,0,0,0,0,0,0,0,0,0,0,-666,0,0,0,0,0,0,0,0,0,0,0,0,0,0,0,0,0,0,0,0,0,0,0,0,0,0,0,0,-666,0,1,65,7,14.007,-1.4,7.4,5,3.04,0.001145,468.2,19.8,-0.346212971,-0.231351745,N,6,6,6,2.55,2.55,2.55,18,7.65,0.433,75.434
621,triphenylmethyl,5.077 ,3.746 ,3.832 ,5.113 ,5.340 ,5.210 ,4.168 ,3.975 ,0.387,0.167,0.281,0.271,0.244,0.276,0.133,0.27,0.127,0.306,0.181,0.108,0.308,0.107,0.308,0.09,0.302,0.109,0.308,0.111,0.309,0.094,0.303,0.088,0.295,3.68,4.44,4.38,4.53,1.41,1.5,1.4,1.34,3.81,-0.089,-0.249,8.345719955,-0.833682918,8.345719955,0.661111111,0.584529762,243.329,228.209,243.1173755,91,0,0,0,0,0,-666,-666,-666,10.73663166,-0.094148367,0.48278486,-2.391343015,0.526904939,-2.239860081,2.361305723,-0.449282111,2.579268877,1144.639025,25.96965511,24.5,9.5,15.66025404,12.75,5.25,3.375,3.375,2.25,2.25,1.5,1.5,0,16134637.82,4.75,7.135802469,3.555555556,135.1588458,0,0,0,0,0,133.9796742,0,0,0,0,0,0,0,0,20.56137834,0,0,0,0,0,0,113.4182958,0,0,0,0,0,0,0,0,5.917906046,20.56137834,107.5003898,0,0,0,0,113.4182958,0,0,0,0,0,0,0,0,0,20.56137834,121.4833459,0,0,0,-1.991496599,-0.661111111,-12.16407155,0,0,0,0,19,0,0,0,0,0,0,0,0,0,0,0,-666,0,0,0,-666,4.71809,82.332,0,0,0,0,0,0,0,0,0,0,0,0,0,0,0,0,0,0,0,0,0,0,0,0,0,0,18,0,0,0,0,0,0,0,0,0,-666,0,0,0,0,0,0,0,0,0,0,0,0,0,0,0,0,0,-666,0,0,0,0,0,0,0,0,0,0,0,0,0,0,0,0,0,0,0,0,0,0,0,0,0,0,0,0,-666,0,0,70,6,12.011,1.262119,11.3,4,2.55,2.2,471.9,19.8,-0.396537785,-0.316387199,C,6,6,6,2.55,2.55,2.55,18,7.65,0.574,73.86
622,triphenylphosphanyliumyl,10.511 ,9.044 ,9.330 ,10.541 ,10.748 ,10.631 ,9.707 ,9.539 ,0.571,0.359,0.199,0.223,0.246,0.231,0.178,0.23,0.17,0.249,0.225,0.235,0.265,0.234,0.265,0.218,0.25,0.236,0.266,0.237,0.268,0.221,0.253,0.215,0.243,9.37,10.14,10.07,10.23,8.02,8.31,7.92,7.95,9.32,-0.251,-0.435,8.382756992,-2.80037037,8.382756992,0.515684051,0.634211574,262.292,247.172,262.0911371,92,0,0,0,0,0,-666,-666,-666,11.12971301,-0.094148367,0.481379002,-2.397227241,0.540367297,-2.380703873,2.700196446,-0.444984223,2.579268877,1150.290997,25.96965511,24.4472136,10.34164079,15.66025404,12.67082039,6.51246118,3.25623059,5.26869177,2.13123059,4.14369177,1.401025492,3.078076475,0.43,16134637.82,4.972847356,7.441637218,3.748712373,136.2935891,0,0,0,0,0,135.2066214,0,0,0,0,0,0,0,0,20.56137834,7.921588092,0,0,0,0,0,106.723655,0,0,0,0,0,7.921588092,0,0,0,20.56137834,106.723655,0,0,0,0,114.6452431,0,0,0,0,0,0,0,0,0,20.56137834,121.8971731,0,0,-1.547052154,0,0,-11.47567649,0,0,-2.80037037,0,19,0,0,0,0,0,0,0,0,0,0,1,-666,0,0,0,-666,5.498,86.009,0,0,0,0,0,0,0,0,0,0,0,0,0,0,0,0,0,0,0,0,0,0,0,0,0,0,18,0,0,0,0,0,0,0,0,0,-666,0,0,0,0,0,0,0,0,0,0,0,0,0,0,0,0,0,-666,0,0,0,0,0,0,0,0,0,0,0,0,0,0,0,0,0,0,0,0,0,0,0,0,0,0,0,0,-666,0,1,100,15,30.973762,0.746607,25,5,2.19,1.823,486,20.3,-0.333678243,-0.244590867,P,6,6,6,2.55,2.55,2.55,18,7.65,0.689,68.563
623,triphenylsilyl,3.801 ,3.168 ,3.284 ,3.824 ,3.966 ,3.885 ,3.214 ,3.086 ,0.667,0.487,0.501,0.505,0.535,0.538,0.394,0.52,0.377,0.55,0.27,0.566,0.579,0.566,0.578,0.551,0.563,0.567,0.58,0.568,0.581,0.554,0.566,0.574,0.581,3.35,4.09,4.02,4.18,1.33,1.33,1.3,1.26,3.27,-0.308,-0.456,8.392016251,-3.335185185,8.392016251,0.478647014,0.499583218,259.404,244.284,259.094302,91,0,0,0,0,0,-666,-666,-666,10.61012967,-2.118747636,0.452247236,-2.371014391,0.491592416,-2.503189061,2.123564001,-2.127726122,2.579268877,1150.290997,25.96965511,24.5,10.5,15.66025404,12.75,6.75,3.375,5.625,2.25,4.5,1.5,3.375,0.216883117,16134637.82,4.861932771,7.28964464,3.652470373,136.7715656,0,0,0,0,0,135.7283272,0,0,0,0,0,0,0,0,20.56137834,8.79673665,0,0,0,0,0,106.3702122,0,0,0,0,0,0,8.79673665,0,0,20.56137834,106.3702122,0,0,0,0,115.1669489,0,0,0,0,0,0,0,0,0,20.56137834,122.0006299,0,0,-1.435941043,0,0,-11.30357773,0,0,-3.335185185,0,19,0,0,0,0,0,0,0,0,0,0,1,-666,0,0,0,-666,4.256,84.843,0,0,0,0,0,0,0,0,0,0,0,0,0,0,0,0,0,0,0,0,0,0,0,0,0,0,18,0,0,0,0,0,0,0,0,0,-666,0,0,0,0,0,0,0,0,0,0,0,0,0,0,0,0,0,-666,0,0,0,0,0,0,0,0,0,0,0,0,0,0,0,0,0,0,0,0,0,0,0,0,0,0,0,0,-666,0,0,110,14,28.085,1.3895211,37.3,4,1.9,2.3296,492.1,20.2,-0.386035884,-0.289486408,Si,6,6,6,2.55,2.55,2.55,18,7.65,0.858,66.199
624,triphenylstannyl,4.827 ,4.531 ,4.747 ,4.866 ,5.115 ,4.972 ,3.899 ,3.713 ,0.789,0.579,0.529,0.61,0.659,0.647,0.391,0.616,0.39,0.67,0.412,0.484,0.707,0.484,0.706,0.461,0.672,0.486,0.709,0.488,0.712,0.466,0.679,0.441,0.639,4.61,5.8,5.69,5.95,1.73,1.57,1.67,1.71,4.73,-0.29,-0.451,8.415719955,-4.704311111,8.415719955,0.3838322,0.635856571,350.029,334.909,351.0195702,91,0,0,0,0,0,-666,-666,-666,0,0,0,0,0,0,0,0,2.579268877,1150.290997,25.96965511,24.5,12.35410197,15.66025404,12.75,9.531152949,3.375,9.796729424,2.25,8.671729424,1.5,6.851441187,0.798701299,16134637.82,5.166868568,7.706469477,3.917547576,142.275081,0,0,0,0,0,141.8691267,0,0,0,0,0,0,0,0,20.56137834,19.75959584,0,0,0,0,0,101.5481525,0,0,0,0,0,0,19.75959584,0,0,20.56137834,101.5481525,0,0,0,0,110.540672,0,0,10.76707631,0,0,0,0,0,0,20.56137834,121.1139827,-4.704311111,0,0,0,0,-10.86300489,0,0,0,0,19,0,0,0,0,0,0,0,0,0,0,1,-666,0,0,0,-666,4.256,84.843,0,0,0,0,0,0,0,0,0,0,0,0,0,0,0,0,0,0,0,0,0,0,0,0,0,0,18,0,0,0,0,0,0,0,0,0,-666,0,0,0,0,0,0,0,0,0,0,0,0,0,0,0,0,0,-666,0,0,0,0,0,0,0,0,0,0,0,0,0,0,0,0,0,0,0,0,0,0,0,0,0,0,0,0,-666,0,0,145,50,118.71,1.112067,53,4,1.96,7.287,510.6,20.7,-0.38784814,-0.33045866,Sn,6,6,6,2.55,2.55,2.55,18,7.65,0.786,60.053
625,triplet_acetone,5.376 ,3.624 ,3.890 ,4.057 ,5.565 ,3.923 ,3.768 ,3.509 ,0.737,0.589,0.366,0.311,0.325,0.303,0.274,0.306,0.274,0.334,0.256,0.29,0.32,0.358,0.379,0.294,0.322,0.284,0.313,0.358,0.379,0.3,0.329,0.343,0.371,2.12,2.34,2.32,2.36,1.13,1.12,1.1,1.08,1.99,-0.428,-0.513,10.36111111,-3.008680556,10.36111111,1.680555556,0.395545036,58.08,52.032,58.04186481,24,0,0,0,0,0,-666,-666,-666,-6.16E-33,-0.244322203,-2.18E-17,-2.326092709,-2.25E-16,-2.253886661,-4.96E-18,-1.007237915,4.231132186,97.1417863,8.577350269,7.90824829,1.90824829,4.154700538,3.704124145,0.704124145,0.329124145,0.329124145,0,0,0,0,-0.04,63.57980789,0.432177934,1.297837838,1128.96,34.69319201,0,0,0,0,0,33.13882935,0,0,0,0,0,0,0,0,13.33107873,0,0,0,0,13.70378423,0,6.103966388,0,0,0,0,0,0,0,5.106527395,6.103966388,21.92833557,0,0,0,0,-666,19.80775062,5.106527395,0,0,0,0,0,0,0,0,8.224551337,38.50347222,0,0,10.36111111,0,0,0,-1.680555556,-6.017361111,0,0.666666667,4,0,1,0,0,0,0,0,0,0,0,1,-666,0,0,0,-666,0.98869,15.2775,0,0,0,0,0,0,0,0,0,0,0,0,0,0,0,0,0,0,0,0,0,0,0,0,0,0,0,0,0,0,0,0,0,0,0,0,-666,0,0,0,0,0,0,0,0,0,0,0,0,0,0,0,0,0,-666,0,0,0,0,0,0,0,0,0,0,0,0,0,0,0,0,0,0,0,0,0,0,0,0,0,0,0,0,-666,0,0,70,8,12.011,1.262119,5.3,4,3.44,0.001308,211.6,12.8,-0.398472302,-0.296443179,O,6,0,0,2.55,0,0,6,2.55,0.876,30.743
626,triplet_dioxygen,8.780 ,9.317 ,9.547 ,9.636 ,8.736 ,9.731 ,9.780 ,9.982 ,0.5,0.5,0.5,0.5,0.5,0.5,0.5,0.5,0.5,0.5,0.5,0.5,0.5,0.5,0.5,0.5,0.5,0.5,0.5,0.5,0.5,0.5,0.5,0.5,0.5,4.69,5.46,5.39,5.54,2,1.99,1.96,1.95,4.27,-0.5,-0.5,7,7,7,7,0.378296154,31.998,31.998,31.98982924,12,0,0,0,0,0,-666,-666,-666,16.70610678,15.29189322,0.707106781,-0.707106781,0.740606781,-0.673606781,4.074106781,2.659893219,2,0,2,0.816496581,0.816496581,1,0.166666667,0.166666667,0,0,0,0,0,0,-0.08,2,1.92,0.92,-14.58,11.3070623,0,0,0,0,0,9.929461357,0,0,0,0,0,0,0,0,0,0,0,0,0,0,0,9.929461357,0,0,0,0,0,0,0,0,9.929461357,0,0,0,0,0,-666,0,0,0,0,0,0,0,0,0,0,9.929461357,0,0,14,0,0,0,0,0,0,0,0,2,0,2,0,0,0,0,0,0,2,0,2,0,0,0,0,-666,0.067,6.734,0,0,0,0,0,0,0,0,0,0,0,0,0,0,0,0,0,0,0,0,0,0,0,0,0,0,0,0,0,0,0,0,0,0,0,0,-666,0,0,0,0,0,0,0,0,0,0,0,0,0,0,0,0,0,0,0,0,0,0,0,0,0,0,0,0,0,0,0,0,0,0,0,0,0,0,0,0,0,0,0,0,0,0,0,0,0,60,8,15.999,1.4611135,5.3,6,3.44,0.001308,129.3,8.8,-0.441502562,-0.441502562,O,8,0,0,3.44,0,0,8,3.44,0.5,13.122
627,triplet_diphenylmethanone,6.291 ,4.206 ,4.410 ,4.847 ,6.543 ,4.724 ,4.423 ,4.143 ,0.68,0.528,0.109,0.05,0.115,0.046,0.047,0.046,0.046,0.1,0.065,0.08,0.084,0.108,0.106,0.087,0.09,0.077,0.08,0.106,0.104,0.089,0.093,0.111,0.112,2.6,2.86,2.84,2.89,1.42,1.46,1.42,1.38,2.5,-0.09,-0.004,12.62533636,-1.218518519,12.62533636,0.692026749,0.679910124,182.222,172.142,182.0731649,68,0,0,0,0,0,-666,-666,-666,10.99010487,-2.000056102,0.481970553,-2.304903823,0.52975636,-2.223730455,1.940076564,-2.027412805,2.728054561,744.6709278,18.5055535,16.90824829,6.90824829,11.01751963,8.704124145,3.704124145,2.329124145,2.329124145,1.454124145,1.454124145,0.852062073,0.852062073,-0.04,132395.3558,3.76362426,5.15692357,2.502526359,97.81321465,0,0,0,0,0,96.58500586,0,0,0,0,0,0,0,0,18.81411296,0,0,0,0,0,0,77.77089291,0,0,0,0,0,0,0,5.106527395,6.103966388,13.70758556,71.66692652,0,0,0,-666,77.77089291,5.106527395,0,0,0,0,0,0,0,0,13.70758556,76.26689006,0,0,12.62533636,-1.473091459,0,-7.533949777,-1.218518519,0,0,0,14,0,1,0,0,0,0,0,0,0,0,1,-666,0,0,0,-666,3.05369,56.6555,0,0,0,0,0,0,0,0,0,0,0,0,0,0,0,0,0,0,0,0,0,0,0,0,0,0,8,0,0,0,0,0,0,0,0,0,-666,0,0,0,0,0,0,0,0,0,0,0,0,0,0,0,0,0,-666,0,0,0,0,0,0,0,0,0,0,0,0,0,0,0,0,0,0,0,0,0,0,0,0,0,0,0,0,-666,0,0,60,8,15.999,1.4611135,5.3,6,3.44,0.001308,379.5,18.4,-0.385647643,-0.302035646,O,6,0,0,2.55,0,0,6,2.55,0.867,41.053
628,tris_propan-2-yl_silyl,2.717 ,2.169 ,2.229 ,2.734 ,2.842 ,2.780 ,2.285 ,2.193 ,0.819,0.539,0.691,0.686,0.66,0.75,0.463,0.739,0.437,0.687,0.307,0.535,0.75,0.534,0.75,0.514,0.739,0.536,0.751,0.538,0.752,0.518,0.741,0.532,0.755,2.33,2.88,2.83,2.95,0.98,0.99,0.94,0.96,2.22,-0.347,-0.69,8.29225823,-5.474537037,8.29225823,4.196283436,0.547849058,157.353,136.185,157.1412522,61,0,0,0,0,0,-666,-666,-666,-2.13E-15,-0.249141065,-3.29E-16,-2.744126301,-0.091645955,-2.661868277,-5.32E-16,-1.080142589,8.287675185,502.3600438,26.07735027,26,6,12.8660254,12.75,3.75,1.5,3.75,0.75,2.25,0.375,1.125,0.216883117,336155.212,0.950576899,4.169437431,2.867382397,97.14083031,0,0,0,0,0,95.24571455,0,0,0,0,0,0,0,0,28.78592968,8.79673665,0,0,0,57.66304822,0,0,0,0,0,0,0,0,8.79673665,0,0,69.89728238,0,16.55169552,0,0,0,66.45978487,0,0,0,0,0,0,0,0,0,28.78592968,160.953858,0,0,0,-13.12569444,0,0,0,-25.17770062,-5.474537037,1,10,0,0,0,0,0,0,0,0,0,0,1,-666,0,0,0,-666,3.7112,51.048,0,0,0,0,0,0,0,0,0,0,0,0,0,0,0,0,0,0,0,0,0,0,0,0,0,0,0,0,0,0,0,0,0,0,0,0,-666,0,0,0,0,0,0,0,0,0,0,0,0,0,0,0,0,0,-666,0,0,0,0,0,0,0,0,0,0,0,0,0,0,0,0,0,0,0,0,0,0,0,0,0,0,0,0,-666,0,0,110,14,28.085,1.3895211,37.3,4,1.9,2.3296,376.7,16.7,-0.371639345,-0.277984863,Si,6,6,6,2.55,2.55,2.55,18,7.65,0.903,69.886
629,undecyl,2.874 ,2.286 ,2.386 ,2.891 ,2.990 ,2.933 ,2.452 ,2.357 ,0.881,0.761,0.528,0.581,0.63,0.591,0.48,0.58,0.456,0.627,0.639,0.586,0.638,0.585,0.638,0.563,0.624,0.587,0.639,0.589,0.64,0.568,0.627,0.532,0.606,2.2,2.53,2.5,2.57,0.99,1.02,0.96,1,2.38,-0.294,-0.432,7.89247449,-4.640060469,7.89247449,1.89047899,0.457023441,155.305,132.121,155.1799757,67,0,0,0,0,0,-666,-666,-666,-0.124720749,-0.247755814,-0.753868894,-2.723484933,-0.711204458,-2.570407541,-0.399518416,-1.166600184,7.078947236,736.5055592,28.57735027,28.5,5.5,14.19337567,14,2.5,1.125,1.125,0.5,0.5,0.21875,0.21875,0,1573258.373,1.01010101,10,10,104.7029937,0,0,0,0,0,102.6115035,0,0,0,0,0,0,0,0,31.52744679,0,0,0,0,64.20821623,0,6.875840478,0,0,0,0,0,0,0,0,6.875840478,95.73566302,0,0,0,0,0,71.08405671,0,0,0,0,0,0,0,0,0,31.52744679,174.6422393,0,0,0,0,0,0,-39.65682536,-5.818747304,0,0.909090909,11,0,0,0,0,0,0,0,0,0,0,0,-666,0,0,0,-666,4.35129,52.584,0,0,0,0,0,0,0,0,0,0,0,0,0,0,0,0,0,0,0,0,0,0,0,0,0,0,0,0,0,0,0,0,0,0,0,0,-666,0,0,0,0,0,0,0,0,0,0,0,0,0,0,0,0,0,-666,0,0,0,0,0,0,0,0,0,0,0,0,0,0,0,0,0,0,0,0,0,0,0,0,0,0,0,0,-666,0,0,70,6,12.011,1.262119,11.3,4,2.55,2.2,446.5,15.5,-0.416945705,-0.325291794,C,6,1,1,2.55,2.1,2.1,8,6.75,1.056,24.009
630,_4-iodophenyl_methyl_2,4.260 ,3.084 ,3.205 ,4.290 ,4.478 ,4.371 ,3.496 ,3.332 ,0.522,0.404,0.338,0.368,0.365,0.372,0.302,0.368,0.289,0.381,0.539,0.349,0.39,0.349,0.39,0.333,0.38,0.35,0.391,0.351,0.392,0.337,0.382,0.317,0.367,11.04,18.58,17.72,19.81,1.93,2.07,2,2.04,12.88,-0.279,-0.441,7.280324074,-0.716666667,7.280324074,0.283564815,0.454249382,90.125,84.077,90.04695019,34,0,0,0,0,0,-666,-666,-666,10.16872051,-1.686054082,-0.03532038,-2.211805915,0.1028271,-2.107653105,1.761344154,-1.729447336,3.313440272,321.8744688,10.1712084,9.5,3.5,5.947264863,4.75,1.75,1,1,0.5,0.5,0.25,0.25,0,601.7846169,1.49112426,2.34375,1.5,52.28408647,0,0,0,0,0,50.95780344,0,0,0,0,0,0,0,0,8.224551337,0,0,0,0,0,0,42.7332521,0,0,0,0,0,0,0,0,12.95186058,8.224551337,29.78139151,0,0,0,0,6.875840478,0,0,29.78139151,0,0,0,0,0,6.076020107,8.224551337,42.80324074,0,0,0,-0.283564815,0,-1.483333333,2.180324074,-0.716666667,0,0,7,0,0,0,0,0,0,0,0,0,0,0,-666,0,0,0,-666,1.67608,30.393,0,0,0,0,0,0,0,0,0,0,0,0,0,0,0,0,0,0,0,0,0,0,0,0,0,0,6,0,0,0,0,0,0,0,0,0,-666,0,0,0,0,0,0,0,0,0,0,0,0,0,0,0,0,0,-666,0,0,0,0,0,0,0,0,0,0,0,0,0,0,0,0,0,0,0,0,0,0,0,0,0,0,0,0,-666,0,0,70,6,12.011,1.262119,11.3,4,2.55,2.2,255.6,16.1,-0.329010443,-0.328462007,C,6,1,1,2.55,2.1,2.1,8,6.75,0.78,28.902
631,1-ethoxyethyl_2,2.525 ,1.971 ,2.058 ,2.481 ,2.621 ,2.501 ,2.132 ,2.041 ,0.862,0.755,0.648,0.67,0.684,0.67,0.524,0.665,0.498,0.702,0.79,0.635,0.706,0.638,0.706,0.614,0.697,0.636,0.707,0.642,0.708,0.619,0.699,0.584,0.683,4.05,5.31,5.2,5.47,1.18,1.21,1.18,1.17,4.52,-0.166,-0.141,6.8625,-3.046875,6.8625,1.075810185,0.472881029,72.107,64.043,72.05751488,30,0,0,0,0,0,-666,-666,-666,-1.17E-15,-0.247457363,-0.146999177,-2.411994405,-0.02733713,-2.40433732,-3.03E-17,-1.057573515,4.340548557,162.0171868,10.86180732,10.40824829,2.40824829,5.577185822,4.90824829,0.90824829,0.306186218,0.306186218,0.102062073,0.102062073,0.025515518,0.025515518,-0.04,288.7579411,0.543763045,3.96,3.96,44.1873866,0,0,0,0,0,42.57258285,0,0,0,0,0,0,0,0,15.7029314,0,0,0,0,6.851892117,6.558985243,13.45877408,0,0,0,0,0,0,6.558985243,4.736862954,13.45877408,17.81796057,0,0,0,0,-666,26.86965144,0,0,0,0,0,0,0,0,4.736862954,10.96606845,57.61030093,0,0,0,0,0,0,0,-8.276967593,0,0.5,5,0,1,0,0,0,0,0,0,1,0,1,-666,0,0,0,-666,1.01878,21.283,0,0,0,0,0,0,0,0,0,0,0,0,0,0,0,0,0,0,0,0,0,0,0,0,0,0,0,0,0,0,0,0,0,0,0,0,-666,0,0,0,0,1,0,0,0,0,0,0,0,0,0,0,0,0,-666,0,0,0,0,0,0,0,0,0,0,0,0,0,0,0,0,0,0,0,0,0,0,0,0,0,0,0,0,-666,0,0,70,6,12.011,1.262119,11.3,4,2.55,2.2,244.1,13.6,-0.310369986,-0.295932847,C,6,1,1,2.55,2.1,2.1,8,6.75,1.067,26.186
632,2-oxidopropan-2-yl_2,5.375 ,3.505 ,3.665 ,4.056 ,5.564 ,3.923 ,3.767 ,3.509 ,0.737,0.589,0.366,0.311,0.325,0.303,0.274,0.306,0.274,0.334,0.256,0.29,0.32,0.358,0.379,0.294,0.322,0.284,0.313,0.358,0.379,0.3,0.329,0.343,0.371,0.02,0.15,0.13,0.17,1.13,1.22,1.18,1.25,0.01,-0.069,-0.048,10.36111111,-3.008680556,10.36111111,1.680555556,0.398236962,58.08,52.032,58.04186481,24,0,0,0,0,0,-666,-666,-666,-1.26E-18,-0.244322203,-1.17E-16,-2.263721516,-1.11E-16,-2.28842708,-1.27E-16,-0.963222215,4.39899054,124.0523685,8.577350269,7.90824829,1.90824829,4.154700538,3.704124145,0.704124145,0.329124145,0.329124145,0,0,0,0,-0.04,63.57980789,0.432177934,1.297837838,1128.96,34.06048036,0,0,0,0,0,32.5061177,0,0,0,0,0,0,0,0,13.01908852,5.783244946,0,0,0,13.70378423,0,0,0,0,0,0,0,0,5.783244946,4.794537184,0,21.92833557,0,0,0,0,-666,19.48702918,4.794537184,0,0,0,0,0,0,0,0,8.224551337,38.50347222,0,10.36111111,0,0,-1.680555556,0,0,-6.017361111,0,0.666666667,4,0,1,0,0,0,0,0,0,1,0,1,-666,0,0,0,-666,0.5953,16.355,0,0,0,0,0,0,0,0,0,0,1,1,0,0,0,0,0,0,0,0,0,0,0,0,0,0,0,0,0,0,0,0,0,0,0,0,-666,0,0,0,0,0,0,0,0,0,0,0,0,0,0,1,1,0,-666,0,0,0,0,0,0,0,0,0,0,0,0,0,0,0,0,0,0,0,0,0,0,0,0,0,0,0,0,-666,0,0,70,8,12.011,1.262119,5.3,4,3.44,0.001308,211.7,12.9,-0.400874774,-0.278605824,O,6,0,0,2.55,0,0,6,2.55,0.876,30.746
